ticker,company,year
AVX.1,AVX Corp.,2013
AVX.1,AVX Corp.,2014
AVX.1,AVX Corp.,2015
AVX.1,AVX Corp.,2016
AVX.1,AVX Corp.,2017
AVX.1,AVX Corp.,2018
ACETQ,Aceto Corp,2013
ACETQ,Aceto Corp,2014
ACETQ,Aceto Corp,2015
ACETQ,Aceto Corp,2016
ACETQ,Aceto Corp,2017
ACETQ,Aceto Corp,2018
AET,Aetna Inc.,2013
AET,Aetna Inc.,2014
AET,Aetna Inc.,2015
AET,Aetna Inc.,2016
AET,Aetna Inc.,2017
Y,Alleghany Corp,2013
Y,Alleghany Corp,2014
Y,Alleghany Corp,2015
Y,Alleghany Corp,2016
Y,Alleghany Corp,2017
Y,Alleghany Corp,2018
Y,Alleghany Corp,2019
Y,Alleghany Corp,2020
Y,Alleghany Corp,2021
HES,Hess Corp,2013
HES,Hess Corp,2014
HES,Hess Corp,2015
HES,Hess Corp,2016
HES,Hess Corp,2017
HES,Hess Corp,2018
HES,Hess Corp,2019
HES,Hess Corp,2020
HES,Hess Corp,2021
HES,Hess Corp,2022
HES,Hess Corp,2023
HES,Hess Corp,2024
BEAM.2,Beam Inc,2013
ECOL,US Ecology Inc,2013
ECOL,US Ecology Inc,2014
ECOL,US Ecology Inc,2015
ECOL,US Ecology Inc,2016
ECOL,US Ecology Inc,2017
ECOL,US Ecology Inc,2018
ECOL,US Ecology Inc,2019
ECOL,US Ecology Inc,2020
ECOL,US Ecology Inc,2021
APFC,American Pacific Corp,2013
ASEI,American Science and Engineering Inc.,2013
ASEI,American Science and Engineering Inc.,2014
ASEI,American Science and Engineering Inc.,2015
SO7,Southern Co Gas,2013
SO7,Southern Co Gas,2014
SO7,Southern Co Gas,2015
ATW,Atwood Oceanics Inc.,2013
ATW,Atwood Oceanics Inc.,2014
ATW,Atwood Oceanics Inc.,2015
ATW,Atwood Oceanics Inc.,2016
AVP,Avon Products Inc.,2013
AVP,Avon Products Inc.,2014
AVP,Avon Products Inc.,2015
AVP,Avon Products Inc.,2016
AVP,Avon Products Inc.,2017
AVP,Avon Products Inc.,2018
BHI,Baker Hughes Inc,2013
BHI,Baker Hughes Inc,2014
BHI,Baker Hughes Inc,2015
BHI,Baker Hughes Inc,2016
BCR,Bard (C.R.) Inc,2013
BCR,Bard (C.R.) Inc,2014
BCR,Bard (C.R.) Inc,2015
BCR,Bard (C.R.) Inc,2016
B.2,Barnes Group Inc,2013
B.2,Barnes Group Inc,2014
B.2,Barnes Group Inc,2015
B.2,Barnes Group Inc,2016
B.2,Barnes Group Inc,2017
B.2,Barnes Group Inc,2018
B.2,Barnes Group Inc,2019
B.2,Barnes Group Inc,2020
B.2,Barnes Group Inc,2021
B.2,Barnes Group Inc,2022
B.2,Barnes Group Inc,2023
BMS,Bemis Co Inc,2013
BMS,Bemis Co Inc,2014
BMS,Bemis Co Inc,2015
BMS,Bemis Co Inc,2016
BMS,Bemis Co Inc,2017
BRK.B,Berkshire Hathaway Inc,2013
BRK.B,Berkshire Hathaway Inc,2014
BRK.B,Berkshire Hathaway Inc,2015
BRK.B,Berkshire Hathaway Inc,2016
BRK.B,Berkshire Hathaway Inc,2017
BRK.B,Berkshire Hathaway Inc,2018
BRK.B,Berkshire Hathaway Inc,2019
BRK.B,Berkshire Hathaway Inc,2020
BRK.B,Berkshire Hathaway Inc,2021
BRK.B,Berkshire Hathaway Inc,2022
BRK.B,Berkshire Hathaway Inc,2023
BRK.B,Berkshire Hathaway Inc,2024
BLT,Blount International Inc.,2013
BLT,Blount International Inc.,2014
BLT,Blount International Inc.,2015
BOBE,Bob Evans Farms Inc.,2013
BOBE,Bob Evans Farms Inc.,2014
BOBE,Bob Evans Farms Inc.,2015
BOBE,Bob Evans Farms Inc.,2016
0141A,Hexion Inc,2013
0141A,Hexion Inc,2014
0141A,Hexion Inc,2015
0141A,Hexion Inc,2016
0141A,Hexion Inc,2017
0141A,Hexion Inc,2018
0141A,Hexion Inc,2019
0141A,Hexion Inc,2020
RFP,Resolute Forest Products Inc,2013
RFP,Resolute Forest Products Inc,2014
RFP,Resolute Forest Products Inc,2015
RFP,Resolute Forest Products Inc,2016
RFP,Resolute Forest Products Inc,2017
RFP,Resolute Forest Products Inc,2018
RFP,Resolute Forest Products Inc,2019
RFP,Resolute Forest Products Inc,2020
RFP,Resolute Forest Products Inc,2021
BGGSQ,Briggs & Stratton Corp.,2013
BGGSQ,Briggs & Stratton Corp.,2014
BGGSQ,Briggs & Stratton Corp.,2015
BGGSQ,Briggs & Stratton Corp.,2016
BGGSQ,Briggs & Stratton Corp.,2017
BGGSQ,Briggs & Stratton Corp.,2018
BGGSQ,Briggs & Stratton Corp.,2019
BF.B,Brown-Forman Corp,2013
BF.B,Brown-Forman Corp,2014
BF.B,Brown-Forman Corp,2015
BF.B,Brown-Forman Corp,2016
BF.B,Brown-Forman Corp,2017
BF.B,Brown-Forman Corp,2018
BF.B,Brown-Forman Corp,2019
BF.B,Brown-Forman Corp,2020
BF.B,Brown-Forman Corp,2021
BF.B,Brown-Forman Corp,2022
BF.B,Brown-Forman Corp,2023
BF.B,Brown-Forman Corp,2024
CDI,CDI Corp.,2013
CDI,CDI Corp.,2014
CDI,CDI Corp.,2015
CDI,CDI Corp.,2016
CAMPQ,CalAmp Corp,2013
CAMPQ,CalAmp Corp,2014
CAMPQ,CalAmp Corp,2015
CAMPQ,CalAmp Corp,2016
CAMPQ,CalAmp Corp,2017
CAMPQ,CalAmp Corp,2018
CAMPQ,CalAmp Corp,2019
CAMPQ,CalAmp Corp,2020
CAMPQ,CalAmp Corp,2021
CAMPQ,CalAmp Corp,2022
CTAM,Castle (A M) & Co,2013
CTAM,Castle (A M) & Co,2014
CTAM,Castle (A M) & Co,2015
CTAM,Castle (A M) & Co,2016
CTAM,Castle (A M) & Co,2017
CTAM,Castle (A M) & Co,2018
CTAM,Castle (A M) & Co,2019
CTAM,Castle (A M) & Co,2020
CNL.1,Cleco Corp,2013
CNL.1,Cleco Corp,2014
CNL.1,Cleco Corp,2015
MGLN,Magellan Health Inc,2013
MGLN,Magellan Health Inc,2014
MGLN,Magellan Health Inc,2015
MGLN,Magellan Health Inc,2016
MGLN,Magellan Health Inc,2017
MGLN,Magellan Health Inc,2018
MGLN,Magellan Health Inc,2019
MGLN,Magellan Health Inc,2020
CMD,Cantel Medical Corp,2013
CMD,Cantel Medical Corp,2014
CMD,Cantel Medical Corp,2015
CMD,Cantel Medical Corp,2016
CMD,Cantel Medical Corp,2017
CMD,Cantel Medical Corp,2018
CMD,Cantel Medical Corp,2019
CMD,Cantel Medical Corp,2020
CKP,Checkpoint Systems Inc,2013
CKP,Checkpoint Systems Inc,2014
CKP,Checkpoint Systems Inc,2015
CB.1,Chubb Corp,2013
CB.1,Chubb Corp,2014
CBB,Cincinnati Bell Inc,2013
CBB,Cincinnati Bell Inc,2014
CBB,Cincinnati Bell Inc,2015
CBB,Cincinnati Bell Inc,2016
CBB,Cincinnati Bell Inc,2017
CBB,Cincinnati Bell Inc,2018
CBB,Cincinnati Bell Inc,2019
CBB,Cincinnati Bell Inc,2020
CYN.1,City National Corp,2013
CYN.1,City National Corp,2014
CLC,CLARCOR Inc.,2013
CLC,CLARCOR Inc.,2014
CLC,CLARCOR Inc.,2015
COHR.1,Coherent Inc,2013
COHR.1,Coherent Inc,2014
COHR.1,Coherent Inc,2015
COHR.1,Coherent Inc,2016
COHR.1,Coherent Inc,2017
COHR.1,Coherent Inc,2018
COHR.1,Coherent Inc,2019
COHR.1,Coherent Inc,2020
COHR.1,Coherent Inc,2021
CDCO,Comdisco Holding Co Inc,2013
CDCO,Comdisco Holding Co Inc,2014
CDCO,Comdisco Holding Co Inc,2015
CMA,Comerica Incorporated,2013
CMA,Comerica Incorporated,2014
CMA,Comerica Incorporated,2015
CMA,Comerica Incorporated,2016
CMA,Comerica Incorporated,2017
CMA,Comerica Incorporated,2018
CMA,Comerica Incorporated,2019
CMA,Comerica Incorporated,2020
CMA,Comerica Incorporated,2021
CMA,Comerica Incorporated,2022
CMA,Comerica Incorporated,2023
CMA,Comerica Incorporated,2024
CA.1,CA Inc,2013
CA.1,CA Inc,2014
CA.1,CA Inc,2015
CA.1,CA Inc,2016
CA.1,CA Inc,2017
CTG,Computer Task Group Inc,2013
CTG,Computer Task Group Inc,2014
CTG,Computer Task Group Inc,2015
CTG,Computer Task Group Inc,2016
CTG,Computer Task Group Inc,2017
CTG,Computer Task Group Inc,2018
CTG,Computer Task Group Inc,2019
CTG,Computer Task Group Inc,2020
CTG,Computer Task Group Inc,2021
CTG,Computer Task Group Inc,2022
CNW,Con-Way Inc,2013
CNW,Con-Way Inc,2014
CTB,Cooper Tire & Rubber Co,2013
CTB,Cooper Tire & Rubber Co,2014
CTB,Cooper Tire & Rubber Co,2015
CTB,Cooper Tire & Rubber Co,2016
CTB,Cooper Tire & Rubber Co,2017
CTB,Cooper Tire & Rubber Co,2018
CTB,Cooper Tire & Rubber Co,2019
CTB,Cooper Tire & Rubber Co,2020
CHMT.1,Chemtura Corp,2013
CHMT.1,Chemtura Corp,2014
CHMT.1,Chemtura Corp,2015
CHMT.1,Chemtura Corp,2016
CUB.1,Cubic Corp,2013
CUB.1,Cubic Corp,2014
CUB.1,Cubic Corp,2015
CUB.1,Cubic Corp,2016
CUB.1,Cubic Corp,2017
CUB.1,Cubic Corp,2018
CUB.1,Cubic Corp,2019
CUB.1,Cubic Corp,2020
DST,DST Systems Inc.,2013
DST,DST Systems Inc.,2014
DST,DST Systems Inc.,2015
DST,DST Systems Inc.,2016
DST,DST Systems Inc.,2017
ATGE,Adtalem Global Education Inc,2013
ATGE,Adtalem Global Education Inc,2014
ATGE,Adtalem Global Education Inc,2015
ATGE,Adtalem Global Education Inc,2016
ATGE,Adtalem Global Education Inc,2017
ATGE,Adtalem Global Education Inc,2018
ATGE,Adtalem Global Education Inc,2019
ATGE,Adtalem Global Education Inc,2020
ATGE,Adtalem Global Education Inc,2021
ATGE,Adtalem Global Education Inc,2022
ATGE,Adtalem Global Education Inc,2023
ATGE,Adtalem Global Education Inc,2024
RRD,R.R. Donnelley & Sons Co,2013
RRD,R.R. Donnelley & Sons Co,2014
RRD,R.R. Donnelley & Sons Co,2015
RRD,R.R. Donnelley & Sons Co,2016
RRD,R.R. Donnelley & Sons Co,2017
RRD,R.R. Donnelley & Sons Co,2018
RRD,R.R. Donnelley & Sons Co,2019
RRD,R.R. Donnelley & Sons Co,2020
RRD,R.R. Donnelley & Sons Co,2021
ASNAQ,Ascena Retail Group Inc,2013
ASNAQ,Ascena Retail Group Inc,2014
ASNAQ,Ascena Retail Group Inc,2015
ASNAQ,Ascena Retail Group Inc,2016
ASNAQ,Ascena Retail Group Inc,2017
ASNAQ,Ascena Retail Group Inc,2018
ASNAQ,Ascena Retail Group Inc,2019
ASNAQ,Ascena Retail Group Inc,2020
DD.2,E. I. du Pont de Nemours and Co,2013
DD.2,E. I. du Pont de Nemours and Co,2014
DD.2,E. I. du Pont de Nemours and Co,2015
DD.2,E. I. du Pont de Nemours and Co,2016
DNB,Dun & Bradstreet Corp (The),2013
DNB,Dun & Bradstreet Corp (The),2014
DNB,Dun & Bradstreet Corp (The),2015
DNB,Dun & Bradstreet Corp (The),2016
DNB,Dun & Bradstreet Corp (The),2017
DNB,Dun & Bradstreet Corp (The),2019
DNB,Dun & Bradstreet Corp (The),2020
DNB,Dun & Bradstreet Corp (The),2021
DNB,Dun & Bradstreet Corp (The),2022
DNB,Dun & Bradstreet Corp (The),2023
DNB,Dun & Bradstreet Corp (The),2024
EV.1,Eaton Vance Corp.,2013
EV.1,Eaton Vance Corp.,2014
EV.1,Eaton Vance Corp.,2015
EV.1,Eaton Vance Corp.,2016
EV.1,Eaton Vance Corp.,2017
EV.1,Eaton Vance Corp.,2018
EV.1,Eaton Vance Corp.,2019
EV.1,Eaton Vance Corp.,2020
EE.2,El Paso Electric Co,2013
EE.2,El Paso Electric Co,2014
EE.2,El Paso Electric Co,2015
EE.2,El Paso Electric Co,2016
EE.2,El Paso Electric Co,2017
EE.2,El Paso Electric Co,2018
EE.2,El Paso Electric Co,2019
ESIO,Electro Scientific Industries Inc,2013
ESIO,Electro Scientific Industries Inc,2014
ESIO,Electro Scientific Industries Inc,2015
ESIO,Electro Scientific Industries Inc,2016
ESIO,Electro Scientific Industries Inc,2017
ELX,Emulex Corp.,2013
ELX,Emulex Corp.,2014
EGN,Energen Corp.,2013
EGN,Energen Corp.,2014
EGN,Energen Corp.,2015
EGN,Energen Corp.,2016
EGN,Energen Corp.,2017
ENZB,Enzo Biochem Inc.,2013
ENZB,Enzo Biochem Inc.,2014
ENZB,Enzo Biochem Inc.,2015
ENZB,Enzo Biochem Inc.,2016
ENZB,Enzo Biochem Inc.,2017
ENZB,Enzo Biochem Inc.,2018
ENZB,Enzo Biochem Inc.,2019
ENZB,Enzo Biochem Inc.,2020
ENZB,Enzo Biochem Inc.,2021
ENZB,Enzo Biochem Inc.,2022
ENZB,Enzo Biochem Inc.,2023
ENZB,Enzo Biochem Inc.,2024
ESL,Esterline Technologies Corp.,2013
ESL,Esterline Technologies Corp.,2014
ESL,Esterline Technologies Corp.,2015
ESL,Esterline Technologies Corp.,2016
ESL,Esterline Technologies Corp.,2017
ESL,Esterline Technologies Corp.,2018
EXAR,Exar Corp,2013
EXAR,Exar Corp,2014
EXAR,Exar Corp,2015
FDO,Family Dollar Stores Inc.,2013
FDO,Family Dollar Stores Inc.,2014
FDML,Federal-Mogul Holdings Corp,2013
FDML,Federal-Mogul Holdings Corp,2014
FDML,Federal-Mogul Holdings Corp,2015
FOE,Ferro Corp.,2013
FOE,Ferro Corp.,2014
FOE,Ferro Corp.,2015
FOE,Ferro Corp.,2016
FOE,Ferro Corp.,2017
FOE,Ferro Corp.,2018
FOE,Ferro Corp.,2019
FOE,Ferro Corp.,2020
FOE,Ferro Corp.,2021
FMER,FirstMerit Corp,2013
FMER,FirstMerit Corp,2014
FMER,FirstMerit Corp,2015
FRX.1,Forest Laboratories Inc,2013
FST.1,Forest Oil Corp.,2013
FWLT,Foster Wheeler AG,2013
GK.2,G&K Services Inc,2013
GK.2,G&K Services Inc,2014
GK.2,G&K Services Inc,2015
GK.2,G&K Services Inc,2016
TGNA,TEGNA Inc,2013
TGNA,TEGNA Inc,2014
TGNA,TEGNA Inc,2015
TGNA,TEGNA Inc,2016
TGNA,TEGNA Inc,2017
TGNA,TEGNA Inc,2018
TGNA,TEGNA Inc,2019
TGNA,TEGNA Inc,2020
TGNA,TEGNA Inc,2021
TGNA,TEGNA Inc,2022
TGNA,TEGNA Inc,2023
TGNA,TEGNA Inc,2024
AJRD,Aerojet Rocketdyne Holdings Inc,2013
AJRD,Aerojet Rocketdyne Holdings Inc,2014
AJRD,Aerojet Rocketdyne Holdings Inc,2015
AJRD,Aerojet Rocketdyne Holdings Inc,2016
AJRD,Aerojet Rocketdyne Holdings Inc,2017
AJRD,Aerojet Rocketdyne Holdings Inc,2018
AJRD,Aerojet Rocketdyne Holdings Inc,2019
AJRD,Aerojet Rocketdyne Holdings Inc,2020
AJRD,Aerojet Rocketdyne Holdings Inc,2021
AJRD,Aerojet Rocketdyne Holdings Inc,2022
GLT,Glatfelter Corp,2013
GLT,Glatfelter Corp,2014
GLT,Glatfelter Corp,2015
GLT,Glatfelter Corp,2016
GLT,Glatfelter Corp,2017
GLT,Glatfelter Corp,2018
GLT,Glatfelter Corp,2019
GLT,Glatfelter Corp,2020
GLT,Glatfelter Corp,2021
GLT,Glatfelter Corp,2022
GLT,Glatfelter Corp,2023
GRA,Grace (W R) & Co,2013
GRA,Grace (W R) & Co,2014
GRA,Grace (W R) & Co,2015
GRA,Grace (W R) & Co,2016
GRA,Grace (W R) & Co,2017
GRA,Grace (W R) & Co,2018
GRA,Grace (W R) & Co,2019
GRA,Grace (W R) & Co,2020
MGI,MoneyGram International Inc,2013
MGI,MoneyGram International Inc,2014
MGI,MoneyGram International Inc,2015
MGI,MoneyGram International Inc,2016
MGI,MoneyGram International Inc,2017
MGI,MoneyGram International Inc,2018
MGI,MoneyGram International Inc,2019
MGI,MoneyGram International Inc,2020
MGI,MoneyGram International Inc,2021
MGI,MoneyGram International Inc,2022
GLF,GulfMark Offshore Inc,2013
GLF,GulfMark Offshore Inc,2014
GLF,GulfMark Offshore Inc,2015
GLF,GulfMark Offshore Inc,2016
GLF,GulfMark Offshore Inc,2017
HRC,Hill-Rom Holdings Inc,2013
HRC,Hill-Rom Holdings Inc,2014
HRC,Hill-Rom Holdings Inc,2015
HRC,Hill-Rom Holdings Inc,2016
HRC,Hill-Rom Holdings Inc,2017
HRC,Hill-Rom Holdings Inc,2018
HRC,Hill-Rom Holdings Inc,2019
HRC,Hill-Rom Holdings Inc,2020
HRC,Hill-Rom Holdings Inc,2021
PNK,Pinnacle Entertainment Inc.,2013
PNK,Pinnacle Entertainment Inc.,2014
PNK,Pinnacle Entertainment Inc.,2015
PNK,Pinnacle Entertainment Inc.,2016
PNK,Pinnacle Entertainment Inc.,2017
HPHWQ,Hooper Holmes Inc.,2013
HPHWQ,Hooper Holmes Inc.,2014
HPHWQ,Hooper Holmes Inc.,2015
HPHWQ,Hooper Holmes Inc.,2016
HPHWQ,Hooper Holmes Inc.,2017
HOT,Starwood Hotels & Resorts Worldwide Inc.,2013
HOT,Starwood Hotels & Resorts Worldwide Inc.,2014
HOT,Starwood Hotels & Resorts Worldwide Inc.,2015
HBC1,HSBC Finance Corp,2013
HBC1,HSBC Finance Corp,2014
HBC1,HSBC Finance Corp,2015
UBA,Urstadt Biddle Properties Inc.,2013
UBA,Urstadt Biddle Properties Inc.,2014
UBA,Urstadt Biddle Properties Inc.,2015
UBA,Urstadt Biddle Properties Inc.,2016
UBA,Urstadt Biddle Properties Inc.,2017
UBA,Urstadt Biddle Properties Inc.,2018
UBA,Urstadt Biddle Properties Inc.,2019
UBA,Urstadt Biddle Properties Inc.,2020
UBA,Urstadt Biddle Properties Inc.,2021
UBA,Urstadt Biddle Properties Inc.,2022
HTCH,Hutchinson Technology Inc,2013
HTCH,Hutchinson Technology Inc,2014
HTCH,Hutchinson Technology Inc,2015
VVC,Vectren Corp,2013
VVC,Vectren Corp,2014
VVC,Vectren Corp,2015
VVC,Vectren Corp,2016
VVC,Vectren Corp,2017
RYI,Ryerson Holding Corp,2013
RYI,Ryerson Holding Corp,2014
RYI,Ryerson Holding Corp,2015
RYI,Ryerson Holding Corp,2016
RYI,Ryerson Holding Corp,2017
RYI,Ryerson Holding Corp,2018
RYI,Ryerson Holding Corp,2019
RYI,Ryerson Holding Corp,2020
RYI,Ryerson Holding Corp,2021
RYI,Ryerson Holding Corp,2022
RYI,Ryerson Holding Corp,2023
RYI,Ryerson Holding Corp,2024
AEGN,Aegion Corp,2013
AEGN,Aegion Corp,2014
AEGN,Aegion Corp,2015
AEGN,Aegion Corp,2016
AEGN,Aegion Corp,2017
AEGN,Aegion Corp,2018
AEGN,Aegion Corp,2019
AEGN,Aegion Corp,2020
IDTI,Integrated Device Technology Inc.,2013
IDTI,Integrated Device Technology Inc.,2014
IDTI,Integrated Device Technology Inc.,2015
IDTI,Integrated Device Technology Inc.,2016
IDTI,Integrated Device Technology Inc.,2017
NAV,Navistar International Corp,2013
NAV,Navistar International Corp,2014
NAV,Navistar International Corp,2015
NAV,Navistar International Corp,2016
NAV,Navistar International Corp,2017
NAV,Navistar International Corp,2018
NAV,Navistar International Corp,2019
NAV,Navistar International Corp,2020
IGT.1,International Game Technology,2013
IGT.1,International Game Technology,2014
IRF,International Rectifier Corp,2013
IRF,International Rectifier Corp,2014
ISCA,International Speedway Corp,2013
ISCA,International Speedway Corp,2014
ISCA,International Speedway Corp,2015
ISCA,International Speedway Corp,2016
ISCA,International Speedway Corp,2017
ISCA,International Speedway Corp,2018
ITSI,International Lottery & Totalizator Systems Inc,2013
IPG,Interpublic Group of Cos Inc (The),2013
IPG,Interpublic Group of Cos Inc (The),2014
IPG,Interpublic Group of Cos Inc (The),2015
IPG,Interpublic Group of Cos Inc (The),2016
IPG,Interpublic Group of Cos Inc (The),2017
IPG,Interpublic Group of Cos Inc (The),2018
IPG,Interpublic Group of Cos Inc (The),2019
IPG,Interpublic Group of Cos Inc (The),2020
IPG,Interpublic Group of Cos Inc (The),2021
IPG,Interpublic Group of Cos Inc (The),2022
IPG,Interpublic Group of Cos Inc (The),2023
IVCRQ,Invacare Corp,2013
IVCRQ,Invacare Corp,2014
IVCRQ,Invacare Corp,2015
IVCRQ,Invacare Corp,2016
IVCRQ,Invacare Corp,2017
IVCRQ,Invacare Corp,2018
IVCRQ,Invacare Corp,2019
IVCRQ,Invacare Corp,2020
IVCRQ,Invacare Corp,2021
IVCRQ,Invacare Corp,2022
AES4,IPALCO Enterprises Inc.,2013
AES4,IPALCO Enterprises Inc.,2014
AES4,IPALCO Enterprises Inc.,2015
AES4,IPALCO Enterprises Inc.,2016
AES4,IPALCO Enterprises Inc.,2017
AES4,IPALCO Enterprises Inc.,2018
AES4,IPALCO Enterprises Inc.,2019
AES4,IPALCO Enterprises Inc.,2020
AES4,IPALCO Enterprises Inc.,2021
AES4,IPALCO Enterprises Inc.,2022
AES4,IPALCO Enterprises Inc.,2023
AES4,IPALCO Enterprises Inc.,2024
AXE,Anixter International Inc,2013
AXE,Anixter International Inc,2014
AXE,Anixter International Inc,2015
AXE,Anixter International Inc,2016
AXE,Anixter International Inc,2017
AXE,Anixter International Inc,2018
AXE,Anixter International Inc,2019
SHLDQ,Sears Holdings Corp,2013
SHLDQ,Sears Holdings Corp,2014
SHLDQ,Sears Holdings Corp,2015
SHLDQ,Sears Holdings Corp,2016
SHLDQ,Sears Holdings Corp,2017
KAMN,Kaman Corp,2013
KAMN,Kaman Corp,2014
KAMN,Kaman Corp,2015
KAMN,Kaman Corp,2016
KAMN,Kaman Corp,2017
KAMN,Kaman Corp,2018
KAMN,Kaman Corp,2019
KAMN,Kaman Corp,2020
KAMN,Kaman Corp,2021
KAMN,Kaman Corp,2022
KAMN,Kaman Corp,2023
GXP,Great Plains Energy Inc,2013
GXP,Great Plains Energy Inc,2014
GXP,Great Plains Energy Inc,2015
GXP,Great Plains Energy Inc,2016
GXP,Great Plains Energy Inc,2017
KSU,Kansas City Southern,2013
KSU,Kansas City Southern,2014
KSU,Kansas City Southern,2015
KSU,Kansas City Southern,2016
KSU,Kansas City Southern,2017
KSU,Kansas City Southern,2018
KSU,Kansas City Southern,2019
KSU,Kansas City Southern,2020
KSU,Kansas City Southern,2021
K,Kellanova,2013
K,Kellanova,2014
K,Kellanova,2015
K,Kellanova,2016
K,Kellanova,2017
K,Kellanova,2018
K,Kellanova,2019
K,Kellanova,2020
K,Kellanova,2021
K,Kellanova,2022
K,Kellanova,2023
K,Kellanova,2024
LSI.1,LSI Corp,2013
XCRA,Xcerra Corp,2013
XCRA,Xcerra Corp,2014
XCRA,Xcerra Corp,2015
XCRA,Xcerra Corp,2016
XCRA,Xcerra Corp,2017
LNCE,Snyder's-Lance Inc,2013
LNCE,Snyder's-Lance Inc,2014
LNCE,Snyder's-Lance Inc,2015
LNCE,Snyder's-Lance Inc,2016
LNCE,Snyder's-Lance Inc,2017
LM,Legg Mason Inc,2013
LM,Legg Mason Inc,2014
LM,Legg Mason Inc,2015
LM,Legg Mason Inc,2016
LM,Legg Mason Inc,2017
LM,Legg Mason Inc,2018
LM,Legg Mason Inc,2019
FOURQ,4Licensing Corp,2013
FOURQ,4Licensing Corp,2014
KATE,Kate Spade & Co,2013
KATE,Kate Spade & Co,2014
KATE,Kate Spade & Co,2015
KATE,Kate Spade & Co,2016
LUB,Luby's Inc.,2013
LUB,Luby's Inc.,2014
LUB,Luby's Inc.,2015
LUB,Luby's Inc.,2016
LUB,Luby's Inc.,2017
LUB,Luby's Inc.,2018
LUB,Luby's Inc.,2019
LUB,Luby's Inc.,2020
LUB,Luby's Inc.,2021
LDL,Lydall Inc.,2013
LDL,Lydall Inc.,2014
LDL,Lydall Inc.,2015
LDL,Lydall Inc.,2016
LDL,Lydall Inc.,2017
LDL,Lydall Inc.,2018
LDL,Lydall Inc.,2019
LDL,Lydall Inc.,2020
MDC,M.D.C. Holdings Inc.,2013
MDC,M.D.C. Holdings Inc.,2014
MDC,M.D.C. Holdings Inc.,2015
MDC,M.D.C. Holdings Inc.,2016
MDC,M.D.C. Holdings Inc.,2017
MDC,M.D.C. Holdings Inc.,2018
MDC,M.D.C. Holdings Inc.,2019
MDC,M.D.C. Holdings Inc.,2020
MDC,M.D.C. Holdings Inc.,2021
MDC,M.D.C. Holdings Inc.,2022
MDC,M.D.C. Holdings Inc.,2023
MTSC,MTS Systems Corp,2013
MTSC,MTS Systems Corp,2014
MTSC,MTS Systems Corp,2015
MTSC,MTS Systems Corp,2016
MTSC,MTS Systems Corp,2017
MTSC,MTS Systems Corp,2018
MTSC,MTS Systems Corp,2019
MTSC,MTS Systems Corp,2020
MRO,Marathon Oil Corp,2013
MRO,Marathon Oil Corp,2014
MRO,Marathon Oil Corp,2015
MRO,Marathon Oil Corp,2016
MRO,Marathon Oil Corp,2017
MRO,Marathon Oil Corp,2018
MRO,Marathon Oil Corp,2019
MRO,Marathon Oil Corp,2020
MRO,Marathon Oil Corp,2021
MRO,Marathon Oil Corp,2022
MRO,Marathon Oil Corp,2023
MDRIQ,McDermott International Inc.,2013
MDRIQ,McDermott International Inc.,2014
MDRIQ,McDermott International Inc.,2015
MDRIQ,McDermott International Inc.,2016
MDRIQ,McDermott International Inc.,2017
MDRIQ,McDermott International Inc.,2018
MDRIQ,McDermott International Inc.,2019
MENT,Mentor Graphics Corp,2013
MENT,Mentor Graphics Corp,2014
MENT,Mentor Graphics Corp,2015
MENT,Mentor Graphics Corp,2016
MDP,Meredith Corp,2013
MDP,Meredith Corp,2014
MDP,Meredith Corp,2015
MDP,Meredith Corp,2016
MDP,Meredith Corp,2017
MDP,Meredith Corp,2018
MDP,Meredith Corp,2019
MDP,Meredith Corp,2020
MDP,Meredith Corp,2021
MIK,Michaels Cos Inc (The),2013
MIK,Michaels Cos Inc (The),2014
MIK,Michaels Cos Inc (The),2015
MIK,Michaels Cos Inc (The),2016
MIK,Michaels Cos Inc (The),2017
MIK,Michaels Cos Inc (The),2018
MIK,Michaels Cos Inc (The),2019
MIK,Michaels Cos Inc (The),2020
MCRS,MICROS Systems Inc,2013
MCRS,MICROS Systems Inc,2014
MSCC,Microsemi Corp,2013
MSCC,Microsemi Corp,2014
MSCC,Microsemi Corp,2015
MSCC,Microsemi Corp,2016
MSCC,Microsemi Corp,2017
ALE,ALLETE Inc.,2013
ALE,ALLETE Inc.,2014
ALE,ALLETE Inc.,2015
ALE,ALLETE Inc.,2016
ALE,ALLETE Inc.,2017
ALE,ALLETE Inc.,2018
ALE,ALLETE Inc.,2019
ALE,ALLETE Inc.,2020
ALE,ALLETE Inc.,2021
ALE,ALLETE Inc.,2022
ALE,ALLETE Inc.,2023
ALE,ALLETE Inc.,2024
MOLX,Molex Inc.,2013
MOG.A,Moog Inc.,2013
MOG.A,Moog Inc.,2014
MOG.A,Moog Inc.,2015
MOG.A,Moog Inc.,2016
MOG.A,Moog Inc.,2017
MOG.A,Moog Inc.,2018
MOG.A,Moog Inc.,2019
MOG.A,Moog Inc.,2020
MOG.A,Moog Inc.,2021
MOG.A,Moog Inc.,2022
MOG.A,Moog Inc.,2023
MOG.A,Moog Inc.,2024
RT,Ruby Tuesday Inc,2013
RT,Ruby Tuesday Inc,2014
RT,Ruby Tuesday Inc,2015
RT,Ruby Tuesday Inc,2016
0738B,NPC Restaurant Holdings LLC,2013
0738B,NPC Restaurant Holdings LLC,2014
0738B,NPC Restaurant Holdings LLC,2015
0738B,NPC Restaurant Holdings LLC,2016
0170A,NBTY Inc,2013
0170A,NBTY Inc,2014
0170A,NBTY Inc,2015
NEWP.1,Newport Corp,2013
NEWP.1,Newport Corp,2014
NEWP.1,Newport Corp,2015
NBL,Noble Energy Inc,2013
NBL,Noble Energy Inc,2014
NBL,Noble Energy Inc,2015
NBL,Noble Energy Inc,2016
NBL,Noble Energy Inc,2017
NBL,Noble Energy Inc,2018
NBL,Noble Energy Inc,2019
JWN,Nordstrom Inc.,2013
JWN,Nordstrom Inc.,2014
JWN,Nordstrom Inc.,2015
JWN,Nordstrom Inc.,2016
JWN,Nordstrom Inc.,2017
JWN,Nordstrom Inc.,2018
JWN,Nordstrom Inc.,2019
JWN,Nordstrom Inc.,2020
JWN,Nordstrom Inc.,2021
JWN,Nordstrom Inc.,2022
JWN,Nordstrom Inc.,2023
OCR,Omnicare Inc.,2013
OCR,Omnicare Inc.,2014
OSG.1,Overseas Shipholding Group Inc.,2013
OSG.1,Overseas Shipholding Group Inc.,2014
OSG.1,Overseas Shipholding Group Inc.,2015
OSG.1,Overseas Shipholding Group Inc.,2016
OSG.1,Overseas Shipholding Group Inc.,2017
OSG.1,Overseas Shipholding Group Inc.,2018
OSG.1,Overseas Shipholding Group Inc.,2019
OSG.1,Overseas Shipholding Group Inc.,2020
OSG.1,Overseas Shipholding Group Inc.,2021
OSG.1,Overseas Shipholding Group Inc.,2022
OSG.1,Overseas Shipholding Group Inc.,2023
PHH.1,PHH Corp,2013
PHH.1,PHH Corp,2014
PHH.1,PHH Corp,2015
PHH.1,PHH Corp,2016
PHH.1,PHH Corp,2017
MEC2,Pacificorp,2013
MEC2,Pacificorp,2014
MEC2,Pacificorp,2015
MEC2,Pacificorp,2016
MEC2,Pacificorp,2017
MEC2,Pacificorp,2018
MEC2,Pacificorp,2019
MEC2,Pacificorp,2020
MEC2,Pacificorp,2021
MEC2,Pacificorp,2022
MEC2,Pacificorp,2023
PLL.1,Pall Corp,2013
PLL.1,Pall Corp,2014
7259B,Par Pharmaceutical Holdings Inc,2013
7259B,Par Pharmaceutical Holdings Inc,2014
PKDC,Parker Drilling Co,2013
PKDC,Parker Drilling Co,2014
PKDC,Parker Drilling Co,2015
PKDC,Parker Drilling Co,2016
PKDC,Parker Drilling Co,2017
PKDC,Parker Drilling Co,2018
PKDC,Parker Drilling Co,2019
PKY.1,Parkway Properties Inc.,2013
PKY.1,Parkway Properties Inc.,2014
PKY.1,Parkway Properties Inc.,2015
ROCC,Ranger Oil Corporation,2013
ROCC,Ranger Oil Corporation,2014
ROCC,Ranger Oil Corporation,2015
ROCC,Ranger Oil Corporation,2016
ROCC,Ranger Oil Corporation,2017
ROCC,Ranger Oil Corporation,2018
ROCC,Ranger Oil Corporation,2019
ROCC,Ranger Oil Corporation,2020
ROCC,Ranger Oil Corporation,2021
ROCC,Ranger Oil Corporation,2022
CPPRQ,Old COPPER Company Inc,2013
CPPRQ,Old COPPER Company Inc,2014
CPPRQ,Old COPPER Company Inc,2015
CPPRQ,Old COPPER Company Inc,2016
CPPRQ,Old COPPER Company Inc,2017
CPPRQ,Old COPPER Company Inc,2018
CPPRQ,Old COPPER Company Inc,2019
PRETQ,Pennsylvania Real Estate Investment Trust,2013
PRETQ,Pennsylvania Real Estate Investment Trust,2014
PRETQ,Pennsylvania Real Estate Investment Trust,2015
PRETQ,Pennsylvania Real Estate Investment Trust,2016
PRETQ,Pennsylvania Real Estate Investment Trust,2017
PRETQ,Pennsylvania Real Estate Investment Trust,2018
PRETQ,Pennsylvania Real Estate Investment Trust,2019
PRETQ,Pennsylvania Real Estate Investment Trust,2020
PRETQ,Pennsylvania Real Estate Investment Trust,2021
PRETQ,Pennsylvania Real Estate Investment Trust,2022
PBY.1,Pep Boys-Manny Moe & Jack (The),2013
PBY.1,Pep Boys-Manny Moe & Jack (The),2014
PDCE,PDC Energy Inc,2013
PDCE,PDC Energy Inc,2014
PDCE,PDC Energy Inc,2015
PDCE,PDC Energy Inc,2016
PDCE,PDC Energy Inc,2017
PDCE,PDC Energy Inc,2018
PDCE,PDC Energy Inc,2019
PDCE,PDC Energy Inc,2020
PDCE,PDC Energy Inc,2021
PDCE,PDC Energy Inc,2022
DUK1,Piedmont Natural Gas Co Inc.,2013
DUK1,Piedmont Natural Gas Co Inc.,2014
DUK1,Piedmont Natural Gas Co Inc.,2015
PIRRQ,Pier 1 Imports Inc.,2013
PIRRQ,Pier 1 Imports Inc.,2014
PIRRQ,Pier 1 Imports Inc.,2015
PIRRQ,Pier 1 Imports Inc.,2016
PIRRQ,Pier 1 Imports Inc.,2017
PIRRQ,Pier 1 Imports Inc.,2018
POLY,Plantronics Inc.,2013
POLY,Plantronics Inc.,2014
POLY,Plantronics Inc.,2015
POLY,Plantronics Inc.,2016
POLY,Plantronics Inc.,2017
POLY,Plantronics Inc.,2018
POLY,Plantronics Inc.,2019
POLY,Plantronics Inc.,2020
POLY,Plantronics Inc.,2021
PCH,PotlatchDeltic Corp,2013
PCH,PotlatchDeltic Corp,2014
PCH,PotlatchDeltic Corp,2015
PCH,PotlatchDeltic Corp,2016
PCH,PotlatchDeltic Corp,2017
PCH,PotlatchDeltic Corp,2018
PCH,PotlatchDeltic Corp,2019
PCH,PotlatchDeltic Corp,2020
PCH,PotlatchDeltic Corp,2021
PCH,PotlatchDeltic Corp,2022
PCH,PotlatchDeltic Corp,2023
PCH,PotlatchDeltic Corp,2024
POM.2,Pepco Holdings Inc.,2013
POM.2,Pepco Holdings Inc.,2014
POM.2,Pepco Holdings Inc.,2015
PCP,Precision Castparts Corp.,2013
PCP,Precision Castparts Corp.,2014
PL.,Protective Life Corp,2013
PUSH.1,Publix Super Markets Inc,2013
PUSH.1,Publix Super Markets Inc,2014
PUSH.1,Publix Super Markets Inc,2015
PUSH.1,Publix Super Markets Inc,2016
PUSH.1,Publix Super Markets Inc,2017
PUSH.1,Publix Super Markets Inc,2018
5495B,Puget Energy Inc.,2013
5495B,Puget Energy Inc.,2014
5495B,Puget Energy Inc.,2015
5495B,Puget Energy Inc.,2016
5495B,Puget Energy Inc.,2017
5495B,Puget Energy Inc.,2018
5495B,Puget Energy Inc.,2019
5495B,Puget Energy Inc.,2020
5495B,Puget Energy Inc.,2021
NXGN,NextGen Healthcare Inc,2013
NXGN,NextGen Healthcare Inc,2014
NXGN,NextGen Healthcare Inc,2015
NXGN,NextGen Healthcare Inc,2016
NXGN,NextGen Healthcare Inc,2017
NXGN,NextGen Healthcare Inc,2018
NXGN,NextGen Healthcare Inc,2019
NXGN,NextGen Healthcare Inc,2020
NXGN,NextGen Healthcare Inc,2021
NXGN,NextGen Healthcare Inc,2022
STR.3,Questar Corp,2013
STR.3,Questar Corp,2014
STR.3,Questar Corp,2015
RAVN,Raven Industries Inc,2013
RAVN,Raven Industries Inc,2014
RAVN,Raven Industries Inc,2015
RAVN,Raven Industries Inc,2016
RAVN,Raven Industries Inc,2017
RAVN,Raven Industries Inc,2018
RAVN,Raven Industries Inc,2019
RAVN,Raven Industries Inc,2020
RTN,Raytheon Co.,2013
RTN,Raytheon Co.,2014
RTN,Raytheon Co.,2015
RTN,Raytheon Co.,2016
RTN,Raytheon Co.,2017
RTN,Raytheon Co.,2018
RTN,Raytheon Co.,2019
HBC2,HSBC USA Inc,2013
HBC2,HSBC USA Inc,2014
HBC2,HSBC USA Inc,2015
RADCQ,Rite Aid Corp.,2013
RADCQ,Rite Aid Corp.,2014
RADCQ,Rite Aid Corp.,2015
RADCQ,Rite Aid Corp.,2016
RADCQ,Rite Aid Corp.,2017
RADCQ,Rite Aid Corp.,2018
RADCQ,Rite Aid Corp.,2019
RADCQ,Rite Aid Corp.,2020
RADCQ,Rite Aid Corp.,2021
RADCQ,Rite Aid Corp.,2022
RSE,Rouse Properties Inc,2013
RSE,Rouse Properties Inc,2014
RSE,Rouse Properties Inc,2015
RDC,Rowan Companies Ltd,2013
RDC,Rowan Companies Ltd,2014
RDC,Rowan Companies Ltd,2015
RDC,Rowan Companies Ltd,2016
RDC,Rowan Companies Ltd,2017
HTSI,Harris Teeter Supermarkets Inc,2013
KIDBQ,Kid Brands Inc,2013
RYL,Ryland Group Inc,2013
RYL,Ryland Group Inc,2014
SWY,Safeway Inc,2013
STJ,St. Jude Medical Inc.,2013
STJ,St. Jude Medical Inc.,2014
STJ,St. Jude Medical Inc.,2015
HSH,Hillshire Brands Co,2013
SCG,SCANA Corp,2013
SCG,SCANA Corp,2014
SCG,SCANA Corp,2015
SCG,SCANA Corp,2016
SCG,SCANA Corp,2017
SHLM,Schulman (A.) Inc,2013
SHLM,Schulman (A.) Inc,2014
SHLM,Schulman (A.) Inc,2015
SHLM,Schulman (A.) Inc,2016
SHLM,Schulman (A.) Inc,2017
SEE,Sealed Air Corp,2013
SEE,Sealed Air Corp,2014
SEE,Sealed Air Corp,2015
SEE,Sealed Air Corp,2016
SEE,Sealed Air Corp,2017
SEE,Sealed Air Corp,2018
SEE,Sealed Air Corp,2019
SEE,Sealed Air Corp,2020
SEE,Sealed Air Corp,2021
SEE,Sealed Air Corp,2022
SEE,Sealed Air Corp,2023
SEE,Sealed Air Corp,2024
5946B,ServiceMaster Co LLC (The),2013
SIAL,Sigma-Aldrich Corp,2013
SIAL,Sigma-Aldrich Corp,2014
SYMM,Symmetricom Inc.,2013
SKY.1,Skyline Corp,2013
SKY.1,Skyline Corp,2014
SKY.1,Skyline Corp,2015
SKY.1,Skyline Corp,2016
0173A,Smithfield Foods Inc.,2013
0173A,Smithfield Foods Inc.,2014
0173A,Smithfield Foods Inc.,2015
SJI,South Jersey Industries Inc,2013
SJI,South Jersey Industries Inc,2014
SJI,South Jersey Industries Inc,2015
SJI,South Jersey Industries Inc,2016
SJI,South Jersey Industries Inc,2017
SJI,South Jersey Industries Inc,2018
SJI,South Jersey Industries Inc,2019
SJI,South Jersey Industries Inc,2020
SJI,South Jersey Industries Inc,2021
PESXQ,Pioneer Energy Services Corp,2013
PESXQ,Pioneer Energy Services Corp,2014
PESXQ,Pioneer Energy Services Corp,2015
PESXQ,Pioneer Energy Services Corp,2016
PESXQ,Pioneer Energy Services Corp,2017
PESXQ,Pioneer Energy Services Corp,2018
PESXQ,Pioneer Energy Services Corp,2019
SWN,Southwestern Energy Co,2013
SWN,Southwestern Energy Co,2014
SWN,Southwestern Energy Co,2015
SWN,Southwestern Energy Co,2016
SWN,Southwestern Energy Co,2017
SWN,Southwestern Energy Co,2018
SWN,Southwestern Energy Co,2019
SWN,Southwestern Energy Co,2020
SWN,Southwestern Energy Co,2021
SWN,Southwestern Energy Co,2022
SWN,Southwestern Energy Co,2023
CAA,CalAtlantic Group Inc,2013
CAA,CalAtlantic Group Inc,2014
CAA,CalAtlantic Group Inc,2015
CAA,CalAtlantic Group Inc,2016
SRCTQ,Standard Register Co (The),2013
STI.1,SunTrust Banks Inc.,2013
STI.1,SunTrust Banks Inc.,2014
STI.1,SunTrust Banks Inc.,2015
STI.1,SunTrust Banks Inc.,2016
STI.1,SunTrust Banks Inc.,2017
STI.1,SunTrust Banks Inc.,2018
SVU,SUPERVALU INC.,2013
SVU,SUPERVALU INC.,2014
SVU,SUPERVALU INC.,2015
SVU,SUPERVALU INC.,2016
SVU,SUPERVALU INC.,2017
SSUP,Superior Industries International Inc.,2013
SSUP,Superior Industries International Inc.,2014
SSUP,Superior Industries International Inc.,2015
SSUP,Superior Industries International Inc.,2016
SSUP,Superior Industries International Inc.,2017
SSUP,Superior Industries International Inc.,2018
SSUP,Superior Industries International Inc.,2019
SSUP,Superior Industries International Inc.,2020
SSUP,Superior Industries International Inc.,2021
SSUP,Superior Industries International Inc.,2022
SSUP,Superior Industries International Inc.,2023
SSUP,Superior Industries International Inc.,2024
SBOW,SilverBow Resources Inc,2013
SBOW,SilverBow Resources Inc,2014
SBOW,SilverBow Resources Inc,2015
SBOW,SilverBow Resources Inc,2016
SBOW,SilverBow Resources Inc,2017
SBOW,SilverBow Resources Inc,2018
SBOW,SilverBow Resources Inc,2019
SBOW,SilverBow Resources Inc,2020
SBOW,SilverBow Resources Inc,2021
SBOW,SilverBow Resources Inc,2022
SBOW,SilverBow Resources Inc,2023
TE.1,TECO Energy Inc.,2013
TE.1,TECO Energy Inc.,2014
TE.1,TECO Energy Inc.,2015
RSHCQ,RS Legacy Corp,2013
PULS.1,Pulse Electronics Corp,2013
PULS.1,Pulse Electronics Corp,2014
TECU,Tecumseh Products Co,2013
TECU,Tecumseh Products Co,2014
TEN.2,Tenneco Inc,2013
TEN.2,Tenneco Inc,2014
TEN.2,Tenneco Inc,2015
TEN.2,Tenneco Inc,2016
TEN.2,Tenneco Inc,2017
TEN.2,Tenneco Inc,2018
TEN.2,Tenneco Inc,2019
TEN.2,Tenneco Inc,2020
TEN.2,Tenneco Inc,2021
ANDV,Andeavor,2013
ANDV,Andeavor,2014
ANDV,Andeavor,2015
ANDV,Andeavor,2016
ANDV,Andeavor,2017
0033A,Energy Future Holdings Corp,2013
0033A,Energy Future Holdings Corp,2014
0033A,Energy Future Holdings Corp,2015
THOR.1,Thoratec Corp,2013
THOR.1,Thoratec Corp,2014
SIX,Six Flags Entertainment Corp -Old,2013
SIX,Six Flags Entertainment Corp -Old,2014
SIX,Six Flags Entertainment Corp -Old,2015
SIX,Six Flags Entertainment Corp -Old,2016
SIX,Six Flags Entertainment Corp -Old,2017
SIX,Six Flags Entertainment Corp -Old,2018
SIX,Six Flags Entertainment Corp -Old,2019
SIX,Six Flags Entertainment Corp -Old,2020
SIX,Six Flags Entertainment Corp -Old,2021
SIX,Six Flags Entertainment Corp -Old,2022
SIX,Six Flags Entertainment Corp -Old,2023
TSS,Total System Services Inc.,2013
TSS,Total System Services Inc.,2014
TSS,Total System Services Inc.,2015
TSS,Total System Services Inc.,2016
TSS,Total System Services Inc.,2017
TSS,Total System Services Inc.,2018
1231B,Toys 'R' Us Inc,2013
1231B,Toys 'R' Us Inc,2014
1231B,Toys 'R' Us Inc,2015
1231B,Toys 'R' Us Inc,2016
TRCO,Tribune Media Co,2013
TRCO,Tribune Media Co,2014
TRCO,Tribune Media Co,2015
TRCO,Tribune Media Co,2016
TRCO,Tribune Media Co,2017
TRCO,Tribune Media Co,2018
UNS,UNS Energy Corp,2013
TYC,Tyco International Plc,2013
TYC,Tyco International Plc,2014
TYC,Tyco International Plc,2015
URS,URS Corp,2013
USG.1,USG Corp,2013
USG.1,USG Corp,2014
USG.1,USG Corp,2015
USG.1,USG Corp,2016
USG.1,USG Corp,2017
USG.1,USG Corp,2018
UNTC,Unit Corp,2013
UNTC,Unit Corp,2014
UNTC,Unit Corp,2015
UNTC,Unit Corp,2016
UNTC,Unit Corp,2017
UNTC,Unit Corp,2018
UNTC,Unit Corp,2019
UNTC,Unit Corp,2020
UNTC,Unit Corp,2021
UNTC,Unit Corp,2022
UNTC,Unit Corp,2023
UNTC,Unit Corp,2024
CQB,Chiquita Brands International Inc,2013
UIL,UIL Holdings Corp,2013
UIL,UIL Holdings Corp,2014
ESND,Essendant Inc,2013
ESND,Essendant Inc,2014
ESND,Essendant Inc,2015
ESND,Essendant Inc,2016
ESND,Essendant Inc,2017
S.4,Sprint Corp,2013
S.4,Sprint Corp,2014
S.4,Sprint Corp,2015
S.4,Sprint Corp,2016
S.4,Sprint Corp,2017
S.4,Sprint Corp,2018
VAL.1,Valspar Corp (The),2013
VAL.1,Valspar Corp (The),2014
VAL.1,Valspar Corp (The),2015
VAL.1,Valspar Corp (The),2016
VAR,Varian Medical Systems Inc,2013
VAR,Varian Medical Systems Inc,2014
VAR,Varian Medical Systems Inc,2015
VAR,Varian Medical Systems Inc,2016
VAR,Varian Medical Systems Inc,2017
VAR,Varian Medical Systems Inc,2018
VAR,Varian Medical Systems Inc,2019
VAR,Varian Medical Systems Inc,2020
VOLT.3,Volt Information Sciences Inc.,2013
VOLT.3,Volt Information Sciences Inc.,2014
VOLT.3,Volt Information Sciences Inc.,2015
VOLT.3,Volt Information Sciences Inc.,2016
VOLT.3,Volt Information Sciences Inc.,2017
VOLT.3,Volt Information Sciences Inc.,2018
VOLT.3,Volt Information Sciences Inc.,2019
VOLT.3,Volt Information Sciences Inc.,2020
VOLT.3,Volt Information Sciences Inc.,2021
WBA,Walgreens Boots Alliance Inc,2013
WBA,Walgreens Boots Alliance Inc,2014
WBA,Walgreens Boots Alliance Inc,2015
WBA,Walgreens Boots Alliance Inc,2016
WBA,Walgreens Boots Alliance Inc,2017
WBA,Walgreens Boots Alliance Inc,2018
WBA,Walgreens Boots Alliance Inc,2019
WBA,Walgreens Boots Alliance Inc,2020
WBA,Walgreens Boots Alliance Inc,2021
WBA,Walgreens Boots Alliance Inc,2022
WBA,Walgreens Boots Alliance Inc,2023
WBA,Walgreens Boots Alliance Inc,2024
WGL,WGL Holdings Inc.,2013
WGL,WGL Holdings Inc.,2014
WGL,WGL Holdings Inc.,2015
WGL,WGL Holdings Inc.,2016
WGL,WGL Holdings Inc.,2017
WPP.2,Wausau Paper Corp,2013
WPP.2,Wausau Paper Corp,2014
WRI,Weingarten Realty Investors,2013
WRI,Weingarten Realty Investors,2014
WRI,Weingarten Realty Investors,2015
WRI,Weingarten Realty Investors,2016
WRI,Weingarten Realty Investors,2017
WRI,Weingarten Realty Investors,2018
WRI,Weingarten Realty Investors,2019
WRI,Weingarten Realty Investors,2020
MWV,MeadWestvaco Corp,2013
MWV,MeadWestvaco Corp,2014
HNH,Handy & Harman Ltd,2013
HNH,Handy & Harman Ltd,2014
HNH,Handy & Harman Ltd,2015
HNH,Handy & Harman Ltd,2016
WMS.1,WMS Industries Inc.,2013
WEC3,Integrys Holding Inc,2013
WEC3,Integrys Holding Inc,2014
FL,Foot Locker Inc.,2013
FL,Foot Locker Inc.,2014
FL,Foot Locker Inc.,2015
FL,Foot Locker Inc.,2016
FL,Foot Locker Inc.,2017
FL,Foot Locker Inc.,2018
FL,Foot Locker Inc.,2019
FL,Foot Locker Inc.,2020
FL,Foot Locker Inc.,2021
FL,Foot Locker Inc.,2022
FL,Foot Locker Inc.,2023
FL,Foot Locker Inc.,2024
YELLQ,Yellow Corp,2013
YELLQ,Yellow Corp,2014
YELLQ,Yellow Corp,2015
YELLQ,Yellow Corp,2016
YELLQ,Yellow Corp,2017
YELLQ,Yellow Corp,2018
YELLQ,Yellow Corp,2019
YELLQ,Yellow Corp,2020
YELLQ,Yellow Corp,2021
YELLQ,Yellow Corp,2022
ZLC,Zale Corp,2013
PENX,Penford Corp,2013
PENX,Penford Corp,2014
ALEX,Alexander & Baldwin Inc,2013
ALEX,Alexander & Baldwin Inc,2014
ALEX,Alexander & Baldwin Inc,2015
ALEX,Alexander & Baldwin Inc,2016
ALEX,Alexander & Baldwin Inc,2017
ALEX,Alexander & Baldwin Inc,2018
ALEX,Alexander & Baldwin Inc,2019
ALEX,Alexander & Baldwin Inc,2020
ALEX,Alexander & Baldwin Inc,2021
ALEX,Alexander & Baldwin Inc,2022
ALEX,Alexander & Baldwin Inc,2023
ALEX,Alexander & Baldwin Inc,2024
FMBI,First Midwest Bancorp Inc,2013
FMBI,First Midwest Bancorp Inc,2014
FMBI,First Midwest Bancorp Inc,2015
FMBI,First Midwest Bancorp Inc,2016
FMBI,First Midwest Bancorp Inc,2017
FMBI,First Midwest Bancorp Inc,2018
FMBI,First Midwest Bancorp Inc,2019
FMBI,First Midwest Bancorp Inc,2020
BLUD1,Immucor Inc,2013
BLUD1,Immucor Inc,2014
BLUD1,Immucor Inc,2015
APC.1,Anadarko Petroleum Corp,2013
APC.1,Anadarko Petroleum Corp,2014
APC.1,Anadarko Petroleum Corp,2015
APC.1,Anadarko Petroleum Corp,2016
APC.1,Anadarko Petroleum Corp,2017
APC.1,Anadarko Petroleum Corp,2018
TUEMQ,Tuesday Morning Corp.,2013
TUEMQ,Tuesday Morning Corp.,2014
TUEMQ,Tuesday Morning Corp.,2015
TUEMQ,Tuesday Morning Corp.,2016
TUEMQ,Tuesday Morning Corp.,2017
TUEMQ,Tuesday Morning Corp.,2018
TUEMQ,Tuesday Morning Corp.,2019
TUEMQ,Tuesday Morning Corp.,2020
TUEMQ,Tuesday Morning Corp.,2021
TUEMQ,Tuesday Morning Corp.,2022
EMC.2,EMC Corp,2013
EMC.2,EMC Corp,2014
EMC.2,EMC Corp,2015
BYI,Bally Technologies Inc,2013
BYI,Bally Technologies Inc,2014
BIGGQ,Former BL Stores Inc,2013
BIGGQ,Former BL Stores Inc,2014
BIGGQ,Former BL Stores Inc,2015
BIGGQ,Former BL Stores Inc,2016
BIGGQ,Former BL Stores Inc,2017
BIGGQ,Former BL Stores Inc,2018
BIGGQ,Former BL Stores Inc,2019
BIGGQ,Former BL Stores Inc,2020
BIGGQ,Former BL Stores Inc,2021
BIGGQ,Former BL Stores Inc,2022
BIGGQ,Former BL Stores Inc,2023
0139A,SunGard Data Systems Inc,2013
0139A,SunGard Data Systems Inc,2014
TECD,Tech Data Corp,2013
TECD,Tech Data Corp,2014
TECD,Tech Data Corp,2015
TECD,Tech Data Corp,2016
TECD,Tech Data Corp,2017
TECD,Tech Data Corp,2018
TECD,Tech Data Corp,2019
DTV.2,DIRECTV,2013
DTV.2,DIRECTV,2014
CY,Cypress Semiconductor Corp,2013
CY,Cypress Semiconductor Corp,2014
CY,Cypress Semiconductor Corp,2015
CY,Cypress Semiconductor Corp,2016
CY,Cypress Semiconductor Corp,2017
CY,Cypress Semiconductor Corp,2018
CY,Cypress Semiconductor Corp,2019
LLTC,Linear Technology Corp,2013
LLTC,Linear Technology Corp,2014
LLTC,Linear Technology Corp,2015
LLTC,Linear Technology Corp,2016
SIGM,Sigma Designs Inc,2013
SIGM,Sigma Designs Inc,2014
SIGM,Sigma Designs Inc,2015
SIGM,Sigma Designs Inc,2016
SIGM,Sigma Designs Inc,2017
MEAS,Measurement Specialties Inc.,2013
AMAG,AMAG Pharmaceuticals Inc,2013
AMAG,AMAG Pharmaceuticals Inc,2014
AMAG,AMAG Pharmaceuticals Inc,2015
AMAG,AMAG Pharmaceuticals Inc,2016
AMAG,AMAG Pharmaceuticals Inc,2017
AMAG,AMAG Pharmaceuticals Inc,2018
AMAG,AMAG Pharmaceuticals Inc,2019
SXCL,Steel Excel Inc,2014
SXCL,Steel Excel Inc,2015
FREDQ,Fred's Inc,2013
FREDQ,Fred's Inc,2014
FREDQ,Fred's Inc,2015
FREDQ,Fred's Inc,2016
FREDQ,Fred's Inc,2017
FREDQ,Fred's Inc,2018
EGL,Valinar LLC,2013
EGL,Valinar LLC,2014
EGL,Valinar LLC,2015
EGL,Valinar LLC,2016
EGL,Valinar LLC,2017
BRLI.1,Bio Reference Laboratories Inc,2013
BRLI.1,Bio Reference Laboratories Inc,2014
MAG.3,Magnetek Inc.,2013
MAG.3,Magnetek Inc.,2014
CKEC,Carmike Cinemas Inc,2013
CKEC,Carmike Cinemas Inc,2014
CKEC,Carmike Cinemas Inc,2015
LYRI,Lyris Inc,2013
LYRI,Lyris Inc,2014
HAR,Harman International Industries Inc.,2013
HAR,Harman International Industries Inc.,2014
HAR,Harman International Industries Inc.,2015
HAR,Harman International Industries Inc.,2016
LOJN,LoJack Corp,2013
LOJN,LoJack Corp,2014
LOJN,LoJack Corp,2015
CLGX,CoreLogic Inc,2013
CLGX,CoreLogic Inc,2014
CLGX,CoreLogic Inc,2015
CLGX,CoreLogic Inc,2016
CLGX,CoreLogic Inc,2017
CLGX,CoreLogic Inc,2018
CLGX,CoreLogic Inc,2019
CLGX,CoreLogic Inc,2020
GIMO,Gigamon Inc,2013
GIMO,Gigamon Inc,2014
GIMO,Gigamon Inc,2015
GIMO,Gigamon Inc,2016
CERN,Cerner Corp,2013
CERN,Cerner Corp,2014
CERN,Cerner Corp,2015
CERN,Cerner Corp,2016
CERN,Cerner Corp,2017
CERN,Cerner Corp,2018
CERN,Cerner Corp,2019
CERN,Cerner Corp,2020
CERN,Cerner Corp,2021
ZQKSQ,Quiksilver Inc.,2013
ZQKSQ,Quiksilver Inc.,2014
ZQKSQ,Quiksilver Inc.,2015
TFCFA,Twenty-First Century Fox Inc,2013
TFCFA,Twenty-First Century Fox Inc,2014
TFCFA,Twenty-First Century Fox Inc,2015
TFCFA,Twenty-First Century Fox Inc,2016
TFCFA,Twenty-First Century Fox Inc,2017
TFCFA,Twenty-First Century Fox Inc,2018
AXLL,Axiall Corp,2013
AXLL,Axiall Corp,2014
AXLL,Axiall Corp,2015
ARG,Airgas Inc.,2013
ARG,Airgas Inc.,2014
ARG,Airgas Inc.,2015
KRFT,Kraft Foods Group Inc,2013
KRFT,Kraft Foods Group Inc,2014
JOY,Joy Global Inc,2013
JOY,Joy Global Inc,2014
JOY,Joy Global Inc,2015
JOY,Joy Global Inc,2016
CSH.1,Cash America International Inc.,2013
CSH.1,Cash America International Inc.,2014
CSH.1,Cash America International Inc.,2015
SNV,Synovus Financial Corp.,2013
SNV,Synovus Financial Corp.,2014
SNV,Synovus Financial Corp.,2015
SNV,Synovus Financial Corp.,2016
SNV,Synovus Financial Corp.,2017
SNV,Synovus Financial Corp.,2018
SNV,Synovus Financial Corp.,2019
SNV,Synovus Financial Corp.,2020
SNV,Synovus Financial Corp.,2021
SNV,Synovus Financial Corp.,2022
SNV,Synovus Financial Corp.,2023
SNV,Synovus Financial Corp.,2024
CMO,Capstead Mortgage Corp,2013
CMO,Capstead Mortgage Corp,2014
CMO,Capstead Mortgage Corp,2015
CMO,Capstead Mortgage Corp,2016
CMO,Capstead Mortgage Corp,2017
CMO,Capstead Mortgage Corp,2018
CMO,Capstead Mortgage Corp,2019
CMO,Capstead Mortgage Corp,2020
LADX,LadRx Corp,2013
LADX,LadRx Corp,2014
LADX,LadRx Corp,2015
LADX,LadRx Corp,2016
LADX,LadRx Corp,2017
LADX,LadRx Corp,2018
LADX,LadRx Corp,2019
LADX,LadRx Corp,2020
LADX,LadRx Corp,2021
LADX,LadRx Corp,2022
LADX,LadRx Corp,2023
LADX,LadRx Corp,2024
CDR,Cedar Realty Trust Inc,2013
CDR,Cedar Realty Trust Inc,2014
CDR,Cedar Realty Trust Inc,2015
CDR,Cedar Realty Trust Inc,2016
CDR,Cedar Realty Trust Inc,2017
CDR,Cedar Realty Trust Inc,2018
CDR,Cedar Realty Trust Inc,2019
CDR,Cedar Realty Trust Inc,2020
SAFM,Sanderson Farms Inc,2013
SAFM,Sanderson Farms Inc,2014
SAFM,Sanderson Farms Inc,2015
SAFM,Sanderson Farms Inc,2016
SAFM,Sanderson Farms Inc,2017
SAFM,Sanderson Farms Inc,2018
SAFM,Sanderson Farms Inc,2019
SAFM,Sanderson Farms Inc,2020
SAFM,Sanderson Farms Inc,2021
VOXX,VOXX International Corp,2013
VOXX,VOXX International Corp,2014
VOXX,VOXX International Corp,2015
VOXX,VOXX International Corp,2016
VOXX,VOXX International Corp,2017
VOXX,VOXX International Corp,2018
VOXX,VOXX International Corp,2019
VOXX,VOXX International Corp,2020
VOXX,VOXX International Corp,2021
VOXX,VOXX International Corp,2022
VOXX,VOXX International Corp,2023
GNCMA,GCI Liberty Inc -Old,2013
GNCMA,GCI Liberty Inc -Old,2014
GNCMA,GCI Liberty Inc -Old,2015
GNCMA,GCI Liberty Inc -Old,2016
GNCMA,GCI Liberty Inc -Old,2017
CCC.1,Calgon Carbon Corp,2013
CCC.1,Calgon Carbon Corp,2014
CCC.1,Calgon Carbon Corp,2015
CCC.1,Calgon Carbon Corp,2016
BRK1,Berkshire Hathaway Energy Co,2013
BRK1,Berkshire Hathaway Energy Co,2014
BRK1,Berkshire Hathaway Energy Co,2015
BRK1,Berkshire Hathaway Energy Co,2016
BRK1,Berkshire Hathaway Energy Co,2017
LVLT,Level 3 Communications Inc,2013
LVLT,Level 3 Communications Inc,2014
LVLT,Level 3 Communications Inc,2015
LVLT,Level 3 Communications Inc,2016
EBIXQ,Ebix Inc,2013
EBIXQ,Ebix Inc,2014
EBIXQ,Ebix Inc,2015
EBIXQ,Ebix Inc,2016
EBIXQ,Ebix Inc,2017
EBIXQ,Ebix Inc,2018
EBIXQ,Ebix Inc,2019
EBIXQ,Ebix Inc,2020
EBIXQ,Ebix Inc,2021
EBIXQ,Ebix Inc,2022
DRE,Duke Realty Corp,2013
DRE,Duke Realty Corp,2014
DRE,Duke Realty Corp,2015
DRE,Duke Realty Corp,2016
DRE,Duke Realty Corp,2017
DRE,Duke Realty Corp,2018
DRE,Duke Realty Corp,2019
DRE,Duke Realty Corp,2020
DRE,Duke Realty Corp,2021
HKFIQ,Hancock Fabrics Inc.,2013
HKFIQ,Hancock Fabrics Inc.,2014
WWAV,WhiteWave Foods Co (The),2013
WWAV,WhiteWave Foods Co (The),2014
WWAV,WhiteWave Foods Co (The),2015
WWAV,WhiteWave Foods Co (The),2016
CELG,Celgene Corp,2013
CELG,Celgene Corp,2014
CELG,Celgene Corp,2015
CELG,Celgene Corp,2016
CELG,Celgene Corp,2017
CELG,Celgene Corp,2018
ABMD,ABIOMED Inc,2013
ABMD,ABIOMED Inc,2014
ABMD,ABIOMED Inc,2015
ABMD,ABIOMED Inc,2016
ABMD,ABIOMED Inc,2017
ABMD,ABIOMED Inc,2018
ABMD,ABIOMED Inc,2019
ABMD,ABIOMED Inc,2020
ABMD,ABIOMED Inc,2021
TIF,Tiffany & Co.,2013
TIF,Tiffany & Co.,2014
TIF,Tiffany & Co.,2015
TIF,Tiffany & Co.,2016
TIF,Tiffany & Co.,2017
TIF,Tiffany & Co.,2018
TIF,Tiffany & Co.,2019
6685B,Aleris Corp,2013
6685B,Aleris Corp,2014
6685B,Aleris Corp,2015
6685B,Aleris Corp,2016
6685B,Aleris Corp,2017
6685B,Aleris Corp,2018
6685B,Aleris Corp,2019
LABL,Multi-Color Corp,2013
LABL,Multi-Color Corp,2014
LABL,Multi-Color Corp,2015
LABL,Multi-Color Corp,2016
LABL,Multi-Color Corp,2017
AIRM,Air Methods Corp,2013
AIRM,Air Methods Corp,2014
AIRM,Air Methods Corp,2015
AIRM,Air Methods Corp,2016
AFAM,Almost Family Inc,2013
AFAM,Almost Family Inc,2014
AFAM,Almost Family Inc,2015
AFAM,Almost Family Inc,2016
AFAM,Almost Family Inc,2017
CBM,Cambrex Corp,2013
CBM,Cambrex Corp,2014
CBM,Cambrex Corp,2015
CBM,Cambrex Corp,2016
CBM,Cambrex Corp,2017
CBM,Cambrex Corp,2018
COOP,Mr. Cooper Group Inc,2013
COOP,Mr. Cooper Group Inc,2014
COOP,Mr. Cooper Group Inc,2015
COOP,Mr. Cooper Group Inc,2016
COOP,Mr. Cooper Group Inc,2017
COOP,Mr. Cooper Group Inc,2018
COOP,Mr. Cooper Group Inc,2019
COOP,Mr. Cooper Group Inc,2020
COOP,Mr. Cooper Group Inc,2021
COOP,Mr. Cooper Group Inc,2022
COOP,Mr. Cooper Group Inc,2023
COOP,Mr. Cooper Group Inc,2024
VGR,Vector Group Ltd,2013
VGR,Vector Group Ltd,2014
VGR,Vector Group Ltd,2015
VGR,Vector Group Ltd,2016
VGR,Vector Group Ltd,2017
VGR,Vector Group Ltd,2018
VGR,Vector Group Ltd,2019
VGR,Vector Group Ltd,2020
VGR,Vector Group Ltd,2021
VGR,Vector Group Ltd,2022
VGR,Vector Group Ltd,2023
1641B,Neiman Marcus Group LTD LLC,2013
1641B,Neiman Marcus Group LTD LLC,2014
LDR,Landauer Inc.,2013
LDR,Landauer Inc.,2014
LDR,Landauer Inc.,2015
LDR,Landauer Inc.,2016
ACO,AMCOL International Corp,2013
CADE,Cadence Bank,2013
CADE,Cadence Bank,2014
CADE,Cadence Bank,2015
CADE,Cadence Bank,2016
CADE,Cadence Bank,2017
CADE,Cadence Bank,2018
CADE,Cadence Bank,2019
CADE,Cadence Bank,2020
CADE,Cadence Bank,2021
CADE,Cadence Bank,2022
CADE,Cadence Bank,2023
CADE,Cadence Bank,2024
MXIM,Maxim Integrated Products Inc.,2013
MXIM,Maxim Integrated Products Inc.,2014
MXIM,Maxim Integrated Products Inc.,2015
MXIM,Maxim Integrated Products Inc.,2016
MXIM,Maxim Integrated Products Inc.,2017
MXIM,Maxim Integrated Products Inc.,2018
MXIM,Maxim Integrated Products Inc.,2019
MXIM,Maxim Integrated Products Inc.,2020
MXIM,Maxim Integrated Products Inc.,2021
FRCB,First Republic Bank,2013
FRCB,First Republic Bank,2014
FRCB,First Republic Bank,2015
FRCB,First Republic Bank,2016
FRCB,First Republic Bank,2017
FRCB,First Republic Bank,2018
FRCB,First Republic Bank,2019
FRCB,First Republic Bank,2020
FRCB,First Republic Bank,2021
AKRXQ,AKORN OPERATING COMPANY LLC,2013
AKRXQ,AKORN OPERATING COMPANY LLC,2014
AKRXQ,AKORN OPERATING COMPANY LLC,2015
AKRXQ,AKORN OPERATING COMPANY LLC,2016
AKRXQ,AKORN OPERATING COMPANY LLC,2017
AKRXQ,AKORN OPERATING COMPANY LLC,2018
AKRXQ,AKORN OPERATING COMPANY LLC,2019
ALTR.1,Altera Corp,2013
ALTR.1,Altera Corp,2014
PXD,Pioneer Natural Resources Co,2013
PXD,Pioneer Natural Resources Co,2014
PXD,Pioneer Natural Resources Co,2015
PXD,Pioneer Natural Resources Co,2016
PXD,Pioneer Natural Resources Co,2017
PXD,Pioneer Natural Resources Co,2018
PXD,Pioneer Natural Resources Co,2019
PXD,Pioneer Natural Resources Co,2020
PXD,Pioneer Natural Resources Co,2021
PXD,Pioneer Natural Resources Co,2022
PXD,Pioneer Natural Resources Co,2023
ADT.4,ADT Corp (The),2013
ADT.4,ADT Corp (The),2014
ADT.4,ADT Corp (The),2015
9566B,Acelity Holdings Inc,2013
9566B,Acelity Holdings Inc,2014
CDMO,Avid Bioservices Inc,2013
CDMO,Avid Bioservices Inc,2014
CDMO,Avid Bioservices Inc,2015
CDMO,Avid Bioservices Inc,2016
CDMO,Avid Bioservices Inc,2017
CDMO,Avid Bioservices Inc,2018
CDMO,Avid Bioservices Inc,2019
CDMO,Avid Bioservices Inc,2020
CDMO,Avid Bioservices Inc,2021
CDMO,Avid Bioservices Inc,2022
CDMO,Avid Bioservices Inc,2023
ODP,The ODP Corporation,2013
ODP,The ODP Corporation,2014
ODP,The ODP Corporation,2015
ODP,The ODP Corporation,2016
ODP,The ODP Corporation,2017
ODP,The ODP Corporation,2018
ODP,The ODP Corporation,2019
ODP,The ODP Corporation,2020
ODP,The ODP Corporation,2021
ODP,The ODP Corporation,2022
ODP,The ODP Corporation,2023
ODP,The ODP Corporation,2024
ARCH,Arch Resources Inc,2013
ARCH,Arch Resources Inc,2014
ARCH,Arch Resources Inc,2015
ARCH,Arch Resources Inc,2016
ARCH,Arch Resources Inc,2017
ARCH,Arch Resources Inc,2018
ARCH,Arch Resources Inc,2019
ARCH,Arch Resources Inc,2020
ARCH,Arch Resources Inc,2021
ARCH,Arch Resources Inc,2022
ARCH,Arch Resources Inc,2023
CPE,Callon Petroleum Co/DE,2013
CPE,Callon Petroleum Co/DE,2014
CPE,Callon Petroleum Co/DE,2015
CPE,Callon Petroleum Co/DE,2016
CPE,Callon Petroleum Co/DE,2017
CPE,Callon Petroleum Co/DE,2018
CPE,Callon Petroleum Co/DE,2019
CPE,Callon Petroleum Co/DE,2020
CPE,Callon Petroleum Co/DE,2021
CPE,Callon Petroleum Co/DE,2022
CPE,Callon Petroleum Co/DE,2023
9614B,CEC Entertainment Inc.,2013
9614B,CEC Entertainment Inc.,2014
9614B,CEC Entertainment Inc.,2015
9614B,CEC Entertainment Inc.,2016
9614B,CEC Entertainment Inc.,2017
9614B,CEC Entertainment Inc.,2018
9614B,CEC Entertainment Inc.,2019
RPT.1,RPT Realty,2013
RPT.1,RPT Realty,2014
RPT.1,RPT Realty,2015
RPT.1,RPT Realty,2016
RPT.1,RPT Realty,2017
RPT.1,RPT Realty,2018
RPT.1,RPT Realty,2019
RPT.1,RPT Realty,2020
RPT.1,RPT Realty,2021
RPT.1,RPT Realty,2022
STAR,iStar Inc,2013
STAR,iStar Inc,2014
STAR,iStar Inc,2015
STAR,iStar Inc,2016
STAR,iStar Inc,2017
STAR,iStar Inc,2018
STAR,iStar Inc,2019
STAR,iStar Inc,2020
STAR,iStar Inc,2021
STAR,iStar Inc,2022
CHFC,Chemical Financial Corp,2013
CHFC,Chemical Financial Corp,2014
CHFC,Chemical Financial Corp,2015
CHFC,Chemical Financial Corp,2016
CHFC,Chemical Financial Corp,2017
CHFC,Chemical Financial Corp,2018
HNR,Harvest Natural Resources Inc.,2013
HNR,Harvest Natural Resources Inc.,2014
HNR,Harvest Natural Resources Inc.,2015
HNR,Harvest Natural Resources Inc.,2016
EMMS,Emmis Corp,2013
EMMS,Emmis Corp,2014
EMMS,Emmis Corp,2015
EMMS,Emmis Corp,2016
EMMS,Emmis Corp,2017
EMMS,Emmis Corp,2018
EMMS,Emmis Corp,2019
TCF,TCF Financial Corp,2013
TCF,TCF Financial Corp,2014
TCF,TCF Financial Corp,2015
TCF,TCF Financial Corp,2016
TCF,TCF Financial Corp,2017
TCF,TCF Financial Corp,2018
TCF,TCF Financial Corp,2019
TCF,TCF Financial Corp,2020
SPLS.1,Staples Inc.,2013
SPLS.1,Staples Inc.,2014
SPLS.1,Staples Inc.,2015
SPLS.1,Staples Inc.,2016
AGN.2,Allergan Inc.,2013
AGN.2,Allergan Inc.,2014
PCL.2,Plum Creek Timber Co Inc.,2013
PCL.2,Plum Creek Timber Co Inc.,2014
PCL.2,Plum Creek Timber Co Inc.,2015
PBCT,People's United Financial Inc,2013
PBCT,People's United Financial Inc,2014
PBCT,People's United Financial Inc,2015
PBCT,People's United Financial Inc,2016
PBCT,People's United Financial Inc,2017
PBCT,People's United Financial Inc,2018
PBCT,People's United Financial Inc,2019
PBCT,People's United Financial Inc,2020
PBCT,People's United Financial Inc,2021
RKUS,Ruckus Wireless Inc,2013
RKUS,Ruckus Wireless Inc,2014
RKUS,Ruckus Wireless Inc,2015
HNGR,Hanger Inc,2013
HNGR,Hanger Inc,2014
HNGR,Hanger Inc,2015
HNGR,Hanger Inc,2016
HNGR,Hanger Inc,2017
HNGR,Hanger Inc,2018
HNGR,Hanger Inc,2019
HNGR,Hanger Inc,2020
HNGR,Hanger Inc,2021
ZIXI,Zix Corp.,2013
ZIXI,Zix Corp.,2014
ZIXI,Zix Corp.,2015
ZIXI,Zix Corp.,2016
ZIXI,Zix Corp.,2017
ZIXI,Zix Corp.,2018
ZIXI,Zix Corp.,2019
ZIXI,Zix Corp.,2020
RTI,RTI International Metals Inc,2013
RTI,RTI International Metals Inc,2014
BBX.2,BBX Capital Corp,2013
BBX.2,BBX Capital Corp,2014
BBX.2,BBX Capital Corp,2015
ELLH,Elah Holdings Inc,2013
ELLH,Elah Holdings Inc,2014
ELLH,Elah Holdings Inc,2015
ELLH,Elah Holdings Inc,2016
ELLH,Elah Holdings Inc,2017
NPBC,National Penn Bancshares Inc,2013
NPBC,National Penn Bancshares Inc,2014
NPBC,National Penn Bancshares Inc,2015
NAVG,Navigators Group Inc (The),2013
NAVG,Navigators Group Inc (The),2014
NAVG,Navigators Group Inc (The),2015
NAVG,Navigators Group Inc (The),2016
NAVG,Navigators Group Inc (The),2017
NAVG,Navigators Group Inc (The),2018
MNSH,MNSN Holdings Inc,2013
MNSH,MNSN Holdings Inc,2014
MNSH,MNSN Holdings Inc,2015
MNSH,MNSN Holdings Inc,2016
MNSH,MNSN Holdings Inc,2017
MNSH,MNSN Holdings Inc,2018
MNSH,MNSN Holdings Inc,2019
MNSH,MNSN Holdings Inc,2020
MNSH,MNSN Holdings Inc,2021
MNSH,MNSN Holdings Inc,2022
STD2,Santander Holdings USA Inc,2013
STD2,Santander Holdings USA Inc,2014
STD2,Santander Holdings USA Inc,2015
STD2,Santander Holdings USA Inc,2016
STD2,Santander Holdings USA Inc,2017
STD2,Santander Holdings USA Inc,2018
STD2,Santander Holdings USA Inc,2019
SUSQ,Susquehanna Bancshares Inc,2013
SUSQ,Susquehanna Bancshares Inc,2014
KND,Kindred Healthcare Inc,2013
KND,Kindred Healthcare Inc,2014
KND,Kindred Healthcare Inc,2015
KND,Kindred Healthcare Inc,2016
KND,Kindred Healthcare Inc,2017
NVEE,NV5 Global Inc,2013
NVEE,NV5 Global Inc,2014
NVEE,NV5 Global Inc,2015
NVEE,NV5 Global Inc,2016
NVEE,NV5 Global Inc,2017
NVEE,NV5 Global Inc,2018
NVEE,NV5 Global Inc,2019
NVEE,NV5 Global Inc,2020
NVEE,NV5 Global Inc,2021
NVEE,NV5 Global Inc,2022
NVEE,NV5 Global Inc,2023
NVEE,NV5 Global Inc,2024
IBTX,Independent Bank Group Inc,2013
IBTX,Independent Bank Group Inc,2014
IBTX,Independent Bank Group Inc,2015
IBTX,Independent Bank Group Inc,2016
IBTX,Independent Bank Group Inc,2017
IBTX,Independent Bank Group Inc,2018
IBTX,Independent Bank Group Inc,2019
IBTX,Independent Bank Group Inc,2020
IBTX,Independent Bank Group Inc,2021
IBTX,Independent Bank Group Inc,2022
IBTX,Independent Bank Group Inc,2023
FSB,Franklin Financial Network Inc,2013
FSB,Franklin Financial Network Inc,2014
FSB,Franklin Financial Network Inc,2015
FSB,Franklin Financial Network Inc,2016
FSB,Franklin Financial Network Inc,2017
FSB,Franklin Financial Network Inc,2018
FSB,Franklin Financial Network Inc,2019
AHH,Armada Hoffler Properties Inc,2013
AHH,Armada Hoffler Properties Inc,2014
AHH,Armada Hoffler Properties Inc,2015
AHH,Armada Hoffler Properties Inc,2016
AHH,Armada Hoffler Properties Inc,2017
AHH,Armada Hoffler Properties Inc,2018
AHH,Armada Hoffler Properties Inc,2019
AHH,Armada Hoffler Properties Inc,2020
AHH,Armada Hoffler Properties Inc,2021
AHH,Armada Hoffler Properties Inc,2022
AHH,Armada Hoffler Properties Inc,2023
AHH,Armada Hoffler Properties Inc,2024
CST,CST Brands Inc,2013
CST,CST Brands Inc,2014
CST,CST Brands Inc,2015
CST,CST Brands Inc,2016
FNBCQ,First NBC Bank Holding Co,2013
FNBCQ,First NBC Bank Holding Co,2014
FNBCQ,First NBC Bank Holding Co,2015
MNKTQ,Mallinckrodt plc,2013
MNKTQ,Mallinckrodt plc,2014
MNKTQ,Mallinckrodt plc,2015
MNKTQ,Mallinckrodt plc,2016
MNKTQ,Mallinckrodt plc,2017
MNKTQ,Mallinckrodt plc,2018
MNKTQ,Mallinckrodt plc,2019
MNKTQ,Mallinckrodt plc,2020
MNKTQ,Mallinckrodt plc,2021
MNKTQ,Mallinckrodt plc,2022
DOC.5,Physicians Realty Trust,2013
DOC.5,Physicians Realty Trust,2014
DOC.5,Physicians Realty Trust,2015
DOC.5,Physicians Realty Trust,2016
DOC.5,Physicians Realty Trust,2017
DOC.5,Physicians Realty Trust,2018
DOC.5,Physicians Realty Trust,2019
DOC.5,Physicians Realty Trust,2020
DOC.5,Physicians Realty Trust,2021
DOC.5,Physicians Realty Trust,2022
DOC.5,Physicians Realty Trust,2023
CTRL,Control4 Corp,2013
CTRL,Control4 Corp,2014
CTRL,Control4 Corp,2015
CTRL,Control4 Corp,2016
CTRL,Control4 Corp,2017
CTRL,Control4 Corp,2018
PINC,Premier Inc,2013
PINC,Premier Inc,2014
PINC,Premier Inc,2015
PINC,Premier Inc,2016
PINC,Premier Inc,2017
PINC,Premier Inc,2018
PINC,Premier Inc,2019
PINC,Premier Inc,2020
PINC,Premier Inc,2021
PINC,Premier Inc,2022
PINC,Premier Inc,2023
PINC,Premier Inc,2024
CUDA,Barracuda Networks Inc,2013
CUDA,Barracuda Networks Inc,2014
CUDA,Barracuda Networks Inc,2015
CUDA,Barracuda Networks Inc,2016
SCAI,Surgical Care Affiliates Inc,2013
SCAI,Surgical Care Affiliates Inc,2014
SCAI,Surgical Care Affiliates Inc,2015
SCAI,Surgical Care Affiliates Inc,2016
TWTR,Twitter Inc,2013
TWTR,Twitter Inc,2014
TWTR,Twitter Inc,2015
TWTR,Twitter Inc,2016
TWTR,Twitter Inc,2017
TWTR,Twitter Inc,2018
TWTR,Twitter Inc,2019
TWTR,Twitter Inc,2020
TWTR,Twitter Inc,2021
CRCM,Care.com Inc,2013
CRCM,Care.com Inc,2014
CRCM,Care.com Inc,2015
CRCM,Care.com Inc,2016
CRCM,Care.com Inc,2017
CRCM,Care.com Inc,2018
DENN,Dennys Corp,2013
DENN,Dennys Corp,2014
DENN,Dennys Corp,2015
DENN,Dennys Corp,2016
DENN,Dennys Corp,2017
DENN,Dennys Corp,2018
DENN,Dennys Corp,2019
DENN,Dennys Corp,2020
DENN,Dennys Corp,2021
DENN,Dennys Corp,2022
DENN,Dennys Corp,2023
DENN,Dennys Corp,2024
STSA.1,Sterling Financial Corp/WA,2013
TIME.,Time Inc,2013
TIME.,Time Inc,2014
TIME.,Time Inc,2015
TIME.,Time Inc,2016
EGRX,Eagle Pharmaceuticals Inc,2013
EGRX,Eagle Pharmaceuticals Inc,2014
EGRX,Eagle Pharmaceuticals Inc,2015
EGRX,Eagle Pharmaceuticals Inc,2016
EGRX,Eagle Pharmaceuticals Inc,2017
EGRX,Eagle Pharmaceuticals Inc,2018
EGRX,Eagle Pharmaceuticals Inc,2019
EGRX,Eagle Pharmaceuticals Inc,2020
EGRX,Eagle Pharmaceuticals Inc,2021
EGRX,Eagle Pharmaceuticals Inc,2022
VRTV,Veritiv Corp,2014
VRTV,Veritiv Corp,2015
VRTV,Veritiv Corp,2016
VRTV,Veritiv Corp,2017
VRTV,Veritiv Corp,2018
VRTV,Veritiv Corp,2019
VRTV,Veritiv Corp,2020
VRTV,Veritiv Corp,2021
VRTV,Veritiv Corp,2022
GRUB.2,GrubHub Inc,2013
GRUB.2,GrubHub Inc,2014
GRUB.2,GrubHub Inc,2015
GRUB.2,GrubHub Inc,2016
GRUB.2,GrubHub Inc,2017
GRUB.2,GrubHub Inc,2018
GRUB.2,GrubHub Inc,2019
GRUB.2,GrubHub Inc,2020
ICON.1,Iconix Brand Group Inc,2013
ICON.1,Iconix Brand Group Inc,2014
ICON.1,Iconix Brand Group Inc,2015
ICON.1,Iconix Brand Group Inc,2016
ICON.1,Iconix Brand Group Inc,2017
ICON.1,Iconix Brand Group Inc,2018
ICON.1,Iconix Brand Group Inc,2019
ICON.1,Iconix Brand Group Inc,2020
CTLT,Catalent Inc,2013
CTLT,Catalent Inc,2014
CTLT,Catalent Inc,2015
CTLT,Catalent Inc,2016
CTLT,Catalent Inc,2017
CTLT,Catalent Inc,2018
CTLT,Catalent Inc,2019
CTLT,Catalent Inc,2020
CTLT,Catalent Inc,2021
CTLT,Catalent Inc,2022
CTLT,Catalent Inc,2023
CTLT,Catalent Inc,2024
OPB,Opus Bank,2013
OPB,Opus Bank,2014
OPB,Opus Bank,2015
OPB,Opus Bank,2016
OPB,Opus Bank,2017
OPB,Opus Bank,2018
OPB,Opus Bank,2019
WPGGQ,Washington Prime Group Inc,2014
WPGGQ,Washington Prime Group Inc,2015
WPGGQ,Washington Prime Group Inc,2016
WPGGQ,Washington Prime Group Inc,2017
WPGGQ,Washington Prime Group Inc,2018
WPGGQ,Washington Prime Group Inc,2019
WPGGQ,Washington Prime Group Inc,2020
CZR.3,Caesars Entertainment Corp,2013
CZR.3,Caesars Entertainment Corp,2014
CZR.3,Caesars Entertainment Corp,2015
CZR.3,Caesars Entertainment Corp,2016
CZR.3,Caesars Entertainment Corp,2017
CZR.3,Caesars Entertainment Corp,2018
CZR.3,Caesars Entertainment Corp,2019
DEN,Denbury Inc.,2013
DEN,Denbury Inc.,2014
DEN,Denbury Inc.,2015
DEN,Denbury Inc.,2016
DEN,Denbury Inc.,2017
DEN,Denbury Inc.,2018
DEN,Denbury Inc.,2019
DEN,Denbury Inc.,2020
DEN,Denbury Inc.,2021
DEN,Denbury Inc.,2022
ADPTQ,Adeptus Health Inc,2013
ADPTQ,Adeptus Health Inc,2014
ADPTQ,Adeptus Health Inc,2015
TESO,Tesco Corp,2013
TESO,Tesco Corp,2014
TESO,Tesco Corp,2015
TESO,Tesco Corp,2016
HOLX,Hologic Inc,2013
HOLX,Hologic Inc,2014
HOLX,Hologic Inc,2015
HOLX,Hologic Inc,2016
HOLX,Hologic Inc,2017
HOLX,Hologic Inc,2018
HOLX,Hologic Inc,2019
HOLX,Hologic Inc,2020
HOLX,Hologic Inc,2021
HOLX,Hologic Inc,2022
HOLX,Hologic Inc,2023
HOLX,Hologic Inc,2024
PGNPQ,Paragon Offshore Plc,2013
PGNPQ,Paragon Offshore Plc,2014
PGNPQ,Paragon Offshore Plc,2015
PGNPQ,Paragon Offshore Plc,2016
DPLO,Diplomat Pharmacy Inc,2013
DPLO,Diplomat Pharmacy Inc,2014
DPLO,Diplomat Pharmacy Inc,2015
DPLO,Diplomat Pharmacy Inc,2016
DPLO,Diplomat Pharmacy Inc,2017
DPLO,Diplomat Pharmacy Inc,2018
NTN,NTN Buzztime Inc,2013
NTN,NTN Buzztime Inc,2014
NTN,NTN Buzztime Inc,2015
NTN,NTN Buzztime Inc,2016
NTN,NTN Buzztime Inc,2017
NTN,NTN Buzztime Inc,2018
NTN,NTN Buzztime Inc,2019
NTN,NTN Buzztime Inc,2020
GNBC,Green Bancorp Inc,2013
GNBC,Green Bancorp Inc,2014
GNBC,Green Bancorp Inc,2015
GNBC,Green Bancorp Inc,2016
GNBC,Green Bancorp Inc,2017
BEAV,B/E Aerospace Inc,2013
BEAV,B/E Aerospace Inc,2014
BEAV,B/E Aerospace Inc,2015
BEAV,B/E Aerospace Inc,2016
ORB,Orbital Sciences Corp,2013
UNVR,Univar Solutions Inc,2013
UNVR,Univar Solutions Inc,2014
UNVR,Univar Solutions Inc,2015
UNVR,Univar Solutions Inc,2016
UNVR,Univar Solutions Inc,2017
UNVR,Univar Solutions Inc,2018
UNVR,Univar Solutions Inc,2019
UNVR,Univar Solutions Inc,2020
UNVR,Univar Solutions Inc,2021
UNVR,Univar Solutions Inc,2022
GWB,Great Western Bancorp Inc,2013
GWB,Great Western Bancorp Inc,2014
GWB,Great Western Bancorp Inc,2015
GWB,Great Western Bancorp Inc,2016
GWB,Great Western Bancorp Inc,2017
GWB,Great Western Bancorp Inc,2018
GWB,Great Western Bancorp Inc,2019
GWB,Great Western Bancorp Inc,2020
GWB,Great Western Bancorp Inc,2021
STOR,STORE Capital Corp,2013
STOR,STORE Capital Corp,2014
STOR,STORE Capital Corp,2015
STOR,STORE Capital Corp,2016
STOR,STORE Capital Corp,2017
STOR,STORE Capital Corp,2018
STOR,STORE Capital Corp,2019
STOR,STORE Capital Corp,2020
STOR,STORE Capital Corp,2021
VBTX,Veritex Holdings Inc,2013
VBTX,Veritex Holdings Inc,2014
VBTX,Veritex Holdings Inc,2015
VBTX,Veritex Holdings Inc,2016
VBTX,Veritex Holdings Inc,2017
VBTX,Veritex Holdings Inc,2018
VBTX,Veritex Holdings Inc,2019
VBTX,Veritex Holdings Inc,2020
VBTX,Veritex Holdings Inc,2021
VBTX,Veritex Holdings Inc,2022
VBTX,Veritex Holdings Inc,2023
VBTX,Veritex Holdings Inc,2024
PRAH,PRA Health Sciences Inc,2013
PRAH,PRA Health Sciences Inc,2014
PRAH,PRA Health Sciences Inc,2015
PRAH,PRA Health Sciences Inc,2016
PRAH,PRA Health Sciences Inc,2017
PRAH,PRA Health Sciences Inc,2018
PRAH,PRA Health Sciences Inc,2019
PRAH,PRA Health Sciences Inc,2020
CDK,CDK Global Inc,2013
CDK,CDK Global Inc,2014
CDK,CDK Global Inc,2015
CDK,CDK Global Inc,2016
CDK,CDK Global Inc,2017
CDK,CDK Global Inc,2018
CDK,CDK Global Inc,2019
CDK,CDK Global Inc,2020
CDK,CDK Global Inc,2021
TVPT,Travelport Worldwide Ltd,2013
TVPT,Travelport Worldwide Ltd,2014
TVPT,Travelport Worldwide Ltd,2015
TVPT,Travelport Worldwide Ltd,2016
TVPT,Travelport Worldwide Ltd,2017
TVPT,Travelport Worldwide Ltd,2018
ANN,Ann Inc,2013
ANN,Ann Inc,2014
SYNH,Syneos Health Inc,2013
SYNH,Syneos Health Inc,2014
SYNH,Syneos Health Inc,2015
SYNH,Syneos Health Inc,2016
SYNH,Syneos Health Inc,2017
SYNH,Syneos Health Inc,2018
SYNH,Syneos Health Inc,2019
SYNH,Syneos Health Inc,2020
SYNH,Syneos Health Inc,2021
SYNH,Syneos Health Inc,2022
MCF,Contango Oil & Gas Co,2013
MCF,Contango Oil & Gas Co,2014
MCF,Contango Oil & Gas Co,2015
MCF,Contango Oil & Gas Co,2016
MCF,Contango Oil & Gas Co,2017
MCF,Contango Oil & Gas Co,2018
MCF,Contango Oil & Gas Co,2019
MCF,Contango Oil & Gas Co,2020
XLNX,Xilinx Inc.,2013
XLNX,Xilinx Inc.,2014
XLNX,Xilinx Inc.,2015
XLNX,Xilinx Inc.,2016
XLNX,Xilinx Inc.,2017
XLNX,Xilinx Inc.,2018
XLNX,Xilinx Inc.,2019
XLNX,Xilinx Inc.,2020
KLXI,KLX Inc,2013
KLXI,KLX Inc,2014
KLXI,KLX Inc,2015
KLXI,KLX Inc,2016
KLXI,KLX Inc,2017
ACAT.1,Arctic Cat Inc.,2013
ACAT.1,Arctic Cat Inc.,2014
ACAT.1,Arctic Cat Inc.,2015
GMS,GMS Inc,2014
GMS,GMS Inc,2015
GMS,GMS Inc,2016
GMS,GMS Inc,2017
GMS,GMS Inc,2018
GMS,GMS Inc,2019
GMS,GMS Inc,2020
GMS,GMS Inc,2021
GMS,GMS Inc,2022
GMS,GMS Inc,2023
GMS,GMS Inc,2024
WTSLQ,Wet Seal Inc (The),2013
LCINQ,Lannett Co Inc.,2013
LCINQ,Lannett Co Inc.,2014
LCINQ,Lannett Co Inc.,2015
LCINQ,Lannett Co Inc.,2016
LCINQ,Lannett Co Inc.,2017
LCINQ,Lannett Co Inc.,2018
LCINQ,Lannett Co Inc.,2019
LCINQ,Lannett Co Inc.,2020
LCINQ,Lannett Co Inc.,2021
LCINQ,Lannett Co Inc.,2022
VSTO,Vista Outdoor Inc,2014
VSTO,Vista Outdoor Inc,2015
VSTO,Vista Outdoor Inc,2016
VSTO,Vista Outdoor Inc,2017
VSTO,Vista Outdoor Inc,2018
VSTO,Vista Outdoor Inc,2019
VSTO,Vista Outdoor Inc,2020
VSTO,Vista Outdoor Inc,2021
VSTO,Vista Outdoor Inc,2022
VSTO,Vista Outdoor Inc,2023
BXLT,Baxalta Inc,2013
BXLT,Baxalta Inc,2014
BXLT,Baxalta Inc,2015
CRK.5,Comstock Resources Inc.,2013
CRK.5,Comstock Resources Inc.,2014
CRK.5,Comstock Resources Inc.,2015
CRK.5,Comstock Resources Inc.,2016
CRK.5,Comstock Resources Inc.,2017
OA,Orbital ATK Inc,2013
OA,Orbital ATK Inc,2015
OA,Orbital ATK Inc,2016
OA,Orbital ATK Inc,2017
BIOLQ,Biolase Inc,2013
BIOLQ,Biolase Inc,2014
BIOLQ,Biolase Inc,2015
BIOLQ,Biolase Inc,2016
BIOLQ,Biolase Inc,2017
BIOLQ,Biolase Inc,2018
BIOLQ,Biolase Inc,2019
BIOLQ,Biolase Inc,2020
BIOLQ,Biolase Inc,2021
BIOLQ,Biolase Inc,2022
BIOLQ,Biolase Inc,2023
DAY,Dayforce Inc,2017
DAY,Dayforce Inc,2018
DAY,Dayforce Inc,2019
DAY,Dayforce Inc,2020
DAY,Dayforce Inc,2021
DAY,Dayforce Inc,2022
DAY,Dayforce Inc,2023
DAY,Dayforce Inc,2024
HAYN,Haynes International Inc,2013
HAYN,Haynes International Inc,2014
HAYN,Haynes International Inc,2015
HAYN,Haynes International Inc,2016
HAYN,Haynes International Inc,2017
HAYN,Haynes International Inc,2018
HAYN,Haynes International Inc,2019
HAYN,Haynes International Inc,2020
HAYN,Haynes International Inc,2021
HAYN,Haynes International Inc,2022
HAYN,Haynes International Inc,2023
SONC.1,Sonic Corp,2013
SONC.1,Sonic Corp,2014
SONC.1,Sonic Corp,2015
SONC.1,Sonic Corp,2016
SONC.1,Sonic Corp,2017
SONC.1,Sonic Corp,2018
ATML,Atmel Corp,2013
ATML,Atmel Corp,2014
ATML,Atmel Corp,2015
PSB,PS Business Parks Inc.,2013
PSB,PS Business Parks Inc.,2014
PSB,PS Business Parks Inc.,2015
PSB,PS Business Parks Inc.,2016
PSB,PS Business Parks Inc.,2017
PSB,PS Business Parks Inc.,2018
PSB,PS Business Parks Inc.,2019
PSB,PS Business Parks Inc.,2020
PSB,PS Business Parks Inc.,2021
IOGPQ,ION Geophysical Corp,2013
IOGPQ,ION Geophysical Corp,2014
IOGPQ,ION Geophysical Corp,2015
IOGPQ,ION Geophysical Corp,2016
IOGPQ,ION Geophysical Corp,2017
IOGPQ,ION Geophysical Corp,2018
IOGPQ,ION Geophysical Corp,2019
IOGPQ,ION Geophysical Corp,2020
GCI.1,Gannett Co Inc -Old,2013
GCI.1,Gannett Co Inc -Old,2014
GCI.1,Gannett Co Inc -Old,2015
GCI.1,Gannett Co Inc -Old,2016
GCI.1,Gannett Co Inc -Old,2017
GCI.1,Gannett Co Inc -Old,2018
CPGX,Columbia Pipeline Group Inc,2013
CPGX,Columbia Pipeline Group Inc,2014
CPGX,Columbia Pipeline Group Inc,2015
EXTN,Exterran Corp,2014
EXTN,Exterran Corp,2015
EXTN,Exterran Corp,2016
EXTN,Exterran Corp,2017
EXTN,Exterran Corp,2018
EXTN,Exterran Corp,2019
EXTN,Exterran Corp,2020
EXTN,Exterran Corp,2021
PMCS,PMC-Sierra Inc.,2013
PMCS,PMC-Sierra Inc.,2014
X,United States Steel Corp,2013
X,United States Steel Corp,2014
X,United States Steel Corp,2015
X,United States Steel Corp,2016
X,United States Steel Corp,2017
X,United States Steel Corp,2018
X,United States Steel Corp,2019
X,United States Steel Corp,2020
X,United States Steel Corp,2021
X,United States Steel Corp,2022
X,United States Steel Corp,2023
X,United States Steel Corp,2024
JNY,Jones Group Inc (The),2013
PNRA,Panera Bread Co,2013
PNRA,Panera Bread Co,2014
PNRA,Panera Bread Co,2015
PNRA,Panera Bread Co,2016
XL.1,XL Group Ltd,2013
XL.1,XL Group Ltd,2014
XL.1,XL Group Ltd,2015
XL.1,XL Group Ltd,2016
XL.1,XL Group Ltd,2017
TVTY,Tivity Health Inc,2013
TVTY,Tivity Health Inc,2014
TVTY,Tivity Health Inc,2015
TVTY,Tivity Health Inc,2016
TVTY,Tivity Health Inc,2017
TVTY,Tivity Health Inc,2018
TVTY,Tivity Health Inc,2019
TVTY,Tivity Health Inc,2020
TVTY,Tivity Health Inc,2021
BMCH,BMC Stock Holdings Inc,2013
BMCH,BMC Stock Holdings Inc,2014
BMCH,BMC Stock Holdings Inc,2015
BMCH,BMC Stock Holdings Inc,2016
BMCH,BMC Stock Holdings Inc,2017
BMCH,BMC Stock Holdings Inc,2018
BMCH,BMC Stock Holdings Inc,2019
WOOF.1,VCA Inc,2013
WOOF.1,VCA Inc,2014
WOOF.1,VCA Inc,2015
WOOF.1,VCA Inc,2016
WLH,William Lyon Homes,2013
WLH,William Lyon Homes,2014
WLH,William Lyon Homes,2015
WLH,William Lyon Homes,2016
WLH,William Lyon Homes,2017
WLH,William Lyon Homes,2018
SWS,SWS Group Inc.,2013
SWS,SWS Group Inc.,2014
FLOW.2,SPX FLOW Inc,2013
FLOW.2,SPX FLOW Inc,2014
FLOW.2,SPX FLOW Inc,2015
FLOW.2,SPX FLOW Inc,2016
FLOW.2,SPX FLOW Inc,2017
FLOW.2,SPX FLOW Inc,2018
FLOW.2,SPX FLOW Inc,2019
FLOW.2,SPX FLOW Inc,2020
FLOW.2,SPX FLOW Inc,2021
VTSS,Vitesse Semiconductor Corp,2013
VTSS,Vitesse Semiconductor Corp,2014
PDLI,PDL BioPharma Inc,2013
PDLI,PDL BioPharma Inc,2014
PDLI,PDL BioPharma Inc,2015
PDLI,PDL BioPharma Inc,2016
PDLI,PDL BioPharma Inc,2017
PDLI,PDL BioPharma Inc,2018
PDLI,PDL BioPharma Inc,2019
ABAX,ABAXIS Inc,2013
ABAX,ABAXIS Inc,2014
ABAX,ABAXIS Inc,2015
ABAX,ABAXIS Inc,2016
ABAX,ABAXIS Inc,2017
WFM,Whole Foods Market Inc,2013
WFM,Whole Foods Market Inc,2014
WFM,Whole Foods Market Inc,2015
WFM,Whole Foods Market Inc,2016
TWX,Time Warner Inc,2013
TWX,Time Warner Inc,2014
TWX,Time Warner Inc,2015
TWX,Time Warner Inc,2016
TWX,Time Warner Inc,2017
CBKCQ,Christopher & Banks Corp.,2013
CBKCQ,Christopher & Banks Corp.,2014
CBKCQ,Christopher & Banks Corp.,2015
CBKCQ,Christopher & Banks Corp.,2016
CBKCQ,Christopher & Banks Corp.,2017
CBKCQ,Christopher & Banks Corp.,2018
CBKCQ,Christopher & Banks Corp.,2019
CNR.5,Cornerstone Building Brands Inc,2013
CNR.5,Cornerstone Building Brands Inc,2014
CNR.5,Cornerstone Building Brands Inc,2015
CNR.5,Cornerstone Building Brands Inc,2016
CNR.5,Cornerstone Building Brands Inc,2017
CNR.5,Cornerstone Building Brands Inc,2018
CNR.5,Cornerstone Building Brands Inc,2019
CNR.5,Cornerstone Building Brands Inc,2020
CNR.5,Cornerstone Building Brands Inc,2021
FDC,First Data Corp.,2013
FDC,First Data Corp.,2014
FDC,First Data Corp.,2015
FDC,First Data Corp.,2016
FDC,First Data Corp.,2017
FDC,First Data Corp.,2018
TLRDQ,Tailored Brands Inc,2013
TLRDQ,Tailored Brands Inc,2014
TLRDQ,Tailored Brands Inc,2015
TLRDQ,Tailored Brands Inc,2016
TLRDQ,Tailored Brands Inc,2017
TLRDQ,Tailored Brands Inc,2018
TLRDQ,Tailored Brands Inc,2019
SMRTQ,Stein Mart Inc,2013
SMRTQ,Stein Mart Inc,2014
SMRTQ,Stein Mart Inc,2015
SMRTQ,Stein Mart Inc,2016
SMRTQ,Stein Mart Inc,2017
SMRTQ,Stein Mart Inc,2018
SMRTQ,Stein Mart Inc,2019
6051B,Nuveen Investments Inc,2013
BBBYQ,Bed Bath & Beyond Inc.,2013
BBBYQ,Bed Bath & Beyond Inc.,2014
BBBYQ,Bed Bath & Beyond Inc.,2015
BBBYQ,Bed Bath & Beyond Inc.,2016
BBBYQ,Bed Bath & Beyond Inc.,2017
BBBYQ,Bed Bath & Beyond Inc.,2018
BBBYQ,Bed Bath & Beyond Inc.,2019
BBBYQ,Bed Bath & Beyond Inc.,2020
BBBYQ,Bed Bath & Beyond Inc.,2021
BBBYQ,Bed Bath & Beyond Inc.,2022
ESRX,Express Scripts Holding Co,2013
ESRX,Express Scripts Holding Co,2014
ESRX,Express Scripts Holding Co,2015
ESRX,Express Scripts Holding Co,2016
ESRX,Express Scripts Holding Co,2017
FINL,Finish Line Inc (The),2013
FINL,Finish Line Inc (The),2014
FINL,Finish Line Inc (The),2015
FINL,Finish Line Inc (The),2016
FINL,Finish Line Inc (The),2017
COLB.1,Columbia Banking System Inc  -Old,2013
COLB.1,Columbia Banking System Inc  -Old,2014
COLB.1,Columbia Banking System Inc  -Old,2015
COLB.1,Columbia Banking System Inc  -Old,2016
COLB.1,Columbia Banking System Inc  -Old,2017
COLB.1,Columbia Banking System Inc  -Old,2018
COLB.1,Columbia Banking System Inc  -Old,2019
COLB.1,Columbia Banking System Inc  -Old,2020
COLB.1,Columbia Banking System Inc  -Old,2021
COLB.1,Columbia Banking System Inc  -Old,2022
BGC.1,General Cable Corp.,2013
BGC.1,General Cable Corp.,2014
BGC.1,General Cable Corp.,2015
BGC.1,General Cable Corp.,2016
BGC.1,General Cable Corp.,2017
TWNK,Hostess Brands Inc,2015
TWNK,Hostess Brands Inc,2016
TWNK,Hostess Brands Inc,2017
TWNK,Hostess Brands Inc,2018
TWNK,Hostess Brands Inc,2019
TWNK,Hostess Brands Inc,2020
TWNK,Hostess Brands Inc,2021
TWNK,Hostess Brands Inc,2022
DYN.2,Dynegy Inc.,2013
DYN.2,Dynegy Inc.,2014
DYN.2,Dynegy Inc.,2015
DYN.2,Dynegy Inc.,2016
DYN.2,Dynegy Inc.,2017
SPNX,Superior Energy Services Inc.,2013
SPNX,Superior Energy Services Inc.,2014
SPNX,Superior Energy Services Inc.,2015
SPNX,Superior Energy Services Inc.,2016
SPNX,Superior Energy Services Inc.,2017
SPNX,Superior Energy Services Inc.,2018
SPNX,Superior Energy Services Inc.,2019
ABCW,Anchor BanCorp Wisconsin Inc,2013
ABCW,Anchor BanCorp Wisconsin Inc,2014
ABCW,Anchor BanCorp Wisconsin Inc,2015
WIRE,Encore Wire Corp,2013
WIRE,Encore Wire Corp,2014
WIRE,Encore Wire Corp,2015
WIRE,Encore Wire Corp,2016
WIRE,Encore Wire Corp,2017
WIRE,Encore Wire Corp,2018
WIRE,Encore Wire Corp,2019
WIRE,Encore Wire Corp,2020
WIRE,Encore Wire Corp,2021
WIRE,Encore Wire Corp,2022
WIRE,Encore Wire Corp,2023
CCP,Care Capital Properties Inc,2013
CCP,Care Capital Properties Inc,2014
CCP,Care Capital Properties Inc,2015
CCP,Care Capital Properties Inc,2016
ASGN,ASGN Inc,2013
ASGN,ASGN Inc,2014
ASGN,ASGN Inc,2015
ASGN,ASGN Inc,2016
ASGN,ASGN Inc,2017
ASGN,ASGN Inc,2018
ASGN,ASGN Inc,2019
ASGN,ASGN Inc,2020
ASGN,ASGN Inc,2021
ASGN,ASGN Inc,2022
ASGN,ASGN Inc,2023
ASGN,ASGN Inc,2024
PSTG,Pure Storage Inc,2014
PSTG,Pure Storage Inc,2015
PSTG,Pure Storage Inc,2016
PSTG,Pure Storage Inc,2017
PSTG,Pure Storage Inc,2018
PSTG,Pure Storage Inc,2019
PSTG,Pure Storage Inc,2020
PSTG,Pure Storage Inc,2021
PSTG,Pure Storage Inc,2022
PSTG,Pure Storage Inc,2023
PSTG,Pure Storage Inc,2024
EFII,Electronics for Imaging Inc,2013
EFII,Electronics for Imaging Inc,2014
EFII,Electronics for Imaging Inc,2015
EFII,Electronics for Imaging Inc,2016
EFII,Electronics for Imaging Inc,2017
EFII,Electronics for Imaging Inc,2018
KEM.2,KEMET Corp,2013
KEM.2,KEMET Corp,2014
KEM.2,KEMET Corp,2015
KEM.2,KEMET Corp,2016
KEM.2,KEMET Corp,2017
KEM.2,KEMET Corp,2018
KEM.2,KEMET Corp,2019
PQUEQ,Petroquest Energy Inc,2013
PQUEQ,Petroquest Energy Inc,2014
PQUEQ,Petroquest Energy Inc,2015
PQUEQ,Petroquest Energy Inc,2016
PQUEQ,Petroquest Energy Inc,2017
HCC.1,HCC Insurance Holdings Inc.,2013
HCC.1,HCC Insurance Holdings Inc.,2014
PDCO,Patterson Cos Inc,2013
PDCO,Patterson Cos Inc,2014
PDCO,Patterson Cos Inc,2015
PDCO,Patterson Cos Inc,2016
PDCO,Patterson Cos Inc,2017
PDCO,Patterson Cos Inc,2018
PDCO,Patterson Cos Inc,2019
PDCO,Patterson Cos Inc,2020
PDCO,Patterson Cos Inc,2021
PDCO,Patterson Cos Inc,2022
PDCO,Patterson Cos Inc,2023
BAMM,Books-A-Million Inc,2013
BAMM,Books-A-Million Inc,2014
QCOR,Questcor Pharmaceuticals Inc.,2013
TCO.2,Taubman Centers Inc.,2013
TCO.2,Taubman Centers Inc.,2014
TCO.2,Taubman Centers Inc.,2015
TCO.2,Taubman Centers Inc.,2016
TCO.2,Taubman Centers Inc.,2017
TCO.2,Taubman Centers Inc.,2018
TCO.2,Taubman Centers Inc.,2019
CPWR.1,Compuware Corp,2013
BBOX,Black Box Corp,2013
BBOX,Black Box Corp,2014
BBOX,Black Box Corp,2015
BBOX,Black Box Corp,2016
BBOX,Black Box Corp,2017
CKH,SEACOR Holdings Inc,2013
CKH,SEACOR Holdings Inc,2014
CKH,SEACOR Holdings Inc,2015
CKH,SEACOR Holdings Inc,2016
CKH,SEACOR Holdings Inc,2017
CKH,SEACOR Holdings Inc,2018
CKH,SEACOR Holdings Inc,2019
CKH,SEACOR Holdings Inc,2020
HMSY,HMS Holdings Corp,2013
HMSY,HMS Holdings Corp,2014
HMSY,HMS Holdings Corp,2015
HMSY,HMS Holdings Corp,2016
HMSY,HMS Holdings Corp,2017
HMSY,HMS Holdings Corp,2018
HMSY,HMS Holdings Corp,2019
HMSY,HMS Holdings Corp,2020
QHCCQ,Quorum Health Corp,2013
QHCCQ,Quorum Health Corp,2014
QHCCQ,Quorum Health Corp,2015
QHCCQ,Quorum Health Corp,2016
QHCCQ,Quorum Health Corp,2017
QHCCQ,Quorum Health Corp,2018
QHCCQ,Quorum Health Corp,2019
CSRA,CSRA Inc,2013
CSRA,CSRA Inc,2014
CSRA,CSRA Inc,2015
CSRA,CSRA Inc,2016
NRE,NorthStar Realty Europe Corp,2015
NRE,NorthStar Realty Europe Corp,2016
NRE,NorthStar Realty Europe Corp,2017
NRE,NorthStar Realty Europe Corp,2018
MIME,Mimecast Ltd,2015
MIME,Mimecast Ltd,2016
MIME,Mimecast Ltd,2017
MIME,Mimecast Ltd,2018
MIME,Mimecast Ltd,2019
MIME,Mimecast Ltd,2020
VSM,Versum Materials Inc,2015
VSM,Versum Materials Inc,2016
VSM,Versum Materials Inc,2017
VSM,Versum Materials Inc,2018
TRHC,Tabula Rasa HealthCare Inc,2014
TRHC,Tabula Rasa HealthCare Inc,2015
TRHC,Tabula Rasa HealthCare Inc,2016
TRHC,Tabula Rasa HealthCare Inc,2017
TRHC,Tabula Rasa HealthCare Inc,2018
TRHC,Tabula Rasa HealthCare Inc,2019
TRHC,Tabula Rasa HealthCare Inc,2020
TRHC,Tabula Rasa HealthCare Inc,2021
TRHC,Tabula Rasa HealthCare Inc,2022
GCP,GCP Applied Technologies Inc,2014
GCP,GCP Applied Technologies Inc,2015
GCP,GCP Applied Technologies Inc,2016
GCP,GCP Applied Technologies Inc,2017
GCP,GCP Applied Technologies Inc,2018
GCP,GCP Applied Technologies Inc,2019
GCP,GCP Applied Technologies Inc,2020
GCP,GCP Applied Technologies Inc,2021
BFXXQ,BowFlex Inc,2013
BFXXQ,BowFlex Inc,2014
BFXXQ,BowFlex Inc,2015
BFXXQ,BowFlex Inc,2016
BFXXQ,BowFlex Inc,2017
BFXXQ,BowFlex Inc,2018
BFXXQ,BowFlex Inc,2019
BFXXQ,BowFlex Inc,2020
BFXXQ,BowFlex Inc,2021
BFXXQ,BowFlex Inc,2022
BFXXQ,BowFlex Inc,2023
QCP,Quality Care Properties Inc,2016
QCP,Quality Care Properties Inc,2017
LKSDQ,LSC Communications Inc,2014
LKSDQ,LSC Communications Inc,2015
LKSDQ,LSC Communications Inc,2016
LKSDQ,LSC Communications Inc,2017
LKSDQ,LSC Communications Inc,2018
LKSDQ,LSC Communications Inc,2019
AGN,Allergan PLC,2013
AGN,Allergan PLC,2014
AGN,Allergan PLC,2015
AGN,Allergan PLC,2016
AGN,Allergan PLC,2017
AGN,Allergan PLC,2018
AGN,Allergan PLC,2019
AVID,Avid Technology Inc,2013
AVID,Avid Technology Inc,2014
AVID,Avid Technology Inc,2015
AVID,Avid Technology Inc,2016
AVID,Avid Technology Inc,2017
AVID,Avid Technology Inc,2018
AVID,Avid Technology Inc,2019
AVID,Avid Technology Inc,2020
AVID,Avid Technology Inc,2021
AVID,Avid Technology Inc,2022
PSUNQ,Pacific Sunwear of California Inc,2013
PSUNQ,Pacific Sunwear of California Inc,2014
JAH,Jarden Corp,2013
JAH,Jarden Corp,2014
CHS,Chico's FAS Inc,2013
CHS,Chico's FAS Inc,2014
CHS,Chico's FAS Inc,2015
CHS,Chico's FAS Inc,2016
CHS,Chico's FAS Inc,2017
CHS,Chico's FAS Inc,2018
CHS,Chico's FAS Inc,2019
CHS,Chico's FAS Inc,2020
CHS,Chico's FAS Inc,2021
CHS,Chico's FAS Inc,2022
0160A,Gymboree Corp (The),2013
0160A,Gymboree Corp (The),2014
0160A,Gymboree Corp (The),2015
0160A,Gymboree Corp (The),2016
BPYU,Brookfield Property REIT Inc,2013
BPYU,Brookfield Property REIT Inc,2014
BPYU,Brookfield Property REIT Inc,2015
BPYU,Brookfield Property REIT Inc,2016
BPYU,Brookfield Property REIT Inc,2017
BPYU,Brookfield Property REIT Inc,2018
PERY,Perry Ellis International Inc,2013
PERY,Perry Ellis International Inc,2014
PERY,Perry Ellis International Inc,2015
PERY,Perry Ellis International Inc,2016
PERY,Perry Ellis International Inc,2017
PKY,Parkway Inc,2014
PKY,Parkway Inc,2015
PKY,Parkway Inc,2016
LBYYQ,Libbey Inc.,2013
LBYYQ,Libbey Inc.,2014
LBYYQ,Libbey Inc.,2015
LBYYQ,Libbey Inc.,2016
LBYYQ,Libbey Inc.,2017
LBYYQ,Libbey Inc.,2018
LBYYQ,Libbey Inc.,2019
FLIR,Teledyne FLIR LLC,2013
FLIR,Teledyne FLIR LLC,2014
FLIR,Teledyne FLIR LLC,2015
FLIR,Teledyne FLIR LLC,2016
FLIR,Teledyne FLIR LLC,2017
FLIR,Teledyne FLIR LLC,2018
FLIR,Teledyne FLIR LLC,2019
FLIR,Teledyne FLIR LLC,2020
SWWI,Simon Worldwide Inc,2013
SWWI,Simon Worldwide Inc,2014
SGY,Stone Energy Corp,2013
SGY,Stone Energy Corp,2014
SGY,Stone Energy Corp,2015
SGY,Stone Energy Corp,2016
SGY,Stone Energy Corp,2017
PPS,Post Properties Inc,2013
PPS,Post Properties Inc,2014
PPS,Post Properties Inc,2015
PETM,PetSmart Inc,2013
SPTN,SpartanNash Co,2013
SPTN,SpartanNash Co,2014
SPTN,SpartanNash Co,2015
SPTN,SpartanNash Co,2016
SPTN,SpartanNash Co,2017
SPTN,SpartanNash Co,2018
SPTN,SpartanNash Co,2019
SPTN,SpartanNash Co,2020
SPTN,SpartanNash Co,2021
SPTN,SpartanNash Co,2022
SPTN,SpartanNash Co,2023
SPTN,SpartanNash Co,2024
ARRS,ARRIS International plc,2013
ARRS,ARRIS International plc,2014
ARRS,ARRIS International plc,2015
ARRS,ARRIS International plc,2016
ARRS,ARRIS International plc,2017
ARRS,ARRIS International plc,2018
BKS,Barnes & Noble Inc,2013
BKS,Barnes & Noble Inc,2014
BKS,Barnes & Noble Inc,2015
BKS,Barnes & Noble Inc,2016
BKS,Barnes & Noble Inc,2017
UTEK,Ultratech Inc,2013
UTEK,Ultratech Inc,2014
UTEK,Ultratech Inc,2015
UTEK,Ultratech Inc,2016
OMG,OM Group Inc,2013
OMG,OM Group Inc,2014
AEC.4,Associated Estates Realty Corp,2013
AEC.4,Associated Estates Realty Corp,2014
NFX,Ovintiv Exploration Inc,2013
NFX,Ovintiv Exploration Inc,2014
NFX,Ovintiv Exploration Inc,2015
NFX,Ovintiv Exploration Inc,2016
NFX,Ovintiv Exploration Inc,2017
BPFH,Boston Private Financial Holdings Inc,2013
BPFH,Boston Private Financial Holdings Inc,2014
BPFH,Boston Private Financial Holdings Inc,2015
BPFH,Boston Private Financial Holdings Inc,2016
BPFH,Boston Private Financial Holdings Inc,2017
BPFH,Boston Private Financial Holdings Inc,2018
BPFH,Boston Private Financial Holdings Inc,2019
BPFH,Boston Private Financial Holdings Inc,2020
AF,Astoria Financial Corp,2013
AF,Astoria Financial Corp,2014
AF,Astoria Financial Corp,2015
AF,Astoria Financial Corp,2016
ATMI.1,ATMI Inc,2013
TQNT,TriQuint Semiconductor Inc,2013
PLNR,Planar Systems Inc,2013
PLNR,Planar Systems Inc,2014
CYT.1,Cytec Industries Inc.,2013
CYT.1,Cytec Industries Inc.,2014
NEX,NexTier Oilfield Solutions Inc,2014
NEX,NexTier Oilfield Solutions Inc,2015
NEX,NexTier Oilfield Solutions Inc,2016
NEX,NexTier Oilfield Solutions Inc,2017
NEX,NexTier Oilfield Solutions Inc,2018
NEX,NexTier Oilfield Solutions Inc,2019
NEX,NexTier Oilfield Solutions Inc,2020
NEX,NexTier Oilfield Solutions Inc,2021
NEX,NexTier Oilfield Solutions Inc,2022
JAG.1,Jagged Peak Energy Inc,2015
JAG.1,Jagged Peak Energy Inc,2016
JAG.1,Jagged Peak Energy Inc,2017
JAG.1,Jagged Peak Energy Inc,2018
CGIP,Celadon Group Inc,2013
CGIP,Celadon Group Inc,2014
CGIP,Celadon Group Inc,2015
CGIP,Celadon Group Inc,2016
CACB,Cascade Bancorp,2013
CACB,Cascade Bancorp,2014
CACB,Cascade Bancorp,2015
CACB,Cascade Bancorp,2016
STCN,Steel Connect Inc,2013
STCN,Steel Connect Inc,2014
STCN,Steel Connect Inc,2015
STCN,Steel Connect Inc,2016
STCN,Steel Connect Inc,2017
STCN,Steel Connect Inc,2018
STCN,Steel Connect Inc,2019
STCN,Steel Connect Inc,2020
STCN,Steel Connect Inc,2021
STCN,Steel Connect Inc,2022
STCN,Steel Connect Inc,2023
STCN,Steel Connect Inc,2024
HNT,Health Net Inc.,2013
HNT,Health Net Inc.,2014
HNT,Health Net Inc.,2015
DSPG,DSP Group Inc,2013
DSPG,DSP Group Inc,2014
DSPG,DSP Group Inc,2015
DSPG,DSP Group Inc,2016
DSPG,DSP Group Inc,2017
DSPG,DSP Group Inc,2018
DSPG,DSP Group Inc,2019
DSPG,DSP Group Inc,2020
MINI,Mobile Mini Inc,2013
MINI,Mobile Mini Inc,2014
MINI,Mobile Mini Inc,2015
MINI,Mobile Mini Inc,2016
MINI,Mobile Mini Inc,2017
MINI,Mobile Mini Inc,2018
MINI,Mobile Mini Inc,2019
QLGC,QLogic Corp,2013
QLGC,QLogic Corp,2014
QLGC,QLogic Corp,2015
BIVV,Bioverativ Inc,2015
BIVV,Bioverativ Inc,2016
BIVV,Bioverativ Inc,2017
WRK,WestRock Company,2013
WRK,WestRock Company,2014
WRK,WestRock Company,2015
WRK,WestRock Company,2016
WRK,WestRock Company,2017
WRK,WestRock Company,2018
WRK,WestRock Company,2019
WRK,WestRock Company,2020
WRK,WestRock Company,2021
WRK,WestRock Company,2022
WRK,WestRock Company,2023
FBM,Foundation Building Materials,2015
FBM,Foundation Building Materials,2016
FBM,Foundation Building Materials,2017
FBM,Foundation Building Materials,2018
FBM,Foundation Building Materials,2019
ZEUS,Olympic Steel Inc,2013
ZEUS,Olympic Steel Inc,2014
ZEUS,Olympic Steel Inc,2015
ZEUS,Olympic Steel Inc,2016
ZEUS,Olympic Steel Inc,2017
ZEUS,Olympic Steel Inc,2018
ZEUS,Olympic Steel Inc,2019
ZEUS,Olympic Steel Inc,2020
ZEUS,Olympic Steel Inc,2021
ZEUS,Olympic Steel Inc,2022
ZEUS,Olympic Steel Inc,2023
ZEUS,Olympic Steel Inc,2024
TW.3,Towers Watson & Co,2013
TW.3,Towers Watson & Co,2014
TW.3,Towers Watson & Co,2015
CBRI,CMTSU Liquidation Inc,2013
CBRI,CMTSU Liquidation Inc,2014
CBRI,CMTSU Liquidation Inc,2015
AKS,AK Steel Holding Corp,2013
AKS,AK Steel Holding Corp,2014
AKS,AK Steel Holding Corp,2015
AKS,AK Steel Holding Corp,2016
AKS,AK Steel Holding Corp,2017
AKS,AK Steel Holding Corp,2018
AKS,AK Steel Holding Corp,2019
JOSB,Jos. A. Bank Clothiers Inc,2013
ITG,Investment Technology Group Inc.,2013
ITG,Investment Technology Group Inc.,2014
ITG,Investment Technology Group Inc.,2015
ITG,Investment Technology Group Inc.,2016
ITG,Investment Technology Group Inc.,2017
BTH,Blyth Inc,2013
BTH,Blyth Inc,2014
LPT,Liberty Property Trust,2013
LPT,Liberty Property Trust,2014
LPT,Liberty Property Trust,2015
LPT,Liberty Property Trust,2016
LPT,Liberty Property Trust,2017
LPT,Liberty Property Trust,2018
HME,Home Properties Inc.,2013
HME,Home Properties Inc.,2014
AMED,Amedisys Inc,2013
AMED,Amedisys Inc,2014
AMED,Amedisys Inc,2015
AMED,Amedisys Inc,2016
AMED,Amedisys Inc,2017
AMED,Amedisys Inc,2018
AMED,Amedisys Inc,2019
AMED,Amedisys Inc,2020
AMED,Amedisys Inc,2021
AMED,Amedisys Inc,2022
AMED,Amedisys Inc,2023
AMED,Amedisys Inc,2024
AZPN,Aspen Technology Inc,2013
AZPN,Aspen Technology Inc,2014
AZPN,Aspen Technology Inc,2015
AZPN,Aspen Technology Inc,2016
AZPN,Aspen Technology Inc,2017
AZPN,Aspen Technology Inc,2018
AZPN,Aspen Technology Inc,2019
AZPN,Aspen Technology Inc,2020
AZPN,Aspen Technology Inc,2021
AZPN,Aspen Technology Inc,2022
AZPN,Aspen Technology Inc,2023
AZPN,Aspen Technology Inc,2024
LION.1,Fidelity Southern Corp,2013
LION.1,Fidelity Southern Corp,2014
LION.1,Fidelity Southern Corp,2015
LION.1,Fidelity Southern Corp,2016
LION.1,Fidelity Southern Corp,2017
LION.1,Fidelity Southern Corp,2018
CADE.3,Cadence Bancorporation,2017
CADE.3,Cadence Bancorporation,2018
CADE.3,Cadence Bancorporation,2019
CADE.3,Cadence Bancorporation,2020
APOL,Apollo Education Group Inc,2013
APOL,Apollo Education Group Inc,2014
APOL,Apollo Education Group Inc,2015
APOL,Apollo Education Group Inc,2016
MCRL,Micrel Inc.,2013
MCRL,Micrel Inc.,2014
SWC,Stillwater Mining Co,2013
SWC,Stillwater Mining Co,2014
SWC,Stillwater Mining Co,2015
SWC,Stillwater Mining Co,2016
ESINQ,ITT Educational Services Inc,2013
ESINQ,ITT Educational Services Inc,2014
ESINQ,ITT Educational Services Inc,2015
NTRI,NutriSystem Inc,2013
NTRI,NutriSystem Inc,2014
NTRI,NutriSystem Inc,2015
NTRI,NutriSystem Inc,2016
NTRI,NutriSystem Inc,2017
NTRI,NutriSystem Inc,2018
WVWCQ,Azzurra Holding Corp,2018
NATI,National Instruments Corporation,2013
NATI,National Instruments Corporation,2014
NATI,National Instruments Corporation,2015
NATI,National Instruments Corporation,2016
NATI,National Instruments Corporation,2017
NATI,National Instruments Corporation,2018
NATI,National Instruments Corporation,2019
NATI,National Instruments Corporation,2020
NATI,National Instruments Corporation,2021
NATI,National Instruments Corporation,2022
MBFI,MB Financial Inc,2013
MBFI,MB Financial Inc,2014
MBFI,MB Financial Inc,2015
MBFI,MB Financial Inc,2016
MBFI,MB Financial Inc,2017
MBFI,MB Financial Inc,2018
DLPH,Delphi Technologies PLC,2016
DLPH,Delphi Technologies PLC,2017
DLPH,Delphi Technologies PLC,2018
DLPH,Delphi Technologies PLC,2019
FEIC,FEI Co.,2013
FEIC,FEI Co.,2014
FEIC,FEI Co.,2015
AGTI,Agiliti Inc,2017
AGTI,Agiliti Inc,2018
AGTI,Agiliti Inc,2019
AGTI,Agiliti Inc,2020
AGTI,Agiliti Inc,2021
AGTI,Agiliti Inc,2022
AGTI,Agiliti Inc,2023
STRZA,Starz,2013
STRZA,Starz,2014
STRZA,Starz,2015
ALTR,Altair Engineering Inc,2016
ALTR,Altair Engineering Inc,2017
ALTR,Altair Engineering Inc,2018
ALTR,Altair Engineering Inc,2019
ALTR,Altair Engineering Inc,2020
ALTR,Altair Engineering Inc,2021
ALTR,Altair Engineering Inc,2022
ALTR,Altair Engineering Inc,2023
ALTR,Altair Engineering Inc,2024
SAIL.2,SailPoint Technologies Holdings Inc,2016
SAIL.2,SailPoint Technologies Holdings Inc,2017
SAIL.2,SailPoint Technologies Holdings Inc,2018
SAIL.2,SailPoint Technologies Holdings Inc,2019
SAIL.2,SailPoint Technologies Holdings Inc,2020
SAIL.2,SailPoint Technologies Holdings Inc,2021
CHX,ChampionX Corp,2016
CHX,ChampionX Corp,2017
CHX,ChampionX Corp,2018
CHX,ChampionX Corp,2019
CHX,ChampionX Corp,2020
CHX,ChampionX Corp,2021
CHX,ChampionX Corp,2022
CHX,ChampionX Corp,2023
CHX,ChampionX Corp,2024
PRSP,Perspecta Inc,2017
PRSP,Perspecta Inc,2018
PRSP,Perspecta Inc,2019
IAA,IAA Inc,2019
IAA,IAA Inc,2020
IAA,IAA Inc,2021
IAA,IAA Inc,2022
ALTM,Rio Tinto Lithium,2016
ALTM,Rio Tinto Lithium,2017
ALTM,Rio Tinto Lithium,2018
ALTM,Rio Tinto Lithium,2019
ALTM,Rio Tinto Lithium,2020
ALTM,Rio Tinto Lithium,2021
ALTM,Rio Tinto Lithium,2022
ALTM,Rio Tinto Lithium,2023
ALTM,Rio Tinto Lithium,2024
ETRN,Equitrans Midstream Corp,2016
ETRN,Equitrans Midstream Corp,2017
ETRN,Equitrans Midstream Corp,2018
ETRN,Equitrans Midstream Corp,2019
ETRN,Equitrans Midstream Corp,2020
ETRN,Equitrans Midstream Corp,2021
ETRN,Equitrans Midstream Corp,2022
ETRN,Equitrans Midstream Corp,2023
CVET,Covetrus Inc,2019
CVET,Covetrus Inc,2020
CVET,Covetrus Inc,2021
SWAV,Shockwave Medical Inc,2018
SWAV,Shockwave Medical Inc,2019
SWAV,Shockwave Medical Inc,2020
SWAV,Shockwave Medical Inc,2021
SWAV,Shockwave Medical Inc,2022
SWAV,Shockwave Medical Inc,2023
ARNC,Arconic Corp,2017
ARNC,Arconic Corp,2018
ARNC,Arconic Corp,2019
ARNC,Arconic Corp,2020
ARNC,Arconic Corp,2021
ARNC,Arconic Corp,2022
NARI,Inari Medical Inc,2019
NARI,Inari Medical Inc,2020
NARI,Inari Medical Inc,2021
NARI,Inari Medical Inc,2022
NARI,Inari Medical Inc,2023
ITOS,iTeos Therapeutics Inc,2019
ITOS,iTeos Therapeutics Inc,2020
ITOS,iTeos Therapeutics Inc,2021
ITOS,iTeos Therapeutics Inc,2022
ITOS,iTeos Therapeutics Inc,2023
ITOS,iTeos Therapeutics Inc,2024
AAN,Aarons Co Inc (The),2017
AAN,Aarons Co Inc (The),2018
AAN,Aarons Co Inc (The),2019
AAN,Aarons Co Inc (The),2020
AAN,Aarons Co Inc (The),2021
AAN,Aarons Co Inc (The),2022
AAN,Aarons Co Inc (The),2023
AIRC,Apartment Income REIT Corp,2020
AIRC,Apartment Income REIT Corp,2021
AIRC,Apartment Income REIT Corp,2022
AIRC,Apartment Income REIT Corp,2023
LYLTQ,Loyalty Ventures Inc,2020
LYLTQ,Loyalty Ventures Inc,2021
ZIMV,ZimVie Inc,2021
ZIMV,ZimVie Inc,2022
ZIMV,ZimVie Inc,2023
ZIMV,ZimVie Inc,2024
KLG,WK Kellogg Co,2022
KLG,WK Kellogg Co,2023
KLG,WK Kellogg Co,2024
CAM.4,Cameron International Corp,2013
CAM.4,Cameron International Corp,2014
CAM.4,Cameron International Corp,2015
DISH,DISH Network Corp,2013
DISH,DISH Network Corp,2014
DISH,DISH Network Corp,2015
DISH,DISH Network Corp,2016
DISH,DISH Network Corp,2017
DISH,DISH Network Corp,2018
DISH,DISH Network Corp,2019
DISH,DISH Network Corp,2020
DISH,DISH Network Corp,2021
DISH,DISH Network Corp,2022
HA,Hawaiian Holdings Inc,2013
HA,Hawaiian Holdings Inc,2014
HA,Hawaiian Holdings Inc,2015
HA,Hawaiian Holdings Inc,2016
HA,Hawaiian Holdings Inc,2017
HA,Hawaiian Holdings Inc,2018
HA,Hawaiian Holdings Inc,2019
HA,Hawaiian Holdings Inc,2020
HA,Hawaiian Holdings Inc,2021
HA,Hawaiian Holdings Inc,2022
HA,Hawaiian Holdings Inc,2023
LSI,Life Storage Inc,2013
LSI,Life Storage Inc,2014
LSI,Life Storage Inc,2015
LSI,Life Storage Inc,2016
LSI,Life Storage Inc,2017
LSI,Life Storage Inc,2018
LSI,Life Storage Inc,2019
LSI,Life Storage Inc,2020
LSI,Life Storage Inc,2021
LSI,Life Storage Inc,2022
SUNEQ,SunEdison Inc,2013
SUNEQ,SunEdison Inc,2014
AAWW,Atlas Air Worldwide Holdings Inc.,2013
AAWW,Atlas Air Worldwide Holdings Inc.,2014
AAWW,Atlas Air Worldwide Holdings Inc.,2015
AAWW,Atlas Air Worldwide Holdings Inc.,2016
AAWW,Atlas Air Worldwide Holdings Inc.,2017
AAWW,Atlas Air Worldwide Holdings Inc.,2018
AAWW,Atlas Air Worldwide Holdings Inc.,2019
AAWW,Atlas Air Worldwide Holdings Inc.,2020
AAWW,Atlas Air Worldwide Holdings Inc.,2021
AAWW,Atlas Air Worldwide Holdings Inc.,2022
CRAY,Cray Inc,2013
CRAY,Cray Inc,2014
CRAY,Cray Inc,2015
CRAY,Cray Inc,2016
CRAY,Cray Inc,2017
CRAY,Cray Inc,2018
DO,Diamond Offshore Drilling Inc.,2013
DO,Diamond Offshore Drilling Inc.,2014
DO,Diamond Offshore Drilling Inc.,2015
DO,Diamond Offshore Drilling Inc.,2016
DO,Diamond Offshore Drilling Inc.,2017
DO,Diamond Offshore Drilling Inc.,2018
DO,Diamond Offshore Drilling Inc.,2019
DO,Diamond Offshore Drilling Inc.,2020
DO,Diamond Offshore Drilling Inc.,2021
DO,Diamond Offshore Drilling Inc.,2022
DO,Diamond Offshore Drilling Inc.,2023
RSYS,RadiSys Corp,2013
RSYS,RadiSys Corp,2014
RSYS,RadiSys Corp,2015
RSYS,RadiSys Corp,2016
RSYS,RadiSys Corp,2017
SNDK.1,SanDisk Corp,2013
SNDK.1,SanDisk Corp,2014
SNDK.1,SanDisk Corp,2015
LXK,Lexmark International Inc.,2013
LXK,Lexmark International Inc.,2014
LXK,Lexmark International Inc.,2015
ADVS,Advent Software Inc.,2013
ADVS,Advent Software Inc.,2014
HW,Headwaters Inc,2013
HW,Headwaters Inc,2014
HW,Headwaters Inc,2015
HW,Headwaters Inc,2016
IVAC,Intevac Inc,2013
IVAC,Intevac Inc,2014
IVAC,Intevac Inc,2015
IVAC,Intevac Inc,2016
IVAC,Intevac Inc,2017
IVAC,Intevac Inc,2018
IVAC,Intevac Inc,2019
IVAC,Intevac Inc,2020
IVAC,Intevac Inc,2021
IVAC,Intevac Inc,2022
IVAC,Intevac Inc,2023
IVAC,Intevac Inc,2024
MIG.2,Meadowbrook Insurance Group Inc,2013
MIG.2,Meadowbrook Insurance Group Inc,2014
BKI.1,Buckeye Technologies Inc,2013
PRXL,PAREXEL International Corp,2013
PRXL,PAREXEL International Corp,2014
PRXL,PAREXEL International Corp,2015
PRXL,PAREXEL International Corp,2016
CTXS,Citrix Systems Inc,2013
CTXS,Citrix Systems Inc,2014
CTXS,Citrix Systems Inc,2015
CTXS,Citrix Systems Inc,2016
CTXS,Citrix Systems Inc,2017
CTXS,Citrix Systems Inc,2018
CTXS,Citrix Systems Inc,2019
CTXS,Citrix Systems Inc,2020
CTXS,Citrix Systems Inc,2021
IPXL,Impax Laboratories Inc,2013
IPXL,Impax Laboratories Inc,2014
IPXL,Impax Laboratories Inc,2015
IPXL,Impax Laboratories Inc,2016
IPXL,Impax Laboratories Inc,2017
LCAV,LCA Vision Inc,2013
SZMK,Sizmek Inc,2014
SZMK,Sizmek Inc,2015
MGAM.1,Multimedia Games Holding Co Inc,2013
MGAM.1,Multimedia Games Holding Co Inc,2014
ALXN,Alexion Pharmaceuticals Inc,2013
ALXN,Alexion Pharmaceuticals Inc,2014
ALXN,Alexion Pharmaceuticals Inc,2015
ALXN,Alexion Pharmaceuticals Inc,2016
ALXN,Alexion Pharmaceuticals Inc,2017
ALXN,Alexion Pharmaceuticals Inc,2018
ALXN,Alexion Pharmaceuticals Inc,2019
ALXN,Alexion Pharmaceuticals Inc,2020
ELNK,EarthLink Holdings Corp,2013
ELNK,EarthLink Holdings Corp,2014
ELNK,EarthLink Holdings Corp,2015
ELNK,EarthLink Holdings Corp,2016
PRGX,PRGX Global Inc,2013
PRGX,PRGX Global Inc,2014
PRGX,PRGX Global Inc,2015
PRGX,PRGX Global Inc,2016
PRGX,PRGX Global Inc,2017
PRGX,PRGX Global Inc,2018
PRGX,PRGX Global Inc,2019
SAPE,Sapient Corp,2013
AABA,Altaba Inc,2013
AABA,Altaba Inc,2014
AABA,Altaba Inc,2015
AABA,Altaba Inc,2016
DFODQ,Dean Foods Co,2013
DFODQ,Dean Foods Co,2014
DFODQ,Dean Foods Co,2015
DFODQ,Dean Foods Co,2016
DFODQ,Dean Foods Co,2017
DFODQ,Dean Foods Co,2018
CRRTQ,CARBO Ceramics Inc.,2013
CRRTQ,CARBO Ceramics Inc.,2014
CRRTQ,CARBO Ceramics Inc.,2015
CRRTQ,CARBO Ceramics Inc.,2016
CRRTQ,CARBO Ceramics Inc.,2017
CRRTQ,CARBO Ceramics Inc.,2018
CRRTQ,CARBO Ceramics Inc.,2019
PLCM,Polycom Inc,2013
PLCM,Polycom Inc,2014
PLCM,Polycom Inc,2015
SYKE,Sykes Enterprises Inc,2013
SYKE,Sykes Enterprises Inc,2014
SYKE,Sykes Enterprises Inc,2015
SYKE,Sykes Enterprises Inc,2016
SYKE,Sykes Enterprises Inc,2017
SYKE,Sykes Enterprises Inc,2018
SYKE,Sykes Enterprises Inc,2019
SYKE,Sykes Enterprises Inc,2020
TUPBQ,Tupperware Brands Corp,2013
TUPBQ,Tupperware Brands Corp,2014
TUPBQ,Tupperware Brands Corp,2015
TUPBQ,Tupperware Brands Corp,2016
TUPBQ,Tupperware Brands Corp,2017
TUPBQ,Tupperware Brands Corp,2018
TUPBQ,Tupperware Brands Corp,2019
TUPBQ,Tupperware Brands Corp,2020
TUPBQ,Tupperware Brands Corp,2021
TUPBQ,Tupperware Brands Corp,2022
SLXP,Salix Pharmaceuticals Ltd,2013
AFFX,Affymetrix Inc,2013
AFFX,Affymetrix Inc,2014
ANSS,ANSYS Inc,2013
ANSS,ANSYS Inc,2014
ANSS,ANSYS Inc,2015
ANSS,ANSYS Inc,2016
ANSS,ANSYS Inc,2017
ANSS,ANSYS Inc,2018
ANSS,ANSYS Inc,2019
ANSS,ANSYS Inc,2020
ANSS,ANSYS Inc,2021
ANSS,ANSYS Inc,2022
ANSS,ANSYS Inc,2023
ANSS,ANSYS Inc,2024
BVSN,Broadvision Inc,2013
BVSN,Broadvision Inc,2014
BVSN,Broadvision Inc,2015
BVSN,Broadvision Inc,2016
BVSN,Broadvision Inc,2017
BVSN,Broadvision Inc,2018
GWR,Genesee & Wyoming Inc.,2013
GWR,Genesee & Wyoming Inc.,2014
GWR,Genesee & Wyoming Inc.,2015
GWR,Genesee & Wyoming Inc.,2016
GWR,Genesee & Wyoming Inc.,2017
GWR,Genesee & Wyoming Inc.,2018
GLAE,GlassBridge Enterprises Inc,2013
GLAE,GlassBridge Enterprises Inc,2014
GLAE,GlassBridge Enterprises Inc,2015
GLAE,GlassBridge Enterprises Inc,2016
GLAE,GlassBridge Enterprises Inc,2017
GLAE,GlassBridge Enterprises Inc,2018
GLAE,GlassBridge Enterprises Inc,2019
GLAE,GlassBridge Enterprises Inc,2020
GLAE,GlassBridge Enterprises Inc,2021
GLAE,GlassBridge Enterprises Inc,2022
GES,Guess ? Inc.,2013
GES,Guess ? Inc.,2014
GES,Guess ? Inc.,2015
GES,Guess ? Inc.,2016
GES,Guess ? Inc.,2017
GES,Guess ? Inc.,2018
GES,Guess ? Inc.,2019
GES,Guess ? Inc.,2020
GES,Guess ? Inc.,2021
GES,Guess ? Inc.,2023
GES,Guess ? Inc.,2024
ETFC,E*TRADE Financial Corporation,2013
ETFC,E*TRADE Financial Corporation,2014
ETFC,E*TRADE Financial Corporation,2015
ETFC,E*TRADE Financial Corporation,2016
ETFC,E*TRADE Financial Corporation,2017
ETFC,E*TRADE Financial Corporation,2018
ETFC,E*TRADE Financial Corporation,2019
WOWI,Metro One Telecommunications Inc,2020
WOWI,Metro One Telecommunications Inc,2021
WOWI,Metro One Telecommunications Inc,2022
SRCL,Stericycle Inc,2013
SRCL,Stericycle Inc,2014
SRCL,Stericycle Inc,2015
SRCL,Stericycle Inc,2016
SRCL,Stericycle Inc,2017
SRCL,Stericycle Inc,2018
SRCL,Stericycle Inc,2019
SRCL,Stericycle Inc,2020
SRCL,Stericycle Inc,2021
SRCL,Stericycle Inc,2022
SRCL,Stericycle Inc,2023
8356B,Calpine Corp,2013
8356B,Calpine Corp,2014
8356B,Calpine Corp,2015
8356B,Calpine Corp,2016
8356B,Calpine Corp,2017
8356B,Calpine Corp,2018
8356B,Calpine Corp,2019
ENDPQ,Endo International plc,2013
ENDPQ,Endo International plc,2014
ENDPQ,Endo International plc,2015
ENDPQ,Endo International plc,2016
ENDPQ,Endo International plc,2017
ENDPQ,Endo International plc,2018
ENDPQ,Endo International plc,2019
ENDPQ,Endo International plc,2020
ENDPQ,Endo International plc,2021
ENDPQ,Endo International plc,2022
ENDPQ,Endo International plc,2023
SPPI,Spectrum Pharmaceuticals Inc,2013
SPPI,Spectrum Pharmaceuticals Inc,2014
SPPI,Spectrum Pharmaceuticals Inc,2015
SPPI,Spectrum Pharmaceuticals Inc,2016
SPPI,Spectrum Pharmaceuticals Inc,2017
SPPI,Spectrum Pharmaceuticals Inc,2018
SPPI,Spectrum Pharmaceuticals Inc,2019
SPPI,Spectrum Pharmaceuticals Inc,2020
SPPI,Spectrum Pharmaceuticals Inc,2021
SPPI,Spectrum Pharmaceuticals Inc,2022
RSTI,Rofin Sinar Technologies Inc,2013
RSTI,Rofin Sinar Technologies Inc,2014
RSTI,Rofin Sinar Technologies Inc,2015
EDGW,Edgewater Technology Inc,2013
EDGW,Edgewater Technology Inc,2014
EDGW,Edgewater Technology Inc,2015
EDGW,Edgewater Technology Inc,2016
EDGW,Edgewater Technology Inc,2017
NCI.3,Navigant Consulting Inc.,2013
NCI.3,Navigant Consulting Inc.,2014
NCI.3,Navigant Consulting Inc.,2015
NCI.3,Navigant Consulting Inc.,2016
NCI.3,Navigant Consulting Inc.,2017
NCI.3,Navigant Consulting Inc.,2018
HIBB,Hibbett Inc,2013
HIBB,Hibbett Inc,2014
HIBB,Hibbett Inc,2015
HIBB,Hibbett Inc,2016
HIBB,Hibbett Inc,2017
HIBB,Hibbett Inc,2018
HIBB,Hibbett Inc,2019
HIBB,Hibbett Inc,2021
HIBB,Hibbett Inc,2022
HIBB,Hibbett Inc,2023
ARQL,ArQule Inc,2013
ARQL,ArQule Inc,2014
ARQL,ArQule Inc,2015
ARQL,ArQule Inc,2016
ARQL,ArQule Inc,2017
ARQL,ArQule Inc,2018
IMS,IMS Health Holdings Inc,2013
IMS,IMS Health Holdings Inc,2014
IMS,IMS Health Holdings Inc,2015
CBST,Cubist Pharmaceuticals Inc,2013
SSINQ,Stage Stores Inc,2013
SSINQ,Stage Stores Inc,2014
SSINQ,Stage Stores Inc,2015
SSINQ,Stage Stores Inc,2016
SSINQ,Stage Stores Inc,2017
SSINQ,Stage Stores Inc,2018
TGI,Triumph Group Inc.,2013
TGI,Triumph Group Inc.,2014
TGI,Triumph Group Inc.,2015
TGI,Triumph Group Inc.,2016
TGI,Triumph Group Inc.,2017
TGI,Triumph Group Inc.,2018
TGI,Triumph Group Inc.,2019
TGI,Triumph Group Inc.,2020
TGI,Triumph Group Inc.,2021
TGI,Triumph Group Inc.,2022
TGI,Triumph Group Inc.,2023
TGI,Triumph Group Inc.,2024
EDMCQ,Education Management Corp,2013
EDMCQ,Education Management Corp,2014
IM,Ingram Micro Inc.,2013
IM,Ingram Micro Inc.,2014
IM,Ingram Micro Inc.,2015
DEL,Deltic Timber Corp,2013
DEL,Deltic Timber Corp,2014
DEL,Deltic Timber Corp,2015
DEL,Deltic Timber Corp,2016
MWW,Monster Worldwide Inc.,2013
MWW,Monster Worldwide Inc.,2014
MWW,Monster Worldwide Inc.,2015
CVD,Covance Inc,2013
IGTE,IGATE Corp,2013
IGTE,IGATE Corp,2014
WIBC,Wilshire Bancorp Inc,2013
WIBC,Wilshire Bancorp Inc,2014
WIBC,Wilshire Bancorp Inc,2015
EPIQ,EPIQ Systems Inc,2013
EPIQ,EPIQ Systems Inc,2014
EPIQ,EPIQ Systems Inc,2015
TIVO,TiVo Corp,2013
TIVO,TiVo Corp,2014
TIVO,TiVo Corp,2015
TIVO,TiVo Corp,2016
TIVO,TiVo Corp,2017
TIVO,TiVo Corp,2018
TIVO,TiVo Corp,2019
AMTD.,TD AMERITRADE Holding Corp,2013
AMTD.,TD AMERITRADE Holding Corp,2014
AMTD.,TD AMERITRADE Holding Corp,2015
AMTD.,TD AMERITRADE Holding Corp,2016
AMTD.,TD AMERITRADE Holding Corp,2017
AMTD.,TD AMERITRADE Holding Corp,2018
AMTD.,TD AMERITRADE Holding Corp,2019
GIFI,Gulf Island Fabrication Inc,2013
GIFI,Gulf Island Fabrication Inc,2014
GIFI,Gulf Island Fabrication Inc,2015
GIFI,Gulf Island Fabrication Inc,2016
GIFI,Gulf Island Fabrication Inc,2017
GIFI,Gulf Island Fabrication Inc,2018
GIFI,Gulf Island Fabrication Inc,2019
GIFI,Gulf Island Fabrication Inc,2020
GIFI,Gulf Island Fabrication Inc,2021
GIFI,Gulf Island Fabrication Inc,2022
GIFI,Gulf Island Fabrication Inc,2023
GIFI,Gulf Island Fabrication Inc,2024
FBC,Flagstar Bancorp Inc,2013
FBC,Flagstar Bancorp Inc,2014
FBC,Flagstar Bancorp Inc,2015
FBC,Flagstar Bancorp Inc,2016
FBC,Flagstar Bancorp Inc,2017
FBC,Flagstar Bancorp Inc,2018
FBC,Flagstar Bancorp Inc,2019
FBC,Flagstar Bancorp Inc,2020
FBC,Flagstar Bancorp Inc,2021
SRT.2,StarTek Inc -Old,2013
SRT.2,StarTek Inc -Old,2014
SRT.2,StarTek Inc -Old,2015
SRT.2,StarTek Inc -Old,2016
SRT.2,StarTek Inc -Old,2017
PPBI,Pacific Premier Bancorp Inc,2013
PPBI,Pacific Premier Bancorp Inc,2014
PPBI,Pacific Premier Bancorp Inc,2015
PPBI,Pacific Premier Bancorp Inc,2016
PPBI,Pacific Premier Bancorp Inc,2017
PPBI,Pacific Premier Bancorp Inc,2018
PPBI,Pacific Premier Bancorp Inc,2019
PPBI,Pacific Premier Bancorp Inc,2020
PPBI,Pacific Premier Bancorp Inc,2021
PPBI,Pacific Premier Bancorp Inc,2022
PPBI,Pacific Premier Bancorp Inc,2023
PPBI,Pacific Premier Bancorp Inc,2024
HSKA,Heska Corp,2013
HSKA,Heska Corp,2014
HSKA,Heska Corp,2015
HSKA,Heska Corp,2016
HSKA,Heska Corp,2017
HSKA,Heska Corp,2018
HSKA,Heska Corp,2019
HSKA,Heska Corp,2020
HSKA,Heska Corp,2021
HSKA,Heska Corp,2022
OUTR,Outerwall Inc,2013
OUTR,Outerwall Inc,2014
OUTR,Outerwall Inc,2015
CRZO,Carrizo Oil & Gas Inc,2013
CRZO,Carrizo Oil & Gas Inc,2014
CRZO,Carrizo Oil & Gas Inc,2015
CRZO,Carrizo Oil & Gas Inc,2016
CRZO,Carrizo Oil & Gas Inc,2017
CRZO,Carrizo Oil & Gas Inc,2018
ACAS,American Capital Ltd,2013
ACAS,American Capital Ltd,2014
ACAS,American Capital Ltd,2015
MTOR,Meritor Inc,2013
MTOR,Meritor Inc,2014
MTOR,Meritor Inc,2015
MTOR,Meritor Inc,2016
MTOR,Meritor Inc,2017
MTOR,Meritor Inc,2018
MTOR,Meritor Inc,2019
MTOR,Meritor Inc,2020
MTOR,Meritor Inc,2021
FARO,FARO Technologies Inc,2013
FARO,FARO Technologies Inc,2014
FARO,FARO Technologies Inc,2015
FARO,FARO Technologies Inc,2016
FARO,FARO Technologies Inc,2017
FARO,FARO Technologies Inc,2018
FARO,FARO Technologies Inc,2019
FARO,FARO Technologies Inc,2020
FARO,FARO Technologies Inc,2021
FARO,FARO Technologies Inc,2022
FARO,FARO Technologies Inc,2023
FARO,FARO Technologies Inc,2024
SPB.1,Spectrum Brands Holdings Inc,2013
SPB.1,Spectrum Brands Holdings Inc,2014
SPB.1,Spectrum Brands Holdings Inc,2015
SPB.1,Spectrum Brands Holdings Inc,2016
SPB.1,Spectrum Brands Holdings Inc,2017
FCS,Fairchild Semiconductor International Inc.,2013
FCS,Fairchild Semiconductor International Inc.,2014
FCS,Fairchild Semiconductor International Inc.,2015
PSEM,Pericom Semiconductor Corp,2013
PSEM,Pericom Semiconductor Corp,2014
PSEM,Pericom Semiconductor Corp,2015
PGNX,Progenics Pharmaceuticals Inc,2013
PGNX,Progenics Pharmaceuticals Inc,2014
PGNX,Progenics Pharmaceuticals Inc,2015
PGNX,Progenics Pharmaceuticals Inc,2016
PGNX,Progenics Pharmaceuticals Inc,2017
PGNX,Progenics Pharmaceuticals Inc,2018
PGNX,Progenics Pharmaceuticals Inc,2019
AMCC,Applied Micro Circuits Corp,2013
AMCC,Applied Micro Circuits Corp,2014
AMCC,Applied Micro Circuits Corp,2015
EVHC,Envision Healthcare Corp,2013
EVHC,Envision Healthcare Corp,2014
EVHC,Envision Healthcare Corp,2015
EVHC,Envision Healthcare Corp,2016
EVHC,Envision Healthcare Corp,2017
SRDX,Surmodics Inc,2013
SRDX,Surmodics Inc,2014
SRDX,Surmodics Inc,2015
SRDX,Surmodics Inc,2016
SRDX,Surmodics Inc,2017
SRDX,Surmodics Inc,2018
SRDX,Surmodics Inc,2019
SRDX,Surmodics Inc,2020
SRDX,Surmodics Inc,2021
SRDX,Surmodics Inc,2022
SRDX,Surmodics Inc,2023
SRDX,Surmodics Inc,2024
WDR,Waddell & Reed Financial Inc.,2013
WDR,Waddell & Reed Financial Inc.,2014
WDR,Waddell & Reed Financial Inc.,2015
WDR,Waddell & Reed Financial Inc.,2016
WDR,Waddell & Reed Financial Inc.,2017
WDR,Waddell & Reed Financial Inc.,2018
WDR,Waddell & Reed Financial Inc.,2019
WDR,Waddell & Reed Financial Inc.,2020
BRCM,Broadcom Corp,2013
BRCM,Broadcom Corp,2014
NLSN,Nielsen Holdings plc,2013
NLSN,Nielsen Holdings plc,2014
NLSN,Nielsen Holdings plc,2015
NLSN,Nielsen Holdings plc,2016
NLSN,Nielsen Holdings plc,2017
NLSN,Nielsen Holdings plc,2018
NLSN,Nielsen Holdings plc,2019
NLSN,Nielsen Holdings plc,2020
NLSN,Nielsen Holdings plc,2021
BRKL,Brookline Bancorp Inc,2013
BRKL,Brookline Bancorp Inc,2014
BRKL,Brookline Bancorp Inc,2015
BRKL,Brookline Bancorp Inc,2016
BRKL,Brookline Bancorp Inc,2017
BRKL,Brookline Bancorp Inc,2018
BRKL,Brookline Bancorp Inc,2019
BRKL,Brookline Bancorp Inc,2020
BRKL,Brookline Bancorp Inc,2021
BRKL,Brookline Bancorp Inc,2022
BRKL,Brookline Bancorp Inc,2023
BRKL,Brookline Bancorp Inc,2024
TAYC,Taylor Capital Group Inc,2013
FNFG,First Niagara Financial Group Inc,2013
FNFG,First Niagara Financial Group Inc,2014
FNFG,First Niagara Financial Group Inc,2015
LHO,LaSalle Hotel Properties,2013
LHO,LaSalle Hotel Properties,2014
LHO,LaSalle Hotel Properties,2015
LHO,LaSalle Hotel Properties,2016
LHO,LaSalle Hotel Properties,2017
IPCC,Infinity Property and Casualty Corp,2013
IPCC,Infinity Property and Casualty Corp,2014
IPCC,Infinity Property and Casualty Corp,2015
IPCC,Infinity Property and Casualty Corp,2016
IPCC,Infinity Property and Casualty Corp,2017
EQY,Equity One Inc.,2013
EQY,Equity One Inc.,2014
EQY,Equity One Inc.,2015
EQY,Equity One Inc.,2016
LLL.1,L3 Technologies Inc,2013
LLL.1,L3 Technologies Inc,2014
LLL.1,L3 Technologies Inc,2015
LLL.1,L3 Technologies Inc,2016
LLL.1,L3 Technologies Inc,2017
LLL.1,L3 Technologies Inc,2018
ULTI.1,Ultimate Software Group Inc (The),2013
ULTI.1,Ultimate Software Group Inc (The),2014
ULTI.1,Ultimate Software Group Inc (The),2015
ULTI.1,Ultimate Software Group Inc (The),2016
ULTI.1,Ultimate Software Group Inc (The),2017
ULTI.1,Ultimate Software Group Inc (The),2018
SCOO,School Specialty Inc.,2013
SCOO,School Specialty Inc.,2015
SCOO,School Specialty Inc.,2016
SCOO,School Specialty Inc.,2017
SCOO,School Specialty Inc.,2018
SCOO,School Specialty Inc.,2019
CFNL,Cardinal Financial Corp,2013
CFNL,Cardinal Financial Corp,2014
CFNL,Cardinal Financial Corp,2015
CFNL,Cardinal Financial Corp,2016
DRIV.1,Digital River Inc,2013
CVG,Convergys Corp,2013
CVG,Convergys Corp,2014
CVG,Convergys Corp,2015
CVG,Convergys Corp,2016
CVG,Convergys Corp,2017
PLKI,Popeyes Louisiana Kitchen Inc,2013
PLKI,Popeyes Louisiana Kitchen Inc,2014
PLKI,Popeyes Louisiana Kitchen Inc,2015
PLKI,Popeyes Louisiana Kitchen Inc,2016
WBMD,Webmd Health Corp,2013
WBMD,Webmd Health Corp,2014
WBMD,Webmd Health Corp,2015
WBMD,Webmd Health Corp,2016
0190A,J Crew Group Inc,2013
0190A,J Crew Group Inc,2014
0190A,J Crew Group Inc,2015
0190A,J Crew Group Inc,2016
0190A,J Crew Group Inc,2017
0190A,J Crew Group Inc,2018
AVTA,Avantax Inc,2013
AVTA,Avantax Inc,2014
AVTA,Avantax Inc,2015
AVTA,Avantax Inc,2016
AVTA,Avantax Inc,2017
AVTA,Avantax Inc,2018
AVTA,Avantax Inc,2019
AVTA,Avantax Inc,2020
AVTA,Avantax Inc,2021
AVTA,Avantax Inc,2022
CNQR,Concur Technologies Inc,2013
CNQR,Concur Technologies Inc,2014
GDEN,Golden Entertainment Inc,2013
GDEN,Golden Entertainment Inc,2014
GDEN,Golden Entertainment Inc,2015
GDEN,Golden Entertainment Inc,2016
GDEN,Golden Entertainment Inc,2017
GDEN,Golden Entertainment Inc,2018
GDEN,Golden Entertainment Inc,2019
GDEN,Golden Entertainment Inc,2020
GDEN,Golden Entertainment Inc,2021
GDEN,Golden Entertainment Inc,2022
GDEN,Golden Entertainment Inc,2023
GDEN,Golden Entertainment Inc,2024
STL,Sterling Bancorp,2013
STL,Sterling Bancorp,2014
STL,Sterling Bancorp,2015
STL,Sterling Bancorp,2016
STL,Sterling Bancorp,2017
STL,Sterling Bancorp,2018
STL,Sterling Bancorp,2019
STL,Sterling Bancorp,2020
HT,Hersha Hospitality Trust,2013
HT,Hersha Hospitality Trust,2014
HT,Hersha Hospitality Trust,2015
HT,Hersha Hospitality Trust,2016
HT,Hersha Hospitality Trust,2017
HT,Hersha Hospitality Trust,2018
HT,Hersha Hospitality Trust,2019
HT,Hersha Hospitality Trust,2020
HT,Hersha Hospitality Trust,2021
HT,Hersha Hospitality Trust,2022
AUDAQ,Audacy Inc,2013
AUDAQ,Audacy Inc,2014
AUDAQ,Audacy Inc,2015
AUDAQ,Audacy Inc,2016
AUDAQ,Audacy Inc,2017
AUDAQ,Audacy Inc,2018
AUDAQ,Audacy Inc,2019
AUDAQ,Audacy Inc,2020
AUDAQ,Audacy Inc,2021
AUDAQ,Audacy Inc,2022
AUDAQ,Audacy Inc,2023
AMRI,Albany Molecular Research Inc,2013
AMRI,Albany Molecular Research Inc,2014
AMRI,Albany Molecular Research Inc,2015
AMRI,Albany Molecular Research Inc,2016
COCOQ,Corinthian Colleges Inc.,2013
EPAY,Bottomline Technologies Inc,2013
EPAY,Bottomline Technologies Inc,2014
EPAY,Bottomline Technologies Inc,2015
EPAY,Bottomline Technologies Inc,2016
EPAY,Bottomline Technologies Inc,2017
EPAY,Bottomline Technologies Inc,2018
EPAY,Bottomline Technologies Inc,2019
EPAY,Bottomline Technologies Inc,2020
EPAY,Bottomline Technologies Inc,2021
CEB,CEB Inc,2013
CEB,CEB Inc,2014
CEB,CEB Inc,2015
CEB,CEB Inc,2016
KWKAQ,Quicksilver Resources Inc,2013
KWKAQ,Quicksilver Resources Inc,2014
SFG,Stancorp Financial Group Inc.,2013
SFG,Stancorp Financial Group Inc.,2014
SFG,Stancorp Financial Group Inc.,2015
HSII,Heidrick & Struggles International Inc,2013
HSII,Heidrick & Struggles International Inc,2014
HSII,Heidrick & Struggles International Inc,2015
HSII,Heidrick & Struggles International Inc,2016
HSII,Heidrick & Struggles International Inc,2017
HSII,Heidrick & Struggles International Inc,2018
HSII,Heidrick & Struggles International Inc,2019
HSII,Heidrick & Struggles International Inc,2020
HSII,Heidrick & Struggles International Inc,2021
HSII,Heidrick & Struggles International Inc,2022
HSII,Heidrick & Struggles International Inc,2023
HSII,Heidrick & Struggles International Inc,2024
INFA.1,Informatica Corp,2013
INFA.1,Informatica Corp,2014
LPNT,LifePoint Health Inc,2013
LPNT,LifePoint Health Inc,2014
LPNT,LifePoint Health Inc,2015
LPNT,LifePoint Health Inc,2016
LPNT,LifePoint Health Inc,2017
TWTC,tw telecom inc,2013
RATE.1,Bankrate Inc,2013
RATE.1,Bankrate Inc,2014
RATE.1,Bankrate Inc,2015
RATE.1,Bankrate Inc,2016
BRCD,Brocade Communications Systems Inc,2013
BRCD,Brocade Communications Systems Inc,2014
BRCD,Brocade Communications Systems Inc,2015
BRCD,Brocade Communications Systems Inc,2016
USCR,US Concrete Inc,2013
USCR,US Concrete Inc,2014
USCR,US Concrete Inc,2015
USCR,US Concrete Inc,2016
USCR,US Concrete Inc,2017
USCR,US Concrete Inc,2018
USCR,US Concrete Inc,2019
USCR,US Concrete Inc,2020
RAI,Reynolds American Inc,2013
RAI,Reynolds American Inc,2014
RAI,Reynolds American Inc,2015
RAI,Reynolds American Inc,2016
SKX,Skechers U.S.A. Inc,2013
SKX,Skechers U.S.A. Inc,2014
SKX,Skechers U.S.A. Inc,2015
SKX,Skechers U.S.A. Inc,2016
SKX,Skechers U.S.A. Inc,2017
SKX,Skechers U.S.A. Inc,2018
SKX,Skechers U.S.A. Inc,2019
SKX,Skechers U.S.A. Inc,2020
SKX,Skechers U.S.A. Inc,2021
SKX,Skechers U.S.A. Inc,2022
SKX,Skechers U.S.A. Inc,2023
SKX,Skechers U.S.A. Inc,2024
STMP,Stamps.com Inc,2013
STMP,Stamps.com Inc,2014
STMP,Stamps.com Inc,2015
STMP,Stamps.com Inc,2016
STMP,Stamps.com Inc,2017
STMP,Stamps.com Inc,2018
STMP,Stamps.com Inc,2019
STMP,Stamps.com Inc,2020
JNPR,Juniper Networks Inc,2013
JNPR,Juniper Networks Inc,2014
JNPR,Juniper Networks Inc,2015
JNPR,Juniper Networks Inc,2016
JNPR,Juniper Networks Inc,2017
JNPR,Juniper Networks Inc,2018
JNPR,Juniper Networks Inc,2019
JNPR,Juniper Networks Inc,2020
JNPR,Juniper Networks Inc,2021
JNPR,Juniper Networks Inc,2022
JNPR,Juniper Networks Inc,2023
JNPR,Juniper Networks Inc,2024
PVTB,PrivateBancorp Inc,2013
PVTB,PrivateBancorp Inc,2014
PVTB,PrivateBancorp Inc,2015
PVTB,PrivateBancorp Inc,2016
HCBK,Hudson City Bancorp Inc,2013
HCBK,Hudson City Bancorp Inc,2014
TIBX,TIBCO Software Inc,2013
EGOV,NIC Inc,2013
EGOV,NIC Inc,2014
EGOV,NIC Inc,2015
EGOV,NIC Inc,2016
EGOV,NIC Inc,2017
EGOV,NIC Inc,2018
EGOV,NIC Inc,2019
EGOV,NIC Inc,2020
PRFT,Perficient Inc,2013
PRFT,Perficient Inc,2014
PRFT,Perficient Inc,2015
PRFT,Perficient Inc,2016
PRFT,Perficient Inc,2017
PRFT,Perficient Inc,2018
PRFT,Perficient Inc,2019
PRFT,Perficient Inc,2020
PRFT,Perficient Inc,2021
PRFT,Perficient Inc,2022
PRFT,Perficient Inc,2023
RHT,Red Hat Inc,2013
RHT,Red Hat Inc,2014
RHT,Red Hat Inc,2015
RHT,Red Hat Inc,2016
RHT,Red Hat Inc,2017
RHT,Red Hat Inc,2018
SWKH,SWK Holdings Corp,2013
SWKH,SWK Holdings Corp,2014
SWKH,SWK Holdings Corp,2015
SWKH,SWK Holdings Corp,2016
SWKH,SWK Holdings Corp,2017
SWKH,SWK Holdings Corp,2018
SWKH,SWK Holdings Corp,2019
SWKH,SWK Holdings Corp,2020
SWKH,SWK Holdings Corp,2021
SWKH,SWK Holdings Corp,2022
SWKH,SWK Holdings Corp,2023
SWKH,SWK Holdings Corp,2024
ININ,Interactive Intelligence Group Inc,2013
ININ,Interactive Intelligence Group Inc,2014
ININ,Interactive Intelligence Group Inc,2015
INV.4,inVentiv Group Holdings Inc,2013
INV.4,inVentiv Group Holdings Inc,2014
INV.4,inVentiv Group Holdings Inc,2015
UNTD,United Online Inc,2013
UNTD,United Online Inc,2014
UNTD,United Online Inc,2015
OMN,OMNOVA Solutions Inc.,2013
OMN,OMNOVA Solutions Inc.,2014
OMN,OMNOVA Solutions Inc.,2015
OMN,OMNOVA Solutions Inc.,2016
OMN,OMNOVA Solutions Inc.,2017
OMN,OMNOVA Solutions Inc.,2018
OMN,OMNOVA Solutions Inc.,2019
INAPQ,Internap Corp,2013
INAPQ,Internap Corp,2014
INAPQ,Internap Corp,2015
INAPQ,Internap Corp,2016
INAPQ,Internap Corp,2017
INAPQ,Internap Corp,2018
INAPQ,Internap Corp,2019
CIR,CIRCOR International Inc,2013
CIR,CIRCOR International Inc,2014
CIR,CIRCOR International Inc,2015
CIR,CIRCOR International Inc,2016
CIR,CIRCOR International Inc,2017
CIR,CIRCOR International Inc,2018
CIR,CIRCOR International Inc,2019
CIR,CIRCOR International Inc,2020
CIR,CIRCOR International Inc,2021
CIR,CIRCOR International Inc,2022
VASC,Vascular Solutions Inc,2013
VASC,Vascular Solutions Inc,2014
VASC,Vascular Solutions Inc,2015
PCTI,PCTEL Inc,2013
PCTI,PCTEL Inc,2014
PCTI,PCTEL Inc,2015
PCTI,PCTEL Inc,2016
PCTI,PCTEL Inc,2017
PCTI,PCTEL Inc,2018
PCTI,PCTEL Inc,2019
PCTI,PCTEL Inc,2020
PCTI,PCTEL Inc,2021
PCTI,PCTEL Inc,2022
FNSR,Finisar Corp,2013
FNSR,Finisar Corp,2014
FNSR,Finisar Corp,2015
FNSR,Finisar Corp,2016
FNSR,Finisar Corp,2017
FNSR,Finisar Corp,2018
XOXO,XO Group Inc,2013
XOXO,XO Group Inc,2014
XOXO,XO Group Inc,2015
XOXO,XO Group Inc,2016
XOXO,XO Group Inc,2017
ZYXIQ,Zynex Inc,2013
ZYXIQ,Zynex Inc,2014
ZYXIQ,Zynex Inc,2015
ZYXIQ,Zynex Inc,2016
ZYXIQ,Zynex Inc,2017
ZYXIQ,Zynex Inc,2018
ZYXIQ,Zynex Inc,2019
ZYXIQ,Zynex Inc,2020
ZYXIQ,Zynex Inc,2021
ZYXIQ,Zynex Inc,2022
ZYXIQ,Zynex Inc,2023
ZYXIQ,Zynex Inc,2024
MATR,Mattersight Corp,2013
MATR,Mattersight Corp,2014
MATR,Mattersight Corp,2015
MATR,Mattersight Corp,2016
MATR,Mattersight Corp,2017
GTIV,Gentiva Health Services Inc,2013
ISIL,Intersil Corp,2013
ISIL,Intersil Corp,2014
ISIL,Intersil Corp,2015
ISIL,Intersil Corp,2016
LMNX.1,Luminex Corp,2013
LMNX.1,Luminex Corp,2014
LMNX.1,Luminex Corp,2015
LMNX.1,Luminex Corp,2016
LMNX.1,Luminex Corp,2017
LMNX.1,Luminex Corp,2018
LMNX.1,Luminex Corp,2019
LMNX.1,Luminex Corp,2020
CNVR,Conversant Inc,2013
CCMP,CMC Materials Inc,2013
CCMP,CMC Materials Inc,2014
CCMP,CMC Materials Inc,2015
CCMP,CMC Materials Inc,2016
CCMP,CMC Materials Inc,2017
CCMP,CMC Materials Inc,2018
CCMP,CMC Materials Inc,2019
CCMP,CMC Materials Inc,2020
CCMP,CMC Materials Inc,2021
OCLR,Oclaro Inc,2013
OCLR,Oclaro Inc,2014
OCLR,Oclaro Inc,2015
OCLR,Oclaro Inc,2016
OCLR,Oclaro Inc,2017
OCLR,Oclaro Inc,2018
FYBR,Frontier Communications Parent Inc,2013
FYBR,Frontier Communications Parent Inc,2014
FYBR,Frontier Communications Parent Inc,2015
FYBR,Frontier Communications Parent Inc,2016
FYBR,Frontier Communications Parent Inc,2017
FYBR,Frontier Communications Parent Inc,2018
FYBR,Frontier Communications Parent Inc,2019
FYBR,Frontier Communications Parent Inc,2020
FYBR,Frontier Communications Parent Inc,2021
FYBR,Frontier Communications Parent Inc,2022
FYBR,Frontier Communications Parent Inc,2023
FYBR,Frontier Communications Parent Inc,2024
BASXQ,Basic Energy Services Inc,2013
BASXQ,Basic Energy Services Inc,2014
BASXQ,Basic Energy Services Inc,2015
BASXQ,Basic Energy Services Inc,2016
BASXQ,Basic Energy Services Inc,2017
BASXQ,Basic Energy Services Inc,2018
BASXQ,Basic Energy Services Inc,2019
BASXQ,Basic Energy Services Inc,2020
JNS,Janus Capital Group Inc,2013
JNS,Janus Capital Group Inc,2014
JNS,Janus Capital Group Inc,2015
JNS,Janus Capital Group Inc,2016
BHLB,Berkshire Hills Bancorp Inc,2013
BHLB,Berkshire Hills Bancorp Inc,2014
BHLB,Berkshire Hills Bancorp Inc,2015
BHLB,Berkshire Hills Bancorp Inc,2016
BHLB,Berkshire Hills Bancorp Inc,2017
BHLB,Berkshire Hills Bancorp Inc,2018
BHLB,Berkshire Hills Bancorp Inc,2019
BHLB,Berkshire Hills Bancorp Inc,2020
BHLB,Berkshire Hills Bancorp Inc,2021
BHLB,Berkshire Hills Bancorp Inc,2022
BHLB,Berkshire Hills Bancorp Inc,2023
BHLB,Berkshire Hills Bancorp Inc,2024
MDCO,Medicines Co (The),2013
MDCO,Medicines Co (The),2014
MDCO,Medicines Co (The),2015
MDCO,Medicines Co (The),2016
MDCO,Medicines Co (The),2017
MDCO,Medicines Co (The),2018
BEL,Belmond Ltd,2013
BEL,Belmond Ltd,2014
BEL,Belmond Ltd,2016
BEL,Belmond Ltd,2017
BEL,Belmond Ltd,2018
5933B,Avaya Inc,2013
5933B,Avaya Inc,2014
5933B,Avaya Inc,2015
OPLK,Oplink Communications Inc,2013
OPLK,Oplink Communications Inc,2014
XXIA,Ixia,2013
XXIA,Ixia,2014
XXIA,Ixia,2015
XXIA,Ixia,2016
MON.1,Monsanto Co,2013
MON.1,Monsanto Co,2014
MON.1,Monsanto Co,2015
MON.1,Monsanto Co,2016
MON.1,Monsanto Co,2017
NIHD,NII Holdings Inc,2013
NIHD,NII Holdings Inc,2014
NIHD,NII Holdings Inc,2015
NIHD,NII Holdings Inc,2016
NIHD,NII Holdings Inc,2017
NIHD,NII Holdings Inc,2018
BKMU,Bank Mutual Corp,2013
BKMU,Bank Mutual Corp,2014
BKMU,Bank Mutual Corp,2015
BKMU,Bank Mutual Corp,2016
UTIW,UTi Worldwide Inc,2013
UTIW,UTi Worldwide Inc,2014
DVAX,Dynavax Technologies Corp,2013
DVAX,Dynavax Technologies Corp,2014
DVAX,Dynavax Technologies Corp,2015
DVAX,Dynavax Technologies Corp,2016
DVAX,Dynavax Technologies Corp,2017
DVAX,Dynavax Technologies Corp,2018
DVAX,Dynavax Technologies Corp,2019
DVAX,Dynavax Technologies Corp,2020
DVAX,Dynavax Technologies Corp,2021
DVAX,Dynavax Technologies Corp,2022
DVAX,Dynavax Technologies Corp,2023
DVAX,Dynavax Technologies Corp,2024
FTI.1,FMC Technologies Inc,2013
FTI.1,FMC Technologies Inc,2014
FTI.1,FMC Technologies Inc,2015
IRC,Inland Real Estate Corp,2013
IRC,Inland Real Estate Corp,2014
IRC,Inland Real Estate Corp,2015
COL,Rockwell Collins Inc,2013
COL,Rockwell Collins Inc,2014
COL,Rockwell Collins Inc,2015
COL,Rockwell Collins Inc,2016
COL,Rockwell Collins Inc,2017
COL,Rockwell Collins Inc,2018
NTUS,Natus Medical Inc,2013
NTUS,Natus Medical Inc,2014
NTUS,Natus Medical Inc,2015
NTUS,Natus Medical Inc,2016
NTUS,Natus Medical Inc,2017
NTUS,Natus Medical Inc,2018
NTUS,Natus Medical Inc,2019
NTUS,Natus Medical Inc,2020
NTUS,Natus Medical Inc,2021
BGFV,Big 5 Sporting Goods Corp,2013
BGFV,Big 5 Sporting Goods Corp,2014
BGFV,Big 5 Sporting Goods Corp,2015
BGFV,Big 5 Sporting Goods Corp,2016
BGFV,Big 5 Sporting Goods Corp,2017
BGFV,Big 5 Sporting Goods Corp,2018
BGFV,Big 5 Sporting Goods Corp,2019
BGFV,Big 5 Sporting Goods Corp,2020
BGFV,Big 5 Sporting Goods Corp,2021
BGFV,Big 5 Sporting Goods Corp,2022
BGFV,Big 5 Sporting Goods Corp,2023
BGFV,Big 5 Sporting Goods Corp,2024
WCIC,WCI Communities Inc,2013
WCIC,WCI Communities Inc,2014
WCIC,WCI Communities Inc,2015
MANT,ManTech International Corp,2013
MANT,ManTech International Corp,2014
MANT,ManTech International Corp,2015
MANT,ManTech International Corp,2016
MANT,ManTech International Corp,2017
MANT,ManTech International Corp,2018
MANT,ManTech International Corp,2019
MANT,ManTech International Corp,2020
MANT,ManTech International Corp,2021
CUTRQ,Cutera Inc,2013
CUTRQ,Cutera Inc,2014
CUTRQ,Cutera Inc,2015
CUTRQ,Cutera Inc,2016
CUTRQ,Cutera Inc,2017
CUTRQ,Cutera Inc,2018
CUTRQ,Cutera Inc,2019
CUTRQ,Cutera Inc,2020
CUTRQ,Cutera Inc,2021
CUTRQ,Cutera Inc,2022
CUTRQ,Cutera Inc,2023
LO,Lorillard Inc,2013
LO,Lorillard Inc,2014
RJETQ,Republic Airways Holdings Inc,2013
RJETQ,Republic Airways Holdings Inc,2014
RJETQ,Republic Airways Holdings Inc,2015
AROPQ,ARO Liquidation Inc,2013
AROPQ,ARO Liquidation Inc,2014
FRP,FairPoint Communications Inc,2013
FRP,FairPoint Communications Inc,2014
FRP,FairPoint Communications Inc,2015
FRP,FairPoint Communications Inc,2016
TBHC,Brand House Collective Inc (The),2013
TBHC,Brand House Collective Inc (The),2014
TBHC,Brand House Collective Inc (The),2015
TBHC,Brand House Collective Inc (The),2016
TBHC,Brand House Collective Inc (The),2017
TBHC,Brand House Collective Inc (The),2018
TBHC,Brand House Collective Inc (The),2019
TBHC,Brand House Collective Inc (The),2020
TBHC,Brand House Collective Inc (The),2021
TBHC,Brand House Collective Inc (The),2022
TBHC,Brand House Collective Inc (The),2023
TBHC,Brand House Collective Inc (The),2024
PTP,Platinum Underwriters Holdings Ltd,2013
PTP,Platinum Underwriters Holdings Ltd,2014
MRH,Montpelier Re Holdings Ltd,2013
MRH,Montpelier Re Holdings Ltd,2014
FMOG,Freeport-McMoRan Oil & Gas Inc,2014
BANC.3,Banc of California Inc -Old,2013
BANC.3,Banc of California Inc -Old,2014
BANC.3,Banc of California Inc -Old,2015
BANC.3,Banc of California Inc -Old,2016
BANC.3,Banc of California Inc -Old,2017
BANC.3,Banc of California Inc -Old,2018
BANC.3,Banc of California Inc -Old,2019
BANC.3,Banc of California Inc -Old,2020
BANC.3,Banc of California Inc -Old,2021
BANC.3,Banc of California Inc -Old,2022
CIT,CIT Group Inc,2013
CIT,CIT Group Inc,2014
CIT,CIT Group Inc,2015
CIT,CIT Group Inc,2016
CIT,CIT Group Inc,2017
CIT,CIT Group Inc,2018
CIT,CIT Group Inc,2019
CIT,CIT Group Inc,2020
HOS,Hornbeck Offshore Services Inc,2013
HOS,Hornbeck Offshore Services Inc,2014
HOS,Hornbeck Offshore Services Inc,2015
HOS,Hornbeck Offshore Services Inc,2016
HOS,Hornbeck Offshore Services Inc,2017
HOS,Hornbeck Offshore Services Inc,2018
HOS,Hornbeck Offshore Services Inc,2019
HOS,Hornbeck Offshore Services Inc,2021
HOS,Hornbeck Offshore Services Inc,2022
XEC,Cimarex Energy Co.,2013
XEC,Cimarex Energy Co.,2014
XEC,Cimarex Energy Co.,2015
XEC,Cimarex Energy Co.,2016
XEC,Cimarex Energy Co.,2017
XEC,Cimarex Energy Co.,2018
XEC,Cimarex Energy Co.,2019
XEC,Cimarex Energy Co.,2020
0030B,iPayment Inc,2013
ENH,Endurance Specialty Holdings Inc,2013
ENH,Endurance Specialty Holdings Inc,2014
ENH,Endurance Specialty Holdings Inc,2015
ENH,Endurance Specialty Holdings Inc,2016
DTSI,DTS Inc,2013
DTSI,DTS Inc,2014
DTSI,DTS Inc,2015
QEP,QEP Resources Inc,2013
QEP,QEP Resources Inc,2014
QEP,QEP Resources Inc,2015
QEP,QEP Resources Inc,2016
QEP,QEP Resources Inc,2017
QEP,QEP Resources Inc,2018
QEP,QEP Resources Inc,2019
QEP,QEP Resources Inc,2020
MODVQ,ModivCare Inc,2013
MODVQ,ModivCare Inc,2014
MODVQ,ModivCare Inc,2015
MODVQ,ModivCare Inc,2016
MODVQ,ModivCare Inc,2017
MODVQ,ModivCare Inc,2018
MODVQ,ModivCare Inc,2019
MODVQ,ModivCare Inc,2020
MODVQ,ModivCare Inc,2021
MODVQ,ModivCare Inc,2022
MODVQ,ModivCare Inc,2023
MODVQ,ModivCare Inc,2024
WLL,Whiting Petroleum Corp,2013
WLL,Whiting Petroleum Corp,2014
WLL,Whiting Petroleum Corp,2015
WLL,Whiting Petroleum Corp,2016
WLL,Whiting Petroleum Corp,2017
WLL,Whiting Petroleum Corp,2018
WLL,Whiting Petroleum Corp,2019
WLL,Whiting Petroleum Corp,2020
WLL,Whiting Petroleum Corp,2021
AEL,American National Group Inc,2013
AEL,American National Group Inc,2014
AEL,American National Group Inc,2015
AEL,American National Group Inc,2016
AEL,American National Group Inc,2017
AEL,American National Group Inc,2018
AEL,American National Group Inc,2019
AEL,American National Group Inc,2020
AEL,American National Group Inc,2021
AEL,American National Group Inc,2022
AEL,American National Group Inc,2023
CONNQ,Conn's Inc,2013
CONNQ,Conn's Inc,2014
CONNQ,Conn's Inc,2015
CONNQ,Conn's Inc,2016
CONNQ,Conn's Inc,2017
CONNQ,Conn's Inc,2018
CONNQ,Conn's Inc,2019
CONNQ,Conn's Inc,2020
CONNQ,Conn's Inc,2021
CONNQ,Conn's Inc,2022
CONNQ,Conn's Inc,2023
ACORQ,Acorda Therapeutics Inc,2013
ACORQ,Acorda Therapeutics Inc,2014
ACORQ,Acorda Therapeutics Inc,2015
ACORQ,Acorda Therapeutics Inc,2016
ACORQ,Acorda Therapeutics Inc,2017
ACORQ,Acorda Therapeutics Inc,2018
ACORQ,Acorda Therapeutics Inc,2019
ACORQ,Acorda Therapeutics Inc,2020
ACORQ,Acorda Therapeutics Inc,2021
ACORQ,Acorda Therapeutics Inc,2022
ACORQ,Acorda Therapeutics Inc,2023
TLN.2,Talen Energy Corp,2015
BWLD,Buffalo Wild Wings Inc,2013
BWLD,Buffalo Wild Wings Inc,2014
BWLD,Buffalo Wild Wings Inc,2015
BWLD,Buffalo Wild Wings Inc,2016
AHL,Aspen Insurance Holdings Ltd,2013
AHL,Aspen Insurance Holdings Ltd,2014
AHL,Aspen Insurance Holdings Ltd,2015
AHL,Aspen Insurance Holdings Ltd,2016
AHL,Aspen Insurance Holdings Ltd,2017
AHL,Aspen Insurance Holdings Ltd,2018
AHL,Aspen Insurance Holdings Ltd,2019
AHL,Aspen Insurance Holdings Ltd,2021
AHL,Aspen Insurance Holdings Ltd,2022
AHL,Aspen Insurance Holdings Ltd,2023
AHL,Aspen Insurance Holdings Ltd,2024
SRC,Spirit Realty Capital Inc,2013
SRC,Spirit Realty Capital Inc,2014
SRC,Spirit Realty Capital Inc,2015
SRC,Spirit Realty Capital Inc,2016
SRC,Spirit Realty Capital Inc,2017
SRC,Spirit Realty Capital Inc,2018
SRC,Spirit Realty Capital Inc,2019
SRC,Spirit Realty Capital Inc,2020
SRC,Spirit Realty Capital Inc,2021
SRC,Spirit Realty Capital Inc,2022
PKT,Procera Networks Inc,2013
PKT,Procera Networks Inc,2014
LTM.2,LIFE TIME FITNESS Inc,2013
LTM.2,LIFE TIME FITNESS Inc,2014
HSP,Hospira Inc,2013
HSP,Hospira Inc,2014
TWGP,Tower Group International Ltd,2013
SMA.2,Symmetry Medical Inc,2013
SBNY,Signature Bank,2013
SBNY,Signature Bank,2014
SBNY,Signature Bank,2015
SBNY,Signature Bank,2016
SBNY,Signature Bank,2017
SBNY,Signature Bank,2018
SBNY,Signature Bank,2019
SBNY,Signature Bank,2020
SBNY,Signature Bank,2021
SBNY,Signature Bank,2022
DWA,DreamWorks Animation SKG Inc,2013
DWA,DreamWorks Animation SKG Inc,2014
DWA,DreamWorks Animation SKG Inc,2015
CLMS,Calamos Asset Management Inc,2013
CLMS,Calamos Asset Management Inc,2014
CLMS,Calamos Asset Management Inc,2015
BMR.1,BioMed Realty Trust Inc,2013
BMR.1,BioMed Realty Trust Inc,2014
HPY,Heartland Payment Systems Inc,2013
HPY,Heartland Payment Systems Inc,2014
HPY,Heartland Payment Systems Inc,2015
ACC,American Campus Communities Inc,2013
ACC,American Campus Communities Inc,2014
ACC,American Campus Communities Inc,2015
ACC,American Campus Communities Inc,2016
ACC,American Campus Communities Inc,2017
ACC,American Campus Communities Inc,2018
ACC,American Campus Communities Inc,2019
ACC,American Campus Communities Inc,2020
ACC,American Campus Communities Inc,2021
EDR.1,Education Realty Trust Inc,2013
EDR.1,Education Realty Trust Inc,2014
EDR.1,Education Realty Trust Inc,2015
EDR.1,Education Realty Trust Inc,2016
EDR.1,Education Realty Trust Inc,2017
CNSL,Consolidated Communications Holdings Inc,2013
CNSL,Consolidated Communications Holdings Inc,2014
CNSL,Consolidated Communications Holdings Inc,2015
CNSL,Consolidated Communications Holdings Inc,2016
CNSL,Consolidated Communications Holdings Inc,2017
CNSL,Consolidated Communications Holdings Inc,2018
CNSL,Consolidated Communications Holdings Inc,2019
CNSL,Consolidated Communications Holdings Inc,2020
CNSL,Consolidated Communications Holdings Inc,2021
CNSL,Consolidated Communications Holdings Inc,2022
CNSL,Consolidated Communications Holdings Inc,2023
NP.2,Neenah Inc,2013
NP.2,Neenah Inc,2014
NP.2,Neenah Inc,2015
NP.2,Neenah Inc,2016
NP.2,Neenah Inc,2017
NP.2,Neenah Inc,2018
NP.2,Neenah Inc,2019
NP.2,Neenah Inc,2020
NP.2,Neenah Inc,2021
FTDCQ,GUE Liq Cos Inc,2013
FTDCQ,GUE Liq Cos Inc,2014
FTDCQ,GUE Liq Cos Inc,2015
FTDCQ,GUE Liq Cos Inc,2016
FTDCQ,GUE Liq Cos Inc,2017
LHCG,LHC Group Inc,2013
LHCG,LHC Group Inc,2014
LHCG,LHC Group Inc,2015
LHCG,LHC Group Inc,2016
LHCG,LHC Group Inc,2017
LHCG,LHC Group Inc,2018
LHCG,LHC Group Inc,2019
LHCG,LHC Group Inc,2020
LHCG,LHC Group Inc,2021
LHCG,LHC Group Inc,2022
ANRZQ,Alpha Natural Resources Inc,2013
ANRZQ,Alpha Natural Resources Inc,2014
HPR,HighPoint Resources Corp,2013
HPR,HighPoint Resources Corp,2014
HPR,HighPoint Resources Corp,2015
HPR,HighPoint Resources Corp,2016
HPR,HighPoint Resources Corp,2017
HPR,HighPoint Resources Corp,2018
HPR,HighPoint Resources Corp,2019
HPR,HighPoint Resources Corp,2020
PAY.4,Verifone Systems Inc,2013
PAY.4,Verifone Systems Inc,2014
PAY.4,Verifone Systems Inc,2015
PAY.4,Verifone Systems Inc,2016
PAY.4,Verifone Systems Inc,2017
CORE,Core Mark Holding Co Inc,2013
CORE,Core Mark Holding Co Inc,2014
CORE,Core Mark Holding Co Inc,2015
CORE,Core Mark Holding Co Inc,2016
CORE,Core Mark Holding Co Inc,2017
CORE,Core Mark Holding Co Inc,2018
CORE,Core Mark Holding Co Inc,2019
CORE,Core Mark Holding Co Inc,2020
INFO.1,IHS Markit Ltd,2013
INFO.1,IHS Markit Ltd,2014
INFO.1,IHS Markit Ltd,2015
INFO.1,IHS Markit Ltd,2016
INFO.1,IHS Markit Ltd,2017
INFO.1,IHS Markit Ltd,2018
INFO.1,IHS Markit Ltd,2019
INFO.1,IHS Markit Ltd,2020
INFO.1,IHS Markit Ltd,2021
DMND,Diamond Foods Inc,2013
DMND,Diamond Foods Inc,2014
DMND,Diamond Foods Inc,2015
NSR.3,NeuStar Inc,2013
NSR.3,NeuStar Inc,2014
NSR.3,NeuStar Inc,2015
NSR.3,NeuStar Inc,2016
CPLA,Capella Education Co,2013
CPLA,Capella Education Co,2014
CPLA,Capella Education Co,2015
CPLA,Capella Education Co,2016
CPLA,Capella Education Co,2017
RUTH,Ruth's Hospitality Group Inc,2013
RUTH,Ruth's Hospitality Group Inc,2014
RUTH,Ruth's Hospitality Group Inc,2015
RUTH,Ruth's Hospitality Group Inc,2016
RUTH,Ruth's Hospitality Group Inc,2017
RUTH,Ruth's Hospitality Group Inc,2018
RUTH,Ruth's Hospitality Group Inc,2019
RUTH,Ruth's Hospitality Group Inc,2020
RUTH,Ruth's Hospitality Group Inc,2021
RUTH,Ruth's Hospitality Group Inc,2022
MWIV,MWI Veterinary Supply Inc,2013
MWIV,MWI Veterinary Supply Inc,2014
HITT,Hittite Microwave Corp,2013
DRC,Dresser-Rand Group Inc,2013
DRC,Dresser-Rand Group Inc,2014
THS,TreeHouse Foods Inc,2013
THS,TreeHouse Foods Inc,2014
THS,TreeHouse Foods Inc,2015
THS,TreeHouse Foods Inc,2016
THS,TreeHouse Foods Inc,2017
THS,TreeHouse Foods Inc,2018
THS,TreeHouse Foods Inc,2019
THS,TreeHouse Foods Inc,2020
THS,TreeHouse Foods Inc,2021
THS,TreeHouse Foods Inc,2022
THS,TreeHouse Foods Inc,2023
THS,TreeHouse Foods Inc,2024
CBEY,Cbeyond Inc,2013
RPAI,Retail Properties of America Inc,2013
RPAI,Retail Properties of America Inc,2014
RPAI,Retail Properties of America Inc,2015
RPAI,Retail Properties of America Inc,2016
RPAI,Retail Properties of America Inc,2017
RPAI,Retail Properties of America Inc,2018
RPAI,Retail Properties of America Inc,2019
RPAI,Retail Properties of America Inc,2020
ISBC,Investors Bancorp Inc,2013
ISBC,Investors Bancorp Inc,2014
ISBC,Investors Bancorp Inc,2015
ISBC,Investors Bancorp Inc,2016
ISBC,Investors Bancorp Inc,2017
ISBC,Investors Bancorp Inc,2018
ISBC,Investors Bancorp Inc,2019
ISBC,Investors Bancorp Inc,2020
ISBC,Investors Bancorp Inc,2021
IRBTQ,iRobot Corp,2013
IRBTQ,iRobot Corp,2014
IRBTQ,iRobot Corp,2015
IRBTQ,iRobot Corp,2016
IRBTQ,iRobot Corp,2017
IRBTQ,iRobot Corp,2018
IRBTQ,iRobot Corp,2019
IRBTQ,iRobot Corp,2020
IRBTQ,iRobot Corp,2021
IRBTQ,iRobot Corp,2022
IRBTQ,iRobot Corp,2023
IRBTQ,iRobot Corp,2024
TRAK.1,Dealertrack Technologies Inc,2013
TRAK.1,Dealertrack Technologies Inc,2014
NCIT,NCI Inc,2013
NCIT,NCI Inc,2014
NCIT,NCI Inc,2015
NCIT,NCI Inc,2016
GHDX,Genomic Health Inc,2013
GHDX,Genomic Health Inc,2014
GHDX,Genomic Health Inc,2015
GHDX,Genomic Health Inc,2016
GHDX,Genomic Health Inc,2017
GHDX,Genomic Health Inc,2018
CYNO,Cynosure Inc,2013
CYNO,Cynosure Inc,2014
CYNO,Cynosure Inc,2015
CYNO,Cynosure Inc,2016
KS,KapStone Paper & Packaging Corp,2013
KS,KapStone Paper & Packaging Corp,2014
KS,KapStone Paper & Packaging Corp,2015
KS,KapStone Paper & Packaging Corp,2016
KS,KapStone Paper & Packaging Corp,2017
SPWRQ,SunPower Corp,2013
SPWRQ,SunPower Corp,2014
SPWRQ,SunPower Corp,2015
SPWRQ,SunPower Corp,2016
SPWRQ,SunPower Corp,2017
SPWRQ,SunPower Corp,2018
SPWRQ,SunPower Corp,2019
SPWRQ,SunPower Corp,2020
SPWRQ,SunPower Corp,2021
SPWRQ,SunPower Corp,2022
WNR,Western Refining Inc,2013
WNR,Western Refining Inc,2014
WNR,Western Refining Inc,2015
WNR,Western Refining Inc,2016
VIAB,Viacom Inc,2013
VIAB,Viacom Inc,2014
VIAB,Viacom Inc,2015
VIAB,Viacom Inc,2016
VIAB,Viacom Inc,2017
VIAB,Viacom Inc,2018
VIAB,Viacom Inc,2019
NTLS,NTELOS Holdings Corp,2013
NTLS,NTELOS Holdings Corp,2014
NTLS,NTELOS Holdings Corp,2015
ROSE.3,Rosetta Resources Inc,2013
ROSE.3,Rosetta Resources Inc,2014
KRA,Kraton Corp,2013
KRA,Kraton Corp,2014
KRA,Kraton Corp,2015
KRA,Kraton Corp,2016
KRA,Kraton Corp,2017
KRA,Kraton Corp,2018
KRA,Kraton Corp,2019
KRA,Kraton Corp,2020
VG.3,Vonage Holdings Corp,2013
VG.3,Vonage Holdings Corp,2014
VG.3,Vonage Holdings Corp,2015
VG.3,Vonage Holdings Corp,2016
VG.3,Vonage Holdings Corp,2017
VG.3,Vonage Holdings Corp,2018
VG.3,Vonage Holdings Corp,2019
VG.3,Vonage Holdings Corp,2020
VG.3,Vonage Holdings Corp,2021
SNCR,Synchronoss Technologies Inc,2013
SNCR,Synchronoss Technologies Inc,2014
SNCR,Synchronoss Technologies Inc,2015
SNCR,Synchronoss Technologies Inc,2016
SNCR,Synchronoss Technologies Inc,2017
SNCR,Synchronoss Technologies Inc,2018
SNCR,Synchronoss Technologies Inc,2019
SNCR,Synchronoss Technologies Inc,2020
SNCR,Synchronoss Technologies Inc,2021
SNCR,Synchronoss Technologies Inc,2022
SNCR,Synchronoss Technologies Inc,2023
SNCR,Synchronoss Technologies Inc,2024
TUMI,Tumi Holdings Inc,2013
TUMI,Tumi Holdings Inc,2014
TUMI,Tumi Holdings Inc,2015
HOUS,Anywhere Real Estate Inc,2013
HOUS,Anywhere Real Estate Inc,2014
HOUS,Anywhere Real Estate Inc,2015
HOUS,Anywhere Real Estate Inc,2016
HOUS,Anywhere Real Estate Inc,2017
HOUS,Anywhere Real Estate Inc,2018
HOUS,Anywhere Real Estate Inc,2019
HOUS,Anywhere Real Estate Inc,2020
HOUS,Anywhere Real Estate Inc,2021
HOUS,Anywhere Real Estate Inc,2022
HOUS,Anywhere Real Estate Inc,2023
PGTI,PGT Innovations Inc,2013
PGTI,PGT Innovations Inc,2014
PGTI,PGT Innovations Inc,2015
PGTI,PGT Innovations Inc,2016
PGTI,PGT Innovations Inc,2017
PGTI,PGT Innovations Inc,2018
PGTI,PGT Innovations Inc,2019
PGTI,PGT Innovations Inc,2020
PGTI,PGT Innovations Inc,2021
PGTI,PGT Innovations Inc,2022
DNKN,Dunkin' Brands Group Inc,2013
DNKN,Dunkin' Brands Group Inc,2014
DNKN,Dunkin' Brands Group Inc,2015
DNKN,Dunkin' Brands Group Inc,2016
DNKN,Dunkin' Brands Group Inc,2017
DNKN,Dunkin' Brands Group Inc,2018
DNKN,Dunkin' Brands Group Inc,2019
LTXB,LegacyTexas Financial Group Inc,2013
LTXB,LegacyTexas Financial Group Inc,2014
LTXB,LegacyTexas Financial Group Inc,2015
LTXB,LegacyTexas Financial Group Inc,2016
LTXB,LegacyTexas Financial Group Inc,2017
LTXB,LegacyTexas Financial Group Inc,2018
RVBD,Riverbed Technology Inc,2013
WINMQ,Windstream Holdings Inc,2013
WINMQ,Windstream Holdings Inc,2014
WINMQ,Windstream Holdings Inc,2015
WINMQ,Windstream Holdings Inc,2016
WINMQ,Windstream Holdings Inc,2017
WINMQ,Windstream Holdings Inc,2018
WINMQ,Windstream Holdings Inc,2019
IPHS,Innophos Holdings Inc,2013
IPHS,Innophos Holdings Inc,2014
IPHS,Innophos Holdings Inc,2015
IPHS,Innophos Holdings Inc,2016
IPHS,Innophos Holdings Inc,2017
IPHS,Innophos Holdings Inc,2018
SIRO,Sirona Dental Systems Inc,2013
SIRO,Sirona Dental Systems Inc,2014
SIRO,Sirona Dental Systems Inc,2015
SCMP,Sucampo Pharmaceuticals Inc,2013
SCMP,Sucampo Pharmaceuticals Inc,2014
SCMP,Sucampo Pharmaceuticals Inc,2015
SCMP,Sucampo Pharmaceuticals Inc,2016
HBI,Hanesbrands Inc,2013
HBI,Hanesbrands Inc,2014
HBI,Hanesbrands Inc,2015
HBI,Hanesbrands Inc,2016
HBI,Hanesbrands Inc,2017
HBI,Hanesbrands Inc,2018
HBI,Hanesbrands Inc,2019
HBI,Hanesbrands Inc,2020
HBI,Hanesbrands Inc,2021
HBI,Hanesbrands Inc,2022
HBI,Hanesbrands Inc,2023
HBI,Hanesbrands Inc,2024
SFLY,Shutterfly Inc,2013
SFLY,Shutterfly Inc,2014
SFLY,Shutterfly Inc,2015
SFLY,Shutterfly Inc,2016
SFLY,Shutterfly Inc,2017
SFLY,Shutterfly Inc,2018
DCT.1,DCT Industrial Trust Inc,2013
DCT.1,DCT Industrial Trust Inc,2014
DCT.1,DCT Industrial Trust Inc,2015
DCT.1,DCT Industrial Trust Inc,2016
DCT.1,DCT Industrial Trust Inc,2017
SE.7,Spectra Energy Corp,2013
SE.7,Spectra Energy Corp,2014
SE.7,Spectra Energy Corp,2015
SE.7,Spectra Energy Corp,2016
ORIT,Oritani Financial Corp,2013
ORIT,Oritani Financial Corp,2014
ORIT,Oritani Financial Corp,2015
ORIT,Oritani Financial Corp,2016
ORIT,Oritani Financial Corp,2017
ORIT,Oritani Financial Corp,2018
ORIT,Oritani Financial Corp,2019
TWC,Time Warner Cable Inc,2013
TWC,Time Warner Cable Inc,2014
TWC,Time Warner Cable Inc,2015
HF.3,HFF Inc,2013
HF.3,HFF Inc,2014
HF.3,HFF Inc,2015
HF.3,HFF Inc,2016
HF.3,HFF Inc,2017
HF.3,HFF Inc,2018
UFS,Domtar Corp,2013
UFS,Domtar Corp,2014
UFS,Domtar Corp,2015
UFS,Domtar Corp,2016
UFS,Domtar Corp,2017
UFS,Domtar Corp,2018
UFS,Domtar Corp,2019
UFS,Domtar Corp,2020
GLUU,Glu Mobile Inc,2013
GLUU,Glu Mobile Inc,2014
GLUU,Glu Mobile Inc,2015
GLUU,Glu Mobile Inc,2016
GLUU,Glu Mobile Inc,2017
GLUU,Glu Mobile Inc,2018
GLUU,Glu Mobile Inc,2019
GLUU,Glu Mobile Inc,2020
TYPE,Monotype Imaging Holdings Inc,2013
TYPE,Monotype Imaging Holdings Inc,2014
TYPE,Monotype Imaging Holdings Inc,2015
TYPE,Monotype Imaging Holdings Inc,2016
TYPE,Monotype Imaging Holdings Inc,2017
TYPE,Monotype Imaging Holdings Inc,2018
COV,Covidien Plc,2013
COV,Covidien Plc,2014
DFS,Discover Financial Services,2013
DFS,Discover Financial Services,2014
DFS,Discover Financial Services,2015
DFS,Discover Financial Services,2016
DFS,Discover Financial Services,2017
DFS,Discover Financial Services,2018
DFS,Discover Financial Services,2019
DFS,Discover Financial Services,2020
DFS,Discover Financial Services,2021
DFS,Discover Financial Services,2022
DFS,Discover Financial Services,2023
DFS,Discover Financial Services,2024
SLH,Solera Holdings Inc,2013
SLH,Solera Holdings Inc,2014
SLH,Solera Holdings Inc,2015
VRTU,Virtusa Corp,2013
VRTU,Virtusa Corp,2014
VRTU,Virtusa Corp,2015
VRTU,Virtusa Corp,2016
VRTU,Virtusa Corp,2017
VRTU,Virtusa Corp,2018
VRTU,Virtusa Corp,2019
CXO,Concho Resources Inc,2013
CXO,Concho Resources Inc,2014
CXO,Concho Resources Inc,2015
CXO,Concho Resources Inc,2016
CXO,Concho Resources Inc,2017
CXO,Concho Resources Inc,2018
CXO,Concho Resources Inc,2019
GTATQ,GT Advanced Technologies Inc,2013
REXXQ,Rex Energy Corp,2013
REXXQ,Rex Energy Corp,2014
REXXQ,Rex Energy Corp,2015
REXXQ,Rex Energy Corp,2016
REXXQ,Rex Energy Corp,2017
PMC,PharMerica Corp,2013
PMC,PharMerica Corp,2014
PMC,PharMerica Corp,2015
PMC,PharMerica Corp,2016
VSI,Vitamin Shoppe Inc,2013
VSI,Vitamin Shoppe Inc,2014
VSI,Vitamin Shoppe Inc,2015
VSI,Vitamin Shoppe Inc,2016
VSI,Vitamin Shoppe Inc,2017
VSI,Vitamin Shoppe Inc,2018
CTCT,Constant Contact Inc,2013
CTCT,Constant Contact Inc,2014
ZEP,Zep Inc,2013
ZEP,Zep Inc,2014
ROIC,Retail Opportunity Investments Corp,2013
ROIC,Retail Opportunity Investments Corp,2014
ROIC,Retail Opportunity Investments Corp,2015
ROIC,Retail Opportunity Investments Corp,2016
ROIC,Retail Opportunity Investments Corp,2017
ROIC,Retail Opportunity Investments Corp,2018
ROIC,Retail Opportunity Investments Corp,2019
ROIC,Retail Opportunity Investments Corp,2020
ROIC,Retail Opportunity Investments Corp,2021
ROIC,Retail Opportunity Investments Corp,2022
ROIC,Retail Opportunity Investments Corp,2023
IQNT,Inteliquent Inc,2013
IQNT,Inteliquent Inc,2014
IQNT,Inteliquent Inc,2015
AREXQ,Approach Resources Inc,2013
AREXQ,Approach Resources Inc,2014
AREXQ,Approach Resources Inc,2015
AREXQ,Approach Resources Inc,2016
AREXQ,Approach Resources Inc,2017
AREXQ,Approach Resources Inc,2018
LLFLQ,LL Flooring Holdings Inc,2013
LLFLQ,LL Flooring Holdings Inc,2014
LLFLQ,LL Flooring Holdings Inc,2015
LLFLQ,LL Flooring Holdings Inc,2016
LLFLQ,LL Flooring Holdings Inc,2017
LLFLQ,LL Flooring Holdings Inc,2018
LLFLQ,LL Flooring Holdings Inc,2019
LLFLQ,LL Flooring Holdings Inc,2020
LLFLQ,LL Flooring Holdings Inc,2021
LLFLQ,LL Flooring Holdings Inc,2022
LLFLQ,LL Flooring Holdings Inc,2023
RBCN,Rubicon Technology Inc,2013
RBCN,Rubicon Technology Inc,2014
RBCN,Rubicon Technology Inc,2015
RBCN,Rubicon Technology Inc,2016
RBCN,Rubicon Technology Inc,2017
RBCN,Rubicon Technology Inc,2018
RBCN,Rubicon Technology Inc,2019
RBCN,Rubicon Technology Inc,2020
RBCN,Rubicon Technology Inc,2021
RBCN,Rubicon Technology Inc,2022
SRCI,Src energy inc,2013
SRCI,Src energy inc,2014
SRCI,Src energy inc,2015
SRCI,Src energy inc,2016
SRCI,Src energy inc,2017
SRCI,Src energy inc,2018
ENTR.1,Entropic Communications Inc,2013
ENTR.1,Entropic Communications Inc,2014
MDAS,MedAssets Inc,2013
MDAS,MedAssets Inc,2014
DALN,DallasNews Corporation,2013
DALN,DallasNews Corporation,2014
DALN,DallasNews Corporation,2015
DALN,DallasNews Corporation,2016
DALN,DallasNews Corporation,2017
DALN,DallasNews Corporation,2018
DALN,DallasNews Corporation,2019
DALN,DallasNews Corporation,2020
DALN,DallasNews Corporation,2021
DALN,DallasNews Corporation,2022
DALN,DallasNews Corporation,2023
DALN,DallasNews Corporation,2024
IPCM,IPC Healthcare Inc,2013
IPCM,IPC Healthcare Inc,2014
CSII,Cardiovascular Systems Inc,2013
CSII,Cardiovascular Systems Inc,2014
CSII,Cardiovascular Systems Inc,2015
CSII,Cardiovascular Systems Inc,2016
CSII,Cardiovascular Systems Inc,2017
CSII,Cardiovascular Systems Inc,2018
CSII,Cardiovascular Systems Inc,2019
CSII,Cardiovascular Systems Inc,2020
CSII,Cardiovascular Systems Inc,2021
CSII,Cardiovascular Systems Inc,2022
BEAT.2,BioTelemetry Inc,2013
BEAT.2,BioTelemetry Inc,2014
BEAT.2,BioTelemetry Inc,2015
BEAT.2,BioTelemetry Inc,2016
BEAT.2,BioTelemetry Inc,2017
BEAT.2,BioTelemetry Inc,2018
BEAT.2,BioTelemetry Inc,2019
HI,Hillenbrand Inc,2013
HI,Hillenbrand Inc,2014
HI,Hillenbrand Inc,2015
HI,Hillenbrand Inc,2016
HI,Hillenbrand Inc,2017
HI,Hillenbrand Inc,2018
HI,Hillenbrand Inc,2019
HI,Hillenbrand Inc,2020
HI,Hillenbrand Inc,2021
HI,Hillenbrand Inc,2022
HI,Hillenbrand Inc,2023
HI,Hillenbrand Inc,2024
LOGM,LogMeIn Inc,2013
LOGM,LogMeIn Inc,2014
LOGM,LogMeIn Inc,2015
LOGM,LogMeIn Inc,2016
LOGM,LogMeIn Inc,2017
LOGM,LogMeIn Inc,2018
LOGM,LogMeIn Inc,2019
SWI,SolarWinds Corp,2013
SWI,SolarWinds Corp,2014
SWI,SolarWinds Corp,2017
SWI,SolarWinds Corp,2018
SWI,SolarWinds Corp,2019
SWI,SolarWinds Corp,2020
SWI,SolarWinds Corp,2021
SWI,SolarWinds Corp,2022
SWI,SolarWinds Corp,2023
DPS,Dr Pepper Snapple Group Inc,2013
DPS,Dr Pepper Snapple Group Inc,2014
DPS,Dr Pepper Snapple Group Inc,2015
DPS,Dr Pepper Snapple Group Inc,2016
DPS,Dr Pepper Snapple Group Inc,2017
RAX,Rackspace Hosting Inc,2013
RAX,Rackspace Hosting Inc,2014
RAX,Rackspace Hosting Inc,2015
ECHO,Echo Global Logistics Inc,2013
ECHO,Echo Global Logistics Inc,2014
ECHO,Echo Global Logistics Inc,2015
ECHO,Echo Global Logistics Inc,2016
ECHO,Echo Global Logistics Inc,2017
ECHO,Echo Global Logistics Inc,2018
ECHO,Echo Global Logistics Inc,2019
ECHO,Echo Global Logistics Inc,2020
SNI.1,Scripps Networks Interactive Inc,2013
SNI.1,Scripps Networks Interactive Inc,2014
SNI.1,Scripps Networks Interactive Inc,2015
SNI.1,Scripps Networks Interactive Inc,2016
SNI.1,Scripps Networks Interactive Inc,2017
BKI,Black Knight Inc,2014
BKI,Black Knight Inc,2015
BKI,Black Knight Inc,2016
BKI,Black Knight Inc,2017
BKI,Black Knight Inc,2018
BKI,Black Knight Inc,2019
BKI,Black Knight Inc,2020
BKI,Black Knight Inc,2021
BKI,Black Knight Inc,2022
ILG,ILG Inc,2013
ILG,ILG Inc,2014
ILG,ILG Inc,2015
ILG,ILG Inc,2016
ILG,ILG Inc,2017
HSNI,HSN Inc,2013
HSNI,HSN Inc,2014
HSNI,HSN Inc,2015
HSNI,HSN Inc,2016
ATVI,Activision Blizzard Inc,2013
ATVI,Activision Blizzard Inc,2014
ATVI,Activision Blizzard Inc,2015
ATVI,Activision Blizzard Inc,2016
ATVI,Activision Blizzard Inc,2017
ATVI,Activision Blizzard Inc,2018
ATVI,Activision Blizzard Inc,2019
ATVI,Activision Blizzard Inc,2020
ATVI,Activision Blizzard Inc,2021
ATVI,Activision Blizzard Inc,2022
BERY,Berry Global Group Inc,2013
BERY,Berry Global Group Inc,2014
BERY,Berry Global Group Inc,2015
BERY,Berry Global Group Inc,2016
BERY,Berry Global Group Inc,2017
BERY,Berry Global Group Inc,2018
BERY,Berry Global Group Inc,2019
BERY,Berry Global Group Inc,2020
BERY,Berry Global Group Inc,2021
BERY,Berry Global Group Inc,2022
BERY,Berry Global Group Inc,2023
BERY,Berry Global Group Inc,2024
RRTS,Roadrunner Transportation Systems Inc,2013
RRTS,Roadrunner Transportation Systems Inc,2014
RRTS,Roadrunner Transportation Systems Inc,2015
RRTS,Roadrunner Transportation Systems Inc,2016
RRTS,Roadrunner Transportation Systems Inc,2017
RRTS,Roadrunner Transportation Systems Inc,2018
RRTS,Roadrunner Transportation Systems Inc,2019
STRI,STR Holdings Inc,2013
STRI,STR Holdings Inc,2014
STRI,STR Holdings Inc,2015
STRI,STR Holdings Inc,2016
STRI,STR Holdings Inc,2017
STRI,STR Holdings Inc,2018
CLDPQ,Cloud Peak Energy Inc,2013
CLDPQ,Cloud Peak Energy Inc,2014
CLDPQ,Cloud Peak Energy Inc,2015
CLDPQ,Cloud Peak Energy Inc,2016
CLDPQ,Cloud Peak Energy Inc,2017
CLDPQ,Cloud Peak Energy Inc,2018
AVIV.1,Aviv REIT Inc,2013
AVIV.1,Aviv REIT Inc,2014
MJN,Mead Johnson Nutrition Co,2013
MJN,Mead Johnson Nutrition Co,2014
MJN,Mead Johnson Nutrition Co,2015
MJN,Mead Johnson Nutrition Co,2016
MDRX,Veradigm Inc,2013
MDRX,Veradigm Inc,2014
MDRX,Veradigm Inc,2015
MDRX,Veradigm Inc,2016
MDRX,Veradigm Inc,2017
MDRX,Veradigm Inc,2018
MDRX,Veradigm Inc,2019
MDRX,Veradigm Inc,2020
MDRX,Veradigm Inc,2021
MDRX,Veradigm Inc,2022
SLCA,U.S. Silica Holdings Inc,2013
SLCA,U.S. Silica Holdings Inc,2014
SLCA,U.S. Silica Holdings Inc,2015
SLCA,U.S. Silica Holdings Inc,2016
SLCA,U.S. Silica Holdings Inc,2017
SLCA,U.S. Silica Holdings Inc,2018
SLCA,U.S. Silica Holdings Inc,2019
SLCA,U.S. Silica Holdings Inc,2020
SLCA,U.S. Silica Holdings Inc,2021
SLCA,U.S. Silica Holdings Inc,2022
SLCA,U.S. Silica Holdings Inc,2023
MDSO,Medidata Solutions Inc,2013
MDSO,Medidata Solutions Inc,2014
MDSO,Medidata Solutions Inc,2015
MDSO,Medidata Solutions Inc,2016
MDSO,Medidata Solutions Inc,2017
MDSO,Medidata Solutions Inc,2018
OPEN.4,OpenTable Inc,2013
OPITQ,Office Properties Income Trust,2013
OPITQ,Office Properties Income Trust,2014
OPITQ,Office Properties Income Trust,2015
OPITQ,Office Properties Income Trust,2016
OPITQ,Office Properties Income Trust,2017
OPITQ,Office Properties Income Trust,2018
OPITQ,Office Properties Income Trust,2019
OPITQ,Office Properties Income Trust,2020
OPITQ,Office Properties Income Trust,2021
OPITQ,Office Properties Income Trust,2022
OPITQ,Office Properties Income Trust,2023
OPITQ,Office Properties Income Trust,2024
CFN,CareFusion Corp,2013
CFN,CareFusion Corp,2014
RCM,R1 RCM Inc,2013
RCM,R1 RCM Inc,2014
RCM,R1 RCM Inc,2015
RCM,R1 RCM Inc,2016
RCM,R1 RCM Inc,2017
RCM,R1 RCM Inc,2018
RCM,R1 RCM Inc,2019
RCM,R1 RCM Inc,2020
RCM,R1 RCM Inc,2021
RCM,R1 RCM Inc,2022
RCM,R1 RCM Inc,2023
AOL,AOL Inc,2013
AOL,AOL Inc,2014
CHSP,Chesapeake Lodging Trust,2013
CHSP,Chesapeake Lodging Trust,2014
CHSP,Chesapeake Lodging Trust,2015
CHSP,Chesapeake Lodging Trust,2016
CHSP,Chesapeake Lodging Trust,2017
CHSP,Chesapeake Lodging Trust,2018
FNGN,Financial Engines Inc,2013
FNGN,Financial Engines Inc,2014
FNGN,Financial Engines Inc,2015
FNGN,Financial Engines Inc,2016
FNGN,Financial Engines Inc,2017
EXPRQ,Express Inc,2013
EXPRQ,Express Inc,2014
EXPRQ,Express Inc,2015
EXPRQ,Express Inc,2016
EXPRQ,Express Inc,2017
EXPRQ,Express Inc,2018
EXPRQ,Express Inc,2019
EXPRQ,Express Inc,2020
EXPRQ,Express Inc,2021
EXPRQ,Express Inc,2022
EXPRQ,Express Inc,2023
ONE.2,Higher One Holdings Inc,2013
ONE.2,Higher One Holdings Inc,2014
ONE.2,Higher One Holdings Inc,2015
ENV,Envestnet Inc,2013
ENV,Envestnet Inc,2014
ENV,Envestnet Inc,2015
ENV,Envestnet Inc,2016
ENV,Envestnet Inc,2017
ENV,Envestnet Inc,2018
ENV,Envestnet Inc,2019
ENV,Envestnet Inc,2020
ENV,Envestnet Inc,2021
ENV,Envestnet Inc,2022
ENV,Envestnet Inc,2023
TNGO,Tangoe Inc,2013
TNGO,Tangoe Inc,2014
COR.4,CoreSite Realty Corp,2013
COR.4,CoreSite Realty Corp,2014
COR.4,CoreSite Realty Corp,2015
COR.4,CoreSite Realty Corp,2016
COR.4,CoreSite Realty Corp,2017
COR.4,CoreSite Realty Corp,2018
COR.4,CoreSite Realty Corp,2019
COR.4,CoreSite Realty Corp,2020
GLBR,Global Brokerage Inc,2013
GLBR,Global Brokerage Inc,2014
GLBR,Global Brokerage Inc,2015
GLBR,Global Brokerage Inc,2016
EXAM,ExamWorks Group Inc,2013
EXAM,ExamWorks Group Inc,2014
EXAM,ExamWorks Group Inc,2015
SGNT,Sagent Pharmaceuticals Inc,2013
SGNT,Sagent Pharmaceuticals Inc,2014
SGNT,Sagent Pharmaceuticals Inc,2015
AL,Air Lease Corp,2013
AL,Air Lease Corp,2014
AL,Air Lease Corp,2015
AL,Air Lease Corp,2016
AL,Air Lease Corp,2017
AL,Air Lease Corp,2018
AL,Air Lease Corp,2019
AL,Air Lease Corp,2020
AL,Air Lease Corp,2021
AL,Air Lease Corp,2022
AL,Air Lease Corp,2023
AL,Air Lease Corp,2024
CJ,C&J Energy Services Inc,2013
CJ,C&J Energy Services Inc,2014
CJ,C&J Energy Services Inc,2015
CJ,C&J Energy Services Inc,2016
CJ,C&J Energy Services Inc,2017
CJ,C&J Energy Services Inc,2018
FRANQ,FHC Holdings Corp,2013
FRANQ,FHC Holdings Corp,2014
FRANQ,FHC Holdings Corp,2015
FRANQ,FHC Holdings Corp,2016
FRANQ,FHC Holdings Corp,2017
FRANQ,FHC Holdings Corp,2018
FRANQ,FHC Holdings Corp,2019
WAGE,WageWorks Inc,2013
WAGE,WageWorks Inc,2014
WAGE,WageWorks Inc,2015
WAGE,WageWorks Inc,2016
WAGE,WageWorks Inc,2017
WAGE,WageWorks Inc,2018
WPX,WPX Energy Inc,2013
WPX,WPX Energy Inc,2014
WPX,WPX Energy Inc,2015
WPX,WPX Energy Inc,2016
WPX,WPX Energy Inc,2017
WPX,WPX Energy Inc,2018
WPX,WPX Energy Inc,2019
HMST,HomeStreet Inc,2013
HMST,HomeStreet Inc,2014
HMST,HomeStreet Inc,2015
HMST,HomeStreet Inc,2016
HMST,HomeStreet Inc,2017
HMST,HomeStreet Inc,2018
HMST,HomeStreet Inc,2019
HMST,HomeStreet Inc,2020
HMST,HomeStreet Inc,2021
HMST,HomeStreet Inc,2022
HMST,HomeStreet Inc,2023
HMST,HomeStreet Inc,2024
TSE,Trinseo PLC,2013
TSE,Trinseo PLC,2014
TSE,Trinseo PLC,2015
TSE,Trinseo PLC,2016
TSE,Trinseo PLC,2017
TSE,Trinseo PLC,2018
TSE,Trinseo PLC,2019
TSE,Trinseo PLC,2020
TSE,Trinseo PLC,2021
TSE,Trinseo PLC,2022
TSE,Trinseo PLC,2023
TSE,Trinseo PLC,2024
ZLTQ,ZELTIQ Aesthetics Inc,2013
ZLTQ,ZELTIQ Aesthetics Inc,2014
ZLTQ,ZELTIQ Aesthetics Inc,2015
ZLTQ,ZELTIQ Aesthetics Inc,2016
REGI,Renewable Energy Group Inc,2013
REGI,Renewable Energy Group Inc,2014
REGI,Renewable Energy Group Inc,2015
REGI,Renewable Energy Group Inc,2016
REGI,Renewable Energy Group Inc,2017
REGI,Renewable Energy Group Inc,2018
REGI,Renewable Energy Group Inc,2019
REGI,Renewable Energy Group Inc,2020
REGI,Renewable Energy Group Inc,2021
CIVI,Civitas Resources Inc,2013
CIVI,Civitas Resources Inc,2014
CIVI,Civitas Resources Inc,2015
CIVI,Civitas Resources Inc,2016
CIVI,Civitas Resources Inc,2017
CIVI,Civitas Resources Inc,2018
CIVI,Civitas Resources Inc,2019
CIVI,Civitas Resources Inc,2020
CIVI,Civitas Resources Inc,2021
CIVI,Civitas Resources Inc,2022
CIVI,Civitas Resources Inc,2023
CIVI,Civitas Resources Inc,2024
ERA,Era Group Inc,2013
ERA,Era Group Inc,2014
ERA,Era Group Inc,2015
ERA,Era Group Inc,2016
ERA,Era Group Inc,2017
ERA,Era Group Inc,2018
ERA,Era Group Inc,2019
CHUY,Chuy's Holdings Inc,2013
CHUY,Chuy's Holdings Inc,2014
CHUY,Chuy's Holdings Inc,2015
CHUY,Chuy's Holdings Inc,2016
CHUY,Chuy's Holdings Inc,2017
CHUY,Chuy's Holdings Inc,2018
CHUY,Chuy's Holdings Inc,2019
CHUY,Chuy's Holdings Inc,2020
CHUY,Chuy's Holdings Inc,2021
CHUY,Chuy's Holdings Inc,2022
CHUY,Chuy's Holdings Inc,2023
FRGI,Fiesta Restaurant Group Inc,2013
FRGI,Fiesta Restaurant Group Inc,2014
FRGI,Fiesta Restaurant Group Inc,2015
FRGI,Fiesta Restaurant Group Inc,2016
FRGI,Fiesta Restaurant Group Inc,2017
FRGI,Fiesta Restaurant Group Inc,2018
FRGI,Fiesta Restaurant Group Inc,2019
FRGI,Fiesta Restaurant Group Inc,2020
FRGI,Fiesta Restaurant Group Inc,2021
FRGI,Fiesta Restaurant Group Inc,2022
VTLE,Vital Energy Inc,2013
VTLE,Vital Energy Inc,2014
VTLE,Vital Energy Inc,2015
VTLE,Vital Energy Inc,2016
VTLE,Vital Energy Inc,2017
VTLE,Vital Energy Inc,2018
VTLE,Vital Energy Inc,2019
VTLE,Vital Energy Inc,2020
VTLE,Vital Energy Inc,2021
VTLE,Vital Energy Inc,2022
VTLE,Vital Energy Inc,2023
VTLE,Vital Energy Inc,2024
XLS,Exelis Inc,2013
XLS,Exelis Inc,2014
LMOS,Lumos Networks Corp,2013
LMOS,Lumos Networks Corp,2014
LMOS,Lumos Networks Corp,2015
LMOS,Lumos Networks Corp,2016
TLMR,Talmer Bancorp Inc,2013
TLMR,Talmer Bancorp Inc,2014
TLMR,Talmer Bancorp Inc,2015
BNNY,Annie's Inc,2013
WCG,WellCare Health Plans Inc,2013
WCG,WellCare Health Plans Inc,2014
WCG,WellCare Health Plans Inc,2015
WCG,WellCare Health Plans Inc,2016
WCG,WellCare Health Plans Inc,2017
WCG,WellCare Health Plans Inc,2018
NUVA,NuVasive Inc,2013
NUVA,NuVasive Inc,2014
NUVA,NuVasive Inc,2015
NUVA,NuVasive Inc,2016
NUVA,NuVasive Inc,2017
NUVA,NuVasive Inc,2018
NUVA,NuVasive Inc,2019
NUVA,NuVasive Inc,2020
NUVA,NuVasive Inc,2021
NUVA,NuVasive Inc,2022
NILE.,Blue Nile Inc,2013
NILE.,Blue Nile Inc,2014
NILE.,Blue Nile Inc,2015
GHL,Greenhill & Co Inc,2013
GHL,Greenhill & Co Inc,2014
GHL,Greenhill & Co Inc,2015
GHL,Greenhill & Co Inc,2016
GHL,Greenhill & Co Inc,2017
GHL,Greenhill & Co Inc,2018
GHL,Greenhill & Co Inc,2019
GHL,Greenhill & Co Inc,2020
GHL,Greenhill & Co Inc,2021
GHL,Greenhill & Co Inc,2022
CATM,Cardtronics plc,2016
CATM,Cardtronics plc,2017
CATM,Cardtronics plc,2018
CATM,Cardtronics plc,2019
CATM,Cardtronics plc,2020
MNTA,Momenta Pharmaceuticals Inc,2013
MNTA,Momenta Pharmaceuticals Inc,2014
MNTA,Momenta Pharmaceuticals Inc,2015
MNTA,Momenta Pharmaceuticals Inc,2016
MNTA,Momenta Pharmaceuticals Inc,2017
MNTA,Momenta Pharmaceuticals Inc,2018
MNTA,Momenta Pharmaceuticals Inc,2019
CAB,Cabela's Inc,2013
CAB,Cabela's Inc,2014
CAB,Cabela's Inc,2015
CAB,Cabela's Inc,2016
GSM.3,Globe Specialty Metals Inc,2013
GSM.3,Globe Specialty Metals Inc,2014
GSM.3,Globe Specialty Metals Inc,2015
