firm_cik,firm_ticker,fiscal_year,filename,filing_date,period_end_date,asset_category,useful_life_text,useful_life_min_years,useful_life_max_years,policy_change,policy_change_text,ai_infra_text,ai_infra_source,segment_ai_text,hardware_mentions,hardware_count,source_section,section_title,confidence,ambiguity_flag,ambiguity_detail,item8_method,item8_segment_count,extraction_status,error_message
0000007536,ARW,2013,0000007536_ARW_FY2013_10K.html,,,Capitalized software,"Capitalized software costs are amortized on a straight-line basis over the estimated useful life of the software, which is generally",,,No,,Not disclosed,,Not disclosed,,0,item_8_other,,1,False,,"score=4,idx=9894,zone=23641",865,OK,
0000007536,ARW,2014,0000007536_ARW_FY2014_10K.html,,,Capitalized software,"Capitalized software costs are amortized on a straight-line basis over the estimated useful life of the software, which is generally",,,No,,Not disclosed,,Not disclosed,,0,item_8_other,,1,False,,"score=4,idx=10012,zone=22390",878,OK,
0000007536,ARW,2015,0000007536_ARW_FY2015_10K.html,,,Capitalized software,"Capitalized software costs are amortized on a straight-line basis over the estimated useful life of the software, which is generally",,,No,,Not disclosed,,Not disclosed,,0,item_8_other,,1,False,,"score=4,idx=9943,zone=22749",893,OK,
0000007536,ARW,2016,0000007536_ARW_FY2016_10K.html,,,Capitalized software,"Capitalized software costs are amortized on a straight-line basis over the estimated useful life of the software, which is generally",,,Yes,"During 2016, the company changed the useful life on its global ERP software from ten to twelve years.",Not disclosed,,Not disclosed,,0,item_8_other,,1,False,,"score=4,idx=10173,zone=21439",813,OK,
0000007536,ARW,2017,0000007536_ARW_FY2017_10K.html,,,Capitalized software,"Capitalized software costs are amortized on a straight-line basis over the estimated useful life of the software, which is generally",,,Yes,"During 2016, the company changed the useful life on its global ERP software from ten to twelve years.",Not disclosed,,Not disclosed,,0,item_8_other,,1,False,,"score=4,idx=10444,zone=21768",869,OK,
0000007536,ARW,2018,0000007536_ARW_FY2018_10K.html,,"December 31, 2018","Capitalized software, Machinery and equipment","Capitalized software costs are amortized on a straight-line basis over the estimated useful life of the software, which is generally three to twelve years. During 2016, the company changed the useful life on its global ERP software from ten to twelve years.",3.0,12.0,Yes,"Capitalized software costs are amortized on a straight-line basis over the estimated useful life of the software, which is generally three to twelve years. During 2016, the company changed the useful life on its global ERP software from ten to twelve years.","in charges related to relocation and infrastructure upgrades of the company’s data centers, and other centralization efforts to maximize operating efficiencies.",Item 8,"In August 2018, the Financial Accounting Standards Board (“FASB”) issued Accounting Standards Update No. 2018-15, Intangibles—Goodwill and Other— Internal-Use Software (Subtopic 350-40): Customer’s Accounting for Implementation Costs Incurred in a Cloud Computing Arrangement That Is a Service Contract (a consensus of the FASB Emerging Issues Task Force) (""ASU No. 2018-15""). ASU No. 2018-15 aligns the requirements for capitalizing implementation costs incurred in a hosting arrangement that is a service contract with the requirements for capitalizing implementation costs incurred to develop internal-use software. ASU No. 2018-15 is effective for the company in the first quarter of 2020, with early adoption permitted, and is to be applied either retrospectively or prospectively. The company is currently evaluating the potential effects of adopting the provisions of ASU No. 2018-15. The adoption is not expected to be material to the financial statements. ||| Intangibles—Goodwill and Other— Internal-Use Software (Subtopic 350-40): Customer’s Accounting for Implementation Costs Incurred in a Cloud Computing Arrangement That Is a Service Contract (a consensus of the FASB Emerging Issues Task Force)",,0,significant_accounting_policies,1. Summary of Significant Accounting Policies,3,True,3.0-10.0 ans | 3.0-12.0 ans | 10.0-12.0 ans,"score=4,idx=13228,zone=24997",858,OK,
0000007536,ARW,2019,0000007536_ARW_FY2019_10K.html,,"December 31, 2019","Capitalized software, Machinery and equipment","Capitalized software costs are amortized on a straight-line basis over the estimated useful life of the software, which is generally three to twelve years.",3.0,12.0,Unclear,"in estimated useful lives. The company estimated the fair value of the trade names to be $55,000 using the relief from royalty method and recorded a non-cash impairment charge of $46,000 ( $34,653 net of tax) during the second quarter of 2019. The drivers of the impairment were primarily due to the shortened useful lives of the asset and a decline of the forecasted revenues attributable to the trade names as integration to the Arrow brand occurs over the estimated remaining useful lives.","in charges related to relocation and infrastructure upgrades of the company's data centers, and other centralization efforts to maximize operating efficiencies.",Item 8,"In August 2018, the FASB issued Accounting Standards Update No. 2018-15, Intangibles—Goodwill and Other— Internal-Use Software (Subtopic 350-40): Customer's Accounting for Implementation Costs Incurred in a Cloud Computing Arrangement That Is a Service Contract (a consensus of the FASB Emerging Issues Task Force) (“ASU No. 2018-15”). ASU No. 2018-15 aligns the requirements for capitalizing implementation costs incurred in a hosting arrangement that is a service contract with the requirements for capitalizing implementation costs incurred to develop internal-use software. Effective September 29, 2019 the company adopted the provisions of ASU 2018-15 on a prospective basis, and the impact was not material to our financial position, results of operations or cash flows. ||| Intangibles—Goodwill and Other— Internal-Use Software (Subtopic 350-40): Customer's Accounting for Implementation Costs Incurred in a Cloud Computing Arrangement That Is a Service Contract (a consensus of the FASB Emerging Issues Task Force)",,0,significant_accounting_policies,1. Summary of Significant Accounting Policies,3,True,3.0-10.0 ans | 3.0-12.0 ans,"score=4,idx=11254,zone=22181",909,OK,
0000007536,ARW,2020,0000007536_ARW_FY2020_10K.html,,2020-12-31,"Capitalized software, Machinery and equipment","Capitalized software costs are amortized on a straight-line basis over the estimated useful life of the software, which is generally three to twelve years.",3.0,12.0,Unclear,"During the second quarter of 2019, the company initiated actions to further integrate two global components businesses. These businesses held indefinite-lived trade names with a carrying value of $101,000. As a result of the company's decision to integrate these brands, we determined the useful lives of the trade names were no longer indefinite. Subsequent to the second quarter of 2019, the company began amortizing these trade names over their estimated remaining useful lives. The trade names were tested for impairment during the second quarter of 2019 as a result of the change in estimated useful lives. The company estimated the fair value of the trade names to be $55,000 using the relief from royalty method and recorded a non-cash impairment charge of $46,000 ($34,653 net of tax). The drivers of the impairment were primarily due to the shortened useful lives of the asset and a decline of the forecasted revenues attributable to the trade names as integration to the Arrow brand occurs over the estimated remaining useful lives.","Included in restructuring, integration, and other charges for 2018 are other expenses of $29,146, which include acquisition-related charges of $10,236 related to professional and other fees directly related to recent acquisition activity as well as contingent consideration for acquisitions completed in prior years, and charges of $11,188 related to relocation and infrastructure upgrades of the company's data centers, and other centralization efforts to maximize operating efficiencies.",Item 8,Not disclosed,,0,significant_accounting_policies,1. Summary of Significant Accounting Policies,3,True,3.0-10.0 ans | 3.0-12.0 ans,"score=2,idx=7606,zone=10690",602,OK,
0000007536,ARW,2021,0000007536_ARW_FY2021_10K.html,,"December 31, 2021","Capitalized software, Machinery and equipment","Capitalized software costs are amortized on a straight-line basis over the estimated useful life of the software, which is generally three to twelve years.",3.0,12.0,Unclear,"During the second quarter of 2019, the company initiated actions to further integrate two global components businesses. These businesses held indefinite-lived trade names with a carrying value of $101,000. As a result of the company's decision to integrate these brands, it determined the useful lives of the trade names were no longer indefinite. Subsequent to the second quarter of 2019, the company began amortizing these trade names over their estimated remaining useful lives. The trade names were tested for impairment during the second quarter of 2019 as a result of the change in estimated useful lives. The company estimated the fair value of the trade names to be $55,000 using the relief from royalty method and recorded a non-cash impairment charge of $46,000 ($34,653 net of tax). The drivers of the impairment were primarily due to the shortened useful lives of the asset and a decline of the forecasted revenues attributable to the trade names as integration to the Arrow brand occurs over the estimated remaining useful lives.","Compared with the year-earlier period, global ECS business segment sales for 2020 decreased $51.2 million, or 0.6%, as reported. Decreases were primarily due to lower sales of IT solutions, including data center and hybrid cloud, in the Americas region, offset primarily by strengthening demand in the EMEA region for infrastructure software across the portfolio. Non-GAAP global components sales decreased 2.3% in 2021, compared with the year-earlier period.",MD&A (Item 7),Not disclosed,,0,significant_accounting_policies,1. Summary of Significant Accounting Policies,3,True,3.0-10.0 ans | 3.0-12.0 ans,"score=2,idx=7642,zone=9841",568,OK,
0000007536,ARW,2022,0000007536_ARW_FY2022_10K.html,,"December 31, 2022","Capitalized software, Machinery and equipment","Capitalized software costs are amortized on a straight-line basis over the estimated useful life of the software, which is generally three to twelve years.",3.0,12.0,No,,Not disclosed,,Not disclosed,,0,significant_accounting_policies,1. Summary of Significant Accounting Policies,3,True,3.0-10.0 ans | 3.0-12.0 ans,"score=2,idx=7533,zone=10098",592,OK,
0000007536,ARW,2023,0000007536_ARW_FY2023_10K.html,,"December 31, 2023",Not disclosed,Not disclosed,,,No,,Not disclosed,,"The company maintains over 180 sales facilities and 39 distribution and value-added centers, serving over 85 countries. The company has operations in each of the three largest electronics markets; the Americas; the Europe, Middle East, and Africa (“EMEA”); and the Asia/Pacific regions. Arrow’s business strategy is to be the premier, technology-centric, go-to-market and supply chain services company on the planet. The company guides innovation forward by helping its customers in the areas of industrial automation, edge computing, cloud computing, and smart and connected devices, homes, cities, and transportation to deliver new technologies that help to improve businesses’ performance and consumers’ lives. Arrow aggregates disparate sources of electronics components, infrastructure software, and IT hardware to increasingly provide complete solutions for customers on behalf of its suppliers. The company aims to accelerate its customers’ time to market, enable secure and consistent supply chains, and drive growth on behalf of its suppliers.",,0,unknown,,0,False,,"score=8,idx=10110,zone=16591",198,OK,
0000007536,ARW,2024,0000007536_ARW_FY2024_10K.html,,"December 31, 2024",Not disclosed,Not disclosed,,,No,,Not disclosed,,"The company has operations in each of the three largest electronics markets; the Americas; the EMEA; and the Asia/Pacific regions. Arrow’s business strategy is to be the premier, technology-centric, go-to-market and supply chain services company. The company’s portfolio is designed to enable technology across major industries and markets including industrial automation, edge and cloud computing, smart and connected devices, and transportation to deliver new technologies. Arrow aggregates disparate sources of electronics components, infrastructure software, and IT hardware to engineer complete solutions for customers on behalf of its suppliers. The company aims to help enable secure and consistent supply chains, and drive growth on behalf of its suppliers.",,0,unknown,,0,False,,"score=8,idx=13176,zone=18518",230,OK,
0000008670,ADP,2013,0000008670_ADP_FY2013_10K.html,,"June 30, 2013",equipment,"Property, plant and equipment is stated at cost and depreciated over the estimated useful lives of the assets using the straight-line method.",,,No,,related to our data center and other facility improvements made to support our operations. We expect capital expenditures in fiscal,MD&A (Item 7),Not disclosed,,0,significant_accounting_policies,NOTE 1. SUMMARY OF SIGNIFICANT ACCOUNTING POLICIES,3,True,3.0 ans | 5.0 ans,"score=4,idx=14740,zone=25145",829,OK,
0000008670,ADP,2014,0000008670_ADP_FY2014_10K.html,,"June 30, 2014",equipment,"Property, plant and equipment is stated at cost and depreciated over the estimated useful lives of the assets using the straight-line method.",,,No,,related to our data center and other facility improvements made to support our operations. We expect capital expenditures in fiscal,MD&A (Item 7),Not disclosed,,0,significant_accounting_policies,NOTE 1. SUMMARY OF SIGNIFICANT ACCOUNTING POLICIES,3,True,3.0 ans | 5.0 ans,"score=4,idx=15028,zone=25063",851,OK,
0000008670,ADP,2015,0000008670_ADP_FY2015_10K.html,,"June 30, 2015",equipment,"Property, plant and equipment is stated at cost and depreciated over the estimated useful lives of the assets using the straight-line method.",,,No,,related to our data center and other facility improvements were made to support our operations. We expect capital expenditures in fiscal,MD&A (Item 7),"In April 2015, the Financial Accounting Standards Board (""FASB"") issued Accounting Standards Update (""ASU"") 2015-05, Customer's Accounting for Fees Paid in a Cloud Computing Arrangement. The update provides guidance on whether a cloud computing arrangement includes a software license. If a cloud computing arrangement includes a software license, then the customer should account for the software license element of the arrangement consistent with the acquisition of other software licenses. If a cloud computing arrangement does not include a software license, the customer should account for the arrangement as a service contract. ASU No. 2015-05 is effective for fiscal years, and interim periods within those fiscal years, beginning after December 15, 2015. Early adoption is permitted. We have not yet determined the impact of ASU 2015-05 on our consolidated results of operations, financial condition, or cash flows.",,0,significant_accounting_policies,NOTE 1. SUMMARY OF SIGNIFICANT ACCOUNTING POLICIES,3,False,,"score=4,idx=11552,zone=25456",850,OK,
0000008670,ADP,2016,0000008670_ADP_FY2016_10K.html,,"June 30, 2016",Equipment,"Property, plant and equipment is stated at cost and depreciated over the estimated useful lives of the assets using the straight-line method.",,,Yes,"ASU 2015-05 is expected to change the geography of certain software licenses on the Statements of Consolidated Earnings (from operating expenses to depreciation and amortization) and the Consolidated Statements of Cash Flow (from operating cash flows to investing cash flows), as well as result in additional intangible assets on the Consolidate Balance Sheet.",Not disclosed,,"In April 2015, the FASB issued ASU 2015-05, ""Customer's Accounting for Fees Paid in a Cloud Computing Arrangement."" The update provides guidance on whether a cloud computing arrangement includes a software license. If a cloud computing arrangement includes a software license, then the customer should account for the software license element of the arrangement consistent with the acquisition of other software licenses. If a cloud computing arrangement does not include a software license, the customer should account for the arrangement as a service contract. ASU 2015-05 is effective for fiscal years, and interim periods within those fiscal years, beginning after December 15, 2015. Early adoption is permitted. The Company intends to prospectively adopt ASU 2015-05 on July 1, 2016. ASU 2015-05 is expected to change the geography of certain software licenses on the Statements of Consolidated Earnings (from operating expenses to depreciation and amortization) and the Consolidated Statements of Cash Flow (from operating cash flows to investing cash flows), as well as result in additional intangible assets on the Consolidate Balance Sheet. The magnitude of these changes is dependent upon new or materially modified software licenses entered into after July 1, 2016.",,0,significant_accounting_policies,NOTE 1 . SUMMARY OF SIGNIFICANT ACCOUNTING POLICIES,3,False,,"score=4,idx=14547,zone=25013",858,OK,
0000008670,ADP,2017,0000008670_ADP_FY2017_10K.html,,"June 30, 2017",Equipment,"Property, plant and equipment is stated at cost less accumulated depreciation on the Consolidated Balance Sheets.",,,Yes,"In July 2016, the Company prospectively adopted ASU 2015-05, ""Customer's Accounting for Fees Paid in a Cloud Computing Arrangement."" The update provides guidance on whether a cloud computing arrangement includes a software license. For new and materially modified cloud computing arrangements that include a software license entered into after July 1, 2016, the Company accounts for the software license element consistent with the acquisition of other software licenses. If the new or materially modified cloud computing arrangement does not include a software license, the Company accounts for the arrangement as a service contract. The adoption of ASU 2015-05 did not have a material impact on the Company's consolidated results of operations, financial condition, or cash flows.",Not disclosed,,"In July 2016, the Company prospectively adopted ASU 2015-05, ""Customer's Accounting for Fees Paid in a Cloud Computing Arrangement."" The update provides guidance on whether a cloud computing arrangement includes a software license. For new and materially modified cloud computing arrangements that include a software license entered into after July 1, 2016, the Company accounts for the software license element consistent with the acquisition of other software licenses. If the new or materially modified cloud computing arrangement does not include a software license, the Company accounts for the arrangement as a service contract. The adoption of ASU 2015-05 did not have a material impact on the Company's consolidated results of operations, financial condition, or cash flows.",,0,significant_accounting_policies,NOTE 1 . SUMMARY OF SIGNIFICANT ACCOUNTING POLICIES,3,False,,"score=4,idx=15636,zone=25158",880,OK,
0000008670,ADP,2018,0000008670_ADP_FY2018_10K.html,,"June 30, 2018",Equipment,"Property, plant and equipment is stated at cost less accumulated depreciation on the Consolidated Balance Sheets.",,,No,,Not disclosed,,Not disclosed,,0,significant_accounting_policies,NOTE 1 . SUMMARY OF SIGNIFICANT ACCOUNTING POLICIES,3,False,,"score=4,idx=15438,zone=26424",899,OK,
0000008670,ADP,2019,0000008670_ADP_FY2019_10K.html,,"June 30, 2019",Equipment,"Property, plant and equipment is stated at cost less accumulated depreciation on the Consolidated Balance Sheets.",,,Yes,"Effective October 1, 2018, the Company prospectively adopted ASU 2018-15, “Intangibles - Goodwill and Other-Internal-Use Software.” ASU 2018-15 clarifies and aligns the accounting and capitalization of implementation costs in cloud computing arrangements that are service arrangements with the accounting for implementation costs incurred to develop or obtain internal-use software under ASC 350-40. The adoption of ASU 2018-15 did not have an impact on the Company’s consolidated results of operations, financial condition, or cash flows.",Not disclosed,,"Effective October 1, 2018, the Company prospectively adopted ASU 2018-15, “Intangibles - Goodwill and Other-Internal-Use Software.” ASU 2018-15 clarifies and aligns the accounting and capitalization of implementation costs in cloud computing arrangements that are service arrangements with the accounting for implementation costs incurred to develop or obtain internal-use software under ASC 350-40. The adoption of ASU 2018-15 did not have an impact on the Company’s consolidated results of operations, financial condition, or cash flows.",,0,significant_accounting_policies,NOTE 1 . SUMMARY OF SIGNIFICANT ACCOUNTING POLICIES,3,False,,"score=4,idx=14750,zone=29251",942,OK,
0000008670,ADP,2020,0000008670_ADP_FY2020_10K.html,,2020-06-30,Equipment,"Property, plant and equipment is stated at cost less accumulated depreciation on the Consolidated Balance Sheets.",,,No,,Not disclosed,,Not disclosed,,0,significant_accounting_policies,NOTE 1. SUMMARY OF SIGNIFICANT ACCOUNTING POLICIES,3,True,5.0 ans | 10.0 ans,"score=2,idx=10892,zone=16785",757,OK,
0000008670,ADP,2021,0000008670_ADP_FY2021_10K.html,,2021-07-31,Equipment,"Property, plant and equipment is stated at cost less accumulated depreciation on the Consolidated Balance Sheets.",,,Not disclosed,,Not disclosed,,Not disclosed,,0,significant_accounting_policies,NOTE 1. SUMMARY OF SIGNIFICANT ACCOUNTING POLICIES,3,False,,"score=2,idx=10450,zone=14103",721,ERROR,'<' not supported between instances of 'NoneType' and 'float'
0000008670,ADP,2022,0000008670_ADP_FY2022_10K.html,,2022-07-31,Equipment,"Property, plant and equipment is stated at cost less accumulated depreciation on the Consolidated Balance Sheets.",,,Not disclosed,,Not disclosed,,Not disclosed,,0,significant_accounting_policies,NOTE 1. SUMMARY OF SIGNIFICANT ACCOUNTING POLICIES,3,False,,"score=2,idx=9988,zone=14124",727,ERROR,'<' not supported between instances of 'NoneType' and 'float'
0000008670,ADP,2023,0000008670_ADP_FY2023_10K.html,,2023-07-31,Equipment,"Property, plant and equipment is stated at cost less accumulated depreciation on the Consolidated Balance Sheets.",,,Not disclosed,,Not disclosed,,Not disclosed,,0,significant_accounting_policies,NOTE 1. SUMMARY OF SIGNIFICANT ACCOUNTING POLICIES,3,False,,"score=2,idx=10010,zone=14078",721,ERROR,'<' not supported between instances of 'NoneType' and 'float'
0000008670,ADP,2024,0000008670_ADP_FY2024_10K.html,,2024-07-31,Equipment,"Property, plant and equipment is stated at cost less accumulated depreciation on the Consolidated Balance Sheets.",,,Not disclosed,,Not disclosed,,Not disclosed,,0,significant_accounting_policies,NOTE 1. SUMMARY OF SIGNIFICANT ACCOUNTING POLICIES,3,False,,"score=2,idx=9950,zone=14096",721,ERROR,'<' not supported between instances of 'NoneType' and 'float'
0000008818,AVY,2013,0000008818_AVY_FY2013_10K.html,,"December 28, 2013",Not disclosed,Not disclosed,,,No,,Not disclosed,,Not disclosed,,0,unknown,,0,False,,"score=4,idx=1501,zone=4",1,OK,
0000008818,AVY,2014,0000008818_AVY_FY2014_10K.html,,"January 3, 2015",Not disclosed,Not disclosed,,,No,,Not disclosed,,Not disclosed,,0,unknown,,0,False,,"score=4,idx=1548,zone=4",1,OK,
0000008818,AVY,2015,0000008818_AVY_FY2015_10K.html,,"January 2, 2016",Not disclosed,Not disclosed,,,No,,Not disclosed,,Not disclosed,,0,unknown,,0,False,,"score=4,idx=1563,zone=4",1,OK,
0000008818,AVY,2016,0000008818_AVY_FY2016_10K.html,,"December 31, 2016",Not disclosed,Not disclosed,,,No,,Not disclosed,,Not disclosed,,0,unknown,,0,False,,"score=4,idx=1613,zone=4",1,OK,
0000008818,AVY,2017,0000008818_AVY_FY2017_10K.html,,"December 30, 2017",Not disclosed,Not disclosed,,,No,,Not disclosed,,Not disclosed,,0,unknown,,0,False,,"score=4,idx=1611,zone=14",2,OK,
0000008818,AVY,2018,0000008818_AVY_FY2018_10K.html,,"December 29, 2018",Not disclosed,Not disclosed,,,No,,Not disclosed,,Not disclosed,,0,unknown,,0,False,,"score=4,idx=1630,zone=12",1,OK,
0000008818,AVY,2019,0000008818_AVY_FY2019_10K.html,,"December 28, 2019",Not disclosed,Not disclosed,,,No,,Not disclosed,,Not disclosed,,0,unknown,,0,False,,"score=6,idx=5487,zone=14",2,OK,
0000008818,AVY,2020,0000008818_AVY_FY2020_10K.html,,2021-02-28,Not disclosed,Not disclosed,,,No,,Not disclosed,,Not disclosed,,0,unknown,,0,False,,"score=3,idx=5696,zone=16",2,OK,
0000008818,AVY,2021,0000008818_AVY_FY2021_10K.html,,2022-01-01,Not disclosed,Not disclosed,,,No,,Not disclosed,,Not disclosed,,0,unknown,,0,False,,"score=3,idx=5591,zone=18",2,OK,
0000008818,AVY,2022,0000008818_AVY_FY2022_10K.html,,2023-01-31,"machinery, equipment, information technology","Our leases primarily relate to office and warehouse space, machinery, transportation, and equipment for information technology. We determine if an arrangement is a lease or contains a lease at inception. For lease accounting purposes, we do not separate lease and nonlease components, nor do we record operating or finance lease assets and liabilities for short-term leases. We have options to renew or terminate some of our leases. We evaluate renewal and termination options based on considerations available at the lease commencement date and over the lease term to determine if we are reasonably certain to exercise these options. As most of our leases do not provide an implicit rate, we use our incremental borrowing rate based on the information available at the lease commencement date to determine the present value of lease payments. We recognize expense for operating leases using a straight-line basis over the lease term, with variable lease payments recognized in the periods in which they are incurred.",,,No,,Not disclosed,,Not disclosed,B100,1,significant_accounting_policies,NOTE 1. SUMMARY OF SIGNIFICANT ACCOUNTING POLICIES,3,True,3.0-15.0 ans | 10.0 ans,"score=2,idx=7898,zone=12886",746,OK,
0000008818,AVY,2023,0000008818_AVY_FY2023_10K.html,,2024-01-25,"machinery, equipment, information technology","Our leases primarily relate to office and warehouse space, machinery, transportation, and equipment for information technology. We determine if an arrangement is a lease or contains a lease at inception. For lease accounting purposes, we do not separate lease and nonlease components, nor do we record operating or finance lease assets and liabilities for short-term leases. We have options to renew or terminate some of our leases. We evaluate renewal and termination options based on considerations available at the lease commencement date and over the lease term to determine if we are reasonably certain to exercise these options. As most of our leases do not provide an implicit rate, we use our incremental borrowing rate based on the information available at the lease commencement date to determine the present value of lease payments. We recognize expense for operating leases on a straight-line basis over the lease term, with variable lease payments recognized in the periods in which they are incurred.",,,No,,Not disclosed,,Not disclosed,,0,significant_accounting_policies,NOTE 1. SUMMARY OF SIGNIFICANT ACCOUNTING POLICIES,3,True,3.0-15.0 ans | 10.0 ans,"score=2,idx=7997,zone=12931",747,OK,
0000008818,AVY,2024,0000008818_AVY_FY2024_10K.html,,2024-12-28,"machinery, equipment, information technology","Our leases primarily relate to office and warehouse space, machinery, transportation, and equipment for information technology. We determine if an arrangement is a lease or contains a lease at inception. For lease accounting purposes, we do not separate lease and nonlease components, nor do we record operating or finance lease assets and liabilities for short-term leases. We have options to renew or terminate some of our leases. We evaluate renewal and termination options at the lease commencement date and over the lease term to determine if we are reasonably certain to exercise these options. As most of our leases do not provide an implicit rate, we use our incremental borrowing rate based on the information available at the lease commencement date to determine the present value of lease payments. We recognize expense for operating leases on a straight-line basis over the lease term, with variable lease payments recognized in the periods in which they are incurred.",,,No,,Not disclosed,,"Other assets increased by approximately $88 million to $897.3 million at year-end 2024, primarily reflecting higher capitalized implementation costs associated with our cloud computing arrangements and higher operating lease assets.",,0,significant_accounting_policies,NOTE 1. SUMMARY OF SIGNIFICANT ACCOUNTING POLICIES,3,True,3.0-15.0 ans | 10.0 ans,"score=2,idx=8439,zone=13811",793,OK,
0000008858,AVT,2013,0000008858_AVT_FY2013_10K.html,,,Not disclosed,Not disclosed,,,No,,Not disclosed,,Not disclosed,,0,unknown,,0,False,,"score=4,idx=11308,zone=8",2,OK,
0000008858,AVT,2014,0000008858_AVT_FY2014_10K.html,,,Not disclosed,Not disclosed,,,No,,Not disclosed,,Not disclosed,,0,unknown,,0,False,,"score=4,idx=10990,zone=5",2,OK,
0000008858,AVT,2015,0000008858_AVT_FY2015_10K.html,,"June 27, 2015",Not disclosed,Not disclosed,,,No,,Not disclosed,,Not disclosed,,0,unknown,,0,False,,"score=4,idx=9757,zone=7",2,OK,
0000008858,AVT,2016,0000008858_AVT_FY2016_10K.html,,"July 2, 2016",Not disclosed,Not disclosed,,,No,,Not disclosed,,Not disclosed,,0,unknown,,0,False,,"score=4,idx=9075,zone=7",2,OK,
0000008858,AVT,2017,0000008858_AVT_FY2017_10K.html,,"July 1, 2017",Not disclosed,Not disclosed,,,No,,Not disclosed,,Not disclosed,,0,unknown,,0,False,,"score=4,idx=9083,zone=7",2,OK,
0000008858,AVT,2018,0000008858_AVT_FY2018_10K.html,,"June 30, 2018",Not disclosed,Not disclosed,,,No,,Not disclosed,,Not disclosed,,0,unknown,,0,False,,"score=4,idx=10349,zone=7",2,OK,
0000008858,AVT,2019,0000008858_AVT_FY2019_10K.html,,"June 29, 2019",Not disclosed,Not disclosed,,,No,,Not disclosed,,"In August 2018, the FASB issued Accounting Standards Update No. 2018-15, Intangibles—Goodwill and Other— Internal-Use Software (Subtopic 350-40): Customer’s Accounting for Implementation Costs Incurred in a Cloud Computing Arrangement That Is a Service Contract (a consensus of the FASB Emerging Issues Task Force) (""ASU No. ||| Intangibles—Goodwill and Other— Internal-Use Software (Subtopic 350-40): Customer’s Accounting for Implementation Costs Incurred in a Cloud Computing Arrangement That Is a Service Contract (a consensus of the FASB Emerging Issues Task Force)",,0,unknown,,0,False,,"score=4,idx=9262,zone=7",2,OK,
0000008858,AVT,2020,0000008858_AVT_FY2020_10K.html,,"June 27, 2020",equipment,"Depreciation, amortization and useful lives — The Company reports property, plant and equipment at cost, less accumulated depreciation. The Company begins depreciation and amortization (“depreciation”) for property, plant and equipment when an asset is both in the location and condition for its intended use.",,,Yes,"The components of income tax (benefit) expense (“tax provision”) are included in the table below. The tax provision for deferred income taxes results from temporary differences arising primarily from net operating losses, inventories valuation, receivables valuation, suspended interest deductions, certain accrued amounts and depreciation and amortization, net of any changes to valuation allowances.",Not disclosed,,"In August 2018, the FASB issued ASU No. 2018-15, Intangibles—Goodwill and Other— Internal-Use Software (Subtopic 350-40): Customer’s Accounting for Implementation Costs Incurred in a Cloud Computing Arrangement That Is a Service Contract (a consensus of the FASB Emerging Issues Task Force) (""ASU No. 2018-15""). ASU No. 2018-15 aligns the requirements for capitalizing implementation costs incurred in a hosting arrangement that is a service contract with the requirements for capitalizing implementation costs incurred to develop internal-use software. ASU No. 2018-15 is effective for the Company in the first quarter of fiscal 2021 and is to be applied either retrospectively or prospectively. The Company does not believe its adoption of this standard will have a material impact on its consolidated financial statements.",,0,significant_accounting_policies,1. Summary of significant accounting policie s,3,False,,"score=6,idx=9581,zone=18388",511,OK,
0000008858,AVT,2021,0000008858_AVT_FY2021_10K.html,,"July 3, 2021",equipment,"Depreciation, amortization and useful lives — The Company reports property, plant, and equipment at cost, less accumulated depreciation. The Company begins depreciation and amortization (“depreciation”) for property, plant, and equipment when an asset is both in the location and condition for its intended use.",,,Yes,"The components of income tax (benefit) expense (“tax provision”) are included in the table below. The tax provision for deferred income taxes results from temporary differences arising primarily from net operating losses, inventories valuation, receivables valuation, suspended interest deductions, certain accrued amounts, and depreciation and amortization, net of any changes to valuation allowances.",Not disclosed,,"In August 2018, the FASB issued ASU No. 2018-15, Intangibles—Goodwill and Other— Internal-Use Software (Subtopic 350-40): Customer’s Accounting for Implementation Costs Incurred in a Cloud Computing Arrangement That Is a Service Contract (a consensus of the FASB Emerging Issues Task Force) (“ASU No. 2018-15”). ASU No. 2018-15 aligns the requirements for capitalizing implementation costs incurred in a hosting arrangement that is a service contract with the requirements for capitalizing implementation costs incurred to develop internal-use software. The adoption of ASU No. 2018-15 in the first quarter of fiscal 2021 did not have a material impact on the Company’s consolidated financial statements.",,0,significant_accounting_policies,1. Summary of significant accounting policie s,3,False,,"score=6,idx=8120,zone=17804",478,OK,
0000008858,AVT,2022,0000008858_AVT_FY2022_10K.html,,"July 2, 2022",equipment,"Depreciation, amortization and useful lives — The Company reports property, plant, and equipment at cost, less accumulated depreciation. The Company begins depreciation and amortization (“depreciation”) for property, plant, and equipment when an asset is both in the location and condition for its intended use.",,,Yes,"The components of income tax expense (benefit) (“tax provision”) are included in the table below. The tax provision for deferred income taxes results from temporary differences arising primarily from net operating losses, inventories valuation, receivables valuation, suspended interest deductions, certain accrued amounts, and depreciation and amortization, net of any changes to valuation allowances.",Not disclosed,,Not disclosed,,0,significant_accounting_policies,1. Summary of significant accounting policie s,3,False,,"score=6,idx=8641,zone=18111",475,OK,
0000008858,AVT,2023,0000008858_AVT_FY2023_10K.html,,2024-06-29,equipment,"Depreciation, amortization and useful lives — The Company reports property, plant, and equipment at cost, less accumulated depreciation.",,,Yes,"The components of income tax expense (benefit) (“tax provision”) are included in the table below. The tax provision for deferred income taxes results from temporary differences arising primarily from net operating losses, inventories valuation, receivables valuation, suspended interest deductions, certain accrued amounts, and depreciation and amortization, net of any changes to valuation allowances.",Not disclosed,,Not disclosed,,0,significant_accounting_policies,1. Summary of significant accounting policie s,3,False,,"score=6,idx=7551,zone=17067",452,OK,
0000008858,AVT,2024,0000008858_AVT_FY2024_10K.html,,2025-06-28,equipment,"Depreciation, amortization and useful lives — The Company reports property, plant, and equipment at cost, less accumulated depreciation.",,,Yes,"The components of income tax expense (“tax provision”) are included in the table below. The tax provision for deferred income taxes results from temporary differences arising primarily from net operating losses, inventories valuation, receivables valuation, suspended interest deductions, certain accrued amounts, and depreciation and amortization, net of any changes to valuation allowances.",Not disclosed,,Not disclosed,,0,significant_accounting_policies,1. Summary of significant accounting policie s,3,False,,"score=6,idx=8192,zone=17757",426,OK,
0000008947,AZZ,2013,0000008947_AZZ_FY2013_10K.html,,,Not disclosed,Not disclosed,,,No,,Not disclosed,,Not disclosed,,0,unknown,,0,False,,"score=4,idx=7294,zone=16",4,OK,
0000008947,AZZ,2014,0000008947_AZZ_FY2014_10K.html,,,"Machinery and equipment, Furniture, equipment","2015 2014 (In thousands) Land $ 16,004 $ 15,116 Building and structures 122,539 117,765 Machinery and equipment 184,921 175,955 Furniture, fixtures, software and computers 21,716 20,497 Automotive equipment 2,351 2,429 Construction in progress 12,193 8,277 359,724 340,039 Less accumulated depreciation (163,141 ) (142,400 ) Net property, plant, and equipment $ 196,583 $ 197,639",,,No,,Not disclosed,,Not disclosed,,0,ppe_note,17. Subsequent Events,3,False,,"score=4,idx=7467,zone=15563",528,OK,
0000008947,AZZ,2015,0000008947_AZZ_FY2015_10K.html,,,"Machinery and equipment, Furniture, equipment","2016 2015 (In thousands) Land $ 21,265 $ 16,004 Building and structures 141,370 122,539 Machinery and equipment 215,796 184,921 Furniture, fixtures, software and computers 22,237 21,716 Automotive equipment 3,206 2,351 Construction in progress 12,827 12,193 416,701 359,724 Less accumulated depreciation (190,368 ) (163,141 ) Net property, plant, and equipment $ 226,333 $ 196,583",,,No,,Not disclosed,,Not disclosed,,0,ppe_note,17. Subsequent Events,3,False,,"score=4,idx=7663,zone=15380",523,OK,
0000008947,AZZ,2016,0000008947_AZZ_FY2016_10K.html,,,"Machinery and equipment, Furniture, equipment","2017 2016 (In thousands) Land $ 22,360 $ 21,265 Building and structures 139,627 141,370 Machinery and equipment 228,246 215,796 Furniture, fixtures, software and computers 25,593 22,237 Automotive equipment 2,998 3,206 Construction in progress 23,669 12,827 442,493 416,701 Less accumulated depreciation (213,883 ) (190,368 ) Net property, plant, and equipment $ 228,610 $ 226,333",,,No,,Not disclosed,,Not disclosed,,0,ppe_note,17. Subsequent Events,3,False,,"score=4,idx=7716,zone=15184",500,OK,
0000008947,AZZ,2017,0000008947_AZZ_FY2017_10K.html,,"February 28, 2018","Machinery and equipment, Furniture, equipment","February 28, 2018 February 28, 2017 Land $ 22,445 $ 22,360 Building and structures 152,191 139,627 Machinery and equipment 234,071 228,246 Furniture, fixtures, software and computers 25,316 25,593 Automotive equipment 3,432 2,998 Construction in progress 13,977 23,669 451,432 442,493 Less accumulated depreciation (234,577 ) (213,883 ) Net property, plant, and equipment $ 216,855 $ 228,610",,,No,,Not disclosed,,Not disclosed,,0,ppe_note,Note 17 – Selected Quarterly Financial Data (Unaudited),3,False,,"score=4,idx=6161,zone=14805",524,OK,
0000008947,AZZ,2018,0000008947_AZZ_FY2018_10K.html,,,"Machinery and equipment, Furniture, equipment","February 28, 2019 February 28, 2018 Land $ 21,677 $ 22,445 Building and structures 156,447 152,191 Machinery and equipment 245,588 234,071 Furniture, fixtures, software and computers 27,075 25,316 Automotive equipment 3,766 3,432 Construction in progress 13,065 13,977 467,618 451,432 Less accumulated depreciation (257,391 ) (234,577 ) Net property, plant, and equipment $ 210,227 $ 216,855",,,No,,Not disclosed,,Not disclosed,,0,ppe_note,Note 17 – Selected Quarterly Financial Data (Unaudited),3,False,,"score=4,idx=6249,zone=15987",583,OK,
0000008947,AZZ,2019,0000008947_AZZ_FY2019_10K.html,,"February 29, 2020","Machinery and equipment, Furniture, equipment","2020 2019 Land $ 21,826 $ 21,677 Building and structures 162,851 156,447 Machinery and equipment 252,726 245,588 Furniture, fixtures, software and computers 28,938 27,075 Automotive equipment 4,394 3,766 Construction in progress 16,466 13,065 487,201 467,618 Less accumulated depreciation (274,097 ) (257,391 ) Net property, plant, and equipment $ 213,104 $ 210,227",,,Yes,"Pro forma results presented above reflect: (i) incremental depreciation relating to fair value adjustments to property, plant, and equipment and (ii) amortization adjustments relating to fair value estimates of intangible assets.",Not disclosed,,"In August 2018, the FASB issued ASU No. 2018-15, Intangibles—Goodwill and Other— Internal-Use Software (Subtopic 350-40) - Customer’s Accounting for Implementation Costs Incurred in a Cloud Computing Arrangement That Is a Service Contract (""ASU 2018-15""), which aligns the accounting for implementation costs incurred in a hosting arrangement that is a service contract with the accounting for implementation costs incurred to develop or obtain internal-use software, in order to determine the applicable costs to capitalize and the applicable costs to expense as incurred. The Company will adopt ASU 2018-15 in the first quarter of its fiscal 2021. The standard can be applied either prospectively to implementation costs incurred after the date of adoption or retrospectively to all arrangements. The Company intends to adopt ASU 2018-15 using the prospective approach and the adoption is not expected to have a material impact on its consolidated financial statements. ||| Intangibles—Goodwill and Other— Internal-Use Software (Subtopic 350-40) - Customer’s Accounting for Implementation Costs Incurred in a Cloud Computing Arrangement That Is a Service Contract",,0,ppe_note,"Note 3 – Property, Plant and Equipment",3,False,,"score=4,idx=7676,zone=17292",716,OK,
0000008947,AZZ,2020,0000008947_AZZ_FY2020_10K.html,,"February 28, 2021","Machinery and equipment, Furniture, equipment","2021 2020 Land $ 21,328 $ 21,826 Building and structures 155,338 162,851 Machinery and equipment 249,065 252,726 Furniture, fixtures, software and computers 31,179 28,938 Automotive equipment 3,591 4,394 Construction in progress 26,223 16,466 486,724 487,201 Less accumulated depreciation (280,815) (274,097) Property, plant, and equipment, net $ 205,909 $ 213,104",,,Yes,"Pro forma results presented above reflect: (i) incremental depreciation relating to fair value adjustments to property, plant, and equipment and (ii) amortization adjustments relating to fair value estimates of intangible assets.",Not disclosed,,"In August 2018, the FASB issued ASU No. 2018-15, Intangibles—Goodwill and Other— Internal-Use Software (Subtopic 350-40) - Customer’s Accounting for Implementation Costs Incurred in a Cloud Computing Arrangement That Is a Service Contract (""ASU 2018-15""), which aligns the accounting for implementation costs incurred in a hosting arrangement that is a service contract with the accounting for implementation costs incurred to develop or obtain internal-use software, in order to determine the applicable costs to capitalize and the applicable costs to expense as incurred. The Company adopted ||| Intangibles—Goodwill and Other— Internal-Use Software (Subtopic 350-40) - Customer’s Accounting for Implementation Costs Incurred in a Cloud Computing Arrangement That Is a Service Contract",,0,ppe_note,"2. Property, Plant and Equipment",3,False,,"score=2,idx=7165,zone=9911",628,OK,
0000008947,AZZ,2021,0000008947_AZZ_FY2021_10K.html,,"February 28, 2022","Machinery and equipment, Furniture, equipment","2022 2021 Land $ 22,318 $ 21,439 Building and structures 176,747 158,190 Machinery and equipment 283,333 253,027 Furniture, fixtures, software and computers 33,994 31,695 Automotive equipment 5,350 3,714 Construction in progress 14,623 26,223 536,365 494,288 Less accumulated depreciation (305,517) (287,199) Property, plant, and equipment, net $ 230,848 $ 207,089",,,Yes,"Pro forma results presented above reflect: (i) incremental depreciation relating to fair value adjustments to property, plant, and equipment and (ii) amortization adjustments relating to fair value estimates of intangible assets.",Not disclosed,,Not disclosed,,0,ppe_note,"2. Property, Plant and Equipment",3,False,,"score=2,idx=6318,zone=10212",612,OK,
0000008947,AZZ,2022,0000008947_AZZ_FY2022_10K.html,,"February 28, 2023","Machinery and equipment, Furniture, equipment","As of February 28, 2023 2022 Land $ 52,322 $ 21,831 Building and structures 291,254 154,982 Machinery and equipment 391,786 225,824 Furniture, fixtures, software and computers 28,906 29,824 Automotive equipment 2,757 3,807 Construction in progress 24,681 8,545 791,706 444,813 Less accumulated depreciation (293,203) (251,455) Property, plant, and equipment, net $ 498,503 $ 193,358",,,No,,Not disclosed,,Not disclosed,B100,1,ppe_note,"2. Property, Plant and Equipment",3,False,,"score=2,idx=6695,zone=12479",690,OK,
0000008947,AZZ,2023,0000008947_AZZ_FY2023_10K.html,,"February 29, 2024","Machinery and equipment, Furniture, equipment","As of February 29/28, 2024 2023 Land $ 52,318 $ 52,322 Building and structures 301,189 291,254 Machinery and equipment 408,641 391,786 Furniture, fixtures, software and computers 30,026 28,906 Automotive equipment 2,677 2,757 Construction in progress 86,062 24,681 880,913 791,706 Less accumulated depreciation (339,261) (293,203) Property, plant, and equipment, net $ 541,652 $ 498,503",,,No,,Not disclosed,,Not disclosed,,0,ppe_note,"2. Property, Plant and Equipment",3,False,,"score=2,idx=8068,zone=16273",861,OK,
0000008947,AZZ,2024,0000008947_AZZ_FY2024_10K.html,,"February 28, 2025","Machinery and equipment, Furniture, equipment","As of February 28, 2025 February 29, 2024 Land $ 52,033 $ 52,318 Building and structures 313,036 301,189 Machinery and equipment 424,342 408,641 Furniture, fixtures, software and computers 29,900 30,026 Automotive equipment 2,688 2,677 Construction in progress 153,145 86,062 975,144 880,913 Less accumulated depreciation (382,203) (339,261) Property, plant, and equipment, net $ 592,941 $ 541,652",,,No,,Not disclosed,,Not disclosed,,0,ppe_note,"2. Property, Plant and Equipment",3,False,,"score=2,idx=8026,zone=15943",830,OK,
0000009092,BMI,2013,0000009092_BMI_FY2013_10K.html,,,equipment,"Years ended December 31, 2013 2012 2011 (Dollars in thousands) Operating activities: Net earnings $ 24,617 $ 28,032 $ 19,161 Adjustments to reconcile net earnings to net cash provided by operations: Depreciation 8,512 7,587 7,144 Amortization 4,982 4,467 2,347 Deferred income taxes 1,462 (551 ) (800 ) Contributions to pension plan — (1,097 ) — Noncurrent employee benefits 1,392 122 4,704 Stock-based compensation expense 1,388 1,266 1,470 Changes in: Receivables (3,991 ) 812 (616 ) Inventories 247 (4,743 ) 42 Prepaid expenses and other current assets 368 (905 ) (850 ) Liabilities other than debt (4,159 ) (188 ) (1,285 ) Total adjustments 10,201 6,770 12,156 Net cash provided by operations 34,818 34,802 31,317 Investing activities: Property, plant and equipment additions (14,311 ) (8,202 ) (5,336 ) Acquisitions, net of cash acquired (15,401 ) (51,518 ) (3,954 ) Net cash used for investing activities (29,712 ) (59,720 ) (9,290 ) Financing activities: Net increase (decrease) in short-term debt 3,205 65,136 (11,893 ) Dividends paid (10,004 ) (9,513 ) (9,023 ) Proceeds from exercise of stock options 1,640 382 236 Tax benefit on stock options 382 297 190 Repurchase of Common Stock — (30,000 ) — Issuance of treasury stock 498 477 493 Net cash provided by (used for) financing activities (4,279 ) 26,779 (19,997 ) Effect of foreign exchange rates on cash (118 ) (282 ) (144 ) Increase in cash 709 1,579 1,886 Cash — beginning of year 6,554 4,975 3,089 Cash — end of year $ 7,263 $ 6,554 $ 4,975 Supplemental disclosures of cash flow information: Cash paid during the year for: Income taxes $ 15,292 $ 15,247 $ 10,308 Interest $ 1,114 $ 1,113 $ 324",,,No,,Not disclosed,,Not disclosed,,0,significant_accounting_policies,"Note 11 Unaudited: Quarterly Results of Operations, Common Stock Price and Dividends",3,False,,"score=7,idx=3916,zone=15993",585,OK,
0000009092,BMI,2014,0000009092_BMI_FY2014_10K.html,,,Not disclosed,"These amounts are amortized on a straight-line basis over the software’s estimated useful lives, ranging from",,,No,,Not disclosed,,Not disclosed,,0,significant_accounting_policies,Note 1 Summary of Significant Accounting Policies,3,False,,"score=7,idx=3997,zone=15778",566,OK,
0000009092,BMI,2015,0000009092_BMI_FY2015_10K.html,,,Not disclosed,"These amounts are amortized on a straight-line basis over the estimated useful lives of the software and/or hardware, ranging from",,,No,,Not disclosed,,Not disclosed,,0,significant_accounting_policies,Note 1 Summary of Significant Accounting Policies,3,False,,"score=7,idx=3782,zone=15432",541,OK,
0000009092,BMI,2016,0000009092_BMI_FY2016_10K.html,,,Not disclosed,"These amounts are amortized on a straight-line basis over the estimated useful lives of the software and/or hardware, ranging from",,,No,,Not disclosed,,Not disclosed,,0,significant_accounting_policies,Note 1 Summary of Significant Accounting Policies,3,False,,"score=7,idx=3924,zone=15636",551,OK,
0000009092,BMI,2017,0000009092_BMI_FY2017_10K.html,,"December 31, 2017",Not disclosed,"These amounts are amortized on a straight-line basis over the estimated useful lives of the software and/or hardware, ranging from",,,No,,Not disclosed,,Not disclosed,,0,significant_accounting_policies,Note 1 Summary of Significant Accounting Policies,3,False,,"score=7,idx=4231,zone=15890",575,OK,
0000009092,BMI,2018,0000009092_BMI_FY2018_10K.html,,"December 31, 2018",technology,"Municipal water, the largest sales category, is comprised of either mechanical or static (ultrasonic) water meters along with the related radio and software technologies and services used by municipal water utilities as the basis for generating their water and wastewater revenues. The largest geographic market for the Company’s municipal water products is North America, primarily the United States, because most of the Company's meters are designed and manufactured to conform to standards promulgated by the American Water Works Association. The majority of water meters sold by the Company continue to be mechanical in nature; however, ultrasonic meters are gaining in penetration due to a variety of factors, including their ability to maintain near absolute measurement accuracy over their useful life. Providing ultrasonic water meter technology, combined with advanced radio technology, provides the Company with the opportunity to sell into other geographical markets, for example the Middle East and Europe.",,,Not disclosed,,Not disclosed,,Not disclosed,,0,significant_accounting_policies,Note 1 Summary of Significant Accounting Policies,3,False,,"score=6,idx=5069,zone=12254",510,ERROR,'<' not supported between instances of 'float' and 'NoneType'
0000009092,BMI,2019,0000009092_BMI_FY2019_10K.html,,2019-12-31,technology,"Municipal water, the largest sales category, is comprised of either mechanical or static (ultrasonic) water meters along with the related radio and software technologies and services used by municipal water utilities as the basis for generating their water and wastewater revenues. The largest geographic market for the Company’s municipal water products is North America, primarily the United States, because most of the Company's meters are designed and manufactured to conform to standards promulgated by the American Water Works Association. The majority of water meters sold by the Company continue to be mechanical in nature; however, ultrasonic meters are gaining in penetration due to a variety of factors, including their ability to maintain near absolute measurement accuracy over their useful life. Providing ultrasonic water meter technology, combined with advanced radio technology, provides the Company with the opportunity to sell into other geographical markets, for example the Middle East and Europe.",,,Not disclosed,,Not disclosed,,Not disclosed,,0,significant_accounting_policies,Note 1 Summary of Significant Accounting Policies,3,False,,"score=6,idx=6552,zone=11811",459,ERROR,'<' not supported between instances of 'float' and 'NoneType'
0000009092,BMI,2020,0000009092_BMI_FY2020_10K.html,,2021-01-01,technology,"Utility water, the largest sales category, is comprised of either mechanical or static (ultrasonic) water meters along with the related radio and software technologies and services used by water utilities as the basis for generating their water and wastewater revenues. It further comprises other sensor technology used in the water distribution system to ensure the safe and efficient delivery of clean water. These sensors are used to detect leaks in the distribution piping system and to monitor various water quality parameters throughout the distribution system. The largest geographic market for the Company’s utility water products is North America, primarily the United States, because most of the Company's meters are designed and manufactured to conform to standards promulgated by the American Water Works Association. The majority of water meters sold by the Company continue to be mechanical in nature; however, ultrasonic meters are an increasing percentage of the water meters sold by the Company and in the industry, due to a variety of factors, including their ability to maintain measurement accuracy over their useful life. Providing ultrasonic water meter technology, combined with advanced radio technology, provides the Company with the opportunity to sell into other geographical markets, for example the Middle East, Europe and Southeast Asia.",,,Not disclosed,,Not disclosed,,Not disclosed,,0,significant_accounting_policies,Note 1 Summary of Significant Accounting Policies,3,False,,"score=6,idx=4025,zone=11405",427,ERROR,'<' not supported between instances of 'float' and 'NoneType'
0000009092,BMI,2021,0000009092_BMI_FY2021_10K.html,,2021-12-31,technology,"Utility water, the largest sales category, is comprised of either mechanical or static (ultrasonic) water meters along with the related radio and software technologies and services used by water utilities as the basis for generating their water and wastewater revenues, enabling operating efficiencies and engaging with their end consumers. It further comprises other sensor technology used in the water distribution system to ensure the safe and efficient delivery of clean water. These sensors are used to detect leaks in the distribution piping system and to monitor various water quality parameters throughout the distribution system. The largest geographic market for the Company’s utility water products is North America, primarily the United States, because most of the Company's meters are designed and manufactured to conform to standards promulgated by the American Water Works Association. The majority of water meters sold by the Company continue to be mechanical in nature; however, static meters are an increasing percentage of the water meters sold by the Company and in the industry, due to a variety of factors, including their ability to maintain measurement accuracy over their useful life. Providing ultrasonic water meter technology, combined with advanced radio technology, provides the Company with the opportunity to sell into other geographical markets, for example the Middle East, Europe and Southeast Asia.",,,Not disclosed,,Not disclosed,,Not disclosed,,0,significant_accounting_policies,Note 1 Basis of Presentation and Accounting Policies,3,False,,"score=6,idx=3749,zone=10708",398,ERROR,'<' not supported between instances of 'float' and 'NoneType'
0000009092,BMI,2022,0000009092_BMI_FY2022_10K.html,,2023-01-01,Capitalized Software,"These amounts are amortized on a straight-line basis over the estimated useful lives of the software and/or hardware, ranging from 1 to 5 years .",1.0,5.0,Not disclosed,,Not disclosed,,Not disclosed,,0,significant_accounting_policies,"Note 1 Basis of Presentation and Accounting Policies Profile With more than a century of water technology innovation, Badger Meter is a global provide",3,False,,"score=7,idx=4371,zone=16630",545,ERROR,'<' not supported between instances of 'float' and 'NoneType'
0000009092,BMI,2023,0000009092_BMI_FY2023_10K.html,,2023-12-31,Capitalized Software,"These amounts are amortized on a straight-line basis over the estimated useful lives of the software and/or hardware, ranging from 1 to 5 years .",1.0,5.0,Not disclosed,,Not disclosed,,Not disclosed,,0,significant_accounting_policies,"Note 1 Basis of Presentation and Accounting Policies Profile With more than a century of water technology innovation, Badger Meter is a global provide",3,False,,"score=7,idx=4479,zone=16058",528,ERROR,'<' not supported between instances of 'float' and 'NoneType'
0000009092,BMI,2024,0000009092_BMI_FY2024_10K.html,,2025-01-30,Capitalized Software,"These amounts are amortized on a straight-line basis over the estimated useful lives of the software and/or hardware, ranging from 1 to 5 years .",1.0,5.0,Not disclosed,,Not disclosed,,Not disclosed,,0,significant_accounting_policies,"Note 1 Basis of Presentation and Accounting Policies Profile With more than a century of water technology innovation, Badger Meter is a global provide",3,False,,"score=7,idx=4613,zone=16097",544,ERROR,'<' not supported between instances of 'float' and 'NoneType'
0000009326,BCPC,2013,0000009326_BCPC_FY2013_10K.html,,"December 31, 2013",Equipment,"Property, Plant and Equipment and Depreciation",,,No,,Not disclosed,,Not disclosed,,0,significant_accounting_policies,NOTE 1 - BUSINESS DESCRIPTION AND SUMMARY OF SIGNIFICANT ACCOUNTING POLICIES,3,False,,"score=2,idx=2111,zone=8972",383,OK,
0000009326,BCPC,2014,0000009326_BCPC_FY2014_10K.html,,"December 31, 2014",Equipment,"Property, Plant and Equipment and Depreciation",,,No,,Not disclosed,,Not disclosed,,0,significant_accounting_policies,NOTE 1 - BUSINESS DESCRIPTION AND SUMMARY OF SIGNIFICANT ACCOUNTING POLICIES,3,False,,"score=2,idx=2298,zone=9417",431,OK,
0000009326,BCPC,2015,0000009326_BCPC_FY2015_10K.html,,"December 31, 2015",Equipment,"Property, Plant and Equipment and Depreciation",,,No,,Not disclosed,,Not disclosed,,0,significant_accounting_policies,NOTE 1 - BUSINESS DESCRIPTION AND SUMMARY OF SIGNIFICANT ACCOUNTING POLICIES,3,False,,"score=2,idx=2400,zone=9909",400,OK,
0000009326,BCPC,2016,0000009326_BCPC_FY2016_10K.html,,"December 31, 2016",Equipment,"Property, Plant and Equipment and Depreciation",,,No,,Not disclosed,,Not disclosed,,0,significant_accounting_policies,NOTE 1 - BUSINESS DESCRIPTION AND SUMMARY OF SIGNIFICANT ACCOUNTING POLICIES,3,False,,"score=2,idx=2489,zone=10033",461,OK,
0000009326,BCPC,2017,0000009326_BCPC_FY2017_10K.html,,"December 31, 2017",Equipment,"Property, Plant and Equipment and Depreciation",,,No,,Not disclosed,,Not disclosed,,0,significant_accounting_policies,NOTE 1 - BUSINESS DESCRIPTION AND SUMMARY OF SIGNIFICANT ACCOUNTING POLICIES,3,False,,"score=2,idx=2698,zone=10212",435,OK,
0000009326,BCPC,2018,0000009326_BCPC_FY2018_10K.html,,2018-12-31,Equipment,"Property, Plant and Equipment and Depreciation",,,No,,Not disclosed,,"In August 2018, the FASB issued ASU 2018-15, “Customer’s Accounting for Implementation Costs Incurred in a Cloud Computing Arrangement that is a Service Contract.” The guidance requires implementation costs incurred by customers in cloud computing arrangements to be deferred over the noncancelable term of the cloud computing arrangements plus any optional renewal periods (1) that are reasonably certain to be exercised by the customer or (2) for which exercise of the renewal option is controlled by the cloud service provider. The effective date of this pronouncement is for fiscal years beginning after December 15, 2019, and interim periods within those fiscal years. Early adoption is permitted, and the standard may be adopted either using the prospective or retrospective transition approach. The Company is currently evaluating the impact of this pronouncement on the Company’s consolidated financial statements and disclosures.",,0,significant_accounting_policies,NOTE 1 - BUSINESS DESCRIPTION AND SUMMARY OF SIGNIFICANT ACCOUNTING POLICIES,3,False,,"score=3,idx=6928,zone=19176",660,OK,
0000009326,BCPC,2019,0000009326_BCPC_FY2019_10K.html,,2019-12-31,Equipment,"Property, Plant and Equipment and Depreciation",,,No,,Not disclosed,,"In August 2018, the FASB issued ASU 2018-15, “Customer’s Accounting for Implementation Costs Incurred in a Cloud Computing Arrangement that is a Service Contract.” The guidance requires implementation costs incurred by customers in cloud computing arrangements to be deferred over the noncancelable term of the cloud computing arrangements plus any optional renewal periods (1) that are reasonably certain to be exercised by the customer or (2) for which exercise of the renewal option is controlled by the cloud service provider. The effective date of this pronouncement is for fiscal years beginning after December 15, 2019, and interim periods within those fiscal years. Early adoption is permitted and the standard may be adopted either using",,0,significant_accounting_policies,NOTE 1 - BUSINESS DESCRIPTION AND SUMMARY OF SIGNIFICANT ACCOUNTING POLICIES,3,False,,"score=2,idx=6790,zone=11850",578,OK,
0000009326,BCPC,2020,0000009326_BCPC_FY2020_10K.html,,2020-12-31,Equipment,"Property, Plant and Equipment and Depreciation",,,No,,Not disclosed,,"In August 2018, the FASB issued ASU 2018-15, “Customer’s Accounting for Implementation Costs Incurred in a Cloud Computing Arrangement that is a Service Contract.” The guidance requires implementation costs incurred by customers in cloud computing arrangements to be deferred over the noncancelable term of the cloud computing arrangements plus any optional renewal periods (1) that are reasonably certain to be exercised by the customer or (2) for which exercise of the renewal option is controlled by the cloud service provider. The effective date of this pronouncement is for fiscal years beginning after December 15, 2019, and interim periods within those fiscal years. The standard may be adopted either using the prospective or retrospective transition approach. The Company adopted the new standard on January 1, 2020. The standard update did not have a significant impact on the Company’s consolidated financial statements and disclosures.",A100;B100,2,significant_accounting_policies,NOTE 1 - BUSINESS DESCRIPTION AND SUMMARY OF SIGNIFICANT ACCOUNTING POLICIES,3,False,,"score=2,idx=6809,zone=11264",589,OK,
0000009326,BCPC,2021,0000009326_BCPC_FY2021_10K.html,,2021-12-31,Equipment,"Property, Plant and Equipment and Depreciation",,,No,,Not disclosed,,"In August 2018, the FASB issued ASU 2018-15, “Customer’s Accounting for Implementation Costs Incurred in a Cloud Computing Arrangement that is a Service Contract.” The guidance contained in this ASU requires implementation costs incurred by customers in cloud computing arrangements to be deferred over the noncancelable term of the cloud computing arrangements plus any optional renewal periods (1) that are reasonably certain to be exercised by the customer or (2) for which exercise of the renewal option is controlled by the cloud service provider. This ASU became effective for fiscal years beginning after December 15, 2019, and interim periods within those fiscal years. The Standard may be adopted either using the prospective or retrospective transition approach. The Company adopted the new Standard on January 1, 2020. The Standard Update did not have a significant impact on the Company’s consolidated financial statements and disclosures.",,0,significant_accounting_policies,NOTE 1 - BUSINESS DESCRIPTION AND SUMMARY OF SIGNIFICANT ACCOUNTING POLICIES,3,False,,"score=2,idx=5933,zone=11155",587,OK,
0000009326,BCPC,2022,0000009326_BCPC_FY2022_10K.html,,2022-12-31,Equipment,"Property, Plant and Equipment and Depreciation",,,Yes,"The above selected unaudited pro forma information includes the following acquisition-related adjustments: (1) additional amortization of intangible assets and depreciation of fixed assets; (2) adjustments related to the fair value of the acquired inventory, (3) adjustments to interest expense on borrowings at rates in effect during the related period, factoring in estimated payments based on free cash flow, and (4) other one-time adjustments.",Not disclosed,,Not disclosed,,0,significant_accounting_policies,NOTE 1 - BUSINESS DESCRIPTION AND SUMMARY OF SIGNIFICANT ACCOUNTING POLICIES,3,False,,"score=2,idx=6350,zone=11647",611,OK,
0000009326,BCPC,2023,0000009326_BCPC_FY2023_10K.html,,2023-12-31,Equipment,"Property, Plant and Equipment and Depreciation",,,Yes,"The above selected unaudited pro forma information includes the following acquisition-related adjustments: (1) additional amortization of intangible assets and depreciation of fixed assets; (2) adjustments related to the fair value of the acquired inventory, (3) adjustments to interest expense on borrowings at rates in effect during the related period, factoring in estimated payments based on free cash flow, and (4) other one-time adjustments.",Not disclosed,,Not disclosed,,0,significant_accounting_policies,NOTE 1 - BUSINESS DESCRIPTION AND SUMMARY OF SIGNIFICANT ACCOUNTING POLICIES,3,False,,"score=2,idx=6329,zone=11366",611,OK,
0000009326,BCPC,2024,0000009326_BCPC_FY2024_10K.html,,2025-01-31,Equipment,"Property, Plant and Equipment and Depreciation",,,Yes,"The above selected unaudited pro forma information includes the following acquisition-related adjustments: (1) additional amortization of intangible assets and depreciation of fixed assets; (2) adjustments related to the fair value of the acquired inventory, (3) adjustments to interest expense on borrowings at rates in effect during the related period, factoring in estimated payments based on free cash flow, and (4) other one-time adjustments.",Not disclosed,,Not disclosed,,0,significant_accounting_policies,NOTE 1 - BUSINESS DESCRIPTION AND SUMMARY OF SIGNIFICANT ACCOUNTING POLICIES,3,False,,"score=2,idx=6166,zone=12005",617,OK,
0000009389,BALL,2013,0000009389_BALL_FY2013_10K.html,,"December 31, 2013",buildings and improvements,"Property, plant and equipment are carried at the cost of acquisition or construction and depleted over the estimated useful lives of the assets. Assets are depreciated and amortized using the straight-line method over their estimated useful lives, generally 5 to 40 years for buildings and improvements and 2 to 20 years for machinery and equipment. Finite-lived intangible assets, including capitalized software costs, are generally amortized over their estimated useful lives of 3 to 23 years.",3.0,23.0,Yes,"Segment earnings in 2012 were $40.8 million higher than in 2011 due to $51 million from favorable sales mix, higher sales volumes and lower depreciation as a result of the change in the estimated useful lives, partially offset by $20 million from higher distribution and warehousing costs and higher tooling, spare parts and dunnage expense as a result of the accounting change.",Not disclosed,,Not disclosed,,0,significant_accounting_policies,1. Critical and Significant Accounting Policies (continued),3,False,,"score=6,idx=10145,zone=36310",850,OK,
0000009389,BALL,2014,0000009389_BALL_FY2014_10K.html,,"December 31, 2014",buildings and improvements,"Property, plant and equipment are carried at the cost of acquisition or construction and depreciated over the estimated useful lives of the assets. Assets are depreciated and amortized using the straight-line method over their estimated useful lives, generally 5 to 40 years for buildings and improvements and 2 to 20 years for machinery and equipment. Finite-lived intangible assets, including capitalized software costs, are generally amortized over their estimated useful lives of 3 to 23 years.",3.0,23.0,Yes,"This includes the estimated costs of employee severance, pension and related benefits; impairment of property and equipment and other assets, including estimates of net realizable value; accelerated depreciation; termination payments for contracts and leases; contractual obligations; and any other qualifying costs related to the exit plan.",Not disclosed,,Not disclosed,,0,significant_accounting_policies,1. Critical and Significant Accounting Policies (continued),3,False,,"score=4,idx=10414,zone=37636",750,OK,
0000009389,BALL,2015,0000009389_BALL_FY2015_10K.html,,"December 31, 2015",buildings and improvements,"Property, plant and equipment are carried at the cost of acquisition or construction and depreciated over the estimated useful lives of the assets. Assets are depreciated and amortized using the straight-line method over their estimated useful lives, generally 5 to 40 years for buildings and improvements and 2 to 20 years for machinery and equipment. Finite-lived intangible assets, including capitalized software costs, are generally amortized over their estimated useful lives of 3 to 23 years.",3.0,23.0,Yes,"This includes the estimated costs of employee severance, pension and related benefits; impairment of property and equipment and other assets, including estimates of net realizable value; accelerated depreciation; termination payments for contracts and leases; contractual obligations; and any other qualifying costs related to the exit plan.",Not disclosed,,"In April 2015, amendments to existing accounting guidance were issued to provide explicit guidance related to a customer’s accounting for fees paid in a cloud computing arrangement. Under the guidance, cloud computing arrangements that include a software license would be accounted for consistent with the acquisition of other software licenses. Conversely, cloud computing arrangements that do not include a software license would be accounted for as a service contract. This guidance will be applied prospectively on January 1, 2016. The guidance is not expected to have a material effect on the company’s consolidated financial statements.",,0,significant_accounting_policies,1. Critical and Significant Accounting Policies (continued),3,False,,"score=4,idx=10398,zone=36938",700,OK,
0000009389,BALL,2016,0000009389_BALL_FY2016_10K.html,,"December 31, 2016",buildings and improvements,"Property, plant and equipment are carried at the cost of acquisition or construction and depreciated over the estimated useful lives of the assets. Assets are depreciated and amortized using the straight-line method over their estimated useful lives, generally 5 to 40 years for buildings and improvements and 2 to 20 years for machinery and equipment. Finite-lived intangible assets, including capitalized software costs, are generally amortized over their estimated useful lives of 3 to 23 years.",3.0,23.0,Yes,"This includes the estimated costs of employee severance, pension and related benefits; impairment of property and equipment and other assets, including estimates of net realizable value; accelerated depreciation; termination payments for contracts and leases; contractual obligations; and any other qualifying costs related to the exit plan.",Not disclosed,,"In April 2015, amendments to existing accounting guidance were issued to provide explicit guidance related to a customer’s accounting for fees paid in a cloud computing arrangement. Under the guidance, cloud computing arrangements that include a software license are to be accounted for consistent with the acquisition of other software licenses. Conversely, cloud computing arrangements that do not include a software license are to be accounted for as a service contract or other applicable accounting guidance. This guidance was applied prospectively on January 1, 2016, and did not have a material effect on the company’s consolidated financial statements.",,0,significant_accounting_policies,1. Critical and Significant Accounting Policies,3,False,,"score=4,idx=12591,zone=55632",989,OK,
0000009389,BALL,2017,0000009389_BALL_FY2017_10K.html,,"December 31, 2017",buildings and improvements,"Property, plant and equipment are carried at the cost of acquisition or construction and depreciated over the estimated useful lives of the assets. Assets are depreciated and amortized using the straight-line method over their estimated useful lives, generally 5 to 40 years for buildings and improvements and 2 to 20 years for machinery and equipment. Finite-lived intangible assets, excluding capitalized software costs, are generally amortized over their estimated useful lives of 3 to 18 years. For capitalized software, costs are generally amortized over their estimated useful",3.0,18.0,Yes,"This includes the estimated costs of employee severance, pension and related benefits; impairment of property and equipment and other assets, including estimates of net realizable value; accelerated depreciation; termination payments for contracts and leases; contractual obligations; and any other qualifying costs related to the exit plan.",Not disclosed,,Not disclosed,,0,significant_accounting_policies,1. Critical and Significant Accounting Policies,3,False,,"score=4,idx=13433,zone=47624",1030,OK,
0000009389,BALL,2018,0000009389_BALL_FY2018_10K.html,,"December 31, 2018",buildings and improvements,"Assets are depreciated and amortized using the straight-line method over their estimated useful lives, generally 5 to 40 years for buildings and improvements and 2 to 20 years for machinery and equipment. Finite-lived intangible assets, excluding capitalized software costs, are generally amortized over their estimated useful lives of 3 to 18 years. Capitalized software is generally amortized over estimated useful lives of 3 to 7 years.",3.0,18.0,Yes,"This includes the estimated costs of employee severance, pension and related benefits; impairment of property and equipment and other assets, including estimates of net realizable value; accelerated depreciation; termination payments for contracts and leases; contractual obligations; and any other qualifying costs related to the exit plan.",Not disclosed,,"Cloud Computing Arrangements ||| In August 2018, amendments to existing accounting guidance were issued to clarify the accounting for implementation costs for cloud computing arrangements. The amendments specify that existing guidance for capitalizing implementation costs incurred to develop or obtain internal-use software also applies to implementation costs incurred in a hosting arrangement that is a service contract. The guidance is effective for Ball on January 1, 2020, and the company is currently assessing the impact that the adoption of this new guidance will have on its consolidated financial statements.",,0,significant_accounting_policies,1. Critical and Significant Accounting Policies,3,False,,"score=4,idx=10769,zone=47922",1030,OK,
0000009389,BALL,2019,0000009389_BALL_FY2019_10K.html,,"December 31, 2019",buildings and improvements,"Assets are depreciated and amortized using the straight-line method over their estimated useful lives, generally 5 to 40 years for buildings and improvements and 2 to 20 years for machinery and equipment. Finite-lived intangible assets, excluding capitalized software costs, are generally amortized over their estimated useful lives of 3 to 18 years. Capitalized software is generally amortized over estimated useful lives of 3 to 7 years.",3.0,18.0,Yes,"This includes the estimated costs of employee severance, pension and related benefits; impairment of property and equipment and other assets, including estimates of net realizable value; accelerated depreciation; termination payments for contracts and leases; contractual obligations; and any other qualifying costs related to the exit plan.",Not disclosed,,"Cloud Computing Arrangements ||| In August 2018, amendments to existing accounting guidance were issued to clarify the accounting for implementation costs for cloud computing arrangements. The amendments specify that existing guidance for capitalizing implementation costs incurred to develop or obtain internal-use software also applies to implementation costs incurred in a hosting arrangement that is a service contract. The guidance is effective for Ball on January 1, 2020, and will not have a material effect on the company’s consolidated financial statements.",,0,significant_accounting_policies,1. Critical and Significant Accounting Policies,3,False,,"score=6,idx=14677,zone=43472",799,OK,
0000009389,BALL,2020,0000009389_BALL_FY2020_10K.html,,"December 31, 2020",buildings and improvements,"Assets are depreciated and amortized using the straight-line method over their estimated useful lives, generally 5 to 40 years for buildings and improvements and 2 to 20 years for machinery and equipment. Finite-lived intangible assets, excluding capitalized software costs, are generally amortized over their estimated useful lives of 3 to 18 years. Capitalized software is generally amortized over estimated useful lives of 3 to 7 years.",3.0,18.0,Yes,"This includes the estimated costs of employee severance, pension and related benefits; impairment of property and equipment and other assets, including estimates of net realizable value; accelerated depreciation; termination payments for contracts and leases; contractual obligations; and any other qualifying costs related to the exit plan.",Not disclosed,,"Cloud Computing Arrangements ||| In August 2018, amendments to existing accounting guidance were issued to clarify the accounting for implementation costs related to cloud computing arrangements. The amendments specify that existing guidance for capitalizing implementation costs incurred to develop or obtain internal-use software also applies to capitalizing implementation costs incurred in a hosting arrangement that is a service contract. The guidance was applied prospectively on January 1, 2020, and did not have a material effect on the company’s consolidated financial statements.",,0,significant_accounting_policies,1. Critical and Significant Accounting Policies,3,False,,"score=6,idx=12029,zone=30414",723,OK,
0000009389,BALL,2021,0000009389_BALL_FY2021_10K.html,,2022-12-31,buildings and improvements,"Assets are depreciated and amortized using the straight-line method over their estimated useful lives, generally 5 to 40 years for buildings and improvements and 2 to 20 years for machinery and equipment. Finite-lived intangible assets, excluding capitalized software costs, are generally amortized over their estimated useful lives of 3 to 18 years. Capitalized software is generally amortized over estimated useful lives of 3 to 7 years.",3.0,18.0,Yes,"Assets are depreciated and amortized using the straight-line method over their estimated useful lives, generally 5 to 40 years for buildings and improvements and 2 to 20 years for machinery and equipment. Finite-lived intangible assets, excluding capitalized software costs, are generally amortized over their estimated useful lives of 3 to 18 years. Capitalized software is generally amortized over estimated useful lives of 3 to 7 years.",Not disclosed,,Not disclosed,,0,significant_accounting_policies,1. Critical and Significant Accounting Policies,3,False,,"score=6,idx=10146,zone=29796",717,OK,
0000009389,BALL,2022,0000009389_BALL_FY2022_10K.html,,2023-12-31,buildings and improvements,"Assets are depreciated and amortized using the straight-line method over their estimated useful lives, generally 5 to 50 years for buildings and improvements and 2 to 23 years for machinery and equipment. Finite-lived intangible assets, excluding capitalized software costs, are generally amortized over their estimated useful lives of 3 to 18 years. Capitalized software is generally amortized over estimated useful lives of 3 to 7 years. During 2022, the company completed an evaluation of the estimated useful lives of its manufacturing equipment, buildings and certain assembly and test equipment.",3.0,18.0,Yes,"Assets are depreciated and amortized using the straight-line method over their estimated useful lives, generally 5 to 50 years for buildings and improvements and 2 to 23 years for machinery and equipment. Finite-lived intangible assets, excluding capitalized software costs, are generally amortized over their estimated useful lives of 3 to 18 years. Capitalized software is generally amortized over estimated useful lives of 3 to 7 years. During 2022, the company completed an evaluation of the estimated useful lives of its manufacturing equipment, buildings and certain assembly and test equipment.",Not disclosed,,Not disclosed,,0,significant_accounting_policies,1. Critical and Significant Accounting Policies,3,False,,"score=6,idx=10141,zone=29835",714,OK,
0000009389,BALL,2023,0000009389_BALL_FY2023_10K.html,,2024-12-31,buildings and improvements,"Assets are depreciated and amortized using the straight-line method over their estimated useful lives, generally 5 to 50 years for buildings and improvements and 2 to 23 years for machinery and equipment. Finite-lived intangible assets, excluding capitalized software costs, are generally amortized over their estimated useful lives of 3 to 18 years. Capitalized software is generally amortized over estimated useful lives of 3 to 7 years. During 2022, the company completed an evaluation of the estimated useful lives of its manufacturing equipment, buildings and certain assembly and test equipment.",3.0,18.0,Yes,"Assets are depreciated and amortized using the straight-line method over their estimated useful lives, generally 5 to 50 years for buildings and improvements and 2 to 23 years for machinery and equipment. Finite-lived intangible assets, excluding capitalized software costs, are generally amortized over their estimated useful lives of 3 to 18 years. Capitalized software is generally amortized over estimated useful lives of 3 to 7 years. During 2022, the company completed an evaluation of the estimated useful lives of its manufacturing equipment, buildings and certain assembly and test equipment.",Not disclosed,,Not disclosed,,0,significant_accounting_policies,1. Critical and Significant Accounting Policies,3,False,,"score=6,idx=10069,zone=29727",693,OK,
0000009389,BALL,2024,0000009389_BALL_FY2024_10K.html,,2025-12-31,buildings and improvements,"Assets are depreciated and amortized using the straight-line method over their estimated useful lives, generally 5 to 50 years for buildings and improvements and 2 to 25 years for machinery and equipment. Finite-lived intangible assets, excluding capitalized software costs, are generally amortized over their estimated useful lives of 3 to 18 years. Capitalized software is generally amortized over estimated useful lives of 3 to 7 years.",3.0,18.0,Yes,"Assets are depreciated and amortized using the straight-line method over their estimated useful lives, generally 5 to 50 years for buildings and improvements and 2 to 25 years for machinery and equipment. Finite-lived intangible assets, excluding capitalized software costs, are generally amortized over their estimated useful lives of 3 to 18 years. Capitalized software is generally amortized over estimated useful lives of 3 to 7 years.",Not disclosed,,Not disclosed,,0,significant_accounting_policies,1. Critical and Significant Accounting Policies,3,False,,"score=6,idx=9424,zone=32424",724,OK,
0000046195,BOH,2013,0000046195_BOH_FY2013_10K.html,,"December 31, 2013",equipment,"Premises and equipment, including leasehold improvements, are stated at cost, less accumulated depreciation and amortization. Capital leases are included in premises and equipment at the capitalized amount less accumulated amortization.",,,No,,Not disclosed,,Not disclosed,,0,significant_accounting_policies,Note 1. Summary of Significant Accounting Policies,3,False,,"score=4,idx=34489,zone=45459",1140,OK,
0000046195,BOH,2014,0000046195_BOH_FY2014_10K.html,,"December 31, 2014",equipment,"Premises and equipment, including leasehold improvements, are stated at cost, less accumulated depreciation and amortization. Capital leases are included in premises and equipment at the capitalized amount less accumulated amortization.",,,No,,Not disclosed,,Not disclosed,,0,significant_accounting_policies,Note 1. Summary of Significant Accounting Policies,3,False,,"score=4,idx=35294,zone=46574",1174,OK,
0000046195,BOH,2015,0000046195_BOH_FY2015_10K.html,,"December 31, 2015",equipment,"Premises and equipment, including leasehold improvements, are stated at cost, less accumulated depreciation and amortization. Capital leases are included in premises and equipment at the capitalized amount less accumulated amortization.",,,No,,Not disclosed,,"“Customer’s Accounting for Fees Paid in a Cloud Computing Arrangement.” ||| This ASU provides guidance to customers about whether a cloud computing arrangement includes a software license. If a cloud computing arrangement includes a software license, the customer should account for the software license element of the arrangement consistent with the acquisition of other software licenses. If a cloud computing arrangement does not include a software license, the customer should account for the arrangement as a service contract. The new guidance does not change the accounting for a customer’s accounting for service contracts. ASU No. 2015-05 is effective for interim and annual reporting periods beginning after December 15, 2015. The Company’s current method of accounting for fees paid in a cloud computing arrangement is consistent with the accounting guidance provided by ASU No. 2015-05. Therefore, the adoption of ASU No. 2015-05 did not have a material impact on the Company's Consolidated Financial Statements. ||| In April 2015, the FASB issued ASU No. 2015-05, “Customer’s Accounting for Fees Paid in a Cloud Computing Arrangement.” This ASU provides guidance to customers about whether a cloud computing arrangement includes a software license. If a cloud computing arrangement includes a software license, the customer should account for the software license element of the arrangement consistent with the acquisition of other software licenses. If a cloud computing arrangement does not include a software license, the customer should account for the arrangement as a service contract. The new guidance does not change the accounting for a customer’s accounting for service contracts. ASU No. 2015-05 is effective for interim and annual reporting periods beginning after December 15, 2015. The Company’s current method of accounting for fees paid in a cloud computing arrangement is consistent with the accounting guidance provided by ASU No. 2015-05. Therefore, the adoption of ASU No. 2015-05 did not have a material impact on the Company's Consolidated Financial Statements.",,0,significant_accounting_policies,Note 1. Summary of Significant Accounting Policies,3,False,,"score=4,idx=35169,zone=47887",1209,OK,
0000046195,BOH,2016,0000046195_BOH_FY2016_10K.html,,"December 31, 2016",equipment,"Premises and equipment, including leasehold improvements, are stated at cost, less accumulated depreciation and amortization. Capital leases are included in premises and equipment at the capitalized amount less accumulated amortization.",,,Yes,"This ASU provides guidance to customers about whether a cloud computing arrangement includes a software license. If a cloud computing arrangement includes a software license, the customer should account for the software license element of the arrangement consistent with the acquisition of other software licenses. If a cloud computing arrangement does not include a software license, the customer should account for the arrangement as a service contract. The new guidance does not change the accounting for a customer’s accounting for service contracts. The purpose of ASU 2015-05 is to clarify which fees paid in a cloud computing arrangement should be capitalized and which fees should be expensed as incurred. The Company prospectively adopted ASU No. 2015-05 effective January 1, 2016. The adoption of ASU No. 2015-05 did not have a material impact on the Company’s Consolidated Financial Statements.",Not disclosed,,"“Customer’s Accounting for Fees Paid in a Cloud Computing Arrangement.” ||| This ASU provides guidance to customers about whether a cloud computing arrangement includes a software license. If a cloud computing arrangement includes a software license, the customer should account for the software license element of the arrangement consistent with the acquisition of other software licenses. If a cloud computing arrangement does not include a software license, the customer should account for the arrangement as a service contract. The new guidance does not change the accounting for a customer’s accounting for service contracts. The purpose of ASU 2015-05 is to clarify which fees paid in a cloud computing arrangement should be capitalized and which fees should be expensed as incurred. The Company prospectively adopted ASU No. 2015-05 effective January 1, 2016. The adoption of ASU No. 2015-05 did not have a material impact on the Company’s Consolidated Financial Statements. ||| In April 2015, the FASB issued ASU No. 2015-05, “Customer’s Accounting for Fees Paid in a Cloud Computing Arrangement.” This ASU provides guidance to customers about whether a cloud computing arrangement includes a software license. If a cloud computing arrangement includes a software license, the customer should account for the software license element of the arrangement consistent with the acquisition of other software licenses. If a cloud computing arrangement does not include a software license, the customer should account for the arrangement as a service contract. The new guidance does not change the accounting for a customer’s accounting for service contracts. The purpose of ASU 2015-05 is to clarify which fees paid in a cloud computing arrangement should be capitalized and which fees should be expensed as incurred. The Company prospectively adopted ASU No. 2015-05 effective January 1, 2016. The adoption of ASU No. 2015-05 did not have a material impact on the Company’s Consolidated Financial Statements.",,0,significant_accounting_policies,Note 1. Summary of Significant Accounting Policies,3,False,,"score=4,idx=35388,zone=48725",1221,OK,
0000046195,BOH,2017,0000046195_BOH_FY2017_10K.html,,"December 31, 2017",equipment,"Premises and equipment, including leasehold improvements, are stated at cost, less accumulated depreciation and amortization. Capital leases are included in premises and equipment at the capitalized amount less accumulated amortization.",,,No,,Not disclosed,,Not disclosed,,0,significant_accounting_policies,Note 1. Summary of Significant Accounting Policies,3,False,,"score=4,idx=35416,zone=48952",1242,OK,
0000046195,BOH,2018,0000046195_BOH_FY2018_10K.html,,"December 31, 2018",equipment,"Premises and equipment, including leasehold improvements, are stated at cost, less accumulated depreciation and amortization. Capital leases are included in premises and equipment at the capitalized amount less accumulated amortization.",,,No,,Not disclosed,,"“Customer’s Accounting for Implementation Costs Incurred in a Cloud Computing Arrangement That Is a Service Contract.” ||| This ASU requires an entity in a cloud computing arrangement (i.e., hosting arrangement) that is a service contract to follow the internal-use software guidance in ASC 350-40 to determine which implementation costs to capitalize as assets or expense as incurred. Capitalized implementation costs should be presented in the same line item on the balance sheet as amounts prepaid for the hosted service, if any (generally as an “other asset”). The capitalized costs will be amortized over the term of the hosting arrangement, with the amortization expense being presented in the same income statement line item as the fees paid for the hosted service. ASU 2018-15 is effective for interim and annual reporting periods beginning after December 15, 2019; early adoption is permitted. The Company elected to adopt ASU 2018-15 during the quarter ended September 30, 2018 on a prospective basis. ASU 2018-15 did not have a material impact on the Company’s Consolidated Financial Statements. ||| In September 2018, the FASB issued ASU No. 2018-15, “Customer’s Accounting for Implementation Costs Incurred in a Cloud Computing Arrangement That Is a Service Contract.” This ASU requires an entity in a cloud computing arrangement (i.e., hosting arrangement) that is a service contract to follow the internal-use software guidance in ASC 350-40 to determine which implementation costs to capitalize as assets or expense as incurred. Capitalized implementation costs should be presented in the same line item on the balance sheet as amounts prepaid for the hosted service, if any (generally as an “other asset”). The capitalized costs will be amortized over the term of the hosting arrangement, with the amortization expense being presented in the same income statement line item as the fees paid for the hosted service. ASU 2018-15 is effective for interim and annual reporting periods beginning after December 15, 2019; early adoption is permitted. The Company elected to adopt ASU 2018-15 during the quarter ended September 30, 2018 on a prospective basis. ASU 2018-15 did not have a material impact on the Company’s Consolidated Financial Statements.",,0,significant_accounting_policies,Note 1. Summary of Significant Accounting Policies,3,False,,"score=4,idx=35479,zone=49467",1247,OK,
0000046195,BOH,2019,0000046195_BOH_FY2019_10K.html,,"December 31, 2019",equipment,"The Company’s lease financing arrangements, excluding leveraged leases, primarily consist of equipment and automobile leases. These lease arrangments are classified as sales-type leases despite not receiving a selling profit at lease inception. Sales-type leases are carried at the aggregate of lease payments receivable plus the estimated residual value of leased property, less unearned income. Leveraged leases are carried net of non-recourse debt. Unearned income on sales-type and leveraged leases is amortized over the lease term by methods that approximate the interest method. Residual values on leased assets are periodically reviewed for impairment.",,,No,,Not disclosed,,Not disclosed,,0,significant_accounting_policies,Note 1. Summary of Significant Accounting Policies,3,False,,"score=4,idx=37154,zone=53374",1264,OK,
0000046195,BOH,2020,0000046195_BOH_FY2020_10K.html,,2020-12-31,equipment,"The Company’s lease financing arrangements, excluding leveraged leases, primarily consist of equipment and automobile leases. These lease arrangements are classified as sales-type leases despite not receiving a selling profit at lease inception. Sales-type leases are carried at the aggregate of lease payments receivable plus the estimated residual value of leased property, less unearned income. Leveraged leases are carried net of non-recourse debt. Unearned income on sales-type and leveraged leases is amortized over the lease term by methods that approximate the interest method. Residual values on leased assets are periodically reviewed for impairment.",,,No,,Not disclosed,,Not disclosed,,0,significant_accounting_policies,Note 1. Summary of Significant Accounting Policies,3,False,,"score=4,idx=29518,zone=39729",1089,OK,
0000046195,BOH,2021,0000046195_BOH_FY2021_10K.html,,2021-12-31,equipment,"The Company’s lease financing arrangements, excluding leveraged leases, primarily consist of equipment and automobile leases. These lease arrangements are classified as sales-type leases despite not receiving a selling profit at lease inception. Sales-type leases are carried at the aggregate of lease payments receivable plus the estimated residual value of leased property, less unearned income. Leveraged leases are carried net of non-recourse debt. Unearned income on sales-type and leveraged leases is amortized over the lease term by methods that approximate the interest method. Residual values on leased assets are periodically reviewed for impairment.",,,No,,Not disclosed,,Not disclosed,,0,significant_accounting_policies,Note 1. Summary of Significant Accounting Policies,3,False,,"score=4,idx=26632,zone=43460",1024,OK,
0000046195,BOH,2022,0000046195_BOH_FY2022_10K.html,,2022-12-31,equipment,"The Company’s lease financing arrangements primarily consist of equipment and automobile leases. These lease arrangements are classified as sales-type leases despite not receiving a selling profit at lease inception. Sales-type leases are carried at the aggregate of lease payments receivable plus the estimated residual value of leased property, less unearned income. Unearned income on sales-type leases is amortized over the lease term by methods that approximate the interest method. Residual values on leased assets are periodically reviewed for impairment.",,,No,,Not disclosed,,Not disclosed,,0,significant_accounting_policies,Note 1. Summary of Significant Accounting Policies,3,False,,"score=4,idx=27424,zone=42261",973,OK,
0000046195,BOH,2023,0000046195_BOH_FY2023_10K.html,,2023-12-31,equipment,"The Company’s lease financing arrangements primarily consist of equipment and automobile leases. These lease arrangements are classified as sales-type leases despite not receiving a selling profit at lease inception. Sales-type leases are carried at the aggregate of lease payments receivable plus the estimated residual value of leased property, less unearned income. Unearned income on sales-type leases is amortized over the lease term by methods that approximate the interest method. Residual values on leased assets are periodically reviewed for impairment.",,,No,,Not disclosed,,Not disclosed,B100,1,significant_accounting_policies,Note 1. Summary of Signi ficant Accounting Policies Basis of Presentation,3,False,,"score=4,idx=35978,zone=65100",1271,OK,
0000046195,BOH,2024,0000046195_BOH_FY2024_10K.html,,2024-12-31,equipment,"Premises and equipment, including leasehold improvements, are stated at cost, less accumulated depreciation and amortization. Capital leases are included in premises and equipment at the capitalized amount less accumulated amortization.",,,No,,Not disclosed,,Not disclosed,,0,significant_accounting_policies,Note 2. Summary of Significant Accounting Policies,3,False,,"score=4,idx=35612,zone=68187",1316,OK,
0000744187,REX,2013,0000744187_REX_FY2013_10K.html,,"JANUARY 31, 2014",Not disclosed,Not disclosed,,,No,,Not disclosed,,Not disclosed,,0,unknown,,0,False,,"score=4,idx=3375,zone=10087",394,OK,
0000744187,REX,2014,0000744187_REX_FY2014_10K.html,,"JANUARY 31, 2015",Not disclosed,Not disclosed,,,No,,Not disclosed,,Not disclosed,,0,unknown,,0,False,,"score=4,idx=2572,zone=7208",296,OK,
0000744187,REX,2015,0000744187_REX_FY2015_10K.html,,"JANUARY 31, 2016",Not disclosed,Not disclosed,,,No,,Not disclosed,,Not disclosed,,0,unknown,,0,False,,"score=4,idx=2738,zone=7111",295,OK,
0000744187,REX,2016,0000744187_REX_FY2016_10K.html,,"JANUARY 31, 2017",Not disclosed,Not disclosed,,,No,,Not disclosed,,Not disclosed,,0,unknown,,0,False,,"score=4,idx=2620,zone=6411",291,OK,
0000744187,REX,2017,0000744187_REX_FY2017_10K.html,,"JANUARY 31, 2018",Not disclosed,Not disclosed,,,No,,Not disclosed,,Not disclosed,,0,unknown,,0,False,,"score=4,idx=3438,zone=7337",298,OK,
0000744187,REX,2018,0000744187_REX_FY2018_10K.html,,"JANUARY 31,
2019",Not disclosed,Not disclosed,,,No,,Not disclosed,,Not disclosed,,0,unknown,,0,False,,"score=4,idx=3663,zone=7313",305,OK,
0000744187,REX,2019,0000744187_REX_FY2019_10K.html,,,Not disclosed,Not disclosed,,,No,,Not disclosed,,Not disclosed,,0,unknown,,0,False,,"score=4,idx=2108,zone=6451",299,OK,
0000744187,REX,2020,0000744187_REX_FY2020_10K.html,,,Not disclosed,Not disclosed,,,No,,Not disclosed,,Not disclosed,,0,unknown,,0,False,,"score=4,idx=3805,zone=7677",310,OK,
0000744187,REX,2021,0000744187_REX_FY2021_10K.html,,,Not disclosed,Not disclosed,,,No,,Not disclosed,,Not disclosed,,0,unknown,,0,False,,"score=4,idx=2522,zone=7490",328,OK,
0000744187,REX,2022,0000744187_REX_FY2022_10K.html,,,Not disclosed,Not disclosed,,,No,,Not disclosed,,Not disclosed,,0,unknown,,0,False,,"score=4,idx=2534,zone=7313",281,OK,
0000744187,REX,2023,0000744187_REX_FY2023_10K.html,,,Not disclosed,Not disclosed,,,No,,Not disclosed,,Not disclosed,,0,unknown,,0,False,,"score=4,idx=2359,zone=7186",348,OK,
0000744187,REX,2024,0000744187_REX_FY2024_10K.html,,,Not disclosed,Not disclosed,,,No,,Not disclosed,,Not disclosed,,0,unknown,,0,False,,"score=4,idx=2689,zone=6918",331,OK,
0000763901,BPOP,2013,0000763901_BPOP_FY2013_10K.html,,"December 31, 2013",Not disclosed,Not disclosed,,,No,,Not disclosed,,Not disclosed,,0,unknown,,0,False,,"score=7,idx=2928,zone=9",1,OK,
0000763901,BPOP,2014,0000763901_BPOP_FY2014_10K.html,,"December 31, 2014",Not disclosed,Not disclosed,,,No,,Not disclosed,,Not disclosed,,0,unknown,,0,False,,"score=7,idx=2851,zone=3",1,OK,
0000763901,BPOP,2015,0000763901_BPOP_FY2015_10K.html,,"December 31, 2015",Not disclosed,Not disclosed,,,No,,Not disclosed,,Not disclosed,,0,unknown,,0,False,,"score=2,idx=507,zone=11",1,OK,
0000763901,BPOP,2016,0000763901_BPOP_FY2016_10K.html,,"December 31, 2016",Not disclosed,Not disclosed,,,No,,Not disclosed,,Not disclosed,,0,unknown,,0,False,,"score=7,idx=2975,zone=7",2,OK,
0000763901,BPOP,2017,0000763901_BPOP_FY2017_10K.html,,"December 31, 2017",Not disclosed,Not disclosed,,,No,,Not disclosed,,Not disclosed,,0,unknown,,0,False,,"score=7,idx=2923,zone=9",1,OK,
0000763901,BPOP,2018,0000763901_BPOP_FY2018_10K.html,,"December 31, 2018",Not disclosed,Not disclosed,,,No,,Not disclosed,,Not disclosed,,0,unknown,,0,False,,"score=7,idx=2165,zone=3",1,OK,
0000763901,BPOP,2019,0000763901_BPOP_FY2019_10K.html,,2019-12-31,Not disclosed,Not disclosed,,,No,,Not disclosed,,Not disclosed,,0,unknown,,0,False,,"score=7,idx=37627,zone=7",2,OK,
0000763901,BPOP,2020,0000763901_BPOP_FY2020_10K.html,,2021-02-26,Not disclosed,Not disclosed,,,No,,Not disclosed,,Not disclosed,,0,unknown,,0,False,,"score=7,idx=32747,zone=7",2,OK,
0000763901,BPOP,2021,0000763901_BPOP_FY2021_10K.html,,2021-12-31,Not disclosed,Not disclosed,,,No,,Not disclosed,,Not disclosed,,0,unknown,,0,False,,"score=7,idx=29892,zone=8",2,OK,
0000763901,BPOP,2022,0000763901_BPOP_FY2022_10K.html,,2022-12-31,Not disclosed,Not disclosed,,,No,,Not disclosed,,Not disclosed,,0,unknown,,0,False,,"score=7,idx=33616,zone=3",2,OK,
0000763901,BPOP,2023,0000763901_BPOP_FY2023_10K.html,,2023-12-31,Not disclosed,Not disclosed,,,No,,Not disclosed,,Not disclosed,,0,unknown,,0,False,,"score=7,idx=37213,zone=4",2,OK,
0000763901,BPOP,2024,0000763901_BPOP_FY2024_10K.html,,2024-12-31,Not disclosed,Not disclosed,,,No,,Not disclosed,,Not disclosed,,0,unknown,,0,False,,"score=7,idx=36550,zone=3",2,OK,
0000769397,ADSK,2013,0000769397_ADSK_FY2013_10K.html,,,"Computer equipment, furniture","Computer equipment, software and furniture are depreciated using the straight-line method over the estimated useful lives of the assets, which range from three to five years.",3.0,5.0,No,,Not disclosed,,"Transform. At the same time we grow our desktop software business, we are migrating many of our products to the cloud. This entails development of new cloud computing infrastructure and redesigning our applications to leverage the cloud. We are also developing new capabilities that are enabled by the cloud such as collaborative Product Lifecycle Management (“PLM”), Building Information Modeling (“BIM”) and online simulation. Our goal is to lead our industry in transitioning to the cloud, and use cloud services to provide more value to new and existing subscriptions.",,0,item_8_other,,1,False,,"score=6,idx=13214,zone=23658",847,OK,
0000769397,ADSK,2014,0000769397_ADSK_FY2014_10K.html,,,"Computer equipment, furniture","Computer equipment, software, and furniture are depreciated using the straight-line method over the estimated useful lives of the assets, which range from",,,No,,"Cost of subscription revenue includes the labor costs of providing product support to our maintenance and cloud subscription customers, including rent and occupancy, shipping and handling costs, professional services fees related to operating our network infrastructure, including depreciation expense and operating lease payments associated with computer equipment, data center costs, salaries, and related expenses of network operations. Cost of subscription revenue",MD&A (Item 7),primarily due to higher employee-related costs as a result of increased premium support headcount as well as an increase in cloud services-related expenses. Cost of subscription revenue ||| primarily due to an increase in cloud services-related expenses.,,0,item_8_other,,1,False,,"score=6,idx=13801,zone=25614",920,OK,
0000769397,ADSK,2015,0000769397_ADSK_FY2015_10K.html,,,"Computer equipment, furniture","Computer equipment, software, and furniture are depreciated using the straight-line method over the estimated useful lives of the assets, which range from",,,No,,"Cost of subscription revenue includes the labor costs of providing product support to our maintenance and cloud subscription customers, including rent and occupancy, shipping and handling costs, professional services fees related to operating our network infrastructure, depreciation expense and operating lease payments associated with computer equipment, data center costs, salaries, related expenses of network operations, and allocated IT and facilities costs.",MD&A (Item 7),"the revenue for the period from our maintenance, desktop, cloud services and enterprise license offerings, including portions of revenue allocated to license & other revenue for those offerings. It excludes revenue from Autodesk Consulting Services, and subscription revenue related to education offerings, consumer product offerings, select Creative Finishing product offerings, Autodesk Buzzsaw, Autodesk Constructware, and third party products. Recurring revenue acquired with the acquisition of a business is captured and may cause variability in the comparison of this calculation. ||| primarily due to higher employee related costs as a result of increased premium support headcount as well as an increase in cloud services related expenses. ||| Recurring revenue represents the revenue for the period from our maintenance, desktop, cloud services and enterprise license offerings, including portions of revenue allocated to license & other revenue for those offerings. It excludes revenue from Autodesk Consulting Services, and subscription revenue related to education offerings, consumer product offerings, select Creative Finishing product offerings, Autodesk Buzzsaw, Autodesk Constructware, and third party products. Recurring revenue acquired with the acquisition of a business is captured and may cause variability in the comparison of this calculation. Recurring revenue is a statistical measure rather than a non-GAAP measure and is not meant as a substitute for net revenues.",,0,item_8_other,,1,False,,"score=6,idx=15493,zone=25699",949,OK,
0000769397,ADSK,2016,0000769397_ADSK_FY2016_10K.html,,,"Computer equipment, furniture","Computer equipment, software, and furniture are depreciated using the straight-line method over the estimated useful lives of the assets, which range from",,,Yes,"Adjustments include the impact of change in estimates, computer equipment, software, furniture, straight-line rent and leasehold improvement write-offs, and foreign currency translation.","Cost of subscription revenue includes the labor costs of providing product support to our maintenance and new model subscription customers, including allocated IT and facilities costs, shipping and handling costs, professional services fees related to operating our network and cloud infrastructure, depreciation expense and operating lease payments associated with computer equipment, data center costs, salaries, related expenses of network operations, amortization of developed technologies, and stock-based compensation expense.",MD&A (Item 7),"Effective in the first quarter of fiscal 2017, Autodesk adopted FABS's Accounting Standards Update No. 2015-16 (""ASU 2015-05"") regarding Subtopic 350-40, “Intangibles - Goodwill and Other - Internal-Use Software: Customer's Accounting for Fees Paid in a Cloud Computing Arrangement.” The amendments in this ASU provide guidance about whether a cloud computing arrangement includes a software license. If a cloud computing arrangement includes a software license, the customer should account for the software license element of the arrangement consistent with other software licenses. If a cloud computing arrangement does not include a software license, the customer should account for the arrangement as a service contract. The amendments for ASU-2015-05 were prospectively applied and did not have a material impact on Autodesk's consolidated financial statements. ||| In terms of Autodesk's evaluation efforts, the Company has assigned internal resources in addition to the engagement of third party service providers to assist in the evaluation. The Company's preliminary assessment is that there should be no material change in the timing and amount of the recognition of revenue for the majority of the Company's product subscription offerings and enterprise arrangements. This preliminary assessment is based on the Company's analysis that the related software and cloud services in a majority of the product subscription and enterprise offerings are not distinct in the context of the contract as they are considered highly interrelated and represent a single combined performance obligation that should be recognized over time. Due to the complexity of certain of our contracts, the actual revenue recognition treatment required under the new standard for these arrangements may be dependent on contract-specific terms and vary in some instances. ||| A limited number of Autodesk's product subscriptions do not incorporate substantial cloud services, and under ASU 2014-09 will be recognized as distinct license and service performance obligations. Revenue allocated to the licenses in these offerings will be recognized at a point in time instead of over the contract term. Autodesk does not currently believe the impact of the change to timing of revenue recognition for these limited offerings will be material. The company is currently evaluating its other revenue streams, but does not believe ASU 2014-09 will have a material impact.",,0,item_8_other,,1,False,,"score=6,idx=15829,zone=23878",916,OK,
0000769397,ADSK,2017,0000769397_ADSK_FY2017_10K.html,,"January 31, 2018","Computer equipment, furniture","Computer equipment, software, and furniture are depreciated using the straight-line method over the estimated useful lives of the assets, which range from three to five years.",3.0,5.0,Not disclosed,,Not disclosed,,Not disclosed,,0,item_8_other,,1,False,,"score=6,idx=19832,zone=26373",912,ERROR,'<' not supported between instances of 'NoneType' and 'float'
0000769397,ADSK,2018,0000769397_ADSK_FY2018_10K.html,,"January 31, 2019","Computer equipment, furniture","Computer equipment, software, and furniture are depreciated using the straight-line method over the estimated useful lives of the assets, which range from three to five years.",3.0,5.0,Not disclosed,,Not disclosed,,Not disclosed,,0,item_8_other,,1,False,,"score=6,idx=21645,zone=27607",1048,ERROR,'<' not supported between instances of 'NoneType' and 'float'
0000769397,ADSK,2019,0000769397_ADSK_FY2019_10K.html,,"January 31, 2020","Computer equipment, furniture","Computer equipment, software, and furniture are depreciated using the straight-line method over the estimated useful lives of the assets, which range from three to five years.",3.0,5.0,Not disclosed,,Not disclosed,,Not disclosed,,0,item_8_other,,1,False,,"score=6,idx=19468,zone=23488",1053,ERROR,'<' not supported between instances of 'NoneType' and 'float'
0000769397,ADSK,2020,0000769397_ADSK_FY2020_10K.html,,2021-02-23,"Computer equipment, furniture","Computer equipment, software, and furniture are depreciated using the straight-line method over the estimated useful lives of the assets, which range from three to five years.",3.0,5.0,Not disclosed,,Not disclosed,,Not disclosed,,0,significant_accounting_policies,1. Business and Summary of Significant Accounting Policies,3,False,,"score=5,idx=13444,zone=12070",653,ERROR,'<' not supported between instances of 'NoneType' and 'float'
0000769397,ADSK,2021,0000769397_ADSK_FY2021_10K.html,,2022-01-31,"Computer equipment, furniture","Computer equipment, software, and furniture are depreciated using the straight-line method over the estimated useful lives of the assets, which range from three to five years.",3.0,5.0,Not disclosed,,Not disclosed,,Not disclosed,,0,significant_accounting_policies,1. Business and Summary of Significant Accounting Policies,3,False,,"score=5,idx=13847,zone=12313",674,ERROR,'<' not supported between instances of 'NoneType' and 'float'
0000769397,ADSK,2022,0000769397_ADSK_FY2022_10K.html,,2023-01-31,"Computer equipment, furniture","Computer equipment, software, and furniture are depreciated using the straight-line method over the estimated useful lives of the assets, which range from three to five years.",3.0,5.0,Not disclosed,,Not disclosed,,Not disclosed,,0,significant_accounting_policies,1. Business and Summary of Significant Accounting Policies,3,False,,"score=5,idx=14134,zone=14047",674,ERROR,'<' not supported between instances of 'NoneType' and 'float'
0000769397,ADSK,2023,0000769397_ADSK_FY2023_10K.html,,2024-05-20,"Computer equipment, furniture","Computer equipment, software, and furniture are depreciated using the straight-line method over the estimated useful lives of the assets, which range from three to five years.",3.0,5.0,Not disclosed,,Not disclosed,,Not disclosed,,0,significant_accounting_policies,1. Business and Summary of Significant Accounting Policies,3,False,,"score=5,idx=13819,zone=13822",652,ERROR,'<' not supported between instances of 'NoneType' and 'float'
0000769397,ADSK,2024,0000769397_ADSK_FY2024_10K.html,,2025-03-06,"Computer equipment, furniture","Computer equipment, software, and furniture are depreciated using the straight-line method over the estimated useful lives of the assets, which range from three to five years.",3.0,5.0,No,,"Cost of subscription and maintenance revenue includes the labor costs of providing product support to our subscription and maintenance customers, SaaS vendor costs and allocated IT costs, facilities costs, professional services fees related to operating our network and cloud infrastructure, royalties, depreciation expense and operating lease payments associated with computer equipment, data center costs, related expenses of network operations, stock-based compensation expense, and gains and losses on our operating expense cash flow hedges.",MD&A (Item 7),"Purchase obligations are contractual obligations for purchase of goods or services and are defined as agreements that are enforceable and legally binding to Autodesk and that specify all significant terms, including: fixed or minimum quantities to be purchased; fixed, minimum, or variable price provisions; and the approximate timing of the transaction. Purchase obligations relate primarily to acquisition of cloud services, marketing and commitments related to our investment agreements with limited liability partnership funds.",,0,significant_accounting_policies,1. Business and Summary of Significant Accounting Policies,3,True,2.0 ans | 3.0-5.0 ans,"score=5,idx=13273,zone=13419",649,OK,
0001390777,BK,2013,0001390777_BK_FY2013_10K.html,,"December 31, 2013",Not disclosed,Not disclosed,,,No,,Not disclosed,,Not disclosed,,0,unknown,,0,False,,"score=7,idx=1658,zone=10",2,OK,
0001390777,BK,2014,0001390777_BK_FY2014_10K.html,,"December 31, 2014",Not disclosed,Not disclosed,,,No,,Not disclosed,,Not disclosed,,0,unknown,,0,False,,"score=7,idx=1533,zone=10",2,OK,
0001390777,BK,2015,0001390777_BK_FY2015_10K.html,,,Not disclosed,Not disclosed,,,No,,Not disclosed,,Not disclosed,,0,unknown,,0,False,,"score=7,idx=1525,zone=10",2,OK,
0001390777,BK,2016,0001390777_BK_FY2016_10K.html,,"December 31, 2016",Not disclosed,Not disclosed,,,No,,Not disclosed,,Not disclosed,,0,unknown,,0,False,,"score=7,idx=1558,zone=13",4,OK,
0001390777,BK,2017,0001390777_BK_FY2017_10K.html,,"December 31, 2017",Not disclosed,Not disclosed,,,No,,Not disclosed,,Not disclosed,,0,unknown,,0,False,,"score=7,idx=1535,zone=13",4,OK,
0001390777,BK,2018,0001390777_BK_FY2018_10K.html,,"December 31, 2018",Not disclosed,Not disclosed,,,No,,Not disclosed,,Not disclosed,,0,unknown,,0,False,,"score=7,idx=1899,zone=13",4,OK,
0001390777,BK,2019,0001390777_BK_FY2019_10K.html,,2019-12-31,Not disclosed,Not disclosed,,,No,,Not disclosed,,Not disclosed,,0,unknown,,0,False,,"score=7,idx=16307,zone=13",4,OK,
0001390777,BK,2020,0001390777_BK_FY2020_10K.html,,2020-12-31,Not disclosed,Not disclosed,,,No,,Not disclosed,,Not disclosed,,0,unknown,,0,False,,"score=5,idx=18029,zone=10",2,OK,
0001390777,BK,2021,0001390777_BK_FY2021_10K.html,,2021-12-31,Not disclosed,Not disclosed,,,No,,Not disclosed,,Not disclosed,,0,unknown,,0,False,,"score=5,idx=18381,zone=10",2,OK,
0001390777,BK,2022,0001390777_BK_FY2022_10K.html,,2022-12-31,Not disclosed,Not disclosed,,,No,,Not disclosed,,Not disclosed,,0,unknown,,0,False,,"score=5,idx=17622,zone=10",2,OK,
0001390777,BK,2023,0001390777_BK_FY2023_10K.html,,2023-12-31,Not disclosed,Not disclosed,,,No,,Not disclosed,,Not disclosed,,0,unknown,,0,False,,"score=5,idx=15621,zone=10",2,OK,
0001390777,BK,2024,0001390777_BK_FY2024_10K.html,,2024-12-31,Not disclosed,Not disclosed,,,No,,Not disclosed,,Not disclosed,,0,unknown,,0,False,,"score=5,idx=15583,zone=10",2,OK,
0001674862,ASH,2016,0001674862_ASH_FY2016_10K.html,,,Not disclosed,Not disclosed,,,Yes,"The EBITDA and Adjusted EBITDA amounts presented within this business section are provided as a means to enhance the understanding of financial measurements that Ashland has internally determined to be relevant measures of comparison for each segment. Each of these non-GAAP measures is defined as follows: EBITDA (operating income plus depreciation and amortization), Adjusted EBITDA (EBITDA adjusted for key items, which may include pro forma effects for significant acquisitions or divestitures, as applicable), and Adjusted EBITDA margin (Adjusted EBITDA, which may include pro forma adjustments, divided by sales or sales adjusted for pro forma results). Ashland does not allocate items to each reportable segment below operating income, such as interest expense and income taxes. As a result, reportable segment EBITDA and Adjusted EBITDA are reconciled directly to operating income since it is the most directly comparable Statements of Consolidated Comprehensive Income caption.",Not disclosed,,"In April 2015, the FASB issued accounting guidance to help entities evaluate the accounting for fees paid by a customer in a cloud computing arrangement. Cloud computing arrangements represent the delivery of hosted services over the internet which includes software, platforms, infrastructure and other hosting arrangements. Under the guidance, customers that gain access to software in a cloud computing arrangement account for the software as internal-use software only if the arrangement includes a software license. This guidance will become effective prospectively for Ashland on October 1, 2016.",,0,unknown,,0,False,,"score=7,idx=23150,zone=52834",2676,OK,
0001674862,ASH,2017,0001674862_ASH_FY2017_10K.html,,,Not disclosed,Not disclosed,,,Yes,"The EBITDA and Adjusted EBITDA amounts presented within this business section are provided as a means to enhance the understanding of financial measurements that Ashland has internally determined to be relevant measures of comparison for each segment. Each of these non-GAAP measures is defined as follows: EBITDA (operating income plus depreciation and amortization), Adjusted EBITDA (EBITDA adjusted for key items, which may include pro forma effects for significant acquisitions or divestitures, as applicable), and Adjusted EBITDA margin (Adjusted EBITDA, which may include pro forma adjustments, divided by sales or sales adjusted for pro forma results). Ashland does not allocate items to each reportable segment below operating income, such as interest expense and income taxes. As a result, reportable segment EBITDA and Adjusted EBITDA are reconciled directly to operating income since it is the most directly comparable Statements of Consolidated Comprehensive Income (Loss) caption.",Not disclosed,,"In April 2015, the FASB issued accounting guidance to help entities evaluate the accounting for fees paid by a customer in a cloud computing arrangement. Cloud computing arrangements represent the delivery of hosted services over the internet which includes software, platforms, infrastructure and other hosting arrangements. Under the guidance, customers that gain access to software in a cloud computing arrangement account for the software as internal-use software only if the arrangement includes a software license. This guidance became effective prospectively for Ashland on October 1, 2016 and did not have a significant impact on Ashland’s Consolidated Financial Statements.",,0,unknown,,0,False,,"score=7,idx=21882,zone=38628",2269,OK,
0001674862,ASH,2018,0001674862_ASH_FY2018_10K.html,,"September 30, 2018",Not disclosed,Not disclosed,,,No,,Not disclosed,,"In August 2018, the FASB issued guidance to align the requirements for capitalizing implementation costs incurred in a hosting arrangement that is a service contract with the requirements for capitalizing implementation costs incurred to develop or obtain internal-use software. Under the new guidance, the deferred implementation costs are amortized to expense over the term of the hosting arrangement. The term of the hosting arrangement includes the non-cancellable period of the cloud computing arrangement plus any optional renewal periods that are reasonably certain to be exercised by the customer. Additionally, an entity should present the capitalized implementation costs in the same line item that a prepayment for fees of the associated hosting arrangement are presented, and an entity should classify the cash flows from capitalized implementation costs in the same manner as the cash flows for the fees paid for the associated hosting arrangement. Ashland elected to early adopt this guidance immediately and apply it prospectively as permitted by the guidance. This guidance did not have a material impact on Ashland’s Consolidated Financial Statements during 2018.",,0,unknown,,0,False,,"score=7,idx=16110,zone=29022",967,OK,
0001674862,ASH,2019,0001674862_ASH_FY2019_10K.html,,2019-11-19,Not disclosed,Not disclosed,,,No,,Not disclosed,,Not disclosed,,0,unknown,,0,False,,"score=7,idx=20488,zone=30766",1082,OK,
0001674862,ASH,2020,0001674862_ASH_FY2020_10K.html,,2020-11-23,Not disclosed,Not disclosed,,,No,,Not disclosed,,Not disclosed,,0,unknown,,0,False,,"score=7,idx=22413,zone=30574",1014,OK,
0001674862,ASH,2021,0001674862_ASH_FY2021_10K.html,,2022-10-31,Not disclosed,Not disclosed,,,No,,Not disclosed,,Not disclosed,A100;B200,2,unknown,,0,False,,"score=7,idx=28089,zone=42635",1463,OK,
0001674862,ASH,2022,0001674862_ASH_FY2022_10K.html,,2022-10-31,Not disclosed,Not disclosed,,,Yes,"The EBITDA and Adjusted EBITDA amounts presented within this business section are provided as a means to enhance the understanding of financial measurements that Ashland has internally determined to be relevant measures of comparison for each segment. Each of these non-GAAP measures is defined as follows: EBITDA (operating income plus depreciation and amortization), Adjusted EBITDA (EBITDA adjusted for key items as applicable), and Adjusted EBITDA margin (Adjusted EBITDA divided by sales). Ashland does not allocate items to each reportable segment below operating income, such as interest expense and income taxes. As a result, reportable segment EBITDA and Adjusted EBITDA are reconciled directly to operating income since it is the most directly comparable Statements of Consolidated Comprehensive Income (Loss) caption.",Not disclosed,,Not disclosed,B100;B200,2,unknown,,0,False,,"score=7,idx=27675,zone=39690",2080,OK,
0001674862,ASH,2023,0001674862_ASH_FY2023_10K.html,,2023-10-19,Not disclosed,Not disclosed,,,No,,Not disclosed,,Not disclosed,B200,1,unknown,,0,False,,"score=7,idx=31108,zone=38535",1344,OK,
0001674862,ASH,2024,0001674862_ASH_FY2024_10K.html,,2024-09-30,Not disclosed,Not disclosed,,,No,,Not disclosed,,Not disclosed,B200,1,unknown,,0,False,,"score=7,idx=33392,zone=39061",1363,OK,
