firm_cik,firm_ticker,fiscal_year,filename,filing_date,period_end_date,asset_category,useful_life_text,useful_life_min_years,useful_life_max_years,policy_change,policy_change_text,ai_infra_text,ai_infra_source,segment_ai_text,hardware_mentions,hardware_count,source_section,section_title,confidence,ambiguity_flag,ambiguity_detail,item8_method,item8_segment_count,extraction_status,error_message
0000851520,EXPO,2013,0000851520_EXPO_FY2013_10K.html,,"January 3, 2014",Not disclosed,Not disclosed,,,No,,Not disclosed,,Not disclosed,,0,unknown,,0,False,,"score=4,idx=7870,zone=9",2,OK,
0000851520,EXPO,2014,0000851520_EXPO_FY2014_10K.html,,,Not disclosed,Not disclosed,,,No,,Not disclosed,,Not disclosed,,0,unknown,,0,False,,"score=2,idx=5169,zone=7",2,OK,
0000851520,EXPO,2015,0000851520_EXPO_FY2015_10K.html,,,Not disclosed,Not disclosed,,,No,,Not disclosed,,Not disclosed,,0,unknown,,0,False,,"score=2,idx=4431,zone=5",2,OK,
0000851520,EXPO,2016,0000851520_EXPO_FY2016_10K.html,,"December 30, 2016",Not disclosed,Not disclosed,,,No,,Not disclosed,,Not disclosed,,0,unknown,,0,False,,"score=2,idx=4414,zone=5",2,OK,
0000851520,EXPO,2017,0000851520_EXPO_FY2017_10K.html,,,Not disclosed,Not disclosed,,,No,,Not disclosed,,Not disclosed,,0,unknown,,0,False,,"score=2,idx=7881,zone=8",2,OK,
0000851520,EXPO,2018,0000851520_EXPO_FY2018_10K.html,,,Not disclosed,Not disclosed,,,No,,Not disclosed,,Not disclosed,,0,unknown,,0,False,,"score=2,idx=4412,zone=5",2,OK,
0000851520,EXPO,2019,0000851520_EXPO_FY2019_10K.html,,"January 3, 2020",Not disclosed,Not disclosed,,,No,,Not disclosed,,Not disclosed,,0,unknown,,0,False,,"score=4,idx=7114,zone=3",2,OK,
0000851520,EXPO,2020,0000851520_EXPO_FY2020_10K.html,,"January 1, 2021",Not disclosed,Not disclosed,,,No,,Not disclosed,,Not disclosed,,0,unknown,,0,False,,"score=4,idx=7854,zone=3",2,OK,
0000851520,EXPO,2021,0000851520_EXPO_FY2021_10K.html,,"December 31, 2021",Not disclosed,Not disclosed,,,No,,Not disclosed,,Not disclosed,,0,unknown,,0,False,,"score=4,idx=5429,zone=3",2,OK,
0000851520,EXPO,2022,0000851520_EXPO_FY2022_10K.html,,2023-02-02,Not disclosed,Not disclosed,,,No,,Not disclosed,,Not disclosed,,0,unknown,,0,False,,"score=4,idx=6917,zone=7",3,OK,
0000851520,EXPO,2023,0000851520_EXPO_FY2023_10K.html,,2024-02-01,Not disclosed,Not disclosed,,,No,,Not disclosed,,Not disclosed,,0,unknown,,0,False,,"score=4,idx=7020,zone=7",3,OK,
0000851520,EXPO,2024,0000851520_EXPO_FY2024_10K.html,,2025-02-06,Not disclosed,Not disclosed,,,No,,Not disclosed,,Not disclosed,,0,unknown,,0,False,,"score=4,idx=6820,zone=7",3,OK,
0000863436,BHE,2013,0000863436_BHE_FY2013_10K.html,,,Not disclosed,"As of
December 31, 2013 and 2012, purchased software, net of accumulated amortization
totaled $2.5 million and $1.9 million,
respectively. The accumulated amortization of purchased software costs at
December 31, 2013 and 2012 was $25.0 million
and $24.1 million, respectively. Capitalized
purchased software costs are amortized straight-line over the estimated useful
life of the related software, which ranges from 3 to 7 years.",3.0,7.0,No,,Not disclosed,,Not disclosed,,0,ppe_note,"Note
5—Goodwill and Other Intangible Assets",3,False,,"score=4,idx=7074,zone=20359",477,OK,
0000863436,BHE,2014,0000863436_BHE_FY2014_10K.html,,,Not disclosed,"As of
December 31, 2014 and 2013, purchased software, net of accumulated amortization
totaled $2.7 million and $2.5 million,
respectively. The accumulated amortization of purchased software costs at
December 31, 2014 and 2013 was $26.6 million
and $25.0 million, respectively. Capitalized
purchased software costs are amortized straight-line over the estimated useful
life of the related software, which ranges from 3 to 7 years.",3.0,7.0,Unclear,"All share-based payments to employees,
including grants of employee stock options, are recognized in the financial
statements based on their fair values. The total compensation cost recognized
for stock-based awards was $6.4 million, $7.1 million and $6.3 million for 2014,
2013 and 2012, respectively. The total income tax benefit recognized in the
income statement for stock-based awards was $2.6 million, $2.6 million and
$2.1 million for 2014, 2013 and 2012, respectively. The compensation
expense for stock-based awards includes an estimate for forfeitures and is
recognized over the vesting period of the awards using the straight-line
method. Cash flows from the tax benefits resulting from tax deductions in excess
of the compensation cost recognized for stock-based awards (excess tax
benefits) are classified as cash flows from financing activities. Awards of
restricted shares, restricted stock units and performance-based restricted
stock units are valued at the closing market price of the Company’s common
shares on the date of grant. For performance-based
restricted stock units, compensation expense is based on the probability that
the performance goals will be achieved, which is monitored by management
throughout the requisite service period. If it becomes probable, based on the
Company’s expectation of performance during the measurement period, that more
or less than the previous estimate of the awarded shares will vest, an
adjustment to stock-based compensation expense will be recognized as a change
in accounting estimate.",Not disclosed,,Not disclosed,,0,ppe_note,"Note
5—Goodwill and Other Intangible Assets",3,False,,"score=4,idx=7069,zone=20708",481,OK,
0000863436,BHE,2015,0000863436_BHE_FY2015_10K.html,,"December 31, 2015",Not disclosed,Not disclosed,,,No,,Not disclosed,,Not disclosed,,0,unknown,,0,False,,"score=4,idx=7283,zone=18776",175,OK,
0000863436,BHE,2016,0000863436_BHE_FY2016_10K.html,,"December 31, 2016",Not disclosed,Not disclosed,,,Unclear,"All share-based payments to employees, including grants of
employee stock options, are recognized in the financial statements based on
their grant date fair values. The total compensation cost recognized for
stock-based awards was $5.3 million, $7.7 million and $6.4 million for 2016,
2015 and 2014, respectively. The total income tax benefit recognized in the
income statement for stock-based awards was $1.1 million, $3.1 million and
$2.6 million for 2016, 2015 and 2014, respectively. The compensation
expense for stock-based awards includes an estimate for forfeitures and is
recognized over the vesting period of the awards using the straight-line
method. Cash flows from the tax benefits resulting from tax deductions in
excess of the compensation cost recognized for stock-based awards (excess tax
benefits) are classified as cash flows from financing activities. Awards of
restricted shares, restricted stock units and performance-based restricted
stock units are valued at the closing market price of the Company’s common shares
on the date of grant. For performance-based restricted stock units,
compensation expense is based on the probability that the performance goals
will be achieved, which is monitored by management throughout the requisite
service period. When it becomes probable, based on the Company’s expectation of
performance during the measurement period, that more or less than the previous
estimate of the awarded shares will vest, an adjustment to stock-based
compensation expense is recognized as a change in accounting estimate.",Not disclosed,,Not disclosed,,0,unknown,,0,False,,"score=4,idx=8417,zone=21910",189,OK,
0000863436,BHE,2017,0000863436_BHE_FY2017_10K.html,,"December 31, 2017",Not disclosed,Amortization of capitalized purchased software costs,,,Unclear,"All share-based payments to employees, including grants of
employee stock options, are recognized in the financial statements based on
their grant date fair values. The total compensation cost recognized for
stock-based awards was $7.8 million, $5.3 million and $7.7 million for 2017,
2016 and 2015, respectively. The total income tax benefit recognized in the
income statement for stock-based awards was $2.8 million, $1.1 million and $3.1 million
for 2017, 2016 and 2015, respectively. The compensation expense for stock-based
awards is recognized over the vesting period of the awards using the
straight-line method. Awards of restricted shares, restricted stock units and
performance-based restricted stock units are valued at the closing market price
of the Company’s common shares on the date of grant. For performance-based
restricted stock units, compensation expense is based on the probability that
the performance goals will be achieved, which is monitored by management
throughout the requisite service period. When it becomes probable, based on the
Company’s expectation of performance during the measurement period, that more
or less than the previous estimate of the awarded shares will vest, an
adjustment to stock-based compensation expense is recognized as a change in
accounting estimate.",Not disclosed,,Not disclosed,,0,ppe_note,Note 5—Goodwill and Other Intangible Assets,3,False,,"score=4,idx=8780,zone=21777",469,OK,
0000863436,BHE,2018,0000863436_BHE_FY2018_10K.html,,"December 31, 2018",equipment,"Property, plant and equipment are stated at cost. Depreciation is
calculated on the straight-line method over the",,,No,,Not disclosed,,Not disclosed,,0,significant_accounting_policies,"Note 1—Summary of Significant Accounting
Policies",3,False,,"score=4,idx=9278,zone=26738",145,OK,
0000863436,BHE,2019,0000863436_BHE_FY2019_10K.html,,2020-02-29,Not disclosed,Amortization of capitalized purchased software costs,,,No,,Not disclosed,,Not disclosed,,0,ppe_note,Note 6—Goodwill and Other Intangible Assets,3,False,,"score=4,idx=10983,zone=22089",664,OK,
0000863436,BHE,2020,0000863436_BHE_FY2020_10K.html,,2021-01-13,Not disclosed,Amortization of capitalized purchased software costs,,,No,,Not disclosed,,Not disclosed,,0,ppe_note,Note 5—Goodwill and Other Intangible Assets,3,False,,"score=4,idx=9966,zone=15948",513,OK,
0000863436,BHE,2021,0000863436_BHE_FY2021_10K.html,,2021-12-31,Not disclosed,"respectively, of purchased software costs were capitalized. Amortization on the statements of cash flow for 2021, 2020 and 2019 was as follows:",,,No,,Computing. 2021 sales increased 16% to $199.4 million from $171.3. million in 2020. The increase was primarily due to the planned ramp of high-performance computing programs.,MD&A (Item 7),Not disclosed,B200,1,ppe_note,Note 4—Goodwill and Other Intangible Assets,3,False,,"score=4,idx=8357,zone=22311",703,OK,
0000863436,BHE,2022,0000863436_BHE_FY2022_10K.html,,2023-02-03,Not disclosed,"and 2020, $ 3.4 m illion, $ 3.4 million and $ 4.9 million, respectively, of purchased software costs were capitalized. Amortization on the statements of cash flow for 2022, 2021 and 2020 was as follows:",,,No,,Advanced Computing. 2022 sales increased 56% to $310.5 million from $199.4 million in 2021 primarily due to the planned ramp and execution of high-performance computing programs.,MD&A (Item 7),Not disclosed,,0,ppe_note,Note 4—Goodwill and Other Intangible Assets,3,False,,"score=4,idx=8513,zone=23519",746,OK,
0000863436,BHE,2023,0000863436_BHE_FY2023_10K.html,,2024-01-12,Not disclosed,Amortization of capitalized purchased software costs,,,No,,Advanced Computing. 2023 sales increased 9% to $337.7 million from $310.5 million in 2022 primarily due to the contribution from multiple high performance computing programs completed during the period.,MD&A (Item 7),Not disclosed,,0,ppe_note,Note 4—Goodwill and Other Intangible Assets,3,False,,"score=4,idx=8283,zone=22516",752,OK,
0000863436,BHE,2024,0000863436_BHE_FY2024_10K.html,,2025-01-14,equipment,"The Company records capital-related incentives as a reduction to property, plant and equipment, net on the consolidated balance sheets and recognizes a reduction to depreciation expense over the useful life of the related acquired asset.",,,No,,Advanced Computing and Communications. 2024 sales decreased 30% to $474.9 million from $678.1 million in 2023 primarily due to large high performance computing programs being completed coupled with continued weakness in communications and the disengagement with a large customer.,MD&A (Item 7),Not disclosed,,0,significant_accounting_policies,Note 1—Summary of Significant Accounting Policies,3,False,,"score=4,idx=8861,zone=24504",775,OK,
0000864749,TRMB,2013,0000864749_TRMB_FY2013_10K.html,,"January 3, 2014",equipment,"Property and equipment, net is stated at cost less accumulated depreciation. Depreciation of property and equipment owned is computed using the straight-line method over the shorter of the estimated useful lives or the lease terms when applicable.",,,No,,Not disclosed,,Not disclosed,,0,significant_accounting_policies,NOTE 2: ACCOUNTING POLICIES Basis of Presentation,3,False,,"score=3,idx=13286,zone=18084",647,OK,
0000864749,TRMB,2014,0000864749_TRMB_FY2014_10K.html,,"January 2, 2015","equipment, Machinery and equipment, Furniture and fixtures","At the End of Fiscal Year 2014 2013 (In thousands) Property and equipment, net: Machinery and equipment $ 109,783 $ 107,477 Software and licenses 93,487 71,790 Furniture and fixtures 26,045 24,254 Leasehold improvements 26,621 22,806 Construction in progress 24,676 29,219 Buildings 48,544 46,451 Land 4,984 5,113 334,140 307,110 Less accumulated depreciation (176,785 ) (164,135 ) Total $ 157,355 $ 142,975",,,No,,Not disclosed,,Not disclosed,,0,significant_accounting_policies,NOTE 17: SELECTED QUARTERLY FINANCIAL DATA (UNAUDITED),3,False,,"score=3,idx=13833,zone=18152",716,OK,
0000864749,TRMB,2015,0000864749_TRMB_FY2015_10K.html,,"January 1, 2016","equipment, Machinery and equipment, Furniture and fixtures","At the End of Fiscal Year 2015 2014 (In millions) Property and equipment, net: Machinery and equipment $ 115.8 $ 109.8 Software and licenses 112.1 93.5 Furniture and fixtures 26.8 26.1 Leasehold improvements 30.4 26.6 Construction in progress 13.5 24.7 Buildings 48.1 48.5 Land 8.2 5.0 354.9 334.2 Less accumulated depreciation (195.7 ) (176.8 ) Total $ 159.2 $ 157.4",,,No,,Not disclosed,,Not disclosed,,0,significant_accounting_policies,NOTE 18: SELECTED QUARTERLY FINANCIAL DATA (UNAUDITED),3,False,,"score=3,idx=12915,zone=18525",736,OK,
0000864749,TRMB,2016,0000864749_TRMB_FY2016_10K.html,,,"equipment, Machinery and equipment, Furniture and fixtures","At the End of Fiscal Year 2016 2015 (In millions) Property and equipment, net: Machinery and equipment $ 113.3 $ 115.8 Software and licenses 119.4 112.1 Furniture and fixtures 26.3 26.8 Leasehold improvements 32.1 30.4 Construction in progress 10.8 13.5 Buildings 47.9 48.1 Land 8.3 8.2 358.1 354.9 Less accumulated depreciation (213.9 ) (195.7 ) Total $ 144.2 $ 159.2",,,No,,Not disclosed,,Not disclosed,,0,significant_accounting_policies,NOTE 16: SELECTED QUARTERLY FINANCIAL DATA (UNAUDITED),3,False,,"score=3,idx=12754,zone=18356",755,OK,
0000864749,TRMB,2017,0000864749_TRMB_FY2017_10K.html,,,"equipment, Machinery and equipment, Furniture and fixtures","At the End of Fiscal Year 2017 2016 (In millions) Property and equipment, net: Machinery and equipment $ 130.6 $ 113.3 Software and licenses 124.4 119.4 Furniture and fixtures 29.3 26.3 Leasehold improvements 36.6 32.1 Construction in progress 32.9 10.8 Buildings 60.9 47.9 Land 10.0 8.3 424.7 358.1 Less: accumulated depreciation (250.7 ) (213.9 ) Total $ 174.0 $ 144.2",,,No,,Not disclosed,,Not disclosed,,0,significant_accounting_policies,NOTE 17: SUBSEQUENT EVENTS,3,False,,"score=3,idx=12750,zone=18389",757,OK,
0000864749,TRMB,2018,0000864749_TRMB_FY2018_10K.html,,,"equipment, Machinery and equipment, Furniture and fixtures","At the End of Fiscal Year 2018 2017 (In millions) Property and equipment, net: Machinery and equipment $ 134.2 $ 130.6 Software and licenses 135.9 124.4 Furniture and fixtures 31.4 29.3 Leasehold improvements 40.7 36.6 Construction in progress 16.4 32.9 Buildings 106.5 60.9 Land 9.9 10.0 475.0 424.7 Less: accumulated depreciation (262.1 ) (250.7 ) Total property and equipment, net $ 212.9 $ 174.0",,,No,,Not disclosed,,"In August 2018, the FASB issued new guidance that clarifies the customer's accounting for implementation costs incurred in a cloud computing arrangement that is a service contract. This guidance aligns the accounting for capitalizing implementation costs incurred in a hosting arrangement that is a service contract with the accounting for implementation costs incurred to develop or obtain internal-use software. The Company is required to adopt the guidance in the first quarter of fiscal year 2020. Early adoption is permitted. The Company is currently evaluating the effect of the new guidance on its Consolidated Financial Statements.",,0,significant_accounting_policies,NOTE 18: SELECTED QUARTERLY FINANCIAL DATA (UNAUDITED),3,False,,"score=3,idx=13738,zone=22442",795,OK,
0000864749,TRMB,2019,0000864749_TRMB_FY2019_10K.html,,"January 3, 2020",computer equipment and software,"Property and equipment, net is stated at cost less accumulated depreciation. Depreciation of property and equipment is computed using the straight-line method over the shorter of the estimated useful lives or the lease terms when applicable. Useful lives generally range from four to six years for machinery and equipment, five to ten years for furniture and fixtures, two to five years for computer equipment and software, thirty-nine years for buildings, and the life of the lease for leasehold improvements. Capitalized costs related to internal-use software are amortized using the straight-line method over the estimated useful lives of the assets, which range generally from two to five years .",2.0,5.0,Not disclosed,,Not disclosed,,Not disclosed,,0,significant_accounting_policies,NOTE 2: ACCOUNTING POLICIES Basis of Presentation,3,False,,"score=3,idx=16662,zone=20976",709,ERROR,'<' not supported between instances of 'float' and 'NoneType'
0000864749,TRMB,2020,0000864749_TRMB_FY2020_10K.html,,2021-01-01,computer equipment and software,"Property and equipment, net is stated at cost less accumulated depreciation. Depreciation of property and equipment is computed using the straight-line method over the shorter of the estimated useful lives or the lease terms when applicable. Useful lives generally range from four to six years for machinery and equipment, five to ten years for furniture and fixtures, two to five years for computer equipment and software, thirty-nine years for buildings, and the life of the lease for leasehold improvements. Capitalized costs related to internal-use software are amortized using the straight-line method over the estimated useful lives of the assets, which range generally from two to five years.",2.0,5.0,No,,Not disclosed,,"In August 2018, the FASB issued new guidance that clarifies the accounting for implementation costs incurred in a cloud computing arrangement that is a service contract. This guidance aligns the accounting for capitalizing implementation costs incurred in a hosting arrangement that is a service contract with the accounting for implementation costs incurred to develop or obtain internal-use software.",,0,notes_to_financials,NOTE 1: DESCRIPTION OF BUSINESS AND ACCOUNTING POLICIES,2,True,2.0-5.0 ans | 4.0-6.0 ans | 5.0-10.0 ans | 30.0-9.0 ans,"score=2,idx=9946,zone=10399",571,OK,
0000864749,TRMB,2021,0000864749_TRMB_FY2021_10K.html,,2022-01-01,computer equipment and software,"Property and equipment are depreciated using the straight-line method over the shorter of the estimated useful lives or the lease terms when applicable. Useful lives generally range from four to six years for machinery and equipment, five to ten years for furniture and fixtures, two to five years for computer equipment and software, thirty-nine years for buildings, and the life of the lease for leasehold improvements. We capitalize eligible costs to acquire or develop certain internal-use software and amortize those assets using the straight-line method over the estimated useful lives of the assets, which range from two to five years.",2.0,5.0,No,,Not disclosed,,Not disclosed,,0,notes_to_financials,NOTE 1: DESCRIPTION OF BUSINESS AND ACCOUNTING POLICIES,2,True,2.0-5.0 ans | 4.0-6.0 ans | 5.0-10.0 ans | 30.0-9.0 ans,"score=2,idx=9402,zone=9741",542,OK,
0000864749,TRMB,2022,0000864749_TRMB_FY2022_10K.html,,2022-12-30,computer equipment and software,"Property and equipment are depreciated using the straight-line method over the shorter of the estimated useful lives or the lease terms when applicable. Useful lives generally range from four to six years for machinery and equipment, five to ten years for furniture and fixtures, two to five years for computer equipment and software, thirty-nine years for buildings, and the life of the lease for leasehold improvements. We capitalize eligible costs to acquire or develop certain internal-use software and amortize those assets using the straight-line method over the estimated useful lives of the assets, which range from two to five years.",2.0,5.0,No,,Not disclosed,,"Depreciation expense and cloud computing amortization ||| We define Adjusted EBITDA as non-GAAP operating income plus depreciation expense, cloud computing amortization, and income from equity method investments, net. Other companies may define Adjusted EBITDA differently. Adjusted EBITDA is not intended to purport to be an alternative to net income or operating income as a measure of operating performance or cash flow from operating activities as a measure of liquidity. Adjusted EBITDA is a performance measure that we believe offers a useful view of the overall operations of our business because it facilitates operating performance comparisons by removing ||| potential differences caused by variations unrelated to operating performance, such as capital structures (interest expense), income taxes, depreciation, and amortization of purchased intangibles and cloud computing costs.",AMD_Instinct,1,notes_to_financials,NOTE 1: DESCRIPTION OF BUSINESS AND ACCOUNTING POLICIES,2,True,2.0-5.0 ans | 4.0-6.0 ans | 5.0-10.0 ans | 30.0-9.0 ans,"score=2,idx=10437,zone=9415",547,OK,
0000864749,TRMB,2023,0000864749_TRMB_FY2023_10K.html,,2023-12-29,computer equipment and software,"Property and equipment are depreciated using the straight-line method over the shorter of the estimated useful lives or the lease terms when applicable. Useful lives generally range from four to six years for machinery and equipment, five to ten years for furniture and fixtures, two to five years for computer equipment and software, thirty-nine years for buildings, and the life of the lease for leasehold improvements. We capitalize eligible costs to acquire or develop certain internal-use software and amortize those assets using the straight-line method over the estimated useful lives of the assets, which range from two to five years.",2.0,5.0,No,,Not disclosed,,"Depreciation expense and cloud computing amortization ||| Years 2023 2022 DILUTED NET INCOME PER SHARE: GAAP diluted net income per share: $ 1.25 $ 1.80 Amortization of purchased intangible assets (A) 0.85 0.53 Acquisition / divestiture items (B) 0.14 (0.30) Stock-based compensation / deferred compensation (C) 0.58 0.48 Restructuring and other costs (D) 0.21 0.24 Non-GAAP tax adjustments (E) - (F) (0.37) (0.11) Non-GAAP diluted net income per share: $ 2.66 $ 2.64 ADJUSTED EBITDA: GAAP operating income: $ 448.8 11.8 % $ 510.9 13.9 % Amortization of purchased intangible assets (A) 212.3 131.6 Acquisition / divestiture items (B) 72.4 32.8 Stock-based compensation / deferred compensation (C) 151.1 112.0 Restructuring and other costs (D) 50.1 54.2 Non-GAAP operating income: 934.7 24.6 % 841.5 22.9 % Depreciation expense and cloud computing amortization 46.9 44.7 Income from equity method investments, net 28.1 31.1 Adjusted EBITDA $ 1,009.7 26.6 % $ 917.3 25.0 % ||| We define Adjusted EBITDA as non-GAAP operating income plus depreciation expense, cloud computing amortization, and income from equity method investments, net. Other companies may define Adjusted EBITDA differently. Adjusted EBITDA is not intended to purport to be an alternative to net income or operating income as a measure of operating performance or cash flow from operating activities as a measure of liquidity. Adjusted EBITDA is a performance measure that we believe offers a useful view of the overall operations of our business because it facilitates operating performance comparisons by removing potential differences caused by variations unrelated to operating performance, such as capital structures (interest expense), income taxes, depreciation, and amortization of purchased intangibles and cloud computing costs.",AMD_Instinct,1,notes_to_financials,NOTE 1: DESCRIPTION OF BUSINESS AND ACCOUNTING POLICIES,2,True,2.0-5.0 ans | 4.0-6.0 ans | 5.0-10.0 ans | 30.0-9.0 ans,"score=2,idx=9528,zone=9976",622,OK,
0000864749,TRMB,2024,0000864749_TRMB_FY2024_10K.html,,2025-01-03,computer equipment and software,"Property and equipment are depreciated using the straight-line method over the shorter of the estimated useful lives or the lease terms when applicable. Useful lives generally range from four to six years for machinery and equipment, five to ten years for furniture and fixtures, two to five years for computer equipment and software, thirty-nine years for buildings, and the life of the lease for leasehold improvements.",2.0,5.0,No,,Not disclosed,,"Depreciation expense and cloud computing amortization ||| Years 2024 2023 Dollar % of Dollar % of (In millions, except per share amounts) Amount Revenue Amount Revenue Stock-based compensation (C) 0.64 0.58 Restructuring and other costs (D) 0.39 0.21 Non-GAAP tax adjustments (E) - (F) 1.43 (0.37) Non-GAAP diluted net income per share: $ 2.85 $ 2.66 ADJUSTED EBITDA: GAAP operating income: $ 460.7 12.5 % $ 448.8 11.8 % Amortization of purchased intangible assets (A) 199.0 212.3 Acquisition / divestiture items (B) 81.6 72.4 Stock-based compensation (C) 163.5 151.1 Restructuring and other costs (D) 32.4 50.1 Non-GAAP operating income: 937.2 25.4 % 934.7 24.6 % Depreciation expense and cloud computing amortization 49.3 46.9 Income from equity method investments, net 13.9 28.1 Adjusted EBITDA $ 1,000.4 27.2 % $ 1,009.7 26.6 % ||| We define Adjusted EBITDA as non-GAAP operating income plus depreciation expense, cloud computing amortization, and income from equity method investments, net, excluding our proportionate share of items such as goodwill impairment, amortization of purchased intangibles, stock-based compensation, and restructuring costs. Other companies may define Adjusted EBITDA differently. Adjusted EBITDA is a performance measure that we believe offers a useful view of the overall operations of our business because it facilitates operating performance comparisons by removing potential differences caused by variations unrelated to operating performance, such as capital structures (interest expense, net), income taxes, depreciation, amortization of purchased intangibles and cloud computing costs, and income from equity method investments, net.",,0,notes_to_financials,NOTE 1: DESCRIPTION OF BUSINESS AND ACCOUNTING POLICIES,2,True,2.0-5.0 ans | 4.0-6.0 ans | 5.0-10.0 ans | 30.0-9.0 ans,"score=2,idx=8203,zone=8490",583,OK,
0000866273,MTRX,2013,0000866273_MTRX_FY2013_10K.html,,,"software, which may be up to","Capitalized software costs are depreciated using the straight-line method over the estimated useful life of the related software, which may be up to ten years.",10.0,,No,,Not disclosed,,Not disclosed,,0,significant_accounting_policies,Note 1—Summary of Significant Accounting Policies,3,True,3.0-5.0 ans | 3.0-10.0 ans | 3.0-15.0 ans | 10.0 ans,"score=4,idx=8893,zone=17450",654,OK,
0000866273,MTRX,2014,0000866273_MTRX_FY2014_10K.html,,,"software, which may be up to","Capitalized software costs are depreciated using the straight-line method over the estimated useful life of the related software, which may be up to ten years.",10.0,,No,,Not disclosed,,Not disclosed,,0,significant_accounting_policies,Note 1—Summary of Significant Accounting Policies,3,True,3.0-5.0 ans | 3.0-10.0 ans | 3.0-15.0 ans | 10.0 ans,"score=4,idx=8997,zone=18632",699,OK,
0000866273,MTRX,2015,0000866273_MTRX_FY2015_10K.html,,,"software, which may be up to","Capitalized software costs are depreciated using the straight-line method over the estimated useful life of the related software, which may be up to ten years.",10.0,,No,,Not disclosed,,Not disclosed,,0,significant_accounting_policies,Note 1—Summary of Significant Accounting Policies,3,True,3.0-5.0 ans | 3.0-10.0 ans | 3.0-15.0 ans | 10.0 ans,"score=4,idx=10050,zone=19104",678,OK,
0000866273,MTRX,2016,0000866273_MTRX_FY2016_10K.html,,,"equipment, Office equipment","June 30, 2016 June 30, 2015 Assets Current assets: Cash and cash equivalents $ 71,656 $ 79,239 Accounts receivable, less allowances (2016 - $8,403; 2015 - $561) 190,434 199,149 Costs and estimated earnings in excess of billings on uncompleted contracts 104,001 86,071 Inventories 3,935 2,773 Income taxes receivable 9 579 Other current assets 5,411 5,660 Total current assets 375,446 373,471 Property, plant and equipment, at cost: Land and buildings 39,224 32,746 Construction equipment 90,386 87,561 Transportation equipment 49,046 47,468 Office equipment and software 29,577 28,874 Construction in progress 7,475 5,196 Total property, plant and equipment - at cost 215,708 201,845 Accumulated depreciation (130,977 ) (116,782 ) Property, plant and equipment - net 84,731 85,063 Goodwill 78,293 71,518 Other intangible assets 20,999 23,961 Deferred income taxes 3,719 3,729 Other assets 1,779 3,947 Total assets $ 564,967 $ 561,689",,,No,,Not disclosed,,Not disclosed,,0,significant_accounting_policies,Note 13—Segment Information,3,True,3.0-5.0 ans | 3.0-10.0 ans | 3.0-15.0 ans,"score=4,idx=10362,zone=19311",696,OK,
0000866273,MTRX,2017,0000866273_MTRX_FY2017_10K.html,,,"equipment, Office equipment","June 30, 2017 June 30, 2016 Assets Current assets: Cash and cash equivalents $ 43,805 $ 71,656 Accounts receivable, less allowances (2017 - $9,887; 2016 - $8,403) 210,953 190,434 Costs and estimated earnings in excess of billings on uncompleted contracts 91,180 104,001 Inventories 3,737 3,935 Income taxes receivable 4,042 9 Other current assets 4,913 5,411 Total current assets 358,630 375,446 Property, plant and equipment, at cost: Land and buildings 38,916 39,224 Construction equipment 94,298 90,386 Transportation equipment 48,574 49,046 Office equipment and software 36,556 29,577 Construction in progress 5,952 7,475 Total property, plant and equipment - at cost 224,296 215,708 Accumulated depreciation (144,022 ) (130,977 ) Property, plant and equipment - net 80,274 84,731 Goodwill 113,501 78,293 Other intangible assets 26,296 20,999 Deferred income taxes 3,385 3,719 Other assets 3,944 1,779 Total assets $ 586,030 $ 564,967",,,No,,Not disclosed,,Not disclosed,,0,significant_accounting_policies,Note 13—Segment Information,3,True,3.0-5.0 ans | 3.0-10.0 ans | 3.0-15.0 ans,"score=4,idx=10675,zone=21312",715,OK,
0000866273,MTRX,2018,0000866273_MTRX_FY2018_10K.html,,,"equipment, Office equipment","June 30, 2018 June 30, 2017 Assets Current assets: Cash and cash equivalents $ 64,057 $ 43,805 Accounts receivable, less allowances (2018 - $6,327; 2017 - $9,887) 203,388 210,953 Costs and estimated earnings in excess of billings on uncompleted contracts 76,632 91,180 Inventories 5,152 3,737 Income taxes receivable 3,359 4,042 Other current assets 4,458 4,913 Total current assets 357,046 358,630 Property, plant and equipment, at cost: Land and buildings 40,424 38,916 Construction equipment 89,036 94,298 Transportation equipment 48,339 48,574 Office equipment and software 41,236 36,556 Construction in progress 1,353 5,952 Total property, plant and equipment - at cost 220,388 224,296 Accumulated depreciation (147,743 ) (144,022 ) Property, plant and equipment - net 72,645 80,274 Goodwill 96,162 113,501 Other intangible assets 22,814 26,296 Deferred income taxes 4,848 3,385 Other assets 4,518 3,944 Total assets $ 558,033 $ 586,030",,,No,,Not disclosed,,Not disclosed,,0,significant_accounting_policies,Note 13—Segment Information,3,True,3.0-5.0 ans | 3.0-10.0 ans | 3.0-15.0 ans,"score=4,idx=9809,zone=20692",690,OK,
0000866273,MTRX,2019,0000866273_MTRX_FY2019_10K.html,,,"equipment, Office equipment","June 30, 2019 June 30, 2018 Assets Current assets: Cash and cash equivalents $ 89,715 $ 64,057 Accounts receivable, less allowances (2019 - $923; 2018 - $6,327) 218,432 203,388 Costs and estimated earnings in excess of billings on uncompleted contracts 96,083 76,632 Inventories 8,017 5,152 Income taxes receivable 29 3,359 Other current assets 5,034 4,458 Total current assets 417,310 357,046 Property, plant and equipment, at cost: Land and buildings 41,179 40,424 Construction equipment 91,793 89,036 Transportation equipment 52,526 48,339 Office equipment and software 43,632 41,236 Construction in progress 7,619 1,353 Total property, plant and equipment - at cost 236,749 220,388 Accumulated depreciation (157,414 ) (147,743 ) Property, plant and equipment - net 79,335 72,645 Goodwill 93,368 96,162 Other intangible assets 19,472 22,814 Deferred income taxes 2,683 4,848 Other assets 21,226 4,518 Total assets $ 633,394 $ 558,033",,,No,,Not disclosed,,Not disclosed,,0,significant_accounting_policies,Note 13—Segment Information,3,True,3.0-5.0 ans | 3.0-10.0 ans | 3.0-15.0 ans,"score=4,idx=9911,zone=20470",703,OK,
0000866273,MTRX,2020,0000866273_MTRX_FY2020_10K.html,,"June 30, 2020","equipment, information technology equipment","The Company enters into lease arrangements for real estate, construction equipment and information technology equipment in the normal course of business. The Company determines if an arrangement is or contains a lease at inception of the arrangement. An arrangement is determined to be a lease if it conveys the right to control the use of identified property and equipment for a period of time in exchange for consideration. Operating lease right-of-use assets are recognized as the present value of future lease payments over the lease term as of the commencement date, plus any lease payments made prior to commencement, and less any lease incentives received. Operating lease liabilities are recognized as the present value of the future lease payments over the lease term as of the commencement date. Operating lease expense is recognized based on the undiscounted future lease payments over the remaining lease term on a straight-line basis. Lease expense related to short-term leases is recognized on a straight-line basis over the lease term.",,,No,,Not disclosed,,Not disclosed,B100,1,significant_accounting_policies,Note 1—Summary of Significant Accounting Policies,3,True,3.0-5.0 ans | 3.0-10.0 ans | 3.0-15.0 ans,"score=2,idx=10058,zone=13279",622,OK,
0000866273,MTRX,2021,0000866273_MTRX_FY2021_10K.html,,"June 30, 2021","equipment, office equipment","Depreciable lives are as follows: buildings—40 years, construction equipment—3 to 15 years, transportation equipment—3 to 5 years, and office equipment and software—3 to 10 years.",3.0,15.0,No,,Not disclosed,,Not disclosed,,0,significant_accounting_policies,Note 1—Summary of Significant Accounting Policies,3,True,3.0-5.0 ans | 3.0-10.0 ans | 3.0-15.0 ans,"score=2,idx=9129,zone=11564",637,OK,
0000866273,MTRX,2022,0000866273_MTRX_FY2022_10K.html,,"June 30, 2022","equipment, office equipment","Depreciable lives are as follows: buildings—40 years, construction equipment—3 to 15 years, transportation equipment—3 to 5 years, and office equipment and software—3 to 10 years.",3.0,15.0,No,,Not disclosed,,Not disclosed,B100,1,significant_accounting_policies,Note 1—Summary of Significant Accounting Policies,3,True,3.0-5.0 ans | 3.0-10.0 ans | 3.0-15.0 ans,"score=2,idx=7424,zone=10743",596,OK,
0000866273,MTRX,2023,0000866273_MTRX_FY2023_10K.html,,"June 30, 2023","equipment, office equipment","Depreciable lives are as follows: buildings—40 years, construction equipment—3 to 15 years, transportation equipment—3 to 5 years, and office equipment and software—3 to 10 years.",3.0,15.0,No,,Not disclosed,,Not disclosed,,0,significant_accounting_policies,Note 1—Summary of Significant Accounting Policies,3,True,3.0-5.0 ans | 3.0-10.0 ans | 3.0-15.0 ans,"score=2,idx=7142,zone=10615",590,OK,
0000866273,MTRX,2024,0000866273_MTRX_FY2024_10K.html,,"June 30, 2024","equipment, office equipment","Depreciable lives are as follows: buildings—40 years, construction equipment—3 to 15 years, transportation equipment—3 to 5 years, and office equipment and software—3 to 10 years.",3.0,15.0,No,,Not disclosed,,Not disclosed,,0,significant_accounting_policies,Note 1— Basis of Presentation and Significant Accounting Policies,3,True,3.0-5.0 ans | 3.0-10.0 ans | 3.0-15.0 ans,"score=2,idx=5964,zone=9480",560,OK,
0001419612,SEDG,2015,0001419612_SEDG_FY2015_10K.html,,"June 30, 2015",Not disclosed,Not disclosed,,,No,,Not disclosed,,Not disclosed,NVIDIA,1,unknown,,0,False,,"score=5,idx=11079,zone=69",133,OK,
0001419612,SEDG,2016,0001419612_SEDG_FY2016_10K.html,,"June 30, 2016",Not disclosed,Not disclosed,,,No,,Not disclosed,,Not disclosed,NVIDIA,1,unknown,,0,False,,"score=5,idx=5999,zone=732",20,OK,
0001419612,SEDG,2017,0001419612_SEDG_FY2017_10K.html,,"December 31, 2017",Not disclosed,Not disclosed,,,No,,Not disclosed,,Not disclosed,NVIDIA,1,unknown,,0,False,,"score=5,idx=6921,zone=837",19,OK,
0001419612,SEDG,2018,0001419612_SEDG_FY2018_10K.html,,"December 31, 2018",Not disclosed,Not disclosed,,,No,,Not disclosed,,"In August 2018, we were awarded the Straus Award in the Cloud Computing category for our grid services and virtual power plant solution. ||| • In August 2018, we were awarded the Straus Award in the Cloud Computing category for our grid services and virtual power plant solution.",NVIDIA,1,unknown,,0,False,,"score=5,idx=7053,zone=820",24,OK,
0001419612,SEDG,2019,0001419612_SEDG_FY2019_10K.html,,"December 31, 2019",Not disclosed,Not disclosed,,,No,,Not disclosed,,Not disclosed,,0,unknown,,0,False,,"score=7,idx=9013,zone=1242",23,OK,
0001419612,SEDG,2020,0001419612_SEDG_FY2020_10K.html,,"December 31, 2020",Not disclosed,Not disclosed,,,No,,Not disclosed,,Not disclosed,,0,unknown,,0,False,,"score=7,idx=7363,zone=1231",22,OK,
0001419612,SEDG,2021,0001419612_SEDG_FY2021_10K.html,,2021-12-31,"equipment, furniture, Machinery and equipment","Property, plant and equipment: Property, plant and equipment are stated at cost, net of accumulated depreciation and government grants. Depreciation is calculated by the straight-line method over the estimated useful life of the assets, at the following rates: % Buildings and plants 2.5-5.7 (mainly 5.4) Computers and peripheral equipment 14.3-33.3 (mainly 33.3) Office furniture and equipment 7-25 (mainly 7) Machinery and equipment 10-20 (mainly 10) Laboratory and testing equipment 7-20 (mainly 10) Leasehold improvements over the shorter of the lease term or useful economic life",,,Yes,"n. Intangible Assets: The Company evaluates the recoverability of finite-lived intangible assets for possible impairment whenever events or circumstances indicate that the carrying amount of such assets may not be recoverable. The evaluation is performed at the lowest level for which identifiable cash flows are largely independent of the cash flows of other assets and liabilities. Recoverability of these group of assets is measured by a comparison of the carrying amounts to the future undiscounted cash flows the group of assets is expected to generate. If such review indicates that the carrying amount of intangible assets is not recoverable, the carrying amount of such assets is reduced to fair value. Acquired identifiable finite-lived intangible assets are amortized on a straight-line basis or accelerated method over the estimated useful lives of the assets. The basis of amortization approximates the pattern in which the assets are utilized, over their estimated useful lives. The Company routinely reviews the remaining estimated useful lives of finite-lived intangible assets. In case the Company reduces the estimated useful life for any asset, the remaining unamortized balance is amortized or depreciated over the revised estimated useful life (see Note 8). For the years ended December 31, 2021, 2020 and 2019, no impairment losses have been identified.",Not disclosed,,Not disclosed,,0,significant_accounting_policies,NOTE 2: SUMMARY OF SIGNIFICANT ACCOUNTING POLICIES,3,False,,"score=7,idx=8475,zone=16484",883,OK,
0001419612,SEDG,2022,0001419612_SEDG_FY2022_10K.html,,2022-12-31,Not disclosed,"The Company incurs costs to implement
cloud computing arrangements (""CCA"") that are hosted by third party vendors. Implementation costs associated with CCA are capitalized
when incurred during the application development phase until the software is ready for its intended use. The costs are then amortized
on a straight-line basis over the contractual term of the cloud computing arrangement and are recognized as an operating expense within
the consolidated statements of income. Capitalized amounts related to such arrangements are recorded within other long-term assets in
the consolidated balance sheets. Cash payments for CCA implementation costs are classified as cash outflows from operating activities.",,,No,,Not disclosed,,"The Company incurs costs to implement
cloud computing arrangements (""CCA"") that are hosted by third party vendors. Implementation costs associated with CCA are capitalized
when incurred during the application development phase until the software is ready for its intended use. The costs are then amortized
on a straight-line basis over the contractual term of the cloud computing arrangement and are recognized as an operating expense within
the consolidated statements of income. Capitalized amounts related to such arrangements are recorded within other long-term assets in
the consolidated balance sheets. Cash payments for CCA implementation costs are classified as cash outflows from operating activities. ||| r. Cloud
computing arrangements: In 2021, due to the growing size and
complexity of the Company, the Company decided to implement a new global enterprise resource planning (""ERP"") system, which will replace
the Company's existing operating and financial systems. During the year ended December 31, 2022, the Company began implementing a cloud-based
ERP system. The implementation is expected to occur in phases over the next several years. The Company incurs costs to implement
cloud computing arrangements (""CCA"") that are hosted by third party vendors. Implementation costs associated with CCA are capitalized
when incurred during the application development phase until the software is ready for its intended use. The costs are then amortized
on a straight-line basis over the contractual term of the cloud computing arrangement and are recognized as an operating expense within
the consolidated statements of income. Capitalized amounts related to such arrangements are recorded within other long-term assets in
the consolidated balance sheets. Cash payments for CCA implementation costs are classified as cash outflows from operating activities. For
the year ended December 31, 2022, the Company has capitalized implementation costs related to its upcoming ERP conversion in the amount
of $3,457
and presented it under other long-term assets in the consolidated balance sheet.",,0,significant_accounting_policies,"NOTE 2: SUMMARY
OF SIGNIFICANT ACCOUNTING POLICIES",3,False,,"score=7,idx=7753,zone=18896",946,OK,
0001419612,SEDG,2023,0001419612_SEDG_FY2023_10K.html,,2024-01-21,"equipment, furniture, Machinery and equipment","Property, plant and equipment: Property,
plant and equipment are stated at cost, net of accumulated depreciation and government grants. Depreciation
is calculated by the straight-line method over the estimated useful life of the assets, at the following rates: % Buildings and plants 2.5-5.7 (mainly 2.5) Computers and peripheral equipment 14.3-33.3 (mainly 33.3) Office furniture and equipment 7-25 (mainly 7) Machinery and equipment 10-25 (mainly 10) Laboratory and testing equipment 10-20 (mainly 10) Leasehold improvements over the shorter of the lease term or useful economic life",,,No,,Not disclosed,,"Cloud computing arrangements ||| r. Cloud computing arrangements: In
2021, due to the growing size and complexity of the Company, the Company decided to implement a new global enterprise resource planning
(""ERP"") system, which will replace the Company's existing operating and financial systems. During 2022, the Company began implementing
a cloud-based ERP system. The implementation is expected to occur in phases over the next several years. The
Company incurs costs to implement cloud computing arrangements (""CCA"") that are hosted by third party vendors. Implementation costs associated
with CCA are capitalized when incurred during the application development phase until the software is ready for its intended use. The
costs are then amortized on a straight-line basis over the contractual term of the cloud computing arrangement and are recognized as an
operating expense within the consolidated statements of income. Capitalized amounts related to such arrangements are recorded within other
long-term assets in the consolidated balance sheets. Cash payments for CCA implementation costs are classified as cash outflows from operating
activities. As
of December 31, 2023, and 2022 the Company had capitalized implementation costs related to its upcoming ERP conversion in the amounts
of $13,666
and $3,457,
respectively presented under other long-term assets in the consolidated balance sheet. ||| r. Cloud computing arrangements:",,0,significant_accounting_policies,"NOTE 2: SUMMARY OF SIGNIFICANT ACCOUNTING POLICIES The
consolidated financial statements are prepared according to United States generally accepted ac",3,False,,"score=7,idx=11223,zone=21919",899,OK,
0001419612,SEDG,2024,0001419612_SEDG_FY2024_10K.html,,2024-12-31,"equipment, furniture, Machinery and equipment","Property, plant and equipment: Property, plant, and equipment are stated at cost, net of accumulated depreciation and government grants. Depreciation is calculated by the straight-line method over the estimated useful life of the assets, at the following rates: % Buildings and plants 3-5.7 (mainly 5.7) Computers and peripheral equipment 14.3-33.3 (mainly 14.3) Office furniture and equipment 7-20 (mainly 7) Machinery and equipment 10-20 (mainly 10) Laboratory and testing equipment 10-20 (mainly 15) Leasehold improvements over the shorter of the lease term or useful economic life",,,Yes,"p. Intangible Assets: Acquired identifiable finite-lived intangible assets are amortized on a straight-line basis or accelerated method over the estimated useful lives of the assets. The basis of amortization approximates the pattern in which the assets are utilized, over their estimated useful lives. The Company routinely reviews the remaining estimated useful lives of finite-lived intangible assets. In case the Company reduces the estimated useful life for any asset, the remaining unamortized balance is amortized over the revised estimated useful life (see Note 10). Depreciation is calculated by the straight-line method over the estimated useful life of the assets, at the following rates: % Current technology 14.3-20 (mainly 20) Customer relationships 100 Trade names 20-50 (mainly 50) Patents 9.5-10 (mainly 9.5)",Not disclosed,,"The Company incurs costs to implement cloud computing arrangements (""CCA"") that are hosted by third party vendors. Implementation costs associated with CCA are capitalized when incurred during the application development phase until the software is ready for its intended use. The costs are then amortized on a straight-line basis over the contractual term of the cloud computing arrangement and are recognized as an operating expense within the consolidated statements of income (loss). Capitalized amounts related to such arrangements are recorded within other long-term assets in the consolidated balance sheets. Cash payments for CCA implementation costs are classified as cash used in operating activities. ||| Cloud computing arrangements ||| s. Cloud computing arrangements: In 2021, due to the growing size and complexity of the Company, the Company decided to implement a new global enterprise resource planning (""ERP"") system, which will replace the Company's existing operating and financial systems. During 2022, the Company began implementing a cloud-based ERP system. The Company's implementation of this system is expected to be completed in 2025. The Company incurs costs to implement cloud computing arrangements (""CCA"") that are hosted by third party vendors. Implementation costs associated with CCA are capitalized when incurred during the application development phase until the software is ready for its intended use. The costs are then amortized on a straight-line basis over the contractual term of the cloud computing arrangement and are recognized as an operating expense within the consolidated statements of income (loss). Capitalized amounts related to such arrangements are recorded within other long-term assets in the consolidated balance sheets. Cash payments for CCA implementation costs are classified as cash used in operating activities. As of December 31, 2024, and 2023 the Company had capitalized implementation costs related to its upcoming ERP conversion in the amounts of $29,366 and $13,666, respectively presented under other long-term assets in the consolidated balance sheet.",,0,significant_accounting_policies,NOTE 2: SUMMARY OF SIGNIFICANT ACCOUNTING POLICIES,3,False,,"score=7,idx=13259,zone=24613",932,OK,
0001609711,GDDY,2015,0001609711_GDDY_FY2015_10K.html,,,Computer equipment,"Estimated Useful Lives December 31, 2015 2014 Land Indefinite $ 9.0 $ 9.0 Computer equipment 3 years 248.7 209.5 Buildings, including improvements 2-25 years 112.8 102.5 Software 3 years 28.5 24.6 Leasehold improvements Lesser of useful life or remaining lease term 34.1 28.0 Other 1-7 years 9.8 7.6 Building acquired under lease financing obligation 40 years 18.1 18.1 Total property and equipment 461.0 399.3 Less accumulated depreciation and amortization (236.0 ) (178.4 ) Property and equipment, net $ 225.0 $ 220.9",3.0,,No,,"We lease office and data center space in various locations. Rent expense under operating leases is recognized on a straight-line basis over the lease term taking into consideration rent abatements, scheduled rent increases and any lease incentives.",Item 8,", the FASB issued new guidance related to accounting for fees paid in a cloud computing arrangement. The new standard provides guidance to customers about whether a cloud computing arrangement includes a software license. If a cloud computing arrangement includes a software license, the customer should account for the software license element of the arrangement consistent with the acquisition of other software licenses. If a cloud computing arrangement does not include a software license, the customer should account for the arrangement as a service contract. The new standard is effective for annual and interim reporting periods beginning after ||| In April 2015 , the FASB issued new guidance related to accounting for fees paid in a cloud computing arrangement. The new standard provides guidance to customers about whether a cloud computing arrangement includes a software license. If a cloud computing arrangement includes a software license, the customer should account for the software license element of the arrangement consistent with the acquisition of other software licenses. If a cloud computing arrangement does not include a software license, the customer should account for the arrangement as a service contract. The new standard is effective for annual and interim reporting periods beginning after December 15, 2015 , with early adoption permitted. We do not expect the adoption of this guidance to have a material impact on our consolidated financial statements.",,0,significant_accounting_policies,2. Summary of Significant Accounting Policies,3,True,1.0-7.0 ans | 3.0 ans,"score=4,idx=15267,zone=15091",844,OK,
0001609711,GDDY,2016,0001609711_GDDY_FY2016_10K.html,,,Not disclosed,"We lease office and data center space in various locations. Rent expense under operating leases is recognized on a straight-line basis over the lease term taking into consideration rent abatements, scheduled rent increases and any lease incentives.",,,No,,"We lease office and data center space in various locations. Rent expense under operating leases is recognized on a straight-line basis over the lease term taking into consideration rent abatements, scheduled rent increases and any lease incentives.",Item 8,Not disclosed,,0,significant_accounting_policies,Note 18,3,True,1.0-7.0 ans | 3.0 ans,"score=4,idx=13886,zone=16164",816,OK,
0001609711,GDDY,2017,0001609711_GDDY_FY2017_10K.html,,,Not disclosed,"We lease office and data center space in various locations. Rent expense under operating leases is recognized on a straight-line basis over the lease term taking into consideration rent abatements, scheduled rent increases and any lease incentives.",,,No,,"We lease office and data center space in various locations. Rent expense under operating leases is recognized on a straight-line basis over the lease term taking into consideration rent abatements, scheduled rent increases and any lease incentives.",Item 8,", primarily through a combination of our industry leading products built on a single cloud platform, brand advertising, direct marketing efforts, customer referrals and world-class customer care. We also added approximately ||| We have developed a stable and predictable business model driven by efficient customer acquisition, high customer retention rates and increasing lifetime spend. We grew our total customers from 13.8 million as of December 31, 2015 to 17.3 million as of December 31, 2017 , primarily through a combination of our industry leading products built on a single cloud platform, brand advertising, direct marketing efforts, customer referrals and world-class customer care. We also added approximately 1.6 million customers from our acquisition of HEG in April 2017. In each of the five years ended December 31, 2017 , our customer retention rate exceeded 85% and our retention rate for customers who had been with us for over three years was approximately 91% . We believe the breadth and depth of our product offerings and the high quality and responsiveness of our Customer Care team build strong relationships with our customers and are key to our high level of customer retention.",,0,significant_accounting_policies,Note 21,3,False,,"score=4,idx=13507,zone=22196",1035,OK,
0001609711,GDDY,2018,0001609711_GDDY_FY2018_10K.html,,,Not disclosed,"We lease office and data center space in various locations. Rent expense under operating leases is recognized on a straight-line basis over the lease term taking into consideration rent abatements, scheduled rent increases and any lease incentives.",,,No,,"We lease office and data center space in various locations. Rent expense under operating leases is recognized on a straight-line basis over the lease term taking into consideration rent abatements, scheduled rent increases and any lease incentives.",Item 8,", primarily through a combination of our industry leading products built on a single cloud platform, brand advertising, direct marketing efforts, customer referrals and world-class customer care. We also added approximately ||| We have developed a stable and predictable business model driven by efficient customer acquisition, high customer retention rates and increasing lifetime spend. We grew our total customers from 14.7 million as of December 31, 2016 to 18.5 million as of December 31, 2018 , primarily through a combination of our industry leading products built on a single cloud platform, brand advertising, direct marketing efforts, customer referrals and world-class customer care. We also added approximately 1.6 million customers from our acquisition of HEG in April 2017. In each of the five years ended December 31, 2018 , our customer retention rate exceeded 85% , and in 2018 , our retention rate for customers who had been with us for over three years was approximately 92% . We believe the breadth and depth of our product offerings and the high quality and responsiveness of our Customer Care team build strong relationships with our customers and are key to our high level of customer retention.",,0,significant_accounting_policies,Note 20,3,False,,"score=4,idx=12594,zone=22002",950,OK,
0001609711,GDDY,2019,0001609711_GDDY_FY2019_10K.html,,"December 31, 2019",Computer equipment,"Estimated Useful Lives December 31, 2019 2018 Computer equipment 3 years $ 434.8 $ 417.6 Software 3 years 55.9 40.5 Land Indefinite 9.0 9.0 Buildings, including improvements 5-40 years 145.5 175.0 Leasehold improvements Lesser of useful life or remaining lease term 99.4 70.8 Other 1-20 years 25.7 27.0 Total property and equipment 770.3 739.9 Less: accumulated depreciation and amortization (511.7) (440.9) Property and equipment, net $ 258.6 $ 299.0",3.0,,No,,"We lease office and data center space in various locations. Prior to our adoption of the new lease standard on January 1, 2019, rent expense under operating leases was recognized on a straight-line basis over the lease term taking into consideration rent abatements, scheduled rent increases and any lease incentives.",Item 8,"In August 2018, the FASB issued new guidance aligning the accounting for implementation costs incurred in cloud computing arrangements with the requirements for capitalizing implementation costs incurred to develop or obtain internal-use software. We plan to adopt this guidance prospectively on January 1, 2020 and do not expect a material impact at adoption.",,0,significant_accounting_policies,2. Summary of Significant Accounting Policies,3,False,,"score=2,idx=12889,zone=14506",751,OK,
0001609711,GDDY,2020,0001609711_GDDY_FY2020_10K.html,,2021-02-18,Computer equipment,"Estimated Useful Lives December 31, 2020 2019 Computer equipment 3 years $ 464.1 $ 434.8 Software 3-5 years 64.8 55.9 Land Indefinite 9.0 9.0 Buildings, including improvements 5-40 years 146.6 145.5 Leasehold improvements Lesser of useful life or remaining lease term 98.2 99.4 Other 1-20 years 27.0 25.7 Total property and equipment 809.7 770.3 Less: accumulated depreciation and amortization (552.4) (511.7) Property and equipment, net $ 257.3 $ 258.6",3.0,5.0,Not disclosed,,Not disclosed,,Not disclosed,,0,significant_accounting_policies,2. Summary of Significant Accounting Policies,3,False,,"score=2,idx=9703,zone=11169",714,ERROR,'<' not supported between instances of 'NoneType' and 'float'
0001609711,GDDY,2021,0001609711_GDDY_FY2021_10K.html,,2022-02-17,Computer equipment,"Property and equipment consisted of the following: Estimated Useful Lives December 31, 2021 2020 Computer equipment 3 years $ 488.5 $ 464.1 Software 3-5 years 77.6 64.8 Land Indefinite 5.9 9.0 Buildings, including improvements 5-40 years 125.4 146.6 Leasehold improvements Lesser of useful life or remaining lease term 87.0 98.2 Other 1-20 years 21.9 27.0 Total property and equipment 806.3 809.7 Less: accumulated depreciation and amortization (586.3) (552.4) Property and equipment, net $ 220.0 $ 257.3",3.0,5.0,Not disclosed,,Not disclosed,,Not disclosed,,0,significant_accounting_policies,2. Summary of Significant Accounting Policies,3,False,,"score=2,idx=9398,zone=11071",695,ERROR,'<' not supported between instances of 'NoneType' and 'float'
0001609711,GDDY,2022,0001609711_GDDY_FY2022_10K.html,,2023-03-31,Computer equipment,"Property and equipment consisted of the following: Estimated Useful Lives December 31, 2022 2021 Computer equipment 3 years $ 486.1 $ 488.5 Software 3-5 years 87.6 77.6 Land Indefinite 5.9 5.9 Buildings, including improvements 5-40 years 126.3 125.4 Leasehold improvements Lesser of useful life or remaining lease term 78.8 87.0 Other 1-20 years 18.0 21.9 Total property and equipment 802.7 806.3 Less: accumulated depreciation and amortization (577.1) (586.3) Property and equipment, net $ 225.6 $ 220.0",3.0,5.0,Not disclosed,,Not disclosed,,Not disclosed,,0,significant_accounting_policies,2. Summary of Significant Accounting Policies,3,False,,"score=2,idx=10538,zone=11994",722,ERROR,'<' not supported between instances of 'NoneType' and 'float'
0001609711,GDDY,2023,0001609711_GDDY_FY2023_10K.html,,2024-01-31,Computer equipment,"Property and equipment consisted of the following: Estimated Useful Lives December 31, 2023 2022 Computer equipment 3 years $ 438.6 $ 486.1 Software 3-5 years 98.8 87.6 Land Indefinite 4.8 5.9 Buildings, including improvements 5-40 years 115.0 126.3 Leasehold improvements Lesser of useful life or remaining lease term 76.7 78.8 Other 1-20 years 16.3 18.0 Total property and equipment 750.2 802.7 Less: accumulated depreciation and amortization (564.9) (577.1) Property and equipment, net $ 185.3 $ 225.6",3.0,5.0,Not disclosed,,Not disclosed,,Not disclosed,,0,significant_accounting_policies,2. Summary of Significant Accounting Policies,3,False,,"score=2,idx=10864,zone=12128",760,ERROR,'<' not supported between instances of 'NoneType' and 'float'
0001609711,GDDY,2024,0001609711_GDDY_FY2024_10K.html,,2025-02-17,Computer equipment,"Property and equipment consisted of the following: Estimated Useful Lives December 31, 2024 2023 Computer equipment 3 years $ 394.3 $ 438.6 Software 3-5 years 103.2 98.8 Land Indefinite 4.8 4.8 Buildings, including improvements 5-40 years 113.8 115.0 Leasehold improvements Lesser of useful life or remaining lease term 62.0 76.7 Other 1-20 years 14.8 16.3 Total property and equipment 692.9 750.2 Less: accumulated depreciation and amortization (536.5) (564.9) Property and equipment, net $ 156.4 $ 185.3",3.0,5.0,Not disclosed,,Not disclosed,,Not disclosed,,0,significant_accounting_policies,2. Summary of Significant Accounting Policies,3,False,,"score=2,idx=10463,zone=11987",713,ERROR,'<' not supported between instances of 'NoneType' and 'float'
0001616000,XHR,2014,0001616000_XHR_FY2014_10K.html,,"December 31, 2014",building and improvements,"Building and other improvements are depreciated based upon estimated useful lives of 30 years for building and improvements and 5-15 years for furniture, fixtures and equipment and site improvements.",5.0,15.0,No,,Not disclosed,,Not disclosed,,0,significant_accounting_policies,2. Summary of Significant Accounting Policies,3,False,,"score=4,idx=18032,zone=12701",510,OK,
0001616000,XHR,2015,0001616000_XHR_FY2015_10K.html,,,Not disclosed,Not disclosed,,,No,,Not disclosed,,Not disclosed,,0,unknown,,0,False,,"score=4,idx=23379,zone=5",2,OK,
0001616000,XHR,2016,0001616000_XHR_FY2016_10K.html,,,Not disclosed,Not disclosed,,,No,,Not disclosed,,Not disclosed,,0,unknown,,0,False,,"score=4,idx=22865,zone=6",2,OK,
0001616000,XHR,2017,0001616000_XHR_FY2017_10K.html,,,Not disclosed,Not disclosed,,,No,,Not disclosed,,Not disclosed,,0,unknown,,0,False,,"score=4,idx=21302,zone=6",2,OK,
0001616000,XHR,2018,0001616000_XHR_FY2018_10K.html,,,Not disclosed,Not disclosed,,,No,,Not disclosed,,Not disclosed,,0,unknown,,0,False,,"score=4,idx=21303,zone=6",2,OK,
0001616000,XHR,2019,0001616000_XHR_FY2019_10K.html,,2023-01-31,Not disclosed,Not disclosed,,,No,,Not disclosed,,Not disclosed,,0,unknown,,0,False,,"score=4,idx=23462,zone=6",2,OK,
0001616000,XHR,2020,0001616000_XHR_FY2020_10K.html,,2021-12-31,Not disclosed,Not disclosed,,,No,,Not disclosed,,Not disclosed,,0,unknown,,0,False,,"score=2,idx=15909,zone=4",2,OK,
0001616000,XHR,2021,0001616000_XHR_FY2021_10K.html,,2022-06-30,Not disclosed,Not disclosed,,,No,,Not disclosed,,Not disclosed,A100,1,unknown,,0,False,,"score=2,idx=13201,zone=4",2,OK,
0001616000,XHR,2022,0001616000_XHR_FY2022_10K.html,,2023-02-28,Not disclosed,Not disclosed,,,No,,Not disclosed,,Not disclosed,,0,unknown,,0,False,,"score=2,idx=12458,zone=4",2,OK,
0001616000,XHR,2023,0001616000_XHR_FY2023_10K.html,,2024-01-31,Not disclosed,Not disclosed,,,No,,Not disclosed,,Not disclosed,,0,unknown,,0,False,,"score=2,idx=12080,zone=4",2,OK,
0001616000,XHR,2024,0001616000_XHR_FY2024_10K.html,,2025-01-31,Not disclosed,Not disclosed,,,No,,Not disclosed,,Not disclosed,,0,unknown,,0,False,,"score=2,idx=12268,zone=4",2,OK,
0001618563,NSA,2015,0001618563_NSA_FY2015_10K.html,,"December 31, 2015",Not disclosed,Not disclosed,,,No,,Not disclosed,,Not disclosed,,0,unknown,,0,False,,"score=4,idx=14230,zone=5",2,OK,
0001618563,NSA,2016,0001618563_NSA_FY2016_10K.html,,"December 31, 2016",Not disclosed,Not disclosed,,,No,,Not disclosed,,Not disclosed,,0,unknown,,0,False,,"score=4,idx=14936,zone=6",2,OK,
0001618563,NSA,2017,0001618563_NSA_FY2017_10K.html,,"December 31, 2017",Not disclosed,Not disclosed,,,No,,Not disclosed,,Not disclosed,,0,unknown,,0,False,,"score=4,idx=16020,zone=6",2,OK,
0001618563,NSA,2018,0001618563_NSA_FY2018_10K.html,,"December 31, 2018",Not disclosed,Not disclosed,,,No,,Not disclosed,,Not disclosed,,0,unknown,,0,False,,"score=4,idx=14764,zone=6",2,OK,
0001618563,NSA,2019,0001618563_NSA_FY2019_10K.html,,2020-02-26,Not disclosed,Not disclosed,,,No,,Not disclosed,,Not disclosed,B100,1,unknown,,0,False,,"score=2,idx=16090,zone=4",2,OK,
0001618563,NSA,2020,0001618563_NSA_FY2020_10K.html,,2021-02-26,Not disclosed,Not disclosed,,,No,,Not disclosed,,Not disclosed,,0,unknown,,0,False,,"score=2,idx=15475,zone=4",2,OK,
0001618563,NSA,2021,0001618563_NSA_FY2021_10K.html,,2022-01-01,Not disclosed,Not disclosed,,,No,,Not disclosed,,Not disclosed,B100,1,unknown,,0,False,,"score=2,idx=18010,zone=4",2,OK,
0001618563,NSA,2022,0001618563_NSA_FY2022_10K.html,,2023-02-17,Not disclosed,Not disclosed,,,No,,Not disclosed,,Not disclosed,B100,1,unknown,,0,False,,"score=2,idx=18614,zone=4",2,OK,
0001618563,NSA,2023,0001618563_NSA_FY2023_10K.html,,2024-02-27,Not disclosed,Not disclosed,,,No,,Not disclosed,,Not disclosed,,0,unknown,,0,False,,"score=2,idx=11997,zone=4",2,OK,
0001618563,NSA,2024,0001618563_NSA_FY2024_10K.html,,2024-12-31,Not disclosed,Not disclosed,,,No,,Not disclosed,,Not disclosed,,0,unknown,,0,False,,"score=2,idx=11476,zone=4",2,OK,
0001620393,NXRT,2016,0001620393_NXRT_FY2016_10K.html,,"December 31, 2016",Not disclosed,Not disclosed,,,No,,Not disclosed,,Not disclosed,,0,unknown,,0,False,,"score=4,idx=17289,zone=4",96,OK,
0001620393,NXRT,2017,0001620393_NXRT_FY2017_10K.html,,"December 31, 2017",Not disclosed,Not disclosed,,,No,,Not disclosed,,Not disclosed,,0,unknown,,0,False,,"score=4,idx=18201,zone=4",92,OK,
0001620393,NXRT,2018,0001620393_NXRT_FY2018_10K.html,,"December 31, 2018",Not disclosed,Not disclosed,,,No,,Not disclosed,,Not disclosed,,0,unknown,,0,False,,"score=4,idx=18691,zone=4",172,OK,
0001620393,NXRT,2019,0001620393_NXRT_FY2019_10K.html,,"December 31, 2019",Not disclosed,Not disclosed,,,No,,Not disclosed,,Not disclosed,,0,unknown,,0,False,,"score=4,idx=18629,zone=4",2,OK,
0001620393,NXRT,2020,0001620393_NXRT_FY2020_10K.html,,2021-01-29,Not disclosed,Not disclosed,,,No,,Not disclosed,,Not disclosed,,0,unknown,,0,False,,"score=4,idx=25239,zone=2",2,OK,
0001620393,NXRT,2021,0001620393_NXRT_FY2021_10K.html,,2021-12-31,Not disclosed,Not disclosed,,,No,,Not disclosed,,Not disclosed,,0,unknown,,0,False,,"score=4,idx=24542,zone=2",2,OK,
0001620393,NXRT,2022,0001620393_NXRT_FY2022_10K.html,,2022-12-31,Not disclosed,Not disclosed,,,No,,Not disclosed,,Not disclosed,,0,unknown,,0,False,,"score=4,idx=24703,zone=2",2,OK,
0001620393,NXRT,2023,0001620393_NXRT_FY2023_10K.html,,2024-02-15,Not disclosed,Not disclosed,,,No,,Not disclosed,,Not disclosed,B100,1,unknown,,0,False,,"score=4,idx=33976,zone=5",3,OK,
0001620393,NXRT,2024,0001620393_NXRT_FY2024_10K.html,,2025-02-24,Not disclosed,Not disclosed,,,No,,Not disclosed,,Not disclosed,B100,1,unknown,,0,False,,"score=4,idx=28350,zone=5",3,OK,
0001620533,SHAK,2014,0001620533_SHAK_FY2014_10K.html,,"December 31, 2014","equipment, furniture and fixtures, and computer equipment and software","Property and equipment is stated at historical cost less accumulated depreciation. Property and equipment is depreciated based on the straight-line method over the estimated useful lives of the assets, generally ranging from five to seven years for equipment, furniture and fixtures, and computer equipment and software.",5.0,7.0,Not disclosed,,Not disclosed,,Not disclosed,,0,significant_accounting_policies,Note 19,3,False,,"score=4,idx=8374,zone=8511",416,ERROR,'<' not supported between instances of 'float' and 'NoneType'
0001620533,SHAK,2015,0001620533_SHAK_FY2015_10K.html,,"December 30, 2015","equipment, furniture and fixtures, and computer equipment and software","Property and equipment is stated at historical cost less accumulated depreciation. Property and equipment is depreciated based on the straight-line method over the estimated useful lives of the assets, generally ranging from three to seven years for equipment, furniture and fixtures, and computer equipment and software.",3.0,7.0,No,,Not disclosed,,"In April 2015, the FASB issued Accounting Standards Update No. 2015-05, Customers' Accounting for Fees Paid in a Cloud Computing Arrangement (""ASU 2015-05""). ASU 2015-05 provides guidance in evaluating whether a cloud computing arrangement includes a software license. If a cloud computing arrangement includes a software license, then the software license element of the arrangement should be accounted for as an acquisition of a software license. If the arrangement does not contain a software license, it should be accounted for as a service contract. ASU 2015-05 is effective for reporting periods beginning after December 15, 2015 and may be adopted either retrospectively or prospectively. The adoption of ASU 2015-05 will not have a significant impact on our consolidated financial statements.",,0,significant_accounting_policies,Note 20,3,False,,"score=4,idx=12783,zone=17615",925,OK,
0001620533,SHAK,2016,0001620533_SHAK_FY2016_10K.html,,"December 28, 2016","equipment, furniture and fixtures, and computer equipment and software","Property and equipment is stated at historical cost less accumulated depreciation. Property and equipment is depreciated based on the straight-line method over the estimated useful lives of the assets, generally ranging from three to seven years for equipment, furniture and fixtures, and computer equipment and software.",3.0,7.0,No,,Not disclosed,,"Customers' Accounting for Fees Paid in a Cloud Computing Arrangement (ASU 2015-05) ||| Customers' Accounting for Fees Paid in a Cloud Computing Arrangement ||| This standard provides guidance in evaluating whether a cloud computing arrangement includes a software license. If a cloud computing arrangement includes a software license, then the software license element of the arrangement should be accounted for as an acquisition of a software license. Otherwise, it should be accounted for as a service contract.",,0,significant_accounting_policies,Note 20,3,False,,"score=4,idx=15036,zone=23168",1051,OK,
0001620533,SHAK,2017,0001620533_SHAK_FY2017_10K.html,,"December 27, 2017","equipment, furniture and fixtures, and computer equipment and software","Property and equipment is stated at historical cost less accumulated depreciation. Property and equipment is depreciated based on the straight-line method over the estimated useful lives of the assets, generally ranging from three to seven years for equipment, furniture and fixtures, and computer equipment and software.",3.0,7.0,No,,Not disclosed,,Not disclosed,,0,significant_accounting_policies,Note 20,3,False,,"score=4,idx=15919,zone=24656",1097,OK,
0001620533,SHAK,2018,0001620533_SHAK_FY2018_10K.html,,"December 26, 2018","equipment, furniture and fixtures, and computer equipment and software","Property and equipment is stated at historical cost less accumulated depreciation. Property and equipment is depreciated based on the straight-line method over the estimated useful lives of the assets, generally ranging from three to seven years for equipment, furniture and fixtures, and computer equipment and software.",3.0,7.0,No,,Not disclosed,,"Other assets consist primarily of capitalized implementation costs from cloud computing arrangements, long-term marketable securities, security deposits, transferable liquor licenses and certain custom furniture pre-ordered for future Shacks and yet to be placed in service. ||| Customer's Accounting for Implementation Costs Incurred in a Cloud Computing Arrangement That Is a Service Contract (ASU 2018-15) ||| Customer's Accounting for Implementation Costs Incurred in a Cloud Computing Arrangement That Is a Service Contract",,0,significant_accounting_policies,Note 21,3,False,,"score=4,idx=18589,zone=23603",965,OK,
0001620533,SHAK,2019,0001620533_SHAK_FY2019_10K.html,,"December 25, 2019","equipment, furniture and fixtures, and computer equipment and software","Property and equipment is stated at historical cost less accumulated depreciation. Property and equipment is depreciated based on the straight-line method over the estimated useful lives of the assets, generally ranging from two to seven years for equipment, furniture and fixtures, and computer equipment and software.",2.0,7.0,No,,Not disclosed,,"Amortization of cloud computing asset ||| Other assets consist primarily of capitalized implementation costs from cloud computing arrangements, long-term marketable securities, security deposits, transferable liquor licenses and certain custom furniture pre-ordered for future Shacks and yet to be placed in service.",,0,significant_accounting_policies,NOTE 2 : SUMMARY OF SIGNIFICANT ACCOUNTING POLICIES,3,False,,"score=4,idx=22207,zone=27743",999,OK,
0001620533,SHAK,2020,0001620533_SHAK_FY2020_10K.html,,2020-12-30,computer equipment and software,"Property and equipment, net is stated at historical cost less accumulated depreciation. Property and equipment is depreciated based on the straight-line method over the estimated useful lives of the assets, generally ranging from five to seven years for both equipment, and furniture and fixtures, and two to five years for computer equipment and software.",2.0,5.0,No,,Not disclosed,,"Amortization of cloud computing asset ||| Other assets consist primarily of capitalized implementation costs from cloud computing arrangements, transferable liquor licenses, certain custom furniture pre-ordered for future Shacks and yet to be placed in service and security deposits.",B200,1,significant_accounting_policies,NOTE 2: SUMMARY OF SIGNIFICANT ACCOUNTING POLICIES Basis of Presentation,3,True,2.0-5.0 ans | 5.0-7.0 ans,"score=2,idx=14263,zone=13953",760,OK,
0001620533,SHAK,2021,0001620533_SHAK_FY2021_10K.html,,2021-12-29,computer equipment and software,"Property and equipment, net is stated at historical cost less accumulated depreciation. Property and equipment is depreciated based on the straight-line method over the estimated useful lives of the assets, generally ranging from five to seven years for both equipment, and furniture and fixtures, and two to five years for computer equipment and software.",2.0,5.0,No,,Not disclosed,,"Amortization of cloud computing asset ||| Other assets consist primarily of capitalized implementation costs from cloud computing arrangements, certain custom pre-ordered furniture, fixtures and equipment for future and existing Shacks, transferable liquor licenses, and security deposits. ||| Implementation costs associated with cloud computing arrangements hosted by third party vendors are capitalized when incurred during the application development phase. Amortization is calculated on a straight-line basis over the contractual term of the cloud computing arrangement and is recorded within General and administrative expenses on the Consolidated Statements of Income (Loss). As of December 29, 2021 and December 30, 2020, capitalized implementation costs from cloud computing arrangements totaled $6,431 and $6,497, respectively, net of accumulated amortization.",A100,1,significant_accounting_policies,NOTE 2: SUMMARY OF SIGNIFICANT ACCOUNTING POLICIES Basis of Presentation,3,True,2.0-5.0 ans | 5.0-7.0 ans,"score=2,idx=11491,zone=13107",761,OK,
0001620533,SHAK,2022,0001620533_SHAK_FY2022_10K.html,,2022-12-28,"equipment, furniture and fixtures","Property and equipment, net is stated at historical cost less accumulated depreciation. Property and equipment is depreciated using the straight-line method over the estimated useful lives of the assets, which generally range from five to seven years for equipment, furniture and fixtures, and two to five years for computer equipment and software.",5.0,7.0,Unclear,"The costs of obtaining non-transferable liquor licenses that are directly issued by local government agencies for nominal fees are expensed as incurred. The costs of purchasing transferable liquor licenses through open markets in jurisdictions with a limited number of authorized liquor licenses are capitalized as indefinite-lived intangible assets. Annual liquor license renewal fees, for both types of licenses, are expensed over the renewal term. As of December 28, 2022 and December 29, 2021, indefinite-lived intangible assets relating to transferable liquor licenses totaled $1,837 and $1,461, respectively. Indefinite-lived intangible assets are evaluated for impairment annually during the fourth quarter, and whenever events or circumstances indicate that an impairment may exist. When evaluating intangible assets for impairment, the Company first performs a qualitative assessment to determine whether it is more likely than not that an intangible asset group is impaired. If determined that it is more likely than not that the carrying value of the intangible asset group exceeds its fair value, the Company performs a quantitative assessment to derive the fair value of the intangible asset group. If the carrying value of the intangible asset group exceeds the estimated fair value, an impairment charge is recorded to reduce the carrying value to the estimated fair value. In addition, the Company continuously monitors and may revise the useful lives of intangible assets when facts and circumstances change.",Not disclosed,,"Amortization of cloud computing asset ||| Other assets consist primarily of capitalized implementation costs from cloud computing arrangements, certain custom pre-ordered furniture, fixtures and equipment for future and existing Shacks, transferable liquor licenses, and security deposits. ||| Implementation costs associated with cloud computing arrangements hosted by third party vendors are capitalized when incurred during the application development phase. Amortization is calculated on a straight-line basis over the contractual term of the cloud computing arrangement and is recorded within General and administrative expenses on the Consolidated Statements of Loss. As of December 28, 2022 and December 29, 2021, capitalized implementation costs from cloud computing arrangements totaled $6,212 and $6,431, respectively, net of accumulated amortization.",B200,1,significant_accounting_policies,NOTE 2: SUMMARY OF SIGNIFICANT ACCOUNTING POLICIES Basis of Presentation,3,True,2.0-5.0 ans | 5.0-7.0 ans,"score=2,idx=10987,zone=12769",724,OK,
0001620533,SHAK,2023,0001620533_SHAK_FY2023_10K.html,,2023-12-27,"equipment, furniture and fixtures","Property and equipment, net is stated at historical cost less accumulated depreciation. Property and equipment are depreciated using the straight-line method over the estimated useful lives of the assets, which generally range from five to seven years for equipment, furniture and fixtures, and two to five years for computer equipment and software.",5.0,7.0,Unclear,"The costs of obtaining non-transferable liquor licenses that are directly issued by local government agencies for nominal fees are expensed as incurred. The costs of purchasing transferable liquor licenses through open markets in jurisdictions with a limited number of authorized liquor licenses are capitalized as indefinite-lived intangible assets. Annual liquor license renewal fees, for both types of licenses, are expensed over the renewal term. As of December 27, 2023 and December 28, 2022, indefinite-lived intangible assets relating to transferable liquor licenses totaled $1,903 and $1,837, respectively. Indefinite-lived intangible assets are evaluated for impairment at least annually during the fourth quarter, and whenever events or circumstances indicate that an impairment may exist. When evaluating intangible assets for impairment, the Company first performs a qualitative assessment to determine whether it is more likely than not that an intangible asset group is impaired. If determined that it is more likely than not that the carrying value of the intangible asset group exceeds its fair value, the Company performs a quantitative assessment to derive the fair value of the intangible asset group. If the carrying value of the intangible asset group exceeds the estimated fair value, an impairment charge is recorded to reduce the carrying value to the estimated fair value. In addition, the Company continuously monitors and may revise the useful lives of intangible assets when facts and circumstances change.",Not disclosed,,"Amortization of cloud computing asset ||| Other assets consist primarily of capitalized implementation costs from cloud computing arrangements, certain custom pre-ordered furniture, fixtures and equipment for future and existing Shacks, transferable liquor licenses, and security deposits. ||| Implementation costs associated with cloud computing arrangements hosted by third-party vendors are capitalized when incurred during the application development phase. Amortization is calculated on a straight-line basis over the contractual term of the cloud computing arrangement and is recorded within General and administrative expenses on the Consolidated Statements of Income (Loss). As of December 27, 2023 and December 28, 2022, capitalized implementation costs from cloud computing arrangements totaled $5,572 and $6,212, respectively, net of accumulated amortization.",,0,significant_accounting_policies,NOTE 2: SUMMARY OF SIGNIFICANT ACCOUNTING POLICIES Basis of Presentation,3,True,2.0-5.0 ans | 5.0-7.0 ans,"score=2,idx=12879,zone=23077",865,OK,
0001620533,SHAK,2024,0001620533_SHAK_FY2024_10K.html,,2024-12-25,"equipment, furniture and fixtures","Property and equipment, net is stated at historical cost less accumulated depreciation. Property and equipment are depreciated using the straight-line method over the estimated useful lives of the assets, which generally range from five to seven years for equipment, furniture and fixtures, and two to five years for computer equipment and software.",5.0,7.0,Unclear,"The costs of obtaining non-transferable liquor licenses that are directly issued by local government agencies for nominal fees are expensed as incurred. The costs of purchasing transferable liquor licenses through open markets in jurisdictions with a limited number of authorized liquor licenses are capitalized as indefinite-lived intangible assets. Annual liquor license renewal fees, for both types of licenses, are expensed over the renewal term. As of December 25, 2024 and December 27, 2023, indefinite-lived intangible assets relating to transferable liquor licenses totaled $2,040 and $1,903, respectively. Indefinite-lived intangible assets are evaluated for impairment at least annually during the fourth quarter, and whenever events or circumstances indicate that an impairment may exist. When evaluating intangible assets for impairment, the Company first performs a qualitative assessment to determine whether it is more likely than not that an intangible asset group is impaired. If determined that it is more likely than not that the carrying value of the intangible asset group exceeds its fair value, the Company performs a quantitative assessment to derive the fair value of the intangible asset group. If the carrying value of the intangible asset group exceeds the estimated fair value, an impairment charge is recorded to reduce the carrying value to the estimated fair value. In addition, the Company continuously monitors and may revise the useful lives of intangible assets when facts and circumstances change.",Not disclosed,,"Amortization of cloud computing assets ||| Other assets consist primarily of capitalized implementation costs from cloud computing arrangements, certain custom pre-ordered furniture, fixtures and equipment for future and existing Shacks, transferable liquor licenses, and security deposits. ||| Implementation costs associated with cloud computing arrangements hosted by third-party vendors are capitalized when incurred during the application development phase. Amortization is calculated on a straight-line basis over the contractual term of the cloud computing arrangement and is recorded within General and administrative expenses on the Consolidated Statements of Income (Loss). As of December 25, 2024 and December 27, 2023, capitalized implementation costs from cloud computing arrangements totaled $4,051 and $5,572, respectively, net of accumulated amortization.",,0,significant_accounting_policies,NOTE 2: SUMMARY OF SIGNIFICANT ACCOUNTING POLICIES Basis of Presentation,3,True,2.0-5.0 ans | 5.0-7.0 ans,"score=2,idx=11170,zone=13826",734,OK,
0001622194,DEA,2015,0001622194_DEA_FY2015_10K.html,,,Not disclosed,Not disclosed,,,No,,Not disclosed,,Not disclosed,,0,unknown,,0,False,,"score=4,idx=11504,zone=7",2,OK,
0001622194,DEA,2016,0001622194_DEA_FY2016_10K.html,,,Not disclosed,Not disclosed,,,No,,Not disclosed,,Not disclosed,,0,unknown,,0,False,,"score=4,idx=13056,zone=4",2,OK,
0001622194,DEA,2017,0001622194_DEA_FY2017_10K.html,,,Not disclosed,Not disclosed,,,No,,Not disclosed,,Not disclosed,,0,unknown,,0,False,,"score=4,idx=14770,zone=7",2,OK,
0001622194,DEA,2018,0001622194_DEA_FY2018_10K.html,,,Not disclosed,Not disclosed,,,No,,Not disclosed,,Not disclosed,,0,unknown,,0,False,,"score=4,idx=15591,zone=4",2,OK,
0001622194,DEA,2019,0001622194_DEA_FY2019_10K.html,,2020-02-19,Not disclosed,Not disclosed,,,No,,Not disclosed,,Not disclosed,,0,unknown,,0,False,,"score=4,idx=20829,zone=5",2,OK,
0001622194,DEA,2020,0001622194_DEA_FY2020_10K.html,,2021-02-24,Not disclosed,Not disclosed,,,No,,Not disclosed,,Not disclosed,,0,unknown,,0,False,,"score=4,idx=20933,zone=2",2,OK,
0001622194,DEA,2021,0001622194_DEA_FY2021_10K.html,,2023-01-02,Not disclosed,Not disclosed,,,No,,Not disclosed,,Not disclosed,,0,unknown,,0,False,,"score=4,idx=22891,zone=2",2,OK,
0001622194,DEA,2022,0001622194_DEA_FY2022_10K.html,,2024-01-03,Not disclosed,Not disclosed,,,No,,Not disclosed,,Not disclosed,,0,unknown,,0,False,,"score=4,idx=28521,zone=7",3,OK,
0001622194,DEA,2023,0001622194_DEA_FY2023_10K.html,,2024-01-23,Not disclosed,Not disclosed,,,No,,Not disclosed,,Not disclosed,,0,unknown,,0,False,,"score=4,idx=28720,zone=7",3,OK,
0001622194,DEA,2024,0001622194_DEA_FY2024_10K.html,,2025-01-08,Not disclosed,Not disclosed,,,No,,Not disclosed,,Not disclosed,A100;B100,2,unknown,,0,False,,"score=4,idx=30552,zone=7",3,OK,
0001627223,CC,2015,0001627223_CC_FY2015_10K.html,,,Not disclosed,Not disclosed,,,No,,Not disclosed,,Not disclosed,,0,unknown,,0,False,,"score=4,idx=10829,zone=8",2,OK,
0001627223,CC,2016,0001627223_CC_FY2016_10K.html,,"December 31, 2016",Not disclosed,Not disclosed,,,No,,Not disclosed,,Not disclosed,,0,unknown,,0,False,,"score=4,idx=8303,zone=4",310,OK,
0001627223,CC,2017,0001627223_CC_FY2017_10K.html,,"December 31, 2017",Not disclosed,Not disclosed,,,Yes,"Adjusted Net Income, Adjusted EPS, FCF, and ROIC are non-GAAP financial measures. Adjusted Net Income is defined as our net income, adjusted for items excluded from Adjusted EBITDA, except interest expense, depreciation and amortization, and certain provision for (benefit from) income tax amounts. Adjusted EPS is presented on a diluted basis and is calculated by dividing our Adjusted Net Income by the weighted-average number of our common shares outstanding, accounting for the dilutive impact of our stock-based compensation awards. FCF is defined as our cash flows provided by operating activities, less purchases of property, plant, and equipment as shown in our consolidated statements of cash flows. ROIC is defined as Adjusted EBITDA, less depreciation and amortization (Adjusted EBIT), divided by the average of our invested capital, which amounts to our net debt plus equity. For further discussion regarding the risks associated with our failure to meet these key financial targets for 2020, see Item 1A – Risk Factors . For further discussion regarding our use of non-GAAP financial measures and reconciliations to their closest GAAP financial measures, see “Non-GAAP Financial Measures” within Item 7 – Management ’ s Discussion and Analysis of Financial Condition and Results of Operations .",Not disclosed,,Not disclosed,,0,unknown,,0,False,,"score=4,idx=9170,zone=9",351,OK,
0001627223,CC,2018,0001627223_CC_FY2018_10K.html,,2023-04-03,Not disclosed,Not disclosed,,,No,,Not disclosed,,Not disclosed,,0,unknown,,0,False,,"score=4,idx=14950,zone=7",4,OK,
0001627223,CC,2019,0001627223_CC_FY2019_10K.html,,2023-04-03,Not disclosed,Not disclosed,,,No,,Not disclosed,,Not disclosed,,0,unknown,,0,False,,"score=4,idx=14547,zone=7",4,OK,
0001627223,CC,2020,0001627223_CC_FY2020_10K.html,,2023-04-03,Not disclosed,Not disclosed,,,No,,Not disclosed,,Not disclosed,,0,unknown,,0,False,,"score=4,idx=21536,zone=8",4,OK,
0001627223,CC,2021,0001627223_CC_FY2021_10K.html,,2023-04-03,Not disclosed,Not disclosed,,,No,,Not disclosed,,Not disclosed,,0,unknown,,0,False,,"score=4,idx=18589,zone=8",4,OK,
0001627223,CC,2022,0001627223_CC_FY2022_10K.html,,2023-04-03,"equipment, computer software","Property, plant, and equipment is carried at cost and is depreciated using the straight-line method. Substantially all equipment and buildings are depreciated over useful lives ranging from 15 to 25 years . Capitalizable costs associated with computer software for internal use are amortized on a straight-line basis over five to seven years .",15.0,25.0,No,,Not disclosed,,Not disclosed,,0,significant_accounting_policies,Note 3. Summary of Significant Accounting Policies,3,False,,"score=2,idx=17330,zone=44162",2775,OK,
0001627223,CC,2023,0001627223_CC_FY2023_10K.html,,2024-01-31,"equipment, computer software","Property, plant, and equipment is carried at cost and is depreciated using the straight-line method. Substantially all equipment and buildings are depreciated over useful lives ranging from 15 to 25 years . Capitalizable costs associated with computer software for internal use are amortized on a straight-line basis over five to seven years .",15.0,25.0,No,,Not disclosed,,Not disclosed,,0,significant_accounting_policies,Note 3. Summary of Significant Accounting Policies,3,False,,"score=2,idx=17037,zone=57229",2060,OK,
0001627223,CC,2024,0001627223_CC_FY2024_10K.html,,2026-12-31,"equipment, computer software","Property, plant, and equipment is carried at cost and is depreciated using the straight-line method. Substantially all equipment and buildings are depreciated over useful lives ranging from 15 to 25 years . Capitalizable costs associated with computer software for internal use are amortized on a straight-line basis over five to seven years .",15.0,25.0,No,,Not disclosed,,Not disclosed,B200,1,significant_accounting_policies,Note 3. Summary of Significant Accounting Policies,3,False,,"score=2,idx=16455,zone=54580",2142,OK,
0001632790,ENR,2015,0001632790_ENR_FY2015_10K.html,,,Capitalized Software,Capitalized Software Costs – Capitalized software costs are included in other assets. These costs are amortized using the,,,Yes,"facilities and expenditures that substantially increase the useful life of property, including interest during construction, are capitalized and reported in the Capital expenditures caption in the Consolidated Statements of Cash Flows. Maintenance, repairs and minor renewals are expensed as incurred. When property is retired or otherwise disposed of, the related cost and accumulated depreciation are removed from the accounts, and gains or losses on the disposition are reflected in earnings. Depreciation is generally provided on the straight-line basis by charges to pre-tax earnings at rates based on estimated useful lives. Estimated useful lives range from",Not disclosed,,"On April 15, 2015, the FASB issued a new ASU, which provides criteria to review cloud computing arrangements to determine whether the arrangement contains a software licenses or is solely a service contract. If the arrangement is determined to be a software license, fees paid to the vendor would be within the scope of internal-use software guidance. If not, the fees paid would be expensed as incurred. The update will be effective for Energizer beginning October 1, 2016. Energizer is in the process of evaluating the impact this guidance will have on its future operations.",,0,notes_to_financials,"2. Edgewell held a share option with a major financial institution, which matured in November 2014 and was subsequently not renewed.",2,False,,"score=4,idx=11551,zone=20381",904,OK,
0001632790,ENR,2016,0001632790_ENR_FY2016_10K.html,,,Capitalized Software,"Capitalized Software Costs – Capitalized software costs are included in other assets. These costs are amortized using the straight-line method over periods of related benefit ranging from three to seven years. Expenditures related to capitalized software are included in the Capital expenditures caption in the Consolidated Statements of Cash Flows. For the twelve months ended September 30, 2016 , 2015 and 2014 , amortization expense was $3.6 , $4.7 and $1.9 in fiscal 2016 , 2015 and 2014 , respectively.",3.0,7.0,Yes,"– Property, plant and equipment, net is stated at historical costs. Expenditures for new facilities and expenditures that substantially increase the useful life of property, including interest during construction, are capitalized and reported in the Capital expenditures caption in the Consolidated Statements of Cash Flows. Maintenance, repairs and minor renewals are expensed as incurred. When property is retired or otherwise disposed of, the related cost and accumulated depreciation are removed from the accounts, and gains or losses on the disposition are reflected in earnings. Depreciation is generally provided on the straight-line basis by charges to pre-tax earnings at rates based on estimated useful lives. Estimated useful lives range from",Not disclosed,,", which provides criteria to review cloud computing arrangements to determine whether the arrangement contains a software license or is solely a service contract. If the arrangement is determined to be a software license, fees paid to the vendor would be within the scope of internal-use software guidance. If not, the fees paid would be expensed as incurred. The update will be effective for Energizer beginning October 1, 2016. The Company's current accounting for cloud computing arrangements is consistent with this guidance. ||| On April 15, 2015, the FASB issued ASU 2015-05, Intangibles - Goodwill and other - internal-use software (Subtopic 350-40) , which provides criteria to review cloud computing arrangements to determine whether the arrangement contains a software license or is solely a service contract. If the arrangement is determined to be a software license, fees paid to the vendor would be within the scope of internal-use software guidance. If not, the fees paid would be expensed as incurred. The update will be effective for Energizer beginning October 1, 2016. The Company's current accounting for cloud computing arrangements is consistent with this guidance.",,0,notes_to_financials,"1. Gain/(loss) recognized in Income was recorded as follows: Share option in Selling, general and administrative expense and foreign currency and comm",2,False,,"score=4,idx=12974,zone=23156",989,OK,
0001632790,ENR,2017,0001632790_ENR_FY2017_10K.html,,,Capitalized Software,"Capitalized Software Costs – Capitalized software costs are included in other assets. These costs are amortized using the straight-line method over periods of related benefit ranging from three to seven years. Expenditures related to capitalized software are included in the Capital expenditures caption in the Consolidated Statements of Cash Flows. For the twelve months ended September 30, 2017 , 2016 and 2015 , amortization expense was $5.3 , $3.6 and $4.7 , respectively.",3.0,7.0,Yes,"– Property, plant and equipment, net is stated at historical costs. Expenditures for new facilities and expenditures that substantially increase the useful life of property, including interest during construction, are capitalized and reported in the Capital expenditures caption in the Consolidated Statements of Cash Flows. Maintenance, repairs and minor renewals are expensed as incurred. When property is retired or otherwise disposed of, the related cost and accumulated depreciation are removed from the accounts, and gains or losses on the disposition are reflected in earnings. Depreciation is generally provided on the straight-line basis by charges to pre-tax earnings at rates based on estimated useful lives. Estimated useful lives range from",Not disclosed,,"(Subtopic 350-40), which provides criteria to review cloud computing arrangements to determine whether the arrangement contains a software license or is solely a service contract. If the arrangement is determined to be a software ||| license, fees paid to the vendor would be within the scope of internal-use software guidance. If not, the fees paid would be expensed as incurred. The Company's historical accounting for cloud computing arrangements was consistent with this guidance and no change in accounting was required. ||| During the quarter ended December 31, 2016, the Company adopted ASU 2015-05, Intangibles Goodwill and other internal-use software (Subtopic 350-40), which provides criteria to review cloud computing arrangements to determine whether the arrangement contains a software license or is solely a service contract. If the arrangement is determined to be a software",,0,notes_to_financials,"3. Loss recognized in Income was recorded in Other items, net.",2,False,,"score=4,idx=12488,zone=25617",981,OK,
0001632790,ENR,2018,0001632790_ENR_FY2018_10K.html,,,Capitalized software,– Capitalized software costs are included in other assets. These costs are amortized using the straight-line method over periods of related benefit ranging from,,,Yes,"– Property, plant and equipment, net is stated at historical costs. Expenditures for new facilities and expenditures that substantially increase the useful life of property, including interest during construction, are capitalized and reported in the Capital expenditures caption in the Consolidated Statements of Cash Flows. Maintenance, repairs and minor renewals are expensed as incurred. When property is retired or otherwise disposed of, the related cost and accumulated depreciation are removed from the accounts, and gains or losses on the disposition are reflected in earnings. Depreciation is generally provided on the straight-line basis by charges to pre-tax earnings at rates based on estimated useful lives. Estimated useful lives range from",Not disclosed,,"Customer's Accounting for Implementation Costs Incurred in a Cloud Computing Arrangement That is a Service Contract ||| . This update requires implementation costs incurred by customers in cloud computing arrangements to be deferred and recognized over the term of the arrangement similar to internal-use software guidance. This update is effective for the Company beginning October 1, 2020 with early adoption permitted. The Company plans to early adopt this guidance as of October 1, 2018 and will defer and recognize allowable implementation costs for future projects in fiscal 2019. ||| On August 29, 2018, the FASB issued ASU 2018-15, Customer's Accounting for Implementation Costs Incurred in a Cloud Computing Arrangement That is a Service Contract . This update requires implementation costs incurred by customers in cloud computing arrangements to be deferred and recognized over the term of the arrangement similar to internal-use software guidance. This update is effective for the Company beginning October 1, 2020 with early adoption permitted. The Company plans to early adopt this guidance as of October 1, 2018 and will defer and recognize allowable implementation costs for future projects in fiscal 2019.",,0,item_8_other,,1,False,,"score=4,idx=12847,zone=24120",1010,OK,
0001632790,ENR,2019,0001632790_ENR_FY2019_10K.html,,"September 30, 2019",Capitalized Software,"Capitalized Software Costs – Capitalized software costs are included in Other assets. These costs are amortized using the straight-line method over periods of related benefit ranging from three to seven years . Expenditures related to capitalized software are included in the Capital expenditures caption in the Consolidated Statements of Cash Flows. For the twelve months ended September 30, 2019 , 2018 and 2017 , amortization expense was $9.1 , $7.4 and $5.3 , respectively.",3.0,7.0,Yes,"Property, plant and equipment, net held under capital leases are amortized on a straight-line bases over the shorter of the lease term or estimated useful life of the asset and such amortization is included in depreciation expense.",Not disclosed,,"Costs Incurred in a Cloud Computing Arrangement That is a Service Contract . This update requires implementation costs incurred by customers in cloud computing arrangements to be deferred and recognized over the term of the arrangement similar to internal-use software guidance. The Company will defer and recognize allowable implementation costs for future projects. Capitalized implementation costs were $0.8 and amortization expense on these costs was $0.1 for the twelve months ended September 30, 2019. ||| Costs Incurred in a Cloud Computing Arrangement That is a Service Contract ||| . This update requires implementation costs incurred by customers in cloud computing arrangements to be deferred and recognized over the term of the arrangement similar to internal-use software guidance. The Company will defer and recognize allowable implementation costs for future projects. Capitalized implementation costs were $0.8 and amortization expense on these costs was $0.1 for the twelve months ended September 30, 2019.",,0,item_8_other,,1,False,,"score=4,idx=17998,zone=30791",1282,OK,
0001632790,ENR,2020,0001632790_ENR_FY2020_10K.html,,"September 30, 2020",Capitalized Software,"Capitalized Software Costs – Capitalized software costs are included in Other assets. These costs are amortized using the straight-line method over periods of related benefit ranging from three to seven years. Expenditures related to capitalized software are included in the Capital expenditures caption in the Consolidated Statements of Cash Flows. For the twelve months ended September 30, 2020, 2019 and 2018, amortization expense was $8.1, $9.1 and $7.4, respectively.",3.0,7.0,Yes,"Property, plant and equipment, net held under capital leases are amortized on a straight-line bases over the shorter of the lease term or estimated useful life of the asset and such amortization is included in depreciation expense.",Not disclosed,,Not disclosed,,0,item_8_other,,1,False,,"score=2,idx=13408,zone=18012",934,OK,
0001632790,ENR,2021,0001632790_ENR_FY2021_10K.html,,2022-01-15,Capitalized Software,"Capitalized Software Costs – Capitalized software costs are included in Other assets. These costs are amortized using the straight-line method over periods of related benefit ranging from three to seven years. Expenditures related to capitalized software are included in the Capital expenditures caption in the Consolidated Statements of Cash Flows. For the twelve months ended September 30, 2021, 2020 and 2019, amortization expense was $8.3, $8.1 and $9.1, respectively.",3.0,7.0,Yes,"Property, plant and equipment, net held under capital leases are amortized on a straight-line bases over the shorter of the lease term or estimated useful life of the asset and such amortization is included in depreciation expense.",Not disclosed,,Not disclosed,A100;B200,2,item_8_other,,1,False,,"score=2,idx=12540,zone=17303",934,OK,
0001632790,ENR,2022,0001632790_ENR_FY2022_10K.html,,2022-11-15,Capitalized Software,"Capitalized Software Costs – Capitalized software costs are included in Other assets. These costs are amortized using the straight-line method over periods of related benefit ranging from three to seven years. Expenditures related to capitalized software are included in the Capital expenditures caption in the Consolidated Statements of Cash Flows. For the twelve months ended September 30, 2022, 2021 and 2020, amortization expense was $10.4, $8.3 and $8.1, respectively.",3.0,7.0,Yes,"Property, Plant and Equipment, net – Property, plant and equipment, net is stated at historical costs. Expenditures for new facilities and expenditures that substantially increase the useful life of property, including interest during construction, are capitalized and reported in the Capital expenditures caption in the Consolidated Statements of Cash Flows. Maintenance, repairs and minor renewals are expensed as incurred. When property is retired or otherwise disposed of, the related cost and accumulated depreciation are removed from the accounts, and gains or losses on the disposition are reflected in earnings.",Not disclosed,,Not disclosed,,0,item_8_other,,1,False,,"score=2,idx=12483,zone=16918",910,OK,
0001632790,ENR,2023,0001632790_ENR_FY2023_10K.html,,2023-11-30,Capitalized Software,"Capitalized Software Costs – Capitalized software costs are included in Other assets. These costs are amortized using the straight-line method over periods of related benefit ranging from three to seven years. Expenditures related to capitalized software are included in the Capital expenditures caption in the Consolidated Statements of Cash Flows. For the twelve months ended September 30, 2023, 2022 and 2021, amortization expense was $13.6, $10.4 and $8.3, respectively.",3.0,7.0,Yes,"Property, plant and equipment, net held under finance leases are amortized on a straight-line bases over the shorter of the lease term or estimated useful life of the asset and such amortization is included in depreciation expense.",Not disclosed,,Not disclosed,,0,item_8_other,,1,False,,"score=2,idx=12285,zone=16961",904,OK,
0001632790,ENR,2024,0001632790_ENR_FY2024_10K.html,,2024-11-19,Capitalized Software,"Capitalized Software Costs – Capitalized software costs are included in Other assets. These costs are amortized using the straight-line method over periods of related benefit ranging from three to seven years. Expenditures related to capitalized software are included in the Capital expenditures caption in the Consolidated Statements of Cash Flows. For the twelve months ended September 30, 2024, 2023 and 2022, amortization expense was $15.5, $13.6 and $10.4, respectively.",3.0,7.0,Yes,"Property, plant and equipment, net held under finance leases are amortized on a straight-line basis over the shorter of the lease term or estimated useful life of the asset and such amortization is included in depreciation expense.",Not disclosed,,Not disclosed,,0,item_8_other,,1,False,,"score=2,idx=12826,zone=16909",895,OK,
0001634117,BNED,2015,0001634117_BNED_FY2015_10K.html,,,"equipment, Capitalized software, furniture","As of Useful Life April 30, 2016 May 2, 2015 Property and equipment: Leasehold improvements (a) $ 142,595 $ 138,307 Display fixtures and equipment 3-5 219,289 206,705 Capitalized software costs (b) 88,937 83,958 Office furniture and other 5-7 46,856 44,740 Construction in Progress 17,302 10,758 Total property and equipment 514,979 484,468 Less accumulated depreciation and amortization 403,794 376,911 Total property and equipment, net $ 111,185 $ 107,557",,,No,,Not disclosed,,"Intangibles-Goodwill and Other-Internal-Use Software (Subtopic 350-40): Customer’s Accounting for Fees Paid in a Cloud Computing Arrangement ||| (“ASU 2015-05”) to simplify the accounting for cloud computing arrangements. The amendments in this update requires that if a cloud computing arrangement includes a software license, then a customer should account for the software license element of the arrangement consistent with the acquisition of other software licenses. If a cloud computing arrangement does not include a software license, the customer should account for the arrangement as a service contract. The guidance will not change GAAP for a customer’s accounting for service contracts. We are required to adopt this standard in the first quarter of fiscal 2017, but have early adopted this standard during the fourth quarter of fiscal 2016 as permitted. This standard does not have an impact on our consolidated financial statements. ||| In April 2015, the FASB issued ASU No. 2015-05, Intangibles-Goodwill and Other-Internal-Use Software (Subtopic 350-40): Customer’s Accounting for Fees Paid in a Cloud Computing Arrangement (“ASU 2015-05”) to simplify the accounting for cloud computing arrangements. The amendments in this update requires that if a cloud computing arrangement includes a software license, then a customer should account for the software license element of the arrangement consistent with the acquisition of other software licenses. If a cloud computing arrangement does not include a software license, the customer should account for the arrangement as a service contract. The guidance will not change GAAP for a customer’s accounting for service contracts. We are required to adopt this standard in the first quarter of fiscal 2017, but have early adopted this standard during the fourth quarter of fiscal 2016 as permitted. This standard does not have an impact on our consolidated financial statements.",,0,significant_accounting_policies,Note 1. Organization,3,False,,"score=4,idx=12353,zone=13445",751,OK,
0001634117,BNED,2016,0001634117_BNED_FY2016_10K.html,,,"equipment, Capitalized software, furniture","As of Useful Life April 30, 2016 May 2, 2015 Property and equipment: Leasehold improvements (a) $ 142,595 $ 138,307 Display fixtures and equipment 3-5 219,289 206,705 Capitalized software costs (b) 88,937 83,958 Office furniture and other 5-7 46,856 44,740 Construction in Progress 17,302 10,758 Total property and equipment 514,979 484,468 Less accumulated depreciation and amortization 403,794 376,911 Total property and equipment, net $ 111,185 $ 107,557",,,No,,Not disclosed,,"Intangibles-Goodwill and Other-Internal-Use Software (Subtopic 350-40): Customer’s Accounting for Fees Paid in a Cloud Computing Arrangement ||| (“ASU 2015-05”) to simplify the accounting for cloud computing arrangements. The amendments in this update requires that if a cloud computing arrangement includes a software license, then a customer should account for the software license element of the arrangement consistent with the acquisition of other software licenses. If a cloud computing arrangement does not include a software license, the customer should account for the arrangement as a service contract. The guidance will not change GAAP for a customer’s accounting for service contracts. We are required to adopt this standard in the first quarter of fiscal 2017, but have early adopted this standard during the fourth quarter of fiscal 2016 as permitted. This standard does not have an impact on our consolidated financial statements. ||| In April 2015, the FASB issued ASU No. 2015-05, Intangibles-Goodwill and Other-Internal-Use Software (Subtopic 350-40): Customer’s Accounting for Fees Paid in a Cloud Computing Arrangement (“ASU 2015-05”) to simplify the accounting for cloud computing arrangements. The amendments in this update requires that if a cloud computing arrangement includes a software license, then a customer should account for the software license element of the arrangement consistent with the acquisition of other software licenses. If a cloud computing arrangement does not include a software license, the customer should account for the arrangement as a service contract. The guidance will not change GAAP for a customer’s accounting for service contracts. We are required to adopt this standard in the first quarter of fiscal 2017, but have early adopted this standard during the fourth quarter of fiscal 2016 as permitted. This standard does not have an impact on our consolidated financial statements.",,0,significant_accounting_policies,Note 1. Organization,3,False,,"score=4,idx=12353,zone=13445",751,OK,
0001634117,BNED,2017,0001634117_BNED_FY2017_10K.html,,,"equipment, Machinery, Computer hardware, capitalized software","As of Useful Life April 28, 2018 April 29, 2017 Property and equipment: Leasehold improvements (a) $ 148,413 $ 144,260 Machinery, equipment and display fixtures 3 - 5 237,823 235,153 Computer hardware and capitalized software costs (b) 123,575 100,749 Office furniture and other 2 - 7 54,991 52,339 Construction in progress 6,546 18,551 Total property and equipment 571,348 551,052 Less accumulated depreciation and amortization 460,061 434,439 Total property and equipment, net $ 111,287 $ 116,613",,,No,,Not disclosed,,Not disclosed,,0,significant_accounting_policies,Note 2. Summary of Significant Accounting Policies,3,False,,"score=4,idx=19984,zone=15726",754,OK,
0001634117,BNED,2018,0001634117_BNED_FY2018_10K.html,,,equipment,"Property and equipment are carried at cost, less accumulated depreciation and amortization.",,,No,,Not disclosed,,"ASU No. 2018-15, Intangibles - Goodwill and Other - Internal-Use Software (Subtopic 350-40): Customer’s Accounting for Implementation Costs Incurred in a Cloud Computing Arrangement That Is a Service Contract (“ASU 2018-15”), ||| which requires an entity (customer) in a hosting arrangement that is a service contract to follow the guidance to determine which implementation costs to capitalize as an asset related to the service contract and which costs to expense. The ASU requires upfront implementation costs incurred in a cloud computing arrangement (or hosting arrangement) that is a service contract to be amortized to hosting expense over the term of the arrangement, beginning when the module or component of the hosting arrangement is ready for its intended use. We are required to adopt this standard in the first quarter of Fiscal 2021 and early adoption is permitted. The guidance may be applied either retrospectively or prospectively to all implementation costs incurred after the date of adoption. We are currently evaluating this standard to determine the impact of adoption on our consolidated financial statements. ||| In August 2018, the Financial Accounting Standards Board (“FASB”) issued ASU No. 2018-15, Intangibles - Goodwill and Other - Internal-Use Software (Subtopic 350-40): Customer’s Accounting for Implementation Costs Incurred in a Cloud Computing Arrangement That Is a Service Contract (“ASU 2018-15”), which requires an entity (customer) in a hosting arrangement that is a service contract to follow the guidance to determine which implementation costs to capitalize as an asset related to the service contract and which costs to expense. The ASU requires upfront implementation costs incurred in a cloud computing arrangement (or hosting arrangement) that is a service contract to be amortized to hosting expense over the term of the arrangement, beginning when the module or component of the hosting arrangement is ready for its intended use. We are required to adopt this standard in the first quarter of Fiscal 2021 and early adoption is permitted. The guidance may be applied either retrospectively or prospectively to all implementation costs incurred after the date of adoption. We are currently evaluating this standard to determine the impact of adoption on our consolidated financial statements.",,0,significant_accounting_policies,Note 2. Basis of Presentation,3,False,,"score=4,idx=18631,zone=16087",750,OK,
0001634117,BNED,2019,0001634117_BNED_FY2019_10K.html,,,equipment,"Property and equipment are carried at cost, less accumulated depreciation and amortization.",,,No,,Not disclosed,,"ASU No. 2018-15, Intangibles - Goodwill and Other - Internal-Use Software (Subtopic 350-40): Customer’s Accounting for Implementation Costs Incurred in a Cloud Computing Arrangement That Is a Service Contract (“ASU 2018-15”), ||| which requires an entity (customer) in a hosting arrangement that is a service contract to follow the guidance to determine which implementation costs to capitalize as an asset related to the service contract and which costs to expense. The ASU requires upfront implementation costs incurred in a cloud computing arrangement (or hosting arrangement) that is a service contract to be amortized to hosting expense over the term of the arrangement, beginning when the module or component of the hosting arrangement is ready for its intended use. We are required to adopt this standard in the first quarter of Fiscal 2021 and early adoption is permitted. The guidance may be applied either retrospectively or prospectively to all implementation costs incurred after the date of adoption. We are currently evaluating this standard to determine the impact of adoption on our consolidated financial statements. ||| In August 2018, the Financial Accounting Standards Board (“FASB”) issued ASU No. 2018-15, Intangibles - Goodwill and Other - Internal-Use Software (Subtopic 350-40): Customer’s Accounting for Implementation Costs Incurred in a Cloud Computing Arrangement That Is a Service Contract (“ASU 2018-15”), which requires an entity (customer) in a hosting arrangement that is a service contract to follow the guidance to determine which implementation costs to capitalize as an asset related to the service contract and which costs to expense. The ASU requires upfront implementation costs incurred in a cloud computing arrangement (or hosting arrangement) that is a service contract to be amortized to hosting expense over the term of the arrangement, beginning when the module or component of the hosting arrangement is ready for its intended use. We are required to adopt this standard in the first quarter of Fiscal 2021 and early adoption is permitted. The guidance may be applied either retrospectively or prospectively to all implementation costs incurred after the date of adoption. We are currently evaluating this standard to determine the impact of adoption on our consolidated financial statements.",,0,significant_accounting_policies,Note 2. Basis of Presentation,3,False,,"score=4,idx=18631,zone=16087",750,OK,
0001634117,BNED,2020,0001634117_BNED_FY2020_10K.html,,2021-05-01,"equipment, Machinery, Computer hardware, capitalized software","As of Useful Life May 1, 2021 May 2, 2020 Property and equipment: Leasehold improvements (a) $ 131,784 $ 141,602 Machinery, equipment and display fixtures 3 - 5 247,979 246,447 Computer hardware and capitalized software costs (b) 152,941 145,764 Office furniture and other 2 - 7 62,031 62,209 Content development costs 3 - 5 25,526 16,729 Construction in progress 4,444 3,878 Total property and equipment 624,705 616,629 Less accumulated depreciation and amortization 535,533 518,890 Total property and equipment, net $ 89,172 $ 97,739",,,No,,Not disclosed,,"Cloud Computing Arrangements ||| We adopted ASU No. 2018-15, Intangibles - Goodwill and Other - Internal-Use Software (Subtopic 350-40): Customer’s Accounting for Implementation Costs Incurred in a Cloud Computing Arrangement That Is a Service Contract (""ASU 2018-15"") effective April 28, 2019 (first day of Fiscal 2020) prospectively for all implementation costs incurred in a cloud computing arrangement (or hosting arrangement) that is a service contract. The guidance requires implementation costs incurred in a cloud computing arrangement (or hosting arrangement) that is a service contract to be amortized to hosting expense over the term of the arrangement, beginning when the module or component of the hosting arrangement is ready for its intended use. Prior to adoption, we capitalized certain implementation costs, primarily related to digital and consumer data platforms, to property and equipment on the consolidated balance sheets and depreciated these implementation costs to depreciation and amortization expense in the consolidated statement of operations over the term of the service contract once the asset was ready for its intended use. Subsequent to adoption, implementation costs which were previously capitalized and depreciated as described above, are included in prepaid expenses and other assets in the consolidated balance sheets and amortized to selling and administrative expense in the consolidated statement of operations. Implementation costs incurred in cloud computing arrangements reflected in prepaid and other assets in the consolidated balance sheets were $10,516 and $4,262 as of May 1, 2021 and May 2, 2020, respectively. We had $283, $96, and $0 of amortization of implementation costs in selling and administrative expense in the consolidated statement of operations, for the 52 weeks ended May 1, 2021, 53 weeks ended May 2, 2020, and 52 weeks ended April 27, 2019, respectively. ||| ASU No. 2018-15, Intangibles - Goodwill and Other - Internal-Use Software (Subtopic 350-40): Customer’s Accounting for Implementation Costs Incurred in a Cloud Computing Arrangement That Is a Service Contract (""ASU 2018-15"")",,0,significant_accounting_policies,Note 2. Basis of Presentation,3,False,,"score=2,idx=12167,zone=8931",650,OK,
0001634117,BNED,2021,0001634117_BNED_FY2021_10K.html,,2022-06-07,"equipment, Machinery, Computer hardware, capitalized software","As of Useful Life April 30, 2022 May 1, 2021 Property and equipment: Leasehold improvements (a) $ 125,462 $ 131,784 Machinery, equipment and display fixtures 3 - 5 252,582 247,979 Computer hardware and capitalized software costs (b) 163,963 152,941 Office furniture and other 2 - 7 64,375 62,031 Content development costs 3 - 5 34,867 25,526 Construction in progress 3,710 4,444 Total property and equipment 644,959 624,705 Less accumulated depreciation and amortization 550,887 535,533 Total property and equipment, net $ 94,072 $ 89,172",,,No,,Not disclosed,,"Cloud Computing Arrangements ||| Implementation costs incurred in a cloud computing arrangement (or hosting arrangement) that is a service contract are amortized to hosting expense over the term of the arrangement, beginning when the module or component of the hosting arrangement is ready for its intended use. Implementation costs are included in prepaid expenses and other assets in the consolidated balance sheets and amortized to selling and administrative expense in the consolidated statement of operations. Implementation costs incurred in cloud computing arrangements reflected in prepaid and other assets in the consolidated",A100,1,significant_accounting_policies,Note 2. Basis of Presentation,3,False,,"score=2,idx=15834,zone=10549",678,OK,
0001634117,BNED,2022,0001634117_BNED_FY2022_10K.html,,2022-06-07,"equipment, Machinery, Computer hardware, capitalized software","As of Useful Life April 30, 2022 May 1, 2021 Property and equipment: Leasehold improvements (a) $ 125,462 $ 131,784 Machinery, equipment and display fixtures 3 - 5 252,582 247,979 Computer hardware and capitalized software costs (b) 163,963 152,941 Office furniture and other 2 - 7 64,375 62,031 Content development costs 3 - 5 34,867 25,526 Construction in progress 3,710 4,444 Total property and equipment 644,959 624,705 Less accumulated depreciation and amortization 550,887 535,533 Total property and equipment, net $ 94,072 $ 89,172",,,No,,Not disclosed,,"Cloud Computing Arrangements ||| Implementation costs incurred in a cloud computing arrangement (or hosting arrangement) that is a service contract are amortized to hosting expense over the term of the arrangement, beginning when the module or component of the hosting arrangement is ready for its intended use. Implementation costs are included in prepaid expenses and other assets in the consolidated balance sheets and amortized to selling and administrative expense in the consolidated statement of operations. Implementation costs incurred in cloud computing arrangements reflected in prepaid and other assets in the consolidated",A100,1,significant_accounting_policies,Note 2. Basis of Presentation,3,False,,"score=2,idx=15834,zone=10549",678,OK,
0001634117,BNED,2023,0001634117_BNED_FY2023_10K.html,,2024-07-27,Not disclosed,Not disclosed,,,No,,Not disclosed,,Not disclosed,,0,unknown,,0,False,,"score=2,idx=22420,zone=441",85,OK,
0001634117,BNED,2024,0001634117_BNED_FY2024_10K.html,,2024-07-27,Not disclosed,Not disclosed,,,No,,Not disclosed,,Not disclosed,,0,unknown,,0,False,,"score=2,idx=22420,zone=441",85,OK,
0001794515,GTM,2020,0001794515_GTM_FY2020_10K.html,,2021-02-02,equipment,"Property and equipment is stated at cost, net of accumulated depreciation and amortization. Qualifying internal use software costs incurred during the application development stage, which consist primarily of internal product development costs, outside services, and purchased software license costs, are capitalized and amortized over the estimated useful life of the asset.",3.0,,No,,"We determine if an arrangement is or contains a lease at contract inception. Determining if a contract contains a lease requires judgement. In certain of our lease arrangements, primarily those related to our data center arrangements, judgment is required in determining if a contract contains a lease. For these arrangements, there is judgment in evaluating if the arrangement involves an identified asset that is physically distinct or whether we have the right to substantially all of the capacity of an identified asset that is not physically distinct. In arrangements that involve an identified asset, there is also judgment in evaluating if we have the right to direct the use of that asset.",Item 8,Not disclosed,,0,significant_accounting_policies,Note 2 - Basis of Presentation and Summary of Significant Accounting Policies (continued),3,True,3.0 ans | 4.0 ans | 10.0 ans,"score=5,idx=9262,zone=11373",792,OK,
0001794515,GTM,2021,0001794515_GTM_FY2021_10K.html,,2022-12-31,equipment,"Property and equipment is stated at cost, net of accumulated depreciation and amortization. Qualifying internal use software costs incurred during the application development stage, which consist primarily of internal product development costs, outside services, and purchased software license costs, are capitalized and amortized over the estimated useful life of the asset.",3.0,,No,,"We determine if an arrangement is or contains a lease at contract inception. Determining if a contract contains a lease requires judgement. In certain of our lease arrangements, primarily those related to our data center arrangements, judgment is required in determining if a contract contains a lease. For these arrangements, there is judgment in evaluating if the arrangement involves an identified asset that is physically distinct or whether we have the right to substantially all of the capacity of an identified asset that is not physically distinct. In arrangements that involve an identified asset, there is also judgment in evaluating if we have the right to direct the use of that asset.",Item 8,Not disclosed,,0,significant_accounting_policies,Note 2 - Basis of Presentation and Summary of Significant Accounting Policies (continued),3,True,3.0 ans | 4.0 ans | 10.0 ans,"score=5,idx=9159,zone=14296",880,OK,
0001794515,GTM,2022,0001794515_GTM_FY2022_10K.html,,2022-12-31,equipment,"Property and equipment is stated at cost, net of accumulated depreciation and amortization. Qualifying internal use software costs incurred during the application development stage, which consist primarily of internal product development costs, outside services, and purchased software license costs, are capitalized and amortized over the estimated useful life of the asset.",3.0,,No,,"We determine if an arrangement is or contains a lease at contract inception. For these arrangements, primarily those related to our data center arrangements, there is judgment in evaluating if the arrangement involves an identified asset that is physically distinct or whether we have the right to substantially all of the capacity of an identified asset that is not physically distinct. In arrangements that involve an identified asset, there is also judgment in evaluating if we have the right to direct the use of that asset.",Item 8,Not disclosed,,0,significant_accounting_policies,Note 2 - Basis of Presentation and Summary of Significant Accounting Policies (continued),3,True,3.0 ans | 4.0 ans | 10.0 ans,"score=5,idx=9094,zone=15450",888,OK,
0001794515,GTM,2023,0001794515_GTM_FY2023_10K.html,,2024-02-09,equipment,"Property and equipment is stated at cost, net of accumulated depreciation and amortization. Qualifying internal use software costs incurred during the application development stage, which consist primarily of internal product development costs, outside services, personnel costs (including equity-based compensation), and purchased software license costs, are capitalized and amortized over the estimated useful life of the asset.",3.0,10.0,No,,"We determine if an arrangement is or contains a lease at contract inception. For these arrangements, primarily those related to our data center arrangements, there is judgment in evaluating if the arrangement involves an identified asset that is physically distinct or whether we have the right to substantially all of the capacity of an identified asset that is not physically distinct. In arrangements that involve an identified asset, there is also judgment in evaluating if we have the right to direct the use of that asset.",Item 8,Not disclosed,,0,significant_accounting_policies,Note 2 - Basis of Presentation and Summary of Significant Accounting Policies (continued),3,True,3.0-10.0 ans | 4.0 ans,"score=5,idx=8674,zone=13966",877,OK,
0001794515,GTM,2024,0001794515_GTM_FY2024_10K.html,,2024-12-31,equipment,"Property and equipment is stated at cost, net of accumulated depreciation and amortization. Qualifying internal use software costs incurred during the application development stage, which consist primarily of internal product development costs, outside services, personnel costs (including equity-based compensation), and purchased software license costs, are capitalized and amortized over the estimated useful life of the asset.",3.0,10.0,No,,"We determine if an arrangement is or contains a lease at contract inception. For these arrangements, primarily those related to our data center arrangements, there is judgment in evaluating if the arrangement involves an identified asset that is physically distinct or whether we have the right to substantially all of the capacity of an identified asset that is not physically distinct. In arrangements that involve an identified asset, there is also judgment in evaluating if we have the right to direct the use of that asset.",Item 8,Not disclosed,,0,significant_accounting_policies,"Note 1 - Business, Basis of Presentation, and Summary of Significant Accounting Policies (continued)",3,True,3.0-10.0 ans | 4.0 ans,"score=5,idx=8468,zone=11631",793,OK,
0002020795,UNIT,2024,0002020795_UNIT_FY2024_10K.html,,"December 31, 2024",Not disclosed,Not disclosed,,,No,,Not disclosed,,Not disclosed,,0,unknown,,0,False,,"score=6,idx=374,zone=285",38,OK,
