firm_cik,firm_ticker,fiscal_year,filename,filing_date,period_end_date,asset_category,useful_life_text,useful_life_min_years,useful_life_max_years,policy_change,policy_change_text,ai_infra_text,ai_infra_source,segment_ai_text,hardware_mentions,hardware_count,source_section,section_title,confidence,ambiguity_flag,ambiguity_detail,item8_method,item8_segment_count,extraction_status,error_message
0000275880,PSN,2019,0000275880_PSN_FY2019_10K.html,,"December 31, 2019",Not disclosed,Not disclosed,,,No,,Not disclosed,,Not disclosed,,0,unknown,,0,False,,"score=4,idx=9293,zone=4",2,OK,
0000275880,PSN,2020,0000275880_PSN_FY2020_10K.html,,2020-12-31,Not disclosed,Not disclosed,,,No,,Not disclosed,,Not disclosed,,0,unknown,,0,False,,"score=4,idx=13443,zone=2",2,OK,
0000275880,PSN,2021,0000275880_PSN_FY2021_10K.html,,2021-12-31,Not disclosed,Not disclosed,,,No,,Not disclosed,,Not disclosed,,0,unknown,,0,False,,"score=4,idx=11775,zone=2",2,OK,
0000275880,PSN,2022,0000275880_PSN_FY2022_10K.html,,2022-12-31,Not disclosed,Not disclosed,,,No,,Not disclosed,,Not disclosed,,0,unknown,,0,False,,"score=4,idx=11982,zone=2",2,OK,
0000275880,PSN,2023,0000275880_PSN_FY2023_10K.html,,2023-12-31,Not disclosed,Not disclosed,,,No,,Not disclosed,,Not disclosed,,0,unknown,,0,False,,"score=4,idx=13656,zone=5",3,OK,
0000275880,PSN,2024,0000275880_PSN_FY2024_10K.html,,2025-02-19,Not disclosed,Not disclosed,,,No,,Not disclosed,,Not disclosed,,0,unknown,,0,False,,"score=4,idx=14328,zone=5",3,OK,
0001014739,OPCH,2019,0001014739_OPCH_FY2019_10K.html,,"December 31, 2019","equipment, Computer software","Major repairs, which extend the useful life of an asset, are capitalized in the property and equipment accounts. Once the software is ready for its intended use, these costs are amortized on a straight‑line basis over the software’s estimated useful life, generally",,,No,,Not disclosed,,Not disclosed,Blackwell,1,significant_accounting_policies,2. SUMMARY OF SIGNIFICANT ACCOUNTING POLICIES,3,False,,"score=4,idx=9144,zone=16624",947,OK,
0001014739,OPCH,2020,0001014739_OPCH_FY2020_10K.html,,2021-02-28,"equipment. Major repairs,","Property and equipment is recorded at cost, net of accumulated depreciation. Depreciation on owned property and equipment is provided for on a straight‑line basis over the estimated useful lives of owned assets. Estimated useful lives are seven years for infusion pumps and three years to thirteen years for equipment. Major repairs, which extend the useful life of an asset, are capitalized in the property and equipment accounts. Once the software is ready for its intended use, these costs are amortized on a straight‑line basis over the software’s estimated useful life, generally five years.",13.0,,No,,Not disclosed,,Not disclosed,Blackwell,1,significant_accounting_policies,2. SUMMARY OF SIGNIFICANT ACCOUNTING POLICIES,3,True,3.0 ans | 5.0 ans | 7.0 ans | 13.0 ans,"score=2,idx=7097,zone=7512",606,OK,
0001014739,OPCH,2021,0001014739_OPCH_FY2021_10K.html,,2021-12-31,"equipment. Major repairs,","Property and equipment is recorded at cost, net of accumulated depreciation. Depreciation on owned property and equipment is provided for on a straight‑line basis over the estimated useful lives of owned assets. Estimated useful lives are seven years for infusion pumps and three years to thirteen years for equipment. Major repairs, which extend the useful life of an asset, are capitalized in the property and equipment accounts. Once the software is ready for its intended use, these costs are amortized on a straight‑line basis over the software’s estimated useful life, generally five years.",13.0,,No,,Not disclosed,,Not disclosed,Blackwell,1,significant_accounting_policies,2. SUMMARY OF SIGNIFICANT ACCOUNTING POLICIES,3,True,3.0 ans | 5.0 ans | 7.0 ans | 13.0 ans,"score=2,idx=6780,zone=7914",588,OK,
0001014739,OPCH,2022,0001014739_OPCH_FY2022_10K.html,,2022-12-31,"equipment. Major repairs,","Property and equipment is recorded at cost, net of accumulated depreciation. Depreciation on owned property and equipment is provided for on a straight‑line basis over the estimated useful lives of owned assets. Estimated useful lives are seven years for infusion pumps and three to thirteen years for equipment. Major repairs, which extend the useful life of an asset, are capitalized in the property and equipment accounts. Once the software is ready for its intended use, these costs are amortized on a straight‑line basis over the software’s estimated useful life, generally five years.",3.0,13.0,No,,Not disclosed,,Not disclosed,Blackwell,1,significant_accounting_policies,2. SUMMARY OF SIGNIFICANT ACCOUNTING POLICIES,3,True,3.0-13.0 ans | 5.0 ans | 7.0 ans,"score=2,idx=5720,zone=7101",545,OK,
0001014739,OPCH,2023,0001014739_OPCH_FY2023_10K.html,,2023-12-31,"equipment. Major repairs,","Property and equipment is recorded at cost, net of accumulated depreciation. Depreciation on owned property and equipment is provided for on a straight‑line basis over the estimated useful lives of owned assets. Estimated useful lives are seven years for infusion pumps and three to thirteen years for equipment. Major repairs, which extend the useful life of an asset, are capitalized in the property and equipment accounts. Once the software is ready for its intended use, these costs are amortized on a straight‑line basis over the software’s estimated useful life, generally five years.",3.0,13.0,No,,Not disclosed,,Not disclosed,Blackwell,1,significant_accounting_policies,2. SUMMARY OF SIGNIFICANT ACCOUNTING POLICIES,3,True,3.0-13.0 ans | 5.0 ans | 7.0 ans,"score=2,idx=5960,zone=6840",546,OK,
0001014739,OPCH,2024,0001014739_OPCH_FY2024_10K.html,,2025-01-24,"equipment. Major repairs,","Property and equipment is recorded at cost, net of accumulated depreciation. Depreciation on owned property and equipment is provided for on a straight‑line basis over the estimated useful lives of owned assets. Estimated useful lives are seven years for infusion pumps and three to thirteen years for equipment. Major repairs, which extend the useful life of an asset, are capitalized in the property and equipment accounts. Once the software is ready for its intended use, these costs are amortized on a straight‑line basis over the software’s estimated useful life, generally five years.",3.0,13.0,No,,Not disclosed,,Not disclosed,,0,significant_accounting_policies,2. SUMMARY OF SIGNIFICANT ACCOUNTING POLICIES,3,True,3.0-13.0 ans | 5.0 ans | 7.0 ans,"score=2,idx=5538,zone=6617",515,OK,
0001506293,PINS,2019,0001506293_PINS_FY2019_10K.html,,"December 31, 2019",Not disclosed,Not disclosed,,,No,,Not disclosed,,"In May 2017, we amended the enterprise agreement governing our use of services from AWS with an addendum. Under the agreement, as amended by the addendum, we agreed that a substantial majority of our monthly usage of certain compute, storage, data transfer and other services must be provided under the addendum, and we are required to purchase at least $750.0 million of cloud services, which we primarily use for compute, storage and data transfer services, from AWS through July 2023. If we fail to meet the contractual commitment, we are required to pay the difference, except in limited circumstances, such as termination due to acquisition of us by another cloud services provider (which would result in an obligation to pay liquidated damages under the addendum), but we are not otherwise subject to annual purchase commitments during the remainder of the six-year term of the addendum. The addendum restricts our ability to terminate the agreement until the minimum spend commitment is satisfied, other than termination only under certain additional conditions (such as the other party’s material breach or acquisition of us by another cloud services provider). As of December 31, 2019, the remaining contractual commitment was $171.3 million, which we expect to meet during the term of the addendum primarily through our use of AWS cloud services.",,0,unknown,,0,False,,"score=2,idx=10155,zone=8907",161,OK,
0001506293,PINS,2020,0001506293_PINS_FY2020_10K.html,,2020-12-31,Equipment Useful Life Computer and network equipment,Property and Equipment Useful Life Computer and network equipment 3 years Furniture and fixtures 4 years Leasehold improvements Lesser of estimated useful life or remaining lease term,3.0,,No,,Not disclosed,,"We have an agreement with Amazon Web Services (“AWS”) to provide the cloud computing infrastructure we use to host our website, mobile application and many of the internal tools we use to operate our business. We are currently required to maintain a substantial majority of our monthly usage of certain compute, storage, data transfer and other services on AWS. Any transition of the cloud services currently provided by AWS to another cloud services provider would be difficult to implement and would cause us to incur significant time and expense.",,0,significant_accounting_policies,1. Description of Business and Summary of Significant Accounting Policies,3,True,3.0 ans | 4.0 ans,"score=2,idx=9997,zone=7726",403,OK,
0001506293,PINS,2021,0001506293_PINS_FY2021_10K.html,,2021-12-31,Equipment Useful Life Computer and network equipment,Property and Equipment Useful Life Computer and network equipment 3 years Furniture and fixtures 4 years Leasehold improvements Lesser of estimated useful life or remaining lease term,3.0,,No,,Not disclosed,,"We have an agreement with Amazon Web Services (“AWS”) to provide the cloud computing infrastructure we use to host our website, mobile application and many of the internal tools we use to operate our business. We are currently required to maintain a substantial majority of our monthly usage of certain compute, storage, data transfer and other services on AWS. Any transition of the cloud services currently provided by AWS to another cloud services provider would be difficult to implement and would cause us to incur significant time and expense. ||| In April 2021, we entered into a new private pricing addendum with AWS, which governs our use of cloud computing infrastructure provided by AWS. Under the new pricing addendum, we are required to purchase at least $3,250.0 million of cloud services from AWS through April 2029. If we fail to do so, we are required to pay the difference between the amount we spend and the required commitment amount. As of December 31, 2021, our remaining contractual commitment is $2,949.1 million. We expect to meet our remaining commitment.",,0,significant_accounting_policies,1. Description of Business and Summary of Significant Accounting Policies,3,True,3.0 ans | 4.0 ans,"score=2,idx=6870,zone=8612",420,OK,
0001506293,PINS,2022,0001506293_PINS_FY2022_10K.html,,2022-12-31,Equipment Useful Life Computer and network equipment,Property and Equipment Useful Life Computer and network equipment 3 years Furniture and fixtures 4 years Leasehold improvements Lesser of estimated useful life or remaining lease term,3.0,,No,,Not disclosed,,"We have an agreement with Amazon Web Services (“AWS”) to provide the cloud computing infrastructure we use to host our website, mobile application and many of the internal tools we use to operate our business. We are currently required to maintain a substantial majority of our monthly usage of certain compute, storage, data transfer and other services on AWS. Any transition of the cloud services currently provided by AWS to another cloud services provider would be difficult to implement and would cause us to incur significant time and expense. ||| In April 2021, we entered into a new private pricing addendum with AWS, which governs our use of cloud computing infrastructure provided by AWS. Under the new pricing addendum, we are required to purchase at least $3,250.0 million of cloud services from AWS through April 2029. If we fail to do so, we are required to pay the difference between the amount we spend and the required commitment amount. As of December 31, 2022, our remaining contractual commitment is $2,357.1 million. We expect to meet our remaining commitment.",,0,significant_accounting_policies,1. Description of business and summary of significant accounting policies,3,True,3.0 ans | 4.0 ans,"score=2,idx=7480,zone=8860",404,OK,
0001506293,PINS,2023,0001506293_PINS_FY2023_10K.html,,2023-12-31,Equipment Useful Life Computer and network equipment,Property and Equipment Useful Life Computer and network equipment 3 years Furniture and fixtures 4 years Leasehold improvements Lesser of estimated useful life or remaining lease term,3.0,,No,,Not disclosed,,"We have an agreement with Amazon Web Services (“AWS”) to provide the cloud computing infrastructure we use to host our website, mobile application and many of the internal tools we use to operate our business. We are currently required to maintain a substantial majority of our monthly usage of certain compute, storage, data transfer and other services on AWS. Any transition of the cloud services currently provided by AWS to another cloud services provider would be difficult to implement and would cause us to incur significant time and expense. ||| In April 2021, we entered into a new private pricing addendum with AWS, which governs our use of cloud computing infrastructure provided by AWS. Under the new pricing addendum, we are required to purchase at least $3,250.0 million of cloud services from AWS through April 2029. If we fail to do so, we are required to pay the difference between the amount we spend and the required commitment amount. As of December 31, 2023, our remaining contractual commitment i s $1,754.6 million. W e expect to meet our remaining commitment.",,0,significant_accounting_policies,1. Description of business and summary of significant accounting policies,3,True,3.0 ans | 4.0 ans,"score=2,idx=7394,zone=9067",436,OK,
0001506293,PINS,2024,0001506293_PINS_FY2024_10K.html,,2024-12-31,Equipment Useful Life Computer and network equipment,Property and Equipment Useful Life Computer and network equipment 3 years Furniture and fixtures 4 years Leasehold improvements Lesser of 10 years or remaining lease term,3.0,,No,,Not disclosed,,"We have an agreement with Amazon Web Services (“AWS”) to provide the cloud computing infrastructure we use to host our website, mobile application and many of the internal tools we use to operate our business. We are currently required to maintain a substantial majority of our monthly usage of certain compute, storage, data transfer and other services on AWS. Any transition of the cloud services currently provided by AWS to another cloud services provider would be difficult to implement and would cause us to incur significant time and expense. ||| In April 2021, we entered into a new private pricing addendum with AWS, which governs our use of cloud computing infrastructure provided by AWS. Under the new pricing addendum, we are required to purchase at least $3,250.0 million of cloud services from AWS through April 2029. If we fail to do so, we are required to pay the difference between the",,0,significant_accounting_policies,1. Description of business and summary of significant accounting policies,3,True,3.0 ans | 4.0 ans | 10.0 ans,"score=2,idx=7825,zone=9489",427,OK,
0001535527,CRWD,2019,0001535527_CRWD_FY2019_10K.html,,"January 31, 2020",Data center and other computer equipment,"Data center and other computer equipment 3 - 5 years Furniture and equipment 5 years Purchased software 3 - 5 years Capitalized internal-use software 3 years Leasehold improvements Estimated useful life or term of the lease, whichever is shorter",3.0,5.0,Not disclosed,,Not disclosed,,Not disclosed,,0,significant_accounting_policies,2. Summary of Significant Accounting Policies,3,False,,"score=2,idx=15869,zone=13433",659,ERROR,'<' not supported between instances of 'NoneType' and 'float'
0001535527,CRWD,2020,0001535527_CRWD_FY2020_10K.html,,2022-04-30,"information technology, equipment","The Company contracts with third party information technology providers for various service arrangements including software, platform, and information technology infrastructure. The Company capitalizes the implementation cost incurred to develop or obtain internal-use software in such arrangements and are recorded as part of property and equipment, net in the consolidated balance sheets. All capitalized implementation costs are amortized over the term of the arrangement which includes reasonably certain renewals. Costs incurred during the preliminary project and post implement stage are expensed as the activities are performed. Capitalized implementation costs was $0.3 million for the fiscal year ended January 31, 2021.",,,Not disclosed,,Not disclosed,,Not disclosed,,0,significant_accounting_policies,2. Summary of Significant Accounting Policies,3,False,,"score=2,idx=15586,zone=9767",643,ERROR,'<' not supported between instances of 'NoneType' and 'float'
0001535527,CRWD,2021,0001535527_CRWD_FY2021_10K.html,,2022-01-31,"information technology, equipment","The Company contracts with third party information technology providers for various service arrangements including software, platform, and information technology infrastructure. The Company capitalizes the implementation cost incurred to develop or obtain internal-use software in such arrangements which are recorded as part of property and equipment, net in the consolidated balance sheets. All capitalized implementation costs are amortized over the term of the arrangement which includes reasonably certain renewals. Costs incurred during the preliminary project and post implement stage are expensed as the activities are performed.",,,Not disclosed,,Not disclosed,,Not disclosed,,0,significant_accounting_policies,2. Summary of Significant Accounting Policies,3,False,,"score=5,idx=8473,zone=9592",616,ERROR,'<' not supported between instances of 'NoneType' and 'float'
0001535527,CRWD,2022,0001535527_CRWD_FY2022_10K.html,,2024-12-12,Data center and other computer equipment,"Property and equipment, net, is stated at historical cost less accumulated depreciation and amortization. Depreciation and amortization are calculated using the straight-line method over the estimated useful lives of the assets as follows: Data center and other computer equipment 3 – 5 years Furniture and equipment 5 years Purchased software 3 – 5 years Capitalized internal-use software and website development 3 years Leasehold improvements Estimated useful life or term of the lease, whichever is shorter",3.0,5.0,Not disclosed,,Not disclosed,,Not disclosed,,0,significant_accounting_policies,1. Description of Business and Significant Accounting Policies,3,False,,"score=5,idx=8242,zone=8795",556,ERROR,'<' not supported between instances of 'NoneType' and 'float'
0001535527,CRWD,2023,0001535527_CRWD_FY2023_10K.html,,2024-12-12,Data center and other computer equipment,"Property and equipment, net, is stated at historical cost less accumulated depreciation and amortization. Depreciation and amortization are calculated using the straight-line method over the estimated useful lives of the assets as follows: Data center and other computer equipment 3 – 5 years Furniture and equipment 5 years Purchased software 3 – 5 years Capitalized internal-use software and website development 3 years Leasehold improvements Estimated useful life or term of the lease, whichever is shorter",3.0,5.0,Not disclosed,,Not disclosed,,Not disclosed,,0,significant_accounting_policies,1. Description of Business and Significant Accounting Policies,3,False,,"score=5,idx=8274,zone=10398",571,ERROR,'<' not supported between instances of 'NoneType' and 'float'
0001535527,CRWD,2024,0001535527_CRWD_FY2024_10K.html,,2025-01-31,Data center and other computer equipment,"Data center and other computer equipment 3 – 5 years Furniture and equipment 5 years Purchased software 3 – 5 years Capitalized internal-use software and website development 3 years Leasehold improvements Estimated useful life or term of the lease, whichever is shorter",3.0,5.0,Not disclosed,,Not disclosed,,Not disclosed,,0,significant_accounting_policies,1. Description of Business and Significant Accounting Policies,3,False,,"score=5,idx=8121,zone=10776",601,ERROR,'<' not supported between instances of 'NoneType' and 'float'
0001543151,UBER,2019,0001543151_UBER_FY2019_10K.html,,"December 31, 2019",Equipment Estimated Useful Life Land Indefinite Buildings,Property and Equipment Estimated Useful Life Land Indefinite Buildings 30 years Site improvements 5-15 years Leased vehicles 3-10 years Computer equipment 3-5 years Furniture and fixtures 3-5 years Dockless e-bikes 3 years Internal-use software 2 years Leased computer equipment Shorter of estimated useful life or lease term Leasehold improvements Shorter of estimated useful life or lease term,5.0,15.0,Not disclosed,,Not disclosed,,Not disclosed,,0,significant_accounting_policies,Note 10 - Supplemental Financial Statement Information,3,False,,"score=7,idx=25742,zone=35814",1857,ERROR,'<' not supported between instances of 'float' and 'NoneType'
0001543151,UBER,2020,0001543151_UBER_FY2020_10K.html,,2022-09-30,Equipment Estimated Useful Life Land Indefinite Buildings,Property and Equipment Estimated Useful Life Land Indefinite Buildings 30-45 years Site improvements 5-15 years Leased vehicles 3-10 years Computer equipment 3-5 years Furniture and fixtures 3-5 years Dockless e-bikes 3 years Internal-use software 2 years Leased computer equipment Shorter of estimated useful life or lease term Leasehold improvements Shorter of estimated useful life or lease term,30.0,45.0,Not disclosed,,Not disclosed,,Not disclosed,,0,significant_accounting_policies,Note 1 - Description of Business and Summary of Significant Accounting Policies,3,False,,"score=5,idx=17558,zone=19071",1230,ERROR,'<' not supported between instances of 'float' and 'NoneType'
0001543151,UBER,2021,0001543151_UBER_FY2021_10K.html,,2022-01-01,Equipment Estimated Useful Life Land Indefinite Buildings,Property and Equipment Estimated Useful Life Land Indefinite Buildings 30-45 years Site improvements 5-15 years Leased vehicles 3-10 years Computer equipment 3-5 years Furniture and fixtures 3-5 years Dockless e-bikes 3 years Internal-use software 2 years Leased computer equipment Shorter of estimated useful life or lease term Leasehold improvements Shorter of estimated useful life or lease term,30.0,45.0,Not disclosed,,Not disclosed,,Not disclosed,,0,significant_accounting_policies,Note 1 – Description of Business and Summary of Significant Accounting Policies,3,False,,"score=5,idx=12130,zone=18713",1241,ERROR,'<' not supported between instances of 'float' and 'NoneType'
0001543151,UBER,2022,0001543151_UBER_FY2022_10K.html,,2023-01-01,Equipment Estimated Useful Life Land Indefinite Buildings,"Property and equipment are stated at cost, net of accumulated depreciation and amortization. Depreciation and amortization is computed using the straight‑line method over the estimated useful lives of the assets, which are as follows: Property and Equipment Estimated Useful Life Land Indefinite Buildings 30-45 years Site improvements 5-15 years Leased vehicles 3-10 years Computer equipment 3-5 years Furniture and fixtures 3-5 years Internal-use software 2 years Leased computer equipment Shorter of estimated useful life or lease term Leasehold improvements Shorter of estimated useful life or lease term",30.0,45.0,No,,"• Cost of revenue, exclusive of depreciation and amortization, primarily consists of certain insurance costs related to our Mobility and Delivery offerings, credit card processing fees, bank fees, data center and networking expenses, mobile device and service costs, costs incurred with Carriers for Uber Freight transportation services, amounts related to fare chargebacks and other credit card losses as well as costs incurred for certain Mobility and Delivery transactions where we are primarily responsible for mobility or delivery services and pay Drivers and Couriers for services.",Item 8,"We have non-cancelable commitments which primarily relate to network and cloud services and other items in the ordinary course of business. These amounts are determined based on the non-cancelable quantities to which we are contractually obligated. ||| In November 2022, we entered into commercial technology agreements with vendors for cloud computing services (“2022 Cloud Computing Service Agreements”). We are committed to spend an aggregate of at least $2.9 billion through November 2029, of which $160 million is short-term. We may pay more than the minimum purchase commitment to our cloud-computing web services providers based on usage. As of December 31, 2022, the amounts utilized for these agreements are immaterial. ||| As of December 31, 2022, we had $3.2 billion in non-cancelable commitments, this includes the $2.9 billion in 2022 Cloud Computing Service Agreements discussed above. The non-cancellable commitments have varying expiration terms through November 2029.",,0,significant_accounting_policies,Note 1 – Description of Business and Summary of Significant Accounting Policies,3,True,2.0 ans | 3.0-5.0 ans | 3.0-10.0 ans | 5.0-15.0 ans,"score=5,idx=11772,zone=16845",1157,OK,
0001543151,UBER,2023,0001543151_UBER_FY2023_10K.html,,2024-01-01,Equipment Estimated Useful Life Land Indefinite Buildings,"Property and equipment are stated at cost, net of accumulated depreciation and amortization. Depreciation and amortization is computed using the straight‑line method over the estimated useful lives of the assets, which are as follows: Property and Equipment Estimated Useful Life Land Indefinite Buildings 30-45 years Site improvements 5-15 years Computer equipment 3-5 years Furniture and fixtures 3-5 years Internal-use software 2 years Leased computer equipment Shorter of estimated useful life or lease term Leasehold improvements Shorter of estimated useful life or lease term",30.0,45.0,No,,"• Cost of revenue, exclusive of depreciation and amortization, primarily consists of costs incurred for certain Mobility and Delivery transactions where we are primarily responsible for Mobility and Delivery services and pay Drivers and Couriers for services, certain insurance costs related to our Mobility and Delivery offerings, costs incurred with Carriers for Uber Freight transportation services, credit card processing fees, bank fees, data center and networking expenses, mobile device and service costs, and amounts related to fare chargebacks and other credit card losses.",Item 8,"We have non-cancelable commitments which primarily relate to network and cloud services and other items in the ordinary course of business. These amounts are determined based on the non-cancelable quantities to which we are contractually obligated. ||| In November 2022, we entered into commercial technology agreements with vendors for cloud computing services (“2022 Cloud Computing Service Agreements”). We are committed to spend an aggregate of at least $2.7 billion through November 2029, of which $291 million is short-term. We may pay more than the minimum purchase commitment to our cloud-computing web services providers based on usage. For the years ended December 31, 2022 and 2023, the amounts utilized for these agreements were immaterial. ||| As of December 31, 2023, we had $3.0 billion in non-cancelable commitments, this includes the $2.7 billion in 2022 Cloud Computing Service Agreements discussed above. The non-cancellable commitments have varying expiration terms through November 2029.",,0,significant_accounting_policies,Note 1 – Description of Business and Summary of Significant Accounting Policies,3,True,2.0 ans | 3.0-5.0 ans | 5.0-15.0 ans,"score=5,idx=10961,zone=15026",1085,OK,
0001543151,UBER,2024,0001543151_UBER_FY2024_10K.html,,2025-08-31,Equipment Estimated Useful Life Land Indefinite Buildings,"Property and equipment are stated at cost, net of accumulated depreciation and amortization. Depreciation and amortization is computed using the straight‑line method over the estimated useful lives of the assets, which are as follows: Property and Equipment Estimated Useful Life Land Indefinite Buildings 30-45 years Site improvements 5-15 years Computer equipment 3-5 years Furniture and fixtures 3-5 years Internal-use software 2 years Motor vehicles and other equipment 3-10 years Leased computer equipment Shorter of estimated useful life or lease term Leasehold improvements Shorter of estimated useful life or lease term",30.0,45.0,No,,"• Cost of revenue, exclusive of depreciation and amortization, primarily consists of costs incurred for certain Mobility and Delivery transactions where we are primarily responsible for Mobility and Delivery services and pay Drivers and Couriers for services, certain insurance costs related to our Mobility and Delivery offerings, costs incurred with Carriers for Uber Freight transportation services, credit card processing fees, bank fees, data center and networking expenses, mobile device and service costs, and amounts related to fare chargebacks and other credit card losses.",Item 8,"We have non-cancelable commitments which primarily relate to network and cloud services and other items in the ordinary course of business. These amounts are determined based on the non-cancelable quantities to which we are contractually obligated. ||| In November 2022, we entered into commercial technology agreements with vendors for cloud computing services (“2022 Cloud Computing Service Agreements”). We are committed to spend an aggregate of at least $2.5 billion through November 2029, of which $412 million is short-term. We may pay more than the minimum purchase commitment to our cloud-computing web services providers based on usage. For the year ended December 31, 2024, Uber satisfied its commitment for the 2022 Cloud Computing Service Agreements. ||| As of December 31, 2024, we had $2.7 billion in non-cancelable commitments, this includes the $2.5 billion in 2022 Cloud Computing Service Agreements discussed above. The non-cancellable commitments have varying expiration terms through November 2029.",,0,significant_accounting_policies,Note 1 – Description of Business and Summary of Significant Accounting Policies,3,True,2.0 ans | 3.0-5.0 ans | 3.0-10.0 ans | 5.0-15.0 ans,"score=5,idx=10611,zone=14797",957,OK,
0001561550,DDOG,2019,0001561550_DDOG_FY2019_10K.html,,"December 31, 2019",equipment,"Such estimates include the fair value of marketable securities, allowance for doubtful accounts, the fair value of acquired assets and assumed liabilities from business combinations, useful lives of property, equipment, software, and finite lived intangibles, stock-based compensation, fair value of common stock and redeemable convertible preferred stock prior to the IPO, valuation of long-lived assets and their recoverability, including goodwill, the incremental borrowing rate for operating leases, estimated expected period of benefit period for deferred contract costs, realization of deferred tax assets and uncertain tax positions, revenue recognition and the allocation of overhead costs between cost of revenue and operating expenses.",,,No,,"Cost of revenue consists primarily of costs related to providing subscription services to paying customers, including data center and networking expenses, employee compensation (including stock-based compensation) and other employe e -related expenses for customer experience and technical operations staff, payments to outside service providers, payment processing fees, amortization of capitalized internally developed software costs and acquired developed technology, and allocated overhead costs.",Item 8,"To increase our revenue, we must continue to attract new customers. Our success will depend to a substantial extent on the widespread adoption of our platform and products as an alternative to existing solutions. Many enterprises have invested substantial personnel and financial resources to integrate traditional on-premise architectures into their businesses and, therefore, may be reluctant or unwilling to migrate to cloud computing. Further, the adoption of SaaS business software may be slower in industries with heightened data security interests or business practices requiring highly-customizable application software. In addition, as our market matures, our products evolve, and competitors introduce lower cost or differentiated products that are perceived to compete with our platform and products, our ability to sell subscriptions for our products could be impaired. Similarly, our subscription sales could be adversely affected if customers or users within these organizations perceive that features incorporated into competitive products reduce the need for our products or if they prefer to purchase other products that are bundled with solutions offered by other companies that operate in adjacent markets and compete with our products. As a result of these and other factors, we may be unable to attract new customers, which may have an adverse effect on our business, financial condition and results of operations. ||| Because there are many different security breach techniques and such techniques continue to evolve, we may be unable to anticipate attempted security breaches, react in a timely manner or implement adequate preventative measures. Third parties may also conduct attacks designed to temporarily deny customers access to our cloud services. Any security breach or other security incident, or the perception that one has occurred, could result in a loss of customer confidence in the security of our platform and damage to our brand, reduce the demand for our products, disrupt normal business operations, require us to spend material resources to investigate or correct the breach and to prevent future security breaches and incidents, expose us to legal liabilities, including litigation, regulatory enforcement, and indemnity obligations, and adversely affect our business, financial condition and results of operations. These risks are likely to increase as we continue to grow and process, store, and transmit increasingly large amounts of data. ||| Our unified platform combines functionality from numerous traditional product categories, and hence we compete in each of these categories with home-grown and open-source technologies, as well as a number of different vendors. With respect to on-premise infrastructure monitoring, we compete with diversified technology companies and systems management vendors including IBM, Microsoft Corporation, Micro Focus International plc, BMC Software, Inc. and Computer Associates International, Inc. With respect to APM, we compete with Cisco Systems, Inc., New Relic, Inc. and Dynatrace Software Inc. With respect to log management, we compete with Splunk Inc. and Elastic N.V. With respect to cloud monitoring, we compete with native solutions from cloud providers such as AWS, GCP and Microsoft Azure. In addition, we may increasingly choose to allow these third-party hosting providers to offer our solutions directly through their customer marketplaces. An increasing number of sales through cloud provider marketplaces could reduce both the number of customers with whom we have direct commercial relationships as well as our profit margins on sales made through such marketplaces.",,0,significant_accounting_policies,2. Basis of Presentation and Summary of Significant Accounting Policies,3,True,1.0-3.0 ans | 2.0 ans | 3.0 ans | 5.0 ans,"score=4,idx=10188,zone=18470",601,OK,
0001561550,DDOG,2020,0001561550_DDOG_FY2020_10K.html,,"December 31, 2020",equipment,"Such estimates include the fair value of marketable securities, the allowance for credit losses , the fair value of acquired assets and assumed liabilities from business combinations, useful lives of property, equipment, software, and finite lived intangibles, stock-based compensation, stock-based compensation including the determination of the fair value of the Company’s stock prior to its IPO, fair value of common stock and redeemable convertible preferred stock prior to the IPO, valuation of long-lived assets and their recoverability, including goodwill, the incremental borrowing rate for operating leases, estimated expected period of benefit period for deferred contract costs, fair value of the liability component of the convertible debt, realization of deferred tax assets and uncertain tax positions, revenue recognition and the allocation of overhead costs between cost of revenue and operating expenses.",,,No,,"Cost of revenue consists primarily of costs related to providing subscription services to paying customers, including data center and networking expenses, employee compensation (including stock-based compensation) and other employe e -related expenses for customer experience and technical operations staff, payments to outside service providers, payment processing fees, amortization of capitalized internally developed software costs and acquired developed technology, and allocated overhead costs.",Item 8,"The Company capitalizes qualifying internal use software development costs related to its cloud platform. The costs consist of personnel costs (including related benefits and stock-based compensation) that are incurred during the application development stage. Capitalization of costs begins when two criteria are met: (1) the preliminary project stage is completed, and (2) it is probable that the software will be completed and used for its intended function. Capitalization ceases when the software is substantially complete and ready for its intended use, including the completion of all significant testing. Costs related to preliminary project activities and post implementation operating activities are expensed as incurred. ||| In August 2018, the FASB issued ASU No. 2018-15, Customer’s Accounting for Implementation Costs Incurred in a Cloud Computing Arrangement That Is a Service Contract (“ASU No. 2018-15”), which aligns the accounting for implementation costs incurred in a hosting arrangement that is a service contract with the accounting for implementation costs incurred to develop or obtain internal-use software under Accounting Standard Codification (“ASC”) 350-40, Internal-Use Software , in order to determine which costs to capitalize and recognize as an asset and which costs to expense. The Company adopted ASU No. 2018-15 on January 1, 2020 and applied it prospectively to implementation costs incurred after the date of adoption. The Company’s adoption of ASU No. 2018-15 had no material impact on the Company's consolidated financial statements. ||| Customer’s Accounting for Implementation Costs Incurred in a Cloud Computing Arrangement That Is a Service Contract",,0,significant_accounting_policies,2. Basis of Presentation and Summary of Significant Accounting Policies,3,True,2.0 ans | 3.0 ans | 5.0 ans,"score=4,idx=12172,zone=17968",673,OK,
0001561550,DDOG,2021,0001561550_DDOG_FY2021_10K.html,,2021-12-31,equipment,"Such estimates include the fair value of marketable securities, the allowance for credit losses , the fair value of acquired assets and assumed liabilities from business combinations, useful lives of property, equipment, software, and finite lived intangibles, stock-based compensation, stock-based compensation including the determination of the fair value of the Company’s stock prior to its IPO, fair value of common stock and redeemable convertible preferred stock prior to the IPO, valuation of long-lived assets and their recoverability, including goodwill, the incremental borrowing rate for operating leases, estimated expected period of benefit period for deferred contract costs, fair value of the liability component of the convertible debt, realization of deferred tax assets and uncertain tax positions, revenue recognition and the allocation of overhead costs between cost of revenue and operating expenses.",,,No,,"Cost of revenue consists primarily of costs related to providing subscription services to paying customers, including data center and networking expenses, employee compensation (including stock-based compensation) and other employee-related expenses for customer experience and technical operations staff, payments to outside service providers, payment processing fees, amortization of capitalized internally developed software costs and acquired developed technology, and allocated overhead costs.",Item 8,"The Company capitalizes qualifying internal use software development costs related to its cloud platform. The costs consist of personnel costs (including related benefits and stock-based compensation) that are incurred during the application development stage. Capitalization of costs begins when two criteria are met: (1)the preliminary project stage is completed, and (2) it is probable that the software will be completed and used for its intended function. Capitalization ceases when the software is substantially complete and ready for its intended use, including the completion of all significant testing. Costs related to preliminary project activities and post implementation operating activities are expensed as incurred. ||| In August 2018, the FASB issued ASU No. 2018-15, Customer’s Accounting for Implementation Costs Incurred in a Cloud Computing Arrangement That Is a Service Contract (“ASU No. 2018-15”), which aligns the accounting for implementation costs incurred in a hosting arrangement that is a service contract with the accounting for implementation costs incurred to develop or obtain internal-use software under Accounting Standard Codification (“ASC”) 350-40, Internal-Use Software , in order to determine which costs to capitalize and recognize as an asset and which costs to expense. The Company adopted ASU No. 2018-15 on January 1, 2020 and applied it prospectively to implementation costs incurred after the date of adoption. The Company’s adoption of ASU No. 2018-15 had no material impact on the Company's consolidated financial statements. ||| Customer’s Accounting for Implementation Costs Incurred in a Cloud Computing Arrangement That Is a Service Contract",,0,significant_accounting_policies,2. Basis of Presentation and Summary of Significant Accounting Policies,3,True,2.0 ans | 3.0 ans | 4.0 ans | 5.0 ans,"score=2,idx=6771,zone=9774",637,OK,
0001561550,DDOG,2022,0001561550_DDOG_FY2022_10K.html,,2022-12-31,equipment,"Such estimates include the fair value of marketable securities, the allowance for credit losses , the fair value of acquired assets and assumed liabilities from business combinations, useful lives of property, equipment, software, and finite lived intangibles, stock-based compensation, stock-based compensation including the determination of the fair value of the Company’s stock prior to its IPO, fair value of common stock and redeemable convertible preferred stock prior to the IPO, valuation of long-lived assets and their recoverability, including goodwill, the incremental borrowing rate for operating leases, estimated expected period of benefit for deferred contract costs, fair value of the liability component of the convertible debt, realization of deferred tax assets and uncertain tax positions, revenue recognition and the allocation of overhead costs between cost of revenue and operating expenses.",,,No,,"Cost of revenue consists primarily of costs related to providing subscription services to paying customers, including data center and networking expenses, employee compensation (including stock-based compensation) and other employee-related expenses for customer experience and technical operations staff, payments to outside service providers, payment processing fees, amortization of capitalized internally developed software costs and acquired developed technology, and allocated overhead costs.",Item 8,"The Company capitalizes qualifying internal-use software development costs related to its cloud platform. The costs consist of personnel costs (including related benefits and stock-based compensation) that are incurred during the application development stage. Capitalization of costs begins when two criteria are met: (1) the preliminary project stage is completed, and (2) it is probable that the software will be completed and used for its intended function. Capitalization ceases when the software is substantially complete and ready for its intended use, including the completion of all significant testing. Costs related to preliminary project activities and post implementation operating activities are expensed as incurred.",,0,significant_accounting_policies,2. Basis of Presentation and Summary of Significant Accounting Policies,3,True,2.0 ans | 3.0 ans | 4.0 ans | 5.0 ans,"score=2,idx=6421,zone=8706",602,OK,
0001561550,DDOG,2023,0001561550_DDOG_FY2023_10K.html,,2023-12-31,equipment,"Such estimates include the fair value of marketable securities, the allowance for credit losses , the fair value of acquired assets and assumed liabilities from business combinations, useful lives of property, equipment, software, and finite lived intangibles, stock-based compensation, valuation of long-lived assets and their recoverability, including goodwill, the incremental borrowing rate for operating leases, estimated expected period of benefit for deferred contract costs, fair value of the liability component of the convertible debt, realization of deferred tax assets and uncertain tax positions, revenue recognition and the allocation of overhead costs between cost of revenue and operating expenses.",,,No,,"Cost of revenue consists primarily of costs related to providing subscription services to paying customers, including data center and networking expenses, employee compensation (including stock-based compensation) and other employee-related expenses for customer experience and technical operations staff, payments to outside service providers, payment processing fees, amortization of capitalized internally developed software costs and acquired developed technology, and allocated overhead costs.",Item 8,"The Company capitalizes qualifying internal-use software development costs related to its cloud platform. The costs consist of personnel costs (including related benefits and stock-based compensation) that are incurred during the application development stage. Capitalization of costs begins when two criteria are met: (1) the preliminary project stage is completed, and (2) it is probable that the software will be completed and used for its intended function. Capitalization ceases when the software is substantially complete and ready for its intended use, including the completion of all significant testing. Costs related to preliminary project activities and post implementation operating activities are expensed as incurred.",,0,significant_accounting_policies,2. Basis of Presentation and Summary of Significant Accounting Policies,3,True,2.0 ans | 3.0 ans | 4.0 ans | 5.0 ans,"score=2,idx=6747,zone=8429",584,OK,
0001561550,DDOG,2024,0001561550_DDOG_FY2024_10K.html,,2024-12-31,equipment,"Such estimates include the fair value of marketable securities, the allowance for credit losses , the fair value of acquired assets and assumed liabilities from business combinations, useful lives of property, equipment, software, and finite lived intangibles, stock-based compensation, valuation of long-lived assets and their recoverability, including goodwill, the incremental borrowing rate for operating leases, estimated expected period of benefit for deferred contract costs, fair value of the liability component of the convertible debt, realization of deferred tax assets and uncertain tax positions, revenue recognition and the allocation of overhead costs between cost of revenue and operating expenses.",,,No,,"Cost of revenue consists primarily of costs related to providing subscription services to paying customers, including data center and networking expenses, employee compensation (including stock-based compensation) and other employee-related expenses for customer experience and technical operations staff, payments to outside service providers, payment processing fees, amortization of capitalized internally developed software costs and acquired developed technology, and allocated overhead costs.",Item 8,"The Company capitalizes qualifying internal-use software development costs related to its cloud platform. The costs consist of personnel costs (including related benefits and stock-based compensation) that are incurred during the application development stage. Capitalization of costs begins when two criteria are met: (1) the preliminary project stage is completed, and (2) it is probable that the software will be completed and used for its intended function. Capitalization ceases when the software is substantially complete and ready for its intended use, including the completion of all significant testing. Costs related to preliminary project activities and post implementation operating activities are expensed as incurred.",,0,significant_accounting_policies,2. Basis of Presentation and Summary of Significant Accounting Policies,3,True,2.0 ans | 3.0 ans | 4.0 ans | 5.0 ans,"score=2,idx=6818,zone=8731",610,OK,
0001679788,COIN,2021,0001679788_COIN_FY2021_10K.html,,2022-01-04,equipment,"Property and equipment is stated at cost less accumulated depreciation. The estimated useful lives of the Company’s property, equipment, and software are generally as follows:",,,No,,Not disclosed,,"On August 29, 2018, the FASB issued Accounting Standards Update No. 2018-15, Intangibles—Goodwill and Other—Internal-Use Software (Subtopic 350-40)—Customer’s Accounting for Implementation Costs Incurred in a Cloud Computing Arrangement That Is a Service Contract , which aligns the accounting for implementation costs incurred in a hosting arrangement that is a service contract with the accounting for implementation costs incurred to develop or obtain internal-use software under Accounting Standards Codification (“ASC”) 350-40, in order to determine which costs to capitalize and recognize as an asset and which costs to expense. The Company adopted the standard on January 1, 2021 using the prospective transition approach. The adoption of the standard did not have a material impact on the Company’s consolidated financial statements. ||| Intangibles—Goodwill and Other—Internal-Use Software (Subtopic 350-40)—Customer’s Accounting for Implementation Costs Incurred in a Cloud Computing Arrangement That Is a Service Contract",B100,1,significant_accounting_policies,2. SUMMARY OF SIGNIFICANT ACCOUNTING POLICIES,3,True,1.0-3.0 ans | 2.0-5.0 ans | 3.0-5.0 ans,"score=2,idx=9876,zone=13334",851,OK,
0001679788,COIN,2022,0001679788_COIN_FY2022_10K.html,,2023-01-31,equipment,"Property and equipment is stated at cost less accumulated depreciation. The estimated useful lives of the Company’s property, equipment, and software are generally as follows:",,,No,,Not disclosed,,Not disclosed,A100,1,significant_accounting_policies,2. SUMMARY OF SIGNIFICANT ACCOUNTING POLICIES,3,True,1.0-3.0 ans | 2.0-5.0 ans | 3.0-5.0 ans,"score=2,idx=12288,zone=15676",962,OK,
0001679788,COIN,2023,0001679788_COIN_FY2023_10K.html,,2025-12-31,equipment,"Property and equipment is stated at cost less accumulated depreciation. The estimated useful lives of the Company’s property, equipment, and software are generally as follows:",,,No,,Not disclosed,,Not disclosed,,0,significant_accounting_policies,Note 13. Collateral,3,True,1.0-3.0 ans | 2.0-5.0 ans | 3.0-5.0 ans,"score=2,idx=16187,zone=15958",1066,OK,
0001679788,COIN,2024,0001679788_COIN_FY2024_10K.html,,2025-12-31,"equipment, furniture and fixtures, computer equipment","Software and equipment, net is stated at cost less associated accumulated depreciation and amortization, and consists mainly of capitalized internally developed software. The estimated useful lives of capitalized internally developed software range from one to three years. The remaining balance of software and equipment consists of furniture and fixtures, computer equipment, and leasehold improvements, for which the useful lives generally range from one to eight years.",1.0,3.0,No,,Not disclosed,,Not disclosed,,0,significant_accounting_policies,Note 4. Collateralized Arrangements and Financing,3,True,1.0-3.0 ans | 1.0-8.0 ans,"score=5,idx=11725,zone=14538",1022,OK,
0001706431,VIR,2019,0001706431_VIR_FY2019_10K.html,,2020-03-31,"equipment, Computer equipment, Furniture and fixtures","December 31, 2019 2018 (in thousands) Lab equipment $ 11,986 $ 7,538 Computer equipment 540 518 Furniture and fixtures 1,351 943 Leasehold improvements 7,121 3,114 Construction in progress 142 1,893 Property and equipment, gross 21,140 14,006 Less accumulated depreciation and amortization (4,832 ) (1,716 ) Total property and equipment, net $ 16,308 $ 12,290",,,No,,Not disclosed,,Not disclosed,,0,significant_accounting_policies,7. Balance Sheet Components,3,False,,"score=4,idx=9985,zone=10885",586,OK,
0001706431,VIR,2020,0001706431_VIR_FY2020_10K.html,,2021-02-28,"equipment, Computer equipment, Furniture and fixtures","December 31, 2020 2019 (in thousands) Laboratory equipment $ 16,769 $ 11,986 Computer equipment 556 540 Furniture and fixtures 1,444 1,351 Leasehold improvements 7,274 7,121 Construction in progress 1,135 142 Property and equipment, gross 27,178 21,140 Less accumulated depreciation and amortization (9,232 ) (4,832 ) Total property and equipment, net $ 17,946 $ 16,308",,,No,,Not disclosed,,Not disclosed,,0,significant_accounting_policies,7. Collaboration and License Agreements,3,False,,"score=4,idx=10106,zone=10901",628,OK,
0001706431,VIR,2021,0001706431_VIR_FY2021_10K.html,,2021-12-31,Equipment,"Property and Equipment, Net Property and equipment are stated at cost, net of accumulated depreciation and amortization.",3.0,5.0,No,,Not disclosed,,Not disclosed,,0,significant_accounting_policies,2. Summary of Significant Accounting Policies,3,False,,"score=4,idx=10193,zone=17728",1022,OK,
0001706431,VIR,2022,0001706431_VIR_FY2022_10K.html,,2022-12-31,Equipment,"Property and Equipment, Net Property and equipment are stated at cost, net of accumulated depreciation and amortization.",3.0,5.0,No,,Not disclosed,,Not disclosed,,0,significant_accounting_policies,2. Summary of Significant Accounting Policies,3,False,,"score=4,idx=9924,zone=16116",920,OK,
0001706431,VIR,2023,0001706431_VIR_FY2023_10K.html,,2023-12-31,equipment,"Property and equipment are stated at cost, net of accumulated depreciation and amortization and, if applicable, impairment charges.",3.0,5.0,Yes,"Years Ended December 31, 2023 2022 2021 CASH FLOWS FROM OPERATING ACTIVITIES: Net (loss) income $ (615,117) $ 515,837 $ 528,584 Adjustments to reconcile net (loss) income to net cash (used in) provided by operating activities: Changes in estimated constraint on profit-sharing amount (28,118) 369,535 — Depreciation and amortization 18,920 6,251 5,278 Amortization of intangible assets 531 532 533 Accretion of discounts on investments, net (8,706) (8,943) (244) Noncash lease expense 7,658 8,709 6,172 Change in fair value of equity investments 21,888 111,140 (138,049) Change in estimated fair value of contingent consideration 1,024 2,115 91,848 Stock-based compensation 111,316 102,082 83,784 Change in deferred income taxes (1,063) (15,186) 15,186 In-process research and development impairment 9,658 — — Long-lived assets impairment and disposal loss 7,662 — — Payment of contingent consideration in excess of acquisition date fair value — (93,803) (8,140) Gain from a sublease termination — — (4,844) Other 153 (383) 697 Changes in operating assets and liabilities: Receivable from collaboration (565) 770,038 (773,079) Prepaid expenses and other current assets 64,970 (39,358) (3,665) Other assets 2,161 (11,795) (1,483) Accounts payable 732 797 (171) Accrued liabilities and other long-term liabilities (356,498) (15,513) 58,498 Operating lease liabilities (13,046) (5,502) (535) Deferred revenue (2,345) (33,300) 92,041 Net cash (used in) provided by operating activities (778,785) 1,663,253 (47,589) CASH FLOWS FROM INVESTING ACTIVITIES: Purchases of property and equipment (21,573) (68,006) (21,817) Purchases of investments (2,016,189) (1,476,965) (420,240) Maturities and sales of investments 2,202,391 351,510 301,243 Net cash provided by (used in) investing activities 164,629 (1,193,461) (140,814)",Not disclosed,,Not disclosed,,0,significant_accounting_policies,2. Summary of Significant Accounting Policies,3,False,,"score=2,idx=7692,zone=6682",511,OK,
0001706431,VIR,2024,0001706431_VIR_FY2024_10K.html,,2024-12-31,equipment,"Property and equipment are stated at cost, net of accumulated depreciation and amortization and, if applicable, impairment charges.",3.0,5.0,Yes,"Years Ended December 31, 2024 2023 2022 CASH FLOWS FROM OPERATING ACTIVITIES: Net (loss) income $ (521,960) $ (615,117) $ 515,837 Adjustments to reconcile net (loss) income to net cash (used in) provided by operating activities: Changes in estimated constraint on profit-sharing amount 685 (28,118) 369,535 Depreciation and amortization 14,559 19,451 6,783 Amortization of premiums (accretion of discounts) on investments, net 5,397 (8,706) (8,943) Noncash lease expense 5,248 7,658 8,709 Change in fair value of equity investments 5,528 21,888 111,140 Change in estimated fair value of contingent consideration 14,149 1,024 2,115 Stock-based compensation 78,457 111,316 102,082 Change in deferred income taxes (2,949) (1,063) (15,186) In-process research and development impairment 14,550 9,658 — Non-cash restructuring, long-lived assets impairment and related charges 24,173 7,662 — Payment of contingent consideration in excess of acquisition date fair value — — (93,803) Other non-cash items, net (182) 153 (383) Changes in operating assets and liabilities: Receivable from collaboration (6,513) (565) 770,038 Prepaid expenses and other current assets 10,186 64,970 (39,358) Other assets 353 2,161 (11,795) Accounts payable (988) 732 797 Accrued liabilities and other long-term liabilities (10,287) (356,498) (15,513) Operating lease liabilities (23,027) (13,046) (5,502) Deferred revenue (53,731) (2,345) (33,300) Net cash (used in) provided by operating activities (446,352) (778,785) 1,663,253 CASH FLOWS FROM INVESTING ACTIVITIES: Proceeds from sale of property and equipment 3,372 — — Purchases of property, equipment and intangible assets (7,301) (21,573) (68,006) Purchases of investments (1,235,339) (2,016,189) (1,476,965) Maturities and sales of investments 1,738,635 2,202,391 351,510 Net cash provided by (used in) investing activities 499,367 164,629 (1,193,461)",Not disclosed,,Not disclosed,,0,significant_accounting_policies,2. Summary of Significant Accounting Policies,3,False,,"score=2,idx=6427,zone=7379",566,OK,
0001722482,AVTR,2019,0001722482_AVTR_FY2019_10K.html,,,Not disclosed,Not disclosed,,,No,,Not disclosed,,Not disclosed,,0,unknown,,0,False,,"score=3,idx=11728,zone=8",2,OK,
0001722482,AVTR,2020,0001722482_AVTR_FY2020_10K.html,,2020-12-31,Not disclosed,Not disclosed,,,No,,Not disclosed,,Not disclosed,,0,unknown,,0,False,,"score=2,idx=10052,zone=4",2,OK,
0001722482,AVTR,2021,0001722482_AVTR_FY2021_10K.html,,2021-12-31,Not disclosed,Not disclosed,,,No,,Not disclosed,,Not disclosed,A100,1,unknown,,0,False,,"score=2,idx=8969,zone=4",2,OK,
0001722482,AVTR,2022,0001722482_AVTR_FY2022_10K.html,,2022-12-31,Not disclosed,Not disclosed,,,No,,Not disclosed,,Not disclosed,,0,unknown,,0,False,,"score=2,idx=8496,zone=13",2,OK,
0001722482,AVTR,2023,0001722482_AVTR_FY2023_10K.html,,2023-12-31,Not disclosed,Not disclosed,,,No,,Not disclosed,,Not disclosed,,0,unknown,,0,False,,"score=2,idx=7548,zone=4",2,OK,
0001722482,AVTR,2024,0001722482_AVTR_FY2024_10K.html,,2025-12-31,Not disclosed,Not disclosed,,,No,,Not disclosed,,Not disclosed,,0,unknown,,0,False,,"score=2,idx=9145,zone=4",2,OK,
0001755672,CTVA,2019,0001755672_CTVA_FY2019_10K.html,,2019-12-31,Not disclosed,Not disclosed,,,No,,Not disclosed,,Not disclosed,AMD_Instinct,1,unknown,,0,False,,"score=7,idx=29305,zone=11",2,OK,
0001755672,CTVA,2020,0001755672_CTVA_FY2020_10K.html,,"December 31, 2020",Not disclosed,Not disclosed,,,No,,Not disclosed,,Not disclosed,AMD_Instinct,1,unknown,,0,False,,"score=5,idx=20786,zone=24",3,OK,
0001755672,CTVA,2021,0001755672_CTVA_FY2021_10K.html,,"December 31, 2021",Not disclosed,Not disclosed,,,No,,Not disclosed,,Not disclosed,AMD_Instinct;B200,2,unknown,,0,False,,"score=5,idx=18170,zone=13",2,OK,
0001755672,CTVA,2022,0001755672_CTVA_FY2022_10K.html,,"December 31, 2022",Not disclosed,Not disclosed,,,No,,Not disclosed,,Not disclosed,A100;AMD_Instinct,2,unknown,,0,False,,"score=5,idx=16924,zone=13",2,OK,
0001755672,CTVA,2023,0001755672_CTVA_FY2023_10K.html,,"December 31, 2023",Not disclosed,Not disclosed,,,No,,Not disclosed,,Not disclosed,AMD_Instinct,1,unknown,,0,False,,"score=5,idx=17369,zone=13",2,OK,
0001755672,CTVA,2024,0001755672_CTVA_FY2024_10K.html,,"December 31, 2024",Not disclosed,Not disclosed,,,No,,Not disclosed,,Not disclosed,AMD_Instinct,1,unknown,,0,False,,"score=5,idx=17782,zone=13",2,OK,
0001756262,TMDX,2019,0001756262_TMDX_FY2019_10K.html,,"December 28, 2019",equipment,Estimated Useful Life Manufacturing equipment 5 years OCS Consoles loaned to customers 5 years Computer equipment and software 3 years Laboratory equipment 3 years Office and trade show equipment 5 years Leasehold improvements Shorter of term of lease or 15 years,5.0,,No,,Not disclosed,,Not disclosed,,0,significant_accounting_policies,2. Summary of Significant Accounting Policies,3,True,3.0 ans | 5.0 ans | 15.0 ans,"score=4,idx=6592,zone=8865",584,OK,
0001756262,TMDX,2020,0001756262_TMDX_FY2020_10K.html,,"December 31, 2020",equipment,Estimated Useful Life Manufacturing equipment 5 years OCS Consoles loaned to customers 5 years Computer equipment and software 3 years Laboratory equipment 3 years Office and trade show equipment 5 years Leasehold improvements Shorter of term of lease or 15 years,5.0,,No,,Not disclosed,,Not disclosed,,0,significant_accounting_policies,2. Summary of Significant Accounting Policies,3,True,3.0 ans | 5.0 ans | 15.0 ans,"score=4,idx=7262,zone=8597",505,OK,
0001756262,TMDX,2021,0001756262_TMDX_FY2021_10K.html,,2021-12-31,equipment,Estimated Useful Life Manufacturing equipment 5 years OCS Consoles loaned to customers 5 years Computer equipment and software 3 years Laboratory equipment 3 years Office and trade show equipment 5 years Leasehold improvements Shorter of term of lease or 15 years,5.0,,No,,Not disclosed,,Not disclosed,,0,significant_accounting_policies,2. Summary of Significant Accounting Policies,3,True,3.0 ans | 5.0 ans | 15.0 ans,"score=4,idx=7343,zone=7368",487,OK,
0001756262,TMDX,2022,0001756262_TMDX_FY2022_10K.html,,2022-12-31,equipment,"Property and Equipment Property and equipment are stated at cost less accumulated depreciation and amortization. Depreciation and amortization expense is recognized using the straight-line method over the estimated useful life of each asset as follows: Estimated Useful Life Manufacturing equipment 5 years OCS Consoles 5 years Computer equipment and software 3 years Laboratory equipment 3 years Office and trade show equipment 5 years Leasehold improvements Shorter of term of lease or 15 years Costs incurred for OCS Consoles are recorded as inventory unless and until the Company determines that an OCS Console will either be used for the NOP or loaned to a customer for its use, at which time the Company reclassifies the cost of the OCS Console from inventory to property and equipment and begins to depreciate the OCS Console over its estimated useful life.",5.0,,No,,Not disclosed,,Not disclosed,,0,significant_accounting_policies,2. Summary of Significant Accounting Policies,3,True,3.0 ans | 5.0 ans | 15.0 ans,"score=4,idx=7527,zone=13139",643,OK,
0001756262,TMDX,2023,0001756262_TMDX_FY2023_10K.html,,2024-02-27,equipment,"Property, Plant and Equipment Property, plant and equipment are stated at cost less accumulated depreciation and amortization. Depreciation and amortization expense is recognized using the straight-line method over the estimated useful life of each asset as follows: Estimated Useful Life Transplant aircraft 10 years Flight school aircraft 5 years Manufacturing equipment 5 years OCS Consoles 5 years Computer equipment and software 3 years Laboratory equipment 3 years Office, trade show and training equipment 5 years Leasehold improvements Shorter of term of lease or 15 years Depreciation and amortization expense of aircraft is recognized over the estimated useful lives of each asset to their salvage value. Costs incurred for OCS Consoles are recorded as inventory unless and until the Company determines that an OCS Console will either be used for the NOP or loaned to a customer for its use, at which time the Company reclassifies the cost of the OCS Console from inventory to property, plant and equipment and begins to depreciate the OCS Console over its estimated useful life.",5.0,,No,,Not disclosed,,Not disclosed,,0,significant_accounting_policies,2. Summary of Significant Accounting Policies,3,True,3.0 ans | 5.0 ans | 10.0 ans | 15.0 ans,"score=4,idx=8127,zone=14272",758,OK,
0001756262,TMDX,2024,0001756262_TMDX_FY2024_10K.html,,2025-02-27,equipment,"Property, Plant and Equipment Property, plant and equipment are stated at cost less accumulated depreciation and amortization. Depreciation and amortization expense is recognized using the straight-line method over the estimated useful life of each asset as follows: Estimated Useful Life Transplant aircraft 10 years Flight school aircraft 5 years OCS Consoles 5 years Manufacturing equipment 5 years Computer equipment and software 3 years Laboratory equipment 3 years Office, trade show and training equipment 5 years Leasehold improvements Shorter of term of lease or the useful life of the improvement",5.0,,Yes,"Changes in the valuation allowance for deferred tax assets during the year ended December 31, 2024 related primarily to current year federal and state net operating losses generated, capitalized research and development costs, and federal and state research and development tax credits generated, partially offset by an increase in deferred tax liabilities related to depreciation expense. Changes in the valuation allowance for deferred tax assets during the year ended December 31, 2023 related primarily to current year federal and state net operating losses generated, acquired IPR&D and capitalized research and development costs. Changes in the valuation allowance for deferred tax assets during the year ended December 31, 2022 related primarily to the capitalization of research and development costs required under Section 174 and current year federal and state net operating losses generated, partially offset by a decrease in deferred tax assets related to state net operating loss carryforwards due to a change in the state effective tax rate. The changes in the valuation allowance were as follows (in thousands):",Not disclosed,,Not disclosed,,0,significant_accounting_policies,2. Summary of Significant Accounting Policies,3,True,3.0 ans | 5.0 ans | 10.0 ans,"score=4,idx=8457,zone=16989",807,OK,
0001757073,NVST,2019,0001757073_NVST_FY2019_10K.html,,"December 31, 2019",Equipment,"Property, Plant and Equipment —Property, plant and equipment are carried at cost. The provision for depreciation has been computed principally by the straight-line method based on the estimated useful lives of the depreciable assets as follows:",,,No,,Not disclosed,,Not disclosed,,0,significant_accounting_policies,NOTE 2. SUMMARY OF SIGNIFICANT ACCOUNTING POLICIES,3,False,,"score=7,idx=12029,zone=21627",403,OK,
0001757073,NVST,2020,0001757073_NVST_FY2020_10K.html,,2021-02-09,Equipment,"Property, Plant and Equipment —Property, plant and equipment are carried at cost. The provision for depreciation has been computed principally by the straight-line method based on the estimated useful lives of the depreciable assets as follows:",,,No,,Not disclosed,,Not disclosed,B200,1,significant_accounting_policies,NOTE 2. SUMMARY OF SIGNIFICANT ACCOUNTING POLICIES,3,False,,"score=5,idx=9792,zone=12262",760,OK,
0001757073,NVST,2021,0001757073_NVST_FY2021_10K.html,,2022-12-31,Equipment,"Property, Plant and Equipment —Property, plant and equipment are carried at cost. The provision for depreciation has been computed principally by the straight-line method based on the estimated useful lives of the depreciable assets as follows:",,,No,,Not disclosed,,Not disclosed,B100,1,significant_accounting_policies,NOTE 2. SUMMARY OF SIGNIFICANT ACCOUNTING POLICIES,3,False,,"score=5,idx=9335,zone=14351",796,OK,
0001757073,NVST,2022,0001757073_NVST_FY2022_10K.html,,2023-12-31,equipment,"Property, plant and equipment are carried at cost. The provision for depreciation has been computed principally by the straight-line method based on the estimated useful lives of the depreciable assets as follows:",,,No,,Not disclosed,,Not disclosed,B100,1,significant_accounting_policies,NOTE 2. SUMMARY OF SIGNIFICANT ACCOUNTING POLICIES,3,False,,"score=5,idx=8868,zone=13607",723,OK,
0001757073,NVST,2023,0001757073_NVST_FY2023_10K.html,,2024-12-31,equipment,"Property, plant and equipment are carried at cost. The provision for depreciation has been computed principally by the straight-line method based on the estimated useful lives of the depreciable assets as follows:",,,No,,Not disclosed,,Not disclosed,,0,significant_accounting_policies,NOTE 2. SUMMARY OF SIGNIFICANT ACCOUNTING POLICIES,3,False,,"score=5,idx=8977,zone=13445",734,OK,
0001757073,NVST,2024,0001757073_NVST_FY2024_10K.html,,2025-12-31,equipment,"Property, plant and equipment are carried at cost. The provision for depreciation has been computed principally by the straight-line method based on the estimated useful lives of the depreciable assets as follows:",,,No,,Not disclosed,,Not disclosed,,0,significant_accounting_policies,NOTE 2. SUMMARY OF SIGNIFICANT ACCOUNTING POLICIES,3,False,,"score=5,idx=8786,zone=14051",730,OK,
0001760965,KTB,2019,0001760965_KTB_FY2019_10K.html,,"December 28, 2019",Not disclosed,Not disclosed,,,No,,Not disclosed,,Not disclosed,,0,unknown,,0,False,,"score=6,idx=14047,zone=8",2,OK,
0001760965,KTB,2020,0001760965_KTB_FY2020_10K.html,,2021-07-02,Not disclosed,Not disclosed,,,No,,Not disclosed,,Not disclosed,,0,unknown,,0,False,,"score=5,idx=9227,zone=6",476,OK,
0001760965,KTB,2021,0001760965_KTB_FY2021_10K.html,,2022-01-01,Not disclosed,Not disclosed,,,No,,Not disclosed,,Not disclosed,A100,1,unknown,,0,False,,"score=5,idx=8693,zone=9",449,OK,
0001760965,KTB,2022,0001760965_KTB_FY2022_10K.html,,2022-12-31,Not disclosed,Not disclosed,,,No,,Not disclosed,,Not disclosed,,0,unknown,,0,False,,"score=5,idx=8149,zone=8",163,OK,
0001760965,KTB,2023,0001760965_KTB_FY2023_10K.html,,2023-12-30,computer software,"Capitalized computer software, net of accumulated amortization of $43,108 in 2023 and $28,855 in 2022",,,No,,Not disclosed,,"Capitalized Computer Software and Cloud Computing Arrangements ||| Expenditures for major software purchases and software developed for internal use, including cloud computing arrangements with software licenses purchased from vendors, are capitalized and amortized on a straight-line basis over periods ranging from five to ten years. The Company's policy provides for the capitalization of external direct costs associated with developing or obtaining internal use computer software. Capitalized computer software costs are included in the balance sheet within ""other assets."" Costs associated with preliminary project stage activities, training, maintenance and post-implementation stage activities are expensed as incurred. ||| Cloud computing arrangements, including any related implementation costs, that do not include a license are accounted for as service contracts and the fees associated with the hosting service are expensed as incurred. The current and long-term portion of these costs are included in the balance sheets within ""Prepaid expenses and other current assets"" and ""Other assets,"" respectively.",,0,significant_accounting_policies,Note 23,3,True,3.0-10.0 ans | 5.0-10.0 ans,"fallback,idx=8098,zone=15176",860,OK,
0001760965,KTB,2024,0001760965_KTB_FY2024_10K.html,,2025-02-18,computer software,"Capitalized computer software, net of accumulated amortization of $56,069 in 2024 and $43,108 in 2023",,,No,,Not disclosed,,"Capitalized Computer Software and Cloud Computing Arrangements ||| Expenditures for major software purchases and software developed for internal use, including cloud computing arrangements with software licenses purchased from vendors, are capitalized and amortized on a straight-line basis over periods ranging from two to ten years. The Company's policy provides for the capitalization of external direct costs associated with developing or obtaining internal-use computer software. Capitalized computer software costs are included in the balance sheet within ""other assets."" Costs associated with preliminary project stage activities, training, maintenance and post-implementation stage activities are expensed as incurred. ||| Cloud computing arrangements that do not include a license, including any related implementation costs, are accounted for as service contracts and the associated fees are expensed as incurred. Cloud computing arrangements that include a license are capitalized in the balance sheets within ""prepaid expenses and other current assets"" for the current portion and ""other assets"" for the long-term portion.",,0,significant_accounting_policies,Note 23,3,True,2.0-10.0 ans | 3.0-10.0 ans,"fallback,idx=7931,zone=14982",852,OK,
0001761312,PLMR,2019,0001761312_PLMR_FY2019_10K.html,,"December 31, 2019",capitalized software,"Amortization expense relating to capitalized software the years ended December 31, 2019 and 2018 was $0.6 million and an immaterial amount, respectively.",,,No,,"responsibilities in the event of an emergency response situation and a business continuity communication site where employees are directed to receive instructions that are tailored to various scenarios. We store all data offsite and ensure it is accessible remotely. Our communications, virtual file servers, underwriting and distribution systems, and claims portal are hosted in geographically diverse data centers domestically and globally. We maintain a second office 55 miles north of our La Jolla, California headquarters to use as a redundant location in the event of a disruptive event in San Diego, and purchase business continuity services to support the La Jolla office in the event of a disruptive event.",Item 8,"Costs associated with the implementation of certain internal systems are capitalized and carried at capitalized cost less accumulated amortization and are included as a component of prepaid expenses and other assets on the Company’s consolidated balance sheet. Costs capitalized include internal personnel costs, external developer costs, and interest. The implementation costs relate to systems built on software which the Company purchases under a cloud computing arrangement and accounts for as a service contract. As such, capitalized costs are amortized over the term of the service contract, which currently ends in December 2024.",,0,ppe_note,7. Capitalized Software,3,False,,"score=2,idx=537,zone=44480",1585,OK,
0001761312,PLMR,2020,0001761312_PLMR_FY2020_10K.html,,"December 31, 2020",capitalized software,"Amortization expense relating to capitalized software for the years ended December 31, 2020, 2019 and 2018 was $1.1 million, $0.6 million and $0.03 million, respectively.",,,No,,"employees are directed to receive instructions that are tailored to various scenarios. We store all data offsite and ensure it is accessible remotely. Our communications, virtual file servers, underwriting and distribution systems, and claims portal are hosted in geographically diverse data centers domestically and globally. We maintain a second office 55 miles north of our La Jolla, California headquarters to use as a redundant location in the event of a disruptive event in San Diego, and purchase business continuity services to support the La Jolla office in the event of a disruptive event.",Item 8,"Costs associated with the implementation of certain internal systems are capitalized and carried at capitalized cost less accumulated amortization and are included as a component of prepaid expenses and other assets on the Company’s consolidated balance sheet. Costs capitalized include internal personnel costs, external developer costs, and interest. The implementation costs relate to systems built on software which the Company purchases under a cloud computing arrangement and accounts for as a service contract. As such, capitalized costs are amortized over the term of the service contract, which currently ends in December 2024.",,0,significant_accounting_policies,7. Capitalized Assets,3,False,,"score=2,idx=490,zone=46246",1513,OK,
0001761312,PLMR,2021,0001761312_PLMR_FY2021_10K.html,,2021-12-31,capitalized software,"Amortization expense relating to capitalized software for the years ended December 31, 2021, 2020 and 2019 was $2.1 million, $1.1 million, and $0.6 million, respectively.",,,No,,"employees are directed to receive instructions that are tailored to various scenarios. We store all data offsite and ensure it is accessible remotely. Our communications, virtual file servers, underwriting and distribution systems, and claims portal are hosted in geographically diverse data centers domestically and globally. We maintain additional offices in Mission Viejo, California and Bloomington, Minnesota to use as redundant locations in the event of a disruptive event in San Diego, and purchase business continuity services to support the La Jolla office in the event of a disruptive event.",Item 8,"Costs associated with the implementation of certain internal systems are capitalized and carried at capitalized cost less accumulated amortization and are included as a component of prepaid expenses and other assets on the Company’s consolidated balance sheet. Costs capitalized include internal personnel costs, external developer costs, and interest. The implementation costs relate to systems built on software which the Company purchases under a cloud computing arrangement and accounts for as a service contract. As such, capitalized costs are amortized over the term of the service contract, which currently ends in December 2026.",,0,significant_accounting_policies,7. Capitalized Assets,3,False,,"score=2,idx=3373,zone=41723",1466,OK,
0001761312,PLMR,2022,0001761312_PLMR_FY2022_10K.html,,2022-12-31,capitalized software,"Amortization expense relating to capitalized software for the years ended December 31, 2022, 2021 and 2020 was $2.6 million, $2.1 million, and $1.1 million, respectively.",,,No,,"An additional important part of our ERM is business continuity, including in the circumstances of a catastrophe event. We have established a business continuity team made up of executive management with predefined roles and responsibilities in the event of an emergency response situation and a business continuity communication site where employees are directed to receive instructions that are tailored to various scenarios. We store all data offsite and ensure it is accessible remotely. Our communications, virtual file servers, underwriting and distribution systems, and claims portal are hosted in geographically diverse data centers domestically and globally. We maintain an additional office in Edina, Minnesota to use as a redundant location in the event of a disruptive event in San Diego, and purchase business continuity services to support the La Jolla office in the event of a disruptive event.",Item 8,"Costs associated with the implementation of certain internal systems are capitalized and carried at capitalized cost less accumulated amortization and are included as a component of prepaid expenses and other assets on the Company’s consolidated balance sheet. Costs capitalized include internal personnel costs, external developer costs, and interest. The implementation costs relate to systems built on software which the Company purchases under a cloud computing arrangement and accounts for as a service contract. As such, capitalized costs are amortized over the term of the service contract, which currently ends in December 2028.",,0,significant_accounting_policies,7. Capitalized Assets,3,False,,"score=2,idx=3546,zone=42328",1391,OK,
0001761312,PLMR,2023,0001761312_PLMR_FY2023_10K.html,,"December 31, 2023",capitalized software,"Amortization expense relating to capitalized software for the years ended December 31, 2023 , 2022 and 2021 was $2.8 million, $2.6 million, and $2.1 million, respectively.",,,No,,"An additional important part of our ERM is business continuity, including in the circumstances of a catastrophe event. We have established a business continuity team made up of executive management with predefined roles and responsibilities in the event of an emergency response situation and a business continuity communication site where employees are directed to receive instructions that are tailored to various scenarios. We store all data offsite and ensure it is accessible remotely. Our communications, virtual file servers, underwriting and distribution systems, and claims portal are hosted in geographically diverse data centers domestically and globally. We maintain an additional office in Edina, Minnesota to use as a redundant location in the event of a disruptive event in San Diego, and purchase business continuity services to support the La Jolla office in the event of a disruptive event.",Item 8,"Costs associated with the implementation of certain internal systems are capitalized and carried at capitalized cost less accumulated amortization and are included as a component of prepaid expenses and other assets on the Company’s consolidated balance sheet. Costs capitalized include internal personnel costs, external developer costs, and interest. The implementation costs relate to systems built on software which the Company purchases under a cloud computing arrangement and accounts for as a service contract. As such, capitalized costs are amortized over the term of the service contract.",,0,significant_accounting_policies,7. Capitalized Assets,3,False,,"score=2,idx=3591,zone=25080",1386,OK,
0001761312,PLMR,2024,0001761312_PLMR_FY2024_10K.html,,"December 31, 2024",capitalized software,"Amortization expense relating to capitalized software for the years ended December 31, 2024 , 2023 and 2022 was $3.4 million, $2.8 million, and $2.6 million, respectively.",,,No,,"An additional important part of our ERM is business continuity, including in the circumstances of a catastrophe event. We have established a business continuity team made up of executive management with predefined roles and responsibilities in the event of an emergency response situation and a business continuity communication site where employees are directed to receive instructions that are tailored to various scenarios. We store all data offsite and ensure it is accessible remotely. Our communications, virtual file servers, underwriting and distribution systems, and claims portal are hosted in geographically diverse data centers domestically and globally. We maintain an additional office in Edina, Minnesota and purchase business continuity services to support our offices in the event of a disruptive event. The majority of our workforce is also equipped to work remotely should they be unable to access our offices.",Item 8,"Costs associated with the implementation of certain internal systems are capitalized and carried at capitalized cost less accumulated amortization and are included as a component of prepaid expenses and other assets on the Company’s consolidated balance sheet. Costs capitalized include internal personnel costs, external developer costs, and interest. The implementation costs relate to systems built on software which the Company purchases under a cloud computing arrangement and accounts for as a service contract. As such, capitalized costs are amortized over the term of the service contract.",,0,significant_accounting_policies,7. Capitalized Assets,3,False,,"score=2,idx=3549,zone=25170",1380,OK,
0001766400,PNTG,2019,0001766400_PNTG_FY2019_10K.html,,"December 31, 2019",Not disclosed,Not disclosed,,,No,,Not disclosed,,Not disclosed,,0,unknown,,0,False,,"score=2,idx=13178,zone=776",13,OK,
0001766400,PNTG,2020,0001766400_PNTG_FY2020_10K.html,,"DECEMBER 31, 2020",Not disclosed,Not disclosed,,,No,,Not disclosed,,Not disclosed,,0,unknown,,0,False,,"score=2,idx=10207,zone=11",2,OK,
0001766400,PNTG,2021,0001766400_PNTG_FY2021_10K.html,,"DECEMBER 31, 2021",Not disclosed,Not disclosed,,,No,,Not disclosed,,Not disclosed,,0,unknown,,0,False,,"score=2,idx=10127,zone=11",2,OK,
0001766400,PNTG,2022,0001766400_PNTG_FY2022_10K.html,,"DECEMBER 31, 2022",Not disclosed,Not disclosed,,,No,,Not disclosed,,Not disclosed,B100;B200,2,unknown,,0,False,,"score=2,idx=10186,zone=11",2,OK,
0001766400,PNTG,2023,0001766400_PNTG_FY2023_10K.html,,"DECEMBER 31, 2023",Not disclosed,Not disclosed,,,No,,Not disclosed,,Not disclosed,,0,unknown,,0,False,,"score=2,idx=10230,zone=11",2,OK,
0001766400,PNTG,2024,0001766400_PNTG_FY2024_10K.html,,"DECEMBER 31, 2024",Not disclosed,Not disclosed,,,No,,Not disclosed,,Not disclosed,,0,unknown,,0,False,,"score=2,idx=10562,zone=11",2,OK,
0001766502,CHWY,2019,0001766502_CHWY_FY2019_10K.html,,"February 2, 2020","equipment, computer software",Property and equipment are stated at cost less accumulated depreciation and amortization. Internal-use software costs are amortized using the straight-line method over the estimated useful life of the software when the project is substantially complete and ready for its intended use.,,,No,,Not disclosed,,"ASU 2018-15, Intangibles-Goodwill and Other-Internal-Use Software (Subtopic 350-40): Customer’s Accounting for Implementation Costs Incurred in a Cloud Computing Arrangement. In August 2018, the FASB issued this ASU to align the requirements for capitalizing implementation costs incurred in a hosting arrangement that is a service contract with the requirements for capitalizing implementation costs incurred to develop or obtain internal-use software. This update is effective at the beginning of the Company’s 2020 fiscal year. The Company does not believe the adoption of this ASU will have a material impact on its consolidated financial statements and disclosures.",B200,1,significant_accounting_policies,2. Basis of Presentation and Significant Accounting Policies,3,True,3.0-5.0 ans | 5.0-10.0 ans,"score=2,idx=9000,zone=7108",373,OK,
0001766502,CHWY,2020,0001766502_CHWY_FY2020_10K.html,,"January 31, 2021",equipment,Property and equipment are stated at cost less accumulated depreciation and amortization. Internal-use software costs are amortized using the straight-line method over the estimated useful life of the software when the project is substantially complete and ready for its intended use.,,,No,,Not disclosed,,"ASU 2018-15, Intangibles-Goodwill and Other-Internal-Use Software (Subtopic 350-40): Customer’s Accounting for Implementation Costs Incurred in a Cloud Computing Arrangement. In August 2018, the FASB issued this Accounting Standards Update (“ASU”) to align the requirements for capitalizing implementation costs incurred in a hosting arrangement that is a service contract with the requirements for capitalizing implementation costs incurred to develop or obtain internal-use software. This update became effective at the beginning of the Company’s 2020 fiscal year. The adoption of this ASU did not have a material impact on the Company’s consolidated financial statements and disclosures.",,0,significant_accounting_policies,2. Basis of Presentation and Significant Accounting Policies,3,True,3.0-5.0 ans | 5.0-10.0 ans,"score=2,idx=6780,zone=5052",362,OK,
0001766502,CHWY,2021,0001766502_CHWY_FY2021_10K.html,,"January 30, 2022",equipment,Property and equipment are stated at cost less accumulated depreciation and amortization. Internal-use software costs are amortized using the straight-line method over the estimated useful life of the software when the project is substantially complete and ready for its intended use.,,,No,,Not disclosed,,Not disclosed,,0,significant_accounting_policies,2. Basis of Presentation and Significant Accounting Policies,3,True,3.0-5.0 ans | 5.0-10.0 ans,"score=2,idx=7216,zone=5234",359,OK,
0001766502,CHWY,2022,0001766502_CHWY_FY2022_10K.html,,"January 29, 2023",equipment,Property and equipment are stated at cost less accumulated depreciation and amortization. Internal-use software costs are amortized using the straight-line method over the estimated useful life of the software when the project is substantially complete and ready for its intended use.,,,No,,Not disclosed,,Not disclosed,,0,significant_accounting_policies,2. Basis of Presentation and Significant Accounting Policies,3,True,3.0-5.0 ans | 5.0-10.0 ans,"score=2,idx=7923,zone=6780",428,OK,
0001766502,CHWY,2023,0001766502_CHWY_FY2023_10K.html,,"January 28, 2024",equipment,Property and equipment are stated at cost less accumulated depreciation and amortization. Internal-use software costs are amortized using the straight-line method over the estimated useful life of the software when the project is substantially complete and ready for its intended use.,,,No,,Not disclosed,,Not disclosed,,0,significant_accounting_policies,2. Basis of Presentation and Significant Accounting Policies,3,True,3.0-5.0 ans | 5.0-10.0 ans,"score=2,idx=8440,zone=7513",450,OK,
0001766502,CHWY,2024,0001766502_CHWY_FY2024_10K.html,,"February 2, 2025",equipment,Property and equipment are stated at cost less accumulated depreciation and amortization. Internal-use software costs are amortized using the straight-line method over the estimated useful life of the software when the project is substantially complete and ready for its intended use.,,,No,,Not disclosed,,Not disclosed,,0,significant_accounting_policies,2. Basis of Presentation and Significant Accounting Policies,3,True,3.0-5.0 ans | 5.0-10.0 ans,"score=2,idx=8162,zone=7868",462,OK,
0001768267,CRNC,2019,0001768267_CRNC_FY2019_10K.html,,"September 30, 2019",equipment,"Depreciation expense for the years ended September 30, 2019, 2018, and 2017 was $6.2 million, $7.7 million, and $5.0 million, respectively, which included amortization expense of $2.7 million, $4.2 million, and $3.0 million, respectively, for internally developed software costs.",,,No,,"Connected services gross profit under ASC 606 for fiscal year 2019 is $0.7 million lower compared to connected services gross profit for the same period presented under ASC 605. Under ASC 605, connected services gross profit increased $14.5 million , or 53.0% , from $27.3 million to $41.8 million which was primarily due to connected servi ces revenue growth on relatively fixed cloud infrastructure and employee costs.",MD&A (Item 7),"In August 2018, the FASB issued ASU 2018-15, “Intangibles—Goodwill and Other—Internal-Use Software (Subtopic 350-40):Customer’s Accounting for Implementation Costs Incurred in a Cloud Computing Arrangement That Is a Service Contract” , which is effective for fiscal years beginning after December 15, 2019, and interim periods within those fiscal years, with early adoption permitted. The guidance requires that implementation costs related to a hosting arrangement that is a service contract be capitalized and amortized over the term of the hosting arrangement, starting when the module or component of the hosting arrangement is ready for its intended use. The guidance will be applied retrospectively to each period presented. We do not expect the implementation to have a material impact on our combined financial statements.",,0,significant_accounting_policies,"8. Accounts Receivable, Net",3,False,,"score=4,idx=7444,zone=10548",613,OK,
0001768267,CRNC,2020,0001768267_CRNC_FY2020_10K.html,,"September 30, 2020",equipment,"Depreciation expense for the years ended September 30, 2020, 2019, and 2018 was $9.2 million, $6.2 million, and $7.7 million, respectively, which included amortization expense of $3.1 million, $2.7 million, and $4.2 million, respectively, for internally developed software costs.",,,No,,"Connected services gross profit increased $23.3 million, or 56.5%, from $41.1 million to $64.4 million which was primarily due to connected services revenue growth on relatively fixed cloud infrastructure costs.",MD&A (Item 7),"In August 2018, the FASB issued ASU No. 2018-15, Intangibles—Goodwill and Other—Internal-Use Software (Subtopic 350-40): Customer’s Accounting for Implementation Costs Incurred in a Cloud Computing Arrangement That Is a Service Contract , (“ASU 2018-15”), which is effective for fiscal years beginning after December 15, 2019, and interim periods within those fiscal years, with early adoption permitted. The guidance requires that implementation costs related to a hosting arrangement that is a service contract be capitalized and amortized over the term of the hosting arrangement, starting when the module or component of the hosting arrangement is ready for its intended use. The adoption of ASU 2018-15 did not have a material impact on our consolidated financial statements during fiscal year 2020. ||| Intangibles—Goodwill and Other—Internal-Use Software (Subtopic 350-40): Customer’s Accounting for Implementation Costs Incurred in a Cloud Computing Arrangement That Is a Service Contract",,0,significant_accounting_policies,"9. Accounts Receivable, Net",3,False,,"score=4,idx=8348,zone=14810",798,OK,
0001768267,CRNC,2021,0001768267_CRNC_FY2021_10K.html,,2021-09-30,equipment,"Depreciation expense for the fiscal years ended September 30, 2021, 2020, and 2019 was $9.5 million, $9.2 million, and $6.2 million, respectively, which included amortization expense of $3.4 million, $3.1 million, and $2.7 million, respectively, for internally developed software costs.",,,No,,"Cost of connected services revenue for fiscal year 2021 was $25.7 million, a decrease of $6.1 million, or 19.0%, from $31.8 million for fiscal year 2020. Cost of connected services revenue decreased primarily due to a $1.8 million decrease in salary-related expenditures, $1.8 million decrease in third-party contractor costs, $1.7 million decrease from lower internal allocated labor, $1.7 million decrease in depreciation costs, $0.7 million decrease in cloud infrastructure costs and $0.5 million decrease in stock-based compensation. These decreases were partly offset by a $3.2 million increase in amortization of costs previously deferred. As a percentage of total cost of revenue, cost of connected service revenue decreased by 4.0 percentage points from 29.5% for fiscal year 2020 to 25.5% for fiscal year 2021.",MD&A (Item 7),Not disclosed,,0,ppe_note,"9. Property and Equipment, Net",3,False,,"score=4,idx=11327,zone=15246",743,OK,
0001768267,CRNC,2022,0001768267_CRNC_FY2022_10K.html,,2022-11-22,equipment,"Depreciation expense for the fiscal years ended September 30, 2022, 2021, and 2020 was $ 9.4 million, $ 9.5 million, and $ 9.2 million, respectively, which included amortization expense of $ 3.7 million, $ 3.4 million, and $ 3.1 million, respectively, for internally developed software costs.",,,No,,"Cost of connected services revenue for fiscal year 2022 was $22.7 million, a decrease of $3.0 million, or 11.7%, from $25.7 million for fiscal year 2021. Cost of connected services revenue decreased primarily due to a $1.8 million decrease in salary-related expenditures, $1.3 million decrease in amortization of costs previously deferred, $0.4 million decrease in internal allocated labor costs, $0.4 million decrease in stock-based compensation offset by a $2.0 million increase in our cloud infrastructure costs. As a percentage of total cost of revenue, cost of connected service revenue decreased by 2.1 percentage points from 25.5% for fiscal year 2021 to 23.4% for fiscal year 2022.",MD&A (Item 7),Not disclosed,,0,notes_to_financials,7. Goodwill and Intangible Assets,2,False,,"score=4,idx=12345,zone=20758",981,OK,
0001768267,CRNC,2023,0001768267_CRNC_FY2023_10K.html,,2023-12-31,"Equipment, Machinery and equipment, Furniture and fixtures","Property and Equipment, Net Property and equipment, net consisted of the following (dollars in thousands): Useful Life September 30, (In years) 2023 2022 Machinery and equipment 3 - 5 $ 12,391 $ 10,800 Computers, software and equipment 3 - 5 62,151 61,566 Leasehold improvements 2 - 15 10,378 10,110 Furniture and fixtures 5 - 7 3,736 3,554 Finance leases 3,427 3,425 Construction in progress 2,296 — Subtotal 94,379 89,455 Less: accumulated depreciation ( 60,366 ) ( 51,748 ) Total $ 34,013 $ 37,707 85 As of September 30, 2023 and 2022, the net book value o f capitalized internal-use software costs was $ 17.2 million and $ 21.2 million, respectively, which are included within computers, software, and equipment.",,,No,,"Cost of connected services revenue for fiscal year 2023 was $23.0 million, an increase of $0.3 million, or 1.2%, from $22.7 million for fiscal year 2022. Cost of connected services revenue increased primarily due to a $0.3 million increase in our cloud infrastructure costs and a $0.3 million increase from higher internal allocated labor. The increase was partially offset by a $0.7 million decrease in salary-related expenditures. As a percentage of total cost of revenue, cost of connected service revenue increased by 0.8 percentage points from 23.4% for fiscal year 2022 to 24.2% for fiscal year 2023. During the first quarter of fiscal year 2024, we will have an acceleration of approximately $2.0 million of expenses associated with the termination of the legacy contract acquired by Nuance through a 2013 acquisition.",MD&A (Item 7),Not disclosed,,0,ppe_note,"8. Property and Equipment, Net Property and equipment, net consisted of the following (dollars in thousands): Useful Life September 30, (In years) 202",3,False,,"score=4,idx=12214,zone=21584",988,OK,
0001768267,CRNC,2024,0001768267_CRNC_FY2024_10K.html,,2024-09-30,"Equipment, Machinery and equipment, Furniture and fixtures","Property and Equipment, Net Property and equipment, net consisted of the following (dollars in thousands): Useful Life September 30, (In years) 2024 2023 Machinery and equipment 3 - 5 $ 14,297 $ 12,391 Computers, software and equipment 3 - 5 65,748 62,151 Leasehold improvements 2 - 15 9,457 10,378 Furniture and fixtures 5 - 7 3,646 3,736 Finance leases 3,428 3,427 Construction in progress 1,090 2,296 Subtotal 97,666 94,379 Less: accumulated depreciation ( 67,527 ) ( 60,366 ) Total $ 30,139 $ 34,013 As of September 30, 2024 and 2023, the net book value of capitalized internal-use software costs was $ 16.9 million a nd $ 17.2 million, respectively, which are includ ed within computers, software, and equipment.",,,No,,"Cost of connected services revenue for fiscal year 2024 was $24.8 million, an increase of $1.8 million, or 7.8%, from $23.0 million for fiscal year 2023. Cost of connected services revenue increased primarily due to a $1.6 million increase in our cloud infrastructure costs and a $1.0 million increase from higher internal allocated labor. The increase was partially offset by a $0.7 million decrease in salary-related expenditures. As a percentage of total cost of revenue, cost of connected service revenue increased by 4.2 percentage points from 24.2% for fiscal year 2023 to 28.4% for fiscal year 2024.",MD&A (Item 7),Not disclosed,,0,ppe_note,"8. Property and Equipment, Net Property and equipment, net consisted of the following (dollars in thousands): Useful Life September 30, (In years) 202",3,False,,"score=4,idx=12539,zone=21377",1047,OK,
0001773383,DT,2019,0001773383_DT_FY2019_10K.html,,"March 31, 2020",Not disclosed,Not disclosed,,,No,,"We offer the market-leading software intelligence platform, purpose-built for multi-cloud environments. As enterprises embrace the cloud to effect their digital transformation, our all-in-one intelligence platform is designed to address the growing complexity faced by technology and digital business teams. Our platform utilizes artificial intelligence at its core and continuous automation to provide answers, not just data, about the performance of applications, the underlying multi-cloud infrastructure and the experience of our customers’ users. We designed our software intelligence platform to allow our customers to modernize and automate IT operations, develop and release high quality software faster, and improve user experiences for better business outcomes. As a result, as of March 31, 2020 , our products are trusted by more than 2,700 customers in over 80 countries in diverse industries such as banking, insurance, retail, manufacturing, travel and software.",MD&A (Item 7),"Enhance our strategic partner ecosystem. Our strategic partners include industry-leading system integrators, software vendors, and cloud and technology providers. We intend to continue to invest in our partner ecosystem, with a particular emphasis on expanding our strategic alliances and cloud-focused partnerships, such as AWS, Azure, Google Cloud Platform, Red Hat OpenShift, and VMware Tanzu. ||| Our strategic partners include industry-leading system integrators, software vendors, and cloud and technology providers. We intend to continue to invest in our partner ecosystem, with a particular emphasis on expanding our strategic alliances and cloud-focused partnerships, such as AWS, Azure, Google Cloud Platform, Red Hat OpenShift, and VMware Tanzu. ||| Cost of subscription . Cost of subscription revenue includes all direct costs to deliver and support our subscription products, including salaries, benefits, share-based compensation and related expenses such as employer taxes, allocated overhead for facilities, IT, third-party hosting fees related to our cloud services, and amortization of internally developed capitalized software technology. We recognize these expenses as they are incurred.",,0,unknown,,0,False,,"score=7,idx=21392,zone=14119",4,OK,
0001773383,DT,2020,0001773383_DT_FY2020_10K.html,,"March 31, 2021","capitalized software, technology","Cost of subscription revenue includes all direct costs to deliver the Company’s subscription products including salaries, benefits, share-based compensation and related expenses such as employer taxes, allocated overhead for facilities, IT, third-party hosting fees related to the Company’s cloud services, and amortization of internally developed capitalized software technology.",,,No,,"Cost of subscription revenue increased by $4.3 million, or 6%, for the year ended March 31, 2021, as compared to the year ended March 31, 2020. The increase is primarily due to higher personnel costs to support the growth of our subscription cloud-based offering of $9.7 million and cloud-based hosting costs and software subscriptions of $7.4 million. Partially offsetting this increase was lower share-based compensation of $8.3 million as well as decreases in costs for data centers closed during fiscal 2021.",MD&A (Item 7),"• Enhance our strategic partner ecosystem. Our strategic partners include industry-leading system integrators, software vendors, and cloud and technology providers. We intend to continue to invest in our partner ecosystem, with a particular emphasis on expanding our strategic alliances and cloud-focused partnerships, such as AWS, Azure, Google Cloud Platform, Red Hat OpenShift, and VMware Tanzu. ||| Our strategic partners include industry-leading system integrators, software vendors, and cloud and technology providers. We intend to continue to invest in our partner ecosystem, with a particular emphasis on expanding our strategic alliances and cloud-focused partnerships, such as AWS, Azure, Google Cloud Platform, Red Hat OpenShift, and VMware Tanzu. ||| Cost of subscription . Cost of subscription revenue includes all direct costs to deliver and support our subscription products, including salaries, benefits, share-based compensation and related expenses such as employer taxes, allocated overhead for facilities, IT, third-party hosting fees related to our cloud services, and amortization of internally developed capitalized software technology. We recognize these expenses as they are incurred.",,0,significant_accounting_policies,"5. Recognition of revenue when, or as a performance obligation is satisfied",3,True,3.0-5.0 ans | 5.0-10.0 ans,"score=5,idx=8387,zone=7843",532,OK,
0001773383,DT,2021,0001773383_DT_FY2021_10K.html,,2022-03-31,"capitalized software, technology","Cost of subscription revenue includes all direct costs to deliver the Company’s subscription products including salaries, benefits, share-based compensation and related expenses such as employer taxes, third-party hosting fees related to the Company’s cloud services, allocated overhead for facilities, IT, and amortization of internally developed capitalized software technology.",,,No,,"Cost of subscription revenue increased by $4.3 million, or 6%, for the year ended March 31, 2021, as compared to the year ended March 31, 2020. The increase is primarily due to higher personnel costs to support the growth of our subscription cloud-based offering of $9.7 million and cloud-based hosting costs and software subscriptions of $7.4 million. Partially offsetting this increase was lower share-based compensation of $8.3 million as well as decreases in costs for data centers closed during fiscal 2021.",MD&A (Item 7),"• Enhance our strategic partner ecosystem. Our strategic partners include industry-leading global system integrators, software vendors, and cloud and technology providers. We intend to continue to invest in our partner ecosystem, with a particular emphasis on expanding our strategic alliances and cloud-focused partnerships with global system integrators, including Deloitte and DXC, and hyperscale cloud providers, including AWS, Microsoft Azure, Google Cloud Platform, and Red Hat. ||| Our strategic partners include industry-leading global system integrators, software vendors, and cloud and technology providers. We intend to continue to invest in our partner ecosystem, with a particular emphasis on expanding our strategic alliances and cloud-focused partnerships with global system integrators, including Deloitte and DXC, and hyperscale cloud providers, including AWS, Microsoft Azure, Google Cloud Platform, and Red Hat. ||| Cost of subscription . Cost of subscription revenue includes all direct costs to deliver and support our subscription products, including salaries, benefits, share-based compensation and related expenses such as employer taxes, third-party hosting fees related to our cloud services, allocated overhead for facilities, IT, and amortization of internally developed capitalized software technology. We recognize these expenses as they are incurred.",,0,significant_accounting_policies,"5. Recognition of revenue when, or as a performance obligation is satisfied",3,False,,"score=5,idx=7652,zone=6785",480,OK,
0001773383,DT,2022,0001773383_DT_FY2022_10K.html,,2023-03-31,"capitalized software, technology","Cost of subscription revenue includes all direct costs to deliver the Company’s subscription products including salaries, benefits, share-based compensation and related expenses such as employer taxes, third-party hosting fees related to the Company’s cloud services, allocated overhead for facilities, IT, and amortization of internally developed capitalized software technology.",,,No,,Not disclosed,,"We take Dynatrace® to market through a combination of our global direct sales team and a network of partners, including global system integrators, cloud providers (such as AWS, Azure, and GCP), resellers and technology alliance partners. We target the largest 15,000 global enterprise accounts, which generally have annual revenues in excess of $1 billion, which we believe see more value from our integrated full-stack platform. ||| Cost of subscription . Cost of subscription revenue includes all direct costs to deliver and support our subscription products, including salaries, benefits, share-based compensation and related expenses such as employer taxes, third-party hosting fees related to our cloud services, allocated overhead for facilities, IT, and amortization of internally developed capitalized software technology. We recognize these expenses as they are incurred. ||| . Cost of subscription revenue includes all direct costs to deliver and support our subscription products, including salaries, benefits, share-based compensation and related expenses such as employer taxes, third-party hosting fees related to our cloud services, allocated overhead for facilities, IT, and amortization of internally developed capitalized software technology. We recognize these expenses as they are incurred.",,0,significant_accounting_policies,"5. Recognition of revenue when, or as a performance obligation is satisfied",3,False,,"score=5,idx=7779,zone=6852",455,OK,
0001773383,DT,2023,0001773383_DT_FY2023_10K.html,,2024-03-31,"equipment, capitalized software, technology","Cost of subscription revenue includes all direct costs to deliver the Company’s subscription products including salaries, benefits, share-based compensation and related expenses, such as employer taxes, third-party hosting fees related to the Company’s cloud services, allocated overhead for depreciation of equipment, facilities, IT, and amortization of internally developed capitalized software technology.",,,No,,Not disclosed,,"Cost of subscription . Cost of subscription revenue includes all direct costs to deliver and support our subscription products, including salaries, benefits, bonuses, share-based compensation and related expenses such as employer taxes, third-party hosting fees related to our cloud services, allocated overhead for depreciation of equipment, facilities, and IT, and amortization of internally developed capitalized software technology. We recognize these expenses as they are incurred. ||| . Cost of subscription revenue includes all direct costs to deliver and support our subscription products, including salaries, benefits, bonuses, share-based compensation and related expenses such as employer taxes, third-party hosting fees related to our cloud services, allocated overhead for depreciation of equipment, facilities, and IT, and amortization of internally developed capitalized software technology. We recognize these expenses as they are incurred.",,0,significant_accounting_policies,"5. Recognition of revenue when, or as a performance obligation is satisfied",3,False,,"score=5,idx=7693,zone=7047",482,OK,
0001773383,DT,2024,0001773383_DT_FY2024_10K.html,,2025-03-31,"Computer equipment, Furniture and fixtures, equipment","March 31, 2025 2024 Computer equipment and software $ 37,841 $ 33,591 Furniture and fixtures 19,815 15,334 Leasehold improvements 58,627 45,742 Other 12,584 9,990 Total property and equipment 128,867 104,657 Less: accumulated depreciation and amortization (67,345) (51,332) Property and equipment, net $ 61,522 $ 53,325",,,No,,Not disclosed,,"• Extend our technology and market leadership position. We intend to maintain our position as a leading AI-powered observability platform through increased investment in research and development, and innovation. We plan to expand the functionality of our end-to-end Dynatrace platform and invest in capabilities that address new market opportunities. For example, in fiscal 2026, we believe we are well positioned to grow our next generation log analytics offering, which integrates logs, traces, metrics, and other core observability and security data types into a single platform, providing customers with greater value than legacy log management solutions that are viewed as too expensive, providing too little value, or largely operating independently from existing monitoring tools. We also plan to evolve our AI capabilities to drive differentiation, with a focus on evolving into an agentic AI platform that can act autonomously to make decisions and take actions without human intervention. We believe this strategy will enable new growth opportunities and allow us to deliver differentiated high-value outcomes to our customers. ||| We intend to maintain our position as a leading AI-powered observability platform through increased investment in research and development, and innovation. We plan to expand the functionality of our end-to-end Dynatrace platform and invest in capabilities that address new market opportunities. For example, in fiscal 2026, we believe we are well positioned to grow our next generation log analytics offering, which integrates logs, traces, metrics, and other core observability and security data types into a single platform, providing customers with greater value than legacy log management solutions that are viewed as too expensive, providing too little value, or largely operating independently from existing monitoring tools. We also plan to evolve our AI capabilities to drive differentiation, with a focus on evolving into an agentic AI platform that can act autonomously to make decisions and take actions without human intervention. We believe this strategy will enable new growth opportunities and allow us to deliver differentiated high-value outcomes to our customers. ||| Cost of subscription . Cost of subscription revenue includes all direct costs to deliver and support our subscription products, including salaries, benefits, bonuses, share-based compensation and related expenses such as employer taxes, third-party hosting fees related to our cloud services, allocated overhead for depreciation, facilities, and IT, and amortization of internally developed capitalized software technology. We recognize these expenses as they are incurred.",,0,ppe_note,"7. Property and Equipment, Net",3,False,,"score=5,idx=8386,zone=7656",513,OK,
