firm_cik,firm_ticker,fiscal_year,filename,filing_date,period_end_date,asset_category,useful_life_text,useful_life_min_years,useful_life_max_years,policy_change,policy_change_text,ai_infra_text,ai_infra_source,segment_ai_text,hardware_mentions,hardware_count,source_section,section_title,confidence,ambiguity_flag,ambiguity_detail,item8_method,item8_segment_count,extraction_status,error_message
0000913760,SNEX,2013,0000913760_SNEX_FY2013_10K.html,,"September 30, 2013",equipment,"Property and equipment is stated at cost, net of accumulated depreciation and amortization and depreciated using the straight-line method over the estimated useful lives of the assets. Certain costs of software developed or obtained for internal use are capitalized and amortized over the estimated useful life of the software. When property and equipment are retired, sold, or otherwise disposed of, the asset’s carrying amount and related accumulated depreciation are removed from the accounts and any gain or loss is included in earnings.",,,No,,Not disclosed,,Not disclosed,,0,significant_accounting_policies,Note 4,3,False,,"score=7,idx=16426,zone=33661",1241,OK,
0000913760,SNEX,2014,0000913760_SNEX_FY2014_10K.html,,,equipment,"Property and equipment is stated at cost, net of accumulated depreciation and amortization and depreciated using the straight-line method over the estimated useful lives of the assets. Certain costs of software developed or obtained for internal use are capitalized and amortized over the estimated useful life of the software. When property and equipment are retired, sold, or otherwise disposed of, the asset’s carrying amount and related accumulated depreciation are removed from the accounts and any gain or loss is included in earnings.",,,No,,Not disclosed,,Not disclosed,,0,significant_accounting_policies,Note 3,3,False,,"score=7,idx=17819,zone=30877",1179,OK,
0000913760,SNEX,2015,0000913760_SNEX_FY2015_10K.html,,,equipment,"Property and equipment is stated at cost, net of accumulated depreciation and amortization and depreciated using the straight-line method over the estimated useful lives of the assets. Certain costs of software developed or obtained for internal use are capitalized and amortized over the estimated useful life of the software. When property and equipment are retired, sold, or otherwise disposed of, the asset’s carrying amount and related accumulated depreciation are removed from the accounts and any gain or loss is included in earnings.",,,No,,Not disclosed,,Not disclosed,,0,significant_accounting_policies,Note 3,3,False,,"score=7,idx=17514,zone=31338",1198,OK,
0000913760,SNEX,2016,0000913760_SNEX_FY2016_10K.html,,,equipment,"Property and equipment is stated at cost, net of accumulated depreciation and amortization and depreciated using the straight-line method over the estimated useful lives of the assets. Certain costs of software developed or obtained for internal use are capitalized and amortized over the estimated useful life of the software. When property and equipment are retired, sold, or otherwise disposed of, the asset’s carrying amount and related accumulated depreciation are removed from the accounts and any gain or loss is included in earnings.",,,No,,Not disclosed,,Not disclosed,,0,significant_accounting_policies,Note 3,3,False,,"score=7,idx=21293,zone=29531",1147,OK,
0000913760,SNEX,2017,0000913760_SNEX_FY2017_10K.html,,,equipment,"Property and equipment is stated at cost, net of accumulated depreciation and amortization and depreciated using the straight-line method over the estimated useful lives of the assets. Certain costs of software developed or obtained for internal use are capitalized and amortized over the estimated useful life of the software. When property and equipment are retired, sold, or otherwise disposed of, the asset’s carrying amount and related accumulated depreciation are removed from the accounts and any gain or loss is included in earnings.",,,No,,Not disclosed,,Not disclosed,,0,significant_accounting_policies,Note 4,3,False,,"score=7,idx=21843,zone=28936",1152,OK,
0000913760,SNEX,2018,0000913760_SNEX_FY2018_10K.html,,,equipment,"Property and equipment is stated at cost, net of accumulated depreciation and amortization and depreciated using the straight-line method over the estimated useful lives of the assets. Certain costs of software developed or obtained for internal use are capitalized and amortized over the estimated useful life of the software. When property and equipment are retired, sold, or otherwise disposed of, the asset’s carrying amount and related accumulated depreciation are removed from the accounts and any gain or loss is included in earnings.",,,No,,Not disclosed,,"In August 2018, the Financial Accounting Standards Board (“FASB”) issued Accounting Standards Update (“ASU”) 2018-15, “Intangibles - Goodwill and Other - Internal-Use Software (Subtopic 350-40): Customer’s Accounting for Implementation Costs Incurred in a Cloud Computing Arrangement That Is a Service Contract”, which clarifies that implementation costs incurred by customers in cloud computing arrangements are deferred if they would be capitalized by customers in software licensing arrangements under the internal-use software guidance. This ASU is effective for public business entities for annual",,0,significant_accounting_policies,Note 3,3,False,,"score=7,idx=22431,zone=28766",1181,OK,
0000913760,SNEX,2019,0000913760_SNEX_FY2019_10K.html,,,equipment,"Property and equipment is stated at cost, net of accumulated depreciation and amortization and depreciated using the straight-line method over the estimated useful lives of the assets. Certain costs of software developed or obtained for internal use are capitalized and amortized over the estimated useful life of the software. When property and equipment are retired, sold, or otherwise disposed of, the asset’s carrying amount and related accumulated depreciation are removed from the accounts and any gain or loss is included in earnings.",,,No,,"In February 2016, the FASB issued ASU No. 2016-02, “Leases (Topic 842)”, which supersedes ASC 840, “Leases”. In July 2018, the FASB issued ASU No. 2018-10, “Codification Improvements to Topic 842, Leases” and ASU No. 2018-11, “Leases (Topic 842) Targeted Improvements”. ASU 2018-10 provides certain amendments that affect narrow aspects of the guidance issued in ASU 2016-02. ASU 2018-11 allows all entities adopting Topic 842 to choose an additional (and optional) transition method of adoption, under which an entity initially applies the new leases standard at the adoption date and recognizes a cumulative-effect adjustment to the opening balance of retained earnings in the period of adoption. We adopted this guidance on October 1, 2019 using the effective date transition method. We recognized and measured all leases that exist at the effective date using a modified retrospective transition approach. As a lessee under operating leases, we recognized on the consolidated balance sheets all leases with terms exceeding one year, which resulted in the recognition of a right of use asset and corresponding lease liability. The Company does not currently have any leases classified as financing leases. The right of use asset and lease liability were initially measured using the present value of the remaining lease payments. The Company primarily leases office space and data centers that are subject to the new guidance in Topic 842. The Company has elected the package of transitional practical expedients available under Topic 842. The impact of Topic 842 did not have a material impact on our consolidated financial statements.",MD&A (Item 7),Not disclosed,,0,significant_accounting_policies,Note 4,3,False,,"score=7,idx=22387,zone=31745",1358,OK,
0000913760,SNEX,2020,0000913760_SNEX_FY2020_10K.html,,2020-09-30,"software development costs are amortized over the useful life of the software, which the Company estimates at","Capitalized software development costs are amortized over the useful life of the software, which the Company estimates at three years.",3.0,,Not disclosed,,Not disclosed,,Not disclosed,,0,significant_accounting_policies,Note 1 – Description of Business and Significant Accounting Policies,3,False,,"score=5,idx=17877,zone=16938",1055,ERROR,'<' not supported between instances of 'NoneType' and 'float'
0000913760,SNEX,2021,0000913760_SNEX_FY2021_10K.html,,2021-09-30,"software development costs are amortized over the useful life of the software, which the Company estimates at","Capitalized software development costs are amortized over the useful life of the software, which the Company estimates at three years.",3.0,,Not disclosed,,Not disclosed,,Not disclosed,,0,significant_accounting_policies,Note 1 – Description of Business and Significant Accounting Policies,3,False,,"score=5,idx=19011,zone=16903",1103,ERROR,'<' not supported between instances of 'NoneType' and 'float'
0000913760,SNEX,2022,0000913760_SNEX_FY2022_10K.html,,2022-10-31,"software development costs are amortized over the useful life of the software, which the Company generally estimates at","Capitalized software development costs are amortized over the useful life of the software, which the Company generally estimates at three years.",3.0,,Not disclosed,,Not disclosed,,Not disclosed,,0,significant_accounting_policies,Note 1 – Description of Business and Significant Accounting Policies,3,False,,"score=5,idx=17960,zone=16729",1058,ERROR,'<' not supported between instances of 'NoneType' and 'float'
0000913760,SNEX,2023,0000913760_SNEX_FY2023_10K.html,,2023-11-07,"software development costs are amortized over the useful life of the software, which the Company generally estimates at","Capitalized software development costs are amortized over the useful life of the software, which the Company generally estimates at three years.",3.0,,Not disclosed,,Not disclosed,,Not disclosed,,0,significant_accounting_policies,Note 1 – Description of Business and Significant Accounting Policies,3,False,,"score=5,idx=17463,zone=17042",971,ERROR,'<' not supported between instances of 'NoneType' and 'float'
0000913760,SNEX,2024,0000913760_SNEX_FY2024_10K.html,,2024-09-30,"software development costs are amortized over the useful life of the software, which the Company generally estimates at","Capitalized software development costs are amortized over the useful life of the software, which the Company generally estimates at three years.",3.0,,Not disclosed,,Not disclosed,,Not disclosed,,0,significant_accounting_policies,Note 1 – Description of Business and Significant Accounting Policies,3,False,,"score=5,idx=17926,zone=16929",969,ERROR,'<' not supported between instances of 'NoneType' and 'float'
0000927628,COF,2013,0000927628_COF_FY2013_10K.html,,"December 31, 2013",Not disclosed,Not disclosed,,,No,,Not disclosed,,Not disclosed,,0,unknown,,0,False,,"score=4,idx=49936,zone=71924",1507,OK,
0000927628,COF,2014,0000927628_COF_FY2014_10K.html,,,equipment,"Premises and equipment, including leasehold improvements, are carried at cost less accumulated depreciation and amortization. Useful lives for premises and equipment are estimated as follows:",,,No,,Not disclosed,,Not disclosed,,0,significant_accounting_policies,Note 4—Loans,3,True,3.0-7.0 ans | 3.0-10.0 ans,"score=4,idx=65221,zone=88212",2336,OK,
0000927628,COF,2015,0000927628_COF_FY2015_10K.html,,"December 31, 2015",equipment,"Premises and equipment, including leasehold improvements, are carried at cost less accumulated depreciation and amortization. Useful lives for premises and equipment are estimated as follows:",,,No,,Not disclosed,,Not disclosed,,0,significant_accounting_policies,Note 5—Loans,3,True,3.0-7.0 ans | 3.0-10.0 ans,"score=4,idx=60454,zone=87189",2311,OK,
0000927628,COF,2016,0000927628_COF_FY2016_10K.html,,"December 31, 2016",equipment,"Premises and equipment, including leasehold improvements, are carried at cost less accumulated depreciation and amortization. Useful lives for premises and equipment are estimated as follows:",,,No,,Not disclosed,,AWS: Amazon Web Services,,0,significant_accounting_policies,Note 4—Loans,3,True,3.0-5.0 ans | 3.0-10.0 ans,"score=3,idx=59363,zone=88528",2268,OK,
0000927628,COF,2017,0000927628_COF_FY2017_10K.html,,"December 31, 2017",equipment,"Premises and equipment, including leasehold improvements, are carried at cost less accumulated depreciation and amortization. Useful lives for premises and equipment are estimated as follows:",,,No,,Not disclosed,,Not disclosed,,0,significant_accounting_policies,Note 4—Loans,3,True,3.0-5.0 ans | 3.0-10.0 ans,"score=3,idx=63055,zone=80873",2035,OK,
0000927628,COF,2018,0000927628_COF_FY2018_10K.html,,2018-12-31,equipment,"Premises and equipment, including leasehold improvements, are carried at cost less accumulated depreciation and amortization. Useful lives for premises and equipment are estimated as follows:",,,Not disclosed,,Not disclosed,,Not disclosed,,0,significant_accounting_policies,Note 5—Allowance for Loan and Lease Losses and Reserve for Unfunded Lending Commitments,3,False,,"score=3,idx=71585,zone=79537",2030,ERROR,'<' not supported between instances of 'NoneType' and 'float'
0000927628,COF,2019,0000927628_COF_FY2019_10K.html,,2019-12-31,Not disclosed,Not disclosed,,,No,,Not disclosed,,"Cloud Computing ASU No. 2018-15, Intangibles—Goodwill and Other—Internal-Use Software (Subtopic 350-40): Customer’s Accounting for Implementation Costs Incurred in a Cloud Computing Arrangement That Is a Service Contract Issued August 2018 ||| Standard Guidance Adoption Timing and Financial Statements Impacts Cloud Computing ASU No. 2018-15, Intangibles—Goodwill and Other—Internal-Use Software (Subtopic 350-40): Customer’s Accounting for Implementation Costs Incurred in a Cloud Computing Arrangement That Is a Service Contract Issued August 2018 Aligns the requirements for capitalizing implementation costs incurred in a hosting arrangement that is a service contract with the requirements for capitalizing implementation costs incurred to develop or obtain internal-use software (and hosting arrangements that include an internal-use software license). We adopted this guidance in the first quarter of 2020 using the prospective method of adoption. Our adoption of this standard did not have a material impact on our consolidated financial statements. Goodwill Impairment Test Simplification ASU No. 2017-04, Intangibles—Goodwill and Other (Topic 350): Simplifying the Test for Goodwill Impairment Issued January 2017 Eliminates the second step from the current goodwill impairment test. Under the current guidance, the first step compares a reporting unit’s carrying value to its fair value. If the carrying value exceeds fair value, an entity performs the second step, which assigns the reporting unit’s fair value to its assets and liabilities, including unrecognized assets and liabilities, in the same manner as required in purchase accounting. Under the new guidance, any impairment of a reporting unit’s goodwill is determined based on the amount by which the reporting unit’s carrying value exceeds its fair value, limited to the amount of goodwill allocated to the reporting unit. We adopted this guidance in the first quarter of 2020 using the prospective method of adoption. Our adoption of this standard did not have a material impact on our consolidated financial statements. ||| ASU No. 2018-15, Intangibles—Goodwill and Other—Internal-Use Software (Subtopic 350-40): Customer’s Accounting for Implementation Costs Incurred in a Cloud Computing Arrangement That Is a Service Contract",,0,unknown,,0,False,,"score=2,idx=144941,zone=2123",155,OK,
0000927628,COF,2020,0000927628_COF_FY2020_10K.html,,2020-12-31,equipment,"Premises and equipment, including leasehold improvements, are carried at cost less accumulated depreciation and amortization. Useful lives for premises and equipment are estimated as follows:",,,Not disclosed,,Not disclosed,,Not disclosed,,0,significant_accounting_policies,NOTE 20—RELATED PARTY TRANSACTIONS,3,False,,"score=2,idx=47941,zone=41837",3458,ERROR,'<' not supported between instances of 'NoneType' and 'float'
0000927628,COF,2021,0000927628_COF_FY2021_10K.html,,2021-12-31,equipment,"Premises and equipment, including leasehold improvements, are carried at cost less accumulated depreciation and amortization. Useful lives for premises and equipment are estimated as follows:",,,Not disclosed,,Not disclosed,,Not disclosed,,0,significant_accounting_policies,NOTE 20—RELATED PARTY TRANSACTIONS,3,False,,"score=2,idx=38901,zone=40318",3359,ERROR,'<' not supported between instances of 'NoneType' and 'float'
0000927628,COF,2022,0000927628_COF_FY2022_10K.html,,2025-12-31,equipment,"Premises and equipment, including leasehold improvements, are carried at cost less accumulated depreciation and amortization. Useful lives for premises and equipment are estimated as follows:",,,Not disclosed,,Not disclosed,,Not disclosed,,0,significant_accounting_policies,NOTE 20—RELATED PARTY TRANSACTIONS,3,False,,"score=2,idx=39126,zone=39936",3349,ERROR,'<' not supported between instances of 'NoneType' and 'float'
0000927628,COF,2023,0000927628_COF_FY2023_10K.html,,2025-12-31,equipment,"Premises and equipment, including leasehold improvements, are carried at cost less accumulated depreciation and amortization. Useful lives for premises and equipment are generally estimated as follows:",,,Not disclosed,,Not disclosed,,Not disclosed,,0,significant_accounting_policies,"4. Aggregation, Reporting and Escalation: Management collects and aggregates risks across the Company in order to support strategic decision-making an",3,False,,"score=2,idx=39791,zone=42450",3673,ERROR,'<' not supported between instances of 'NoneType' and 'float'
0000927628,COF,2024,0000927628_COF_FY2024_10K.html,,2024-12-31,equipment,"Premises and equipment, including leasehold improvements, are carried at cost less accumulated depreciation and amortization. Useful lives for premises and equipment are generally estimated as follows:",,,Not disclosed,,Not disclosed,,Not disclosed,,0,significant_accounting_policies,NOTE 21—RELATED PARTY TRANSACTIONS,3,False,,"score=2,idx=41658,zone=45399",3725,ERROR,'<' not supported between instances of 'NoneType' and 'float'
0000932696,NSIT,2013,0000932696_NSIT_FY2013_10K.html,,"December 31, 2013",equipment,"The value of the equipment held under the original capitalized lease, $3,867,000, was fully amortized prior to the equipment being returned to the lessor under the original lease terms in July 2013.",4.0,,No,,Not disclosed,,Not disclosed,,0,item_8_other,,1,False,,"fallback,idx=6941,zone=11096",386,OK,
0000932696,NSIT,2014,0000932696_NSIT_FY2014_10K.html,,"December 31, 2014",equipment,"The value of the equipment held under the original capitalized lease, $3,867,000, was fully amortized prior to the equipment being returned to the lessor under the original lease terms in July 2013.",4.0,,No,,"In North America, we hired approximately 170 sales and related teammates to build out our presence in core markets and expand our technical expertise around data center and software solutions; and",MD&A (Item 7),Not disclosed,,0,item_8_other,,1,False,,"fallback,idx=6231,zone=10780",385,OK,
0000932696,NSIT,2015,0000932696_NSIT_FY2015_10K.html,,"December 31, 2015",Not disclosed,Not disclosed,,,No,,Not disclosed,,Not disclosed,,0,unknown,,0,False,,"fallback,idx=6102,zone=10582",378,OK,
0000932696,NSIT,2016,0000932696_NSIT_FY2016_10K.html,,"December 31, 2016",Not disclosed,Not disclosed,,,No,,"We continued to help clients assess and migrate to the Cloud, either through hybrid Cloud/data center solutions or public Cloud alternatives.",MD&A (Item 7),Not disclosed,,0,unknown,,0,False,,"fallback,idx=6417,zone=11146",409,OK,
0000932696,NSIT,2017,0000932696_NSIT_FY2017_10K.html,,"December 31, 2017",Not disclosed,Not disclosed,,,No,,"Effective January 6, 2017, we acquired Datalink Corporation
(“Datalink”), a leading provider of IT services and enterprise data center solutions based in Eden Prairie, Minnesota, for a cash purchase price of $257,456,000, which included cash and cash equivalents acquired of $76,597,000. The
acquisition was funded using cash on hand and borrowings under our revolving facility in the form of an incremental Term Loan A (“TLA”).",Item 8,"We were named #1 in Microsoft Azure consumption in the region for 2017; and ||| We acquired Caase.com in the third quarter, which further enhances our technical capabilities around Office 365 and Azure in the region.",,0,unknown,,0,False,,"fallback,idx=7484,zone=12520",285,OK,
0000932696,NSIT,2018,0000932696_NSIT_FY2018_10K.html,,"December 31, 2018",equipment,"Depreciation and amortization expense related to property and equipment was $21,721,000, $25,787,000 and $27,493,000 in 2018, 2017 and 2016, respectively.",,,No,,"We empower organizations of all sizes with Intelligent Technology Solutions TM and services to maximize the business value of IT in North America; Europe, the Middle East and Africa (“EMEA”); and Asia-Pacific (“APAC”). As a Fortune 500-ranked global provider of digital innovation, cloud/data center transformation, connected workforce, and supply chain optimization solutions and services, we help clients innovate and optimize their operations to run smarter. Our company is organized in the following three operating segments, which are primarily defined by their related geographies:",Item 8,"In August 2018, the Financial Accounting Standards Board (“FASB”) issued Accounting Standard Update (“ASU”) No. 2018-15, “Intangibles – Goodwill and Other – Internal-Use Software (Subtopic 350-40): Customer’s Accounting for Implementation Costs Incurred in a Cloud Computing Arrangement That Is a Service Contract.” The new standard requires that implementation costs incurred by customers in cloud computing arrangements are deferred if they would be capitalized by customers in software licensing arrangements under the internal-use software guidance. The new standard is effective for interim and annual periods beginning after December 15, 2019, and early adoption is permitted. We adopted this new standard in the fourth quarter of 2018 and applied it retrospectively. The adoption of this standard did not have a material effect on our consolidated financial statements.",,0,item_8_other,,1,False,,"fallback,idx=8849,zone=18007",767,OK,
0000932696,NSIT,2019,0000932696_NSIT_FY2019_10K.html,,2019-12-31,Not disclosed,Not disclosed,,,No,,"We empower organizations of all sizes with Intelligent Technology Solutions TM and services to maximize the business value of Information Technology (“IT”) in North America; Europe, the Middle East and Africa (“EMEA”); and Asia-Pacific (“APAC”). As a Fortune 500-ranked global provider of digital innovation, cloud/data center transformation, connected workforce, and supply chain optimization solutions, we help clients innovate and optimize their operations to run smarter. Our company is organized in the following three operating segments, which are primarily defined by their related geographies:",Item 8,Not disclosed,,0,unknown,,0,False,,"fallback,idx=10299,zone=17343",746,OK,
0000932696,NSIT,2020,0000932696_NSIT_FY2020_10K.html,,2021-01-31,Not disclosed,Not disclosed,,,No,,"We empower organizations of all sizes with Intelligent Technology Solutions TM and services to maximize the business value of Information Technology (“IT”) in North America; Europe, the Middle East and Africa (“EMEA”); and Asia-Pacific (“APAC”). As a Fortune 500-ranked global provider of digital innovation, cloud/data center transformation, connected workforce solutions, together with our supply chain optimization expertise, we help clients innovate and optimize their operations to run smarter. Our company is organized in the following three operating segments, which are primarily defined by their related geographies:",Item 8,Not disclosed,,0,unknown,,0,False,,"fallback,idx=11605,zone=16901",671,OK,
0000932696,NSIT,2021,0000932696_NSIT_FY2021_10K.html,,2022-01-01,Not disclosed,Not disclosed,,,No,,Not disclosed,,Not disclosed,,0,unknown,,0,False,,"fallback,idx=7410,zone=9385",569,OK,
0000932696,NSIT,2022,0000932696_NSIT_FY2022_10K.html,,2022-12-31,Not disclosed,Not disclosed,,,No,,"On March 11, 2020, the World Health Organization declared COVID-19 a pandemic. The pandemic has negatively impacted the global economy, disrupted global supply chains and reduced workforce participation. While we have experienced minimal negative impact of COVID-19 on our 2021 and 2022 financial results, prolonged supply constraints stemming from shortages of chips and displays resulted in sustained elevated bookings coming into and throughout the first half of 2022. While supply constraints for certain products, such as devices, have eased limitations on other products, such as data center and infrastructure products continue to result in elevated backlog. We expect our elevated backlog for data center and infrastructure products may benefit our results in the first half of 2023.",MD&A (Item 7),Not disclosed,B200,1,unknown,,0,False,,"fallback,idx=7590,zone=9381",558,OK,
0000932696,NSIT,2023,0000932696_NSIT_FY2023_10K.html,,2023-12-31,equipment,"Included within the buildings and equipment values presented above for 2023 are assets in the process of being readied for use in the amounts of approximately $11,200,000 and $1,500,000, respectively. Included within the software and buildings values presented above for 2022 are assets in the process of being readied for use in the amounts of approximately $3,532,000 and $3,346,000, respectively. Depreciation on these assets will commence, as appropriate, when they are ready for use and placed in service.",,,No,,"Selling and Administrative Expenses. Selling and administrative expenses increased $19.6 million in 2023 compared to 2022. Selling and administrative expenses also increased approximately 180 basis points as a percentage of net sales in 2023 compared to 2022. The overall net increase in expenses reflects a $7.3 million increase in personnel costs, including teammate benefits, and a $19.8 million increase in other expenses, year over year. The increase in personnel costs reflects increases in overall teammate headcount from the acquisitions of Amdaris and SADA. The increase in other expenses is partially due to costs incurred related to a third-party data center service outage, net of recoveries of $5.0 million and an increase of $4.2 million in transformation costs incurred and paid to third parties in 2023 compared to 2022. On July 29, 2023, a third-party data center that hosts network environments for certain Insight managed services clients, experienced a security incident that resulted in a service outage at the data center. The incident did not impact any of Insights' information systems, credentials, or data. To support our clients that were impacted, the Company paid for certain equipment and services required to resolve the outage. Transformation costs are costs we incur to transform our business to help us achieve our strategic objectives, including becoming a leading solutions integrator. We expect to continue to incur further transformation costs in 2024; however, these costs are unique in nature and are not expected to recur in the longer term. Depreciation and amortization expense also increased $6.2 million, year over year, primarily as a result of the Amdaris and SADA acquisitions. These increases were partially offset by decreases in legal and professional fees of $8.3 million and marketing costs of $3.1 million.",MD&A (Item 7),"• In December 2023, we acquired SADA to strengthen our digital transformation capabilities and accelerate the growth of our cloud services and solutions. ||| In December 2023, we acquired SADA to strengthen our digital transformation capabilities and accelerate the growth of our cloud services and solutions. ||| • a purchase commitment related to cloud services of $95.8 million that must be met by September 2029;",,0,item_8_other,,1,False,,"fallback,idx=7498,zone=10230",625,OK,
0000932696,NSIT,2024,0000932696_NSIT_FY2024_10K.html,,2024-12-31,Not disclosed,Not disclosed,,,No,,"certain other expenses. These other expenses include transformation costs, costs associated with third-party data center outages, net of recoveries, revaluation of earnout liabilities and other non-significant expenses. Our CODM uses comparisons of actual Adjusted earnings from operations against budget, forecasts and prior periods as a basis for assessing current period segment performance as well as for determining necessary resources to assign, including for determining necessary investments or reductions in resources.",Item 8,• a purchase commitment related to cloud services of $78.9 million that must be met by September 2029; ||| a purchase commitment related to cloud services of $78.9 million that must be met by September 2029;,,0,unknown,,0,False,,"fallback,idx=7952,zone=10669",632,OK,
0000933036,UPBD,2013,0000933036_UPBD_FY2013_10K.html,,"December 31, 2013",Not disclosed,Not disclosed,,,No,,Not disclosed,,Not disclosed,,0,unknown,,0,False,,"score=4,idx=15161,zone=17392",645,OK,
0000933036,UPBD,2014,0000933036_UPBD_FY2014_10K.html,,"December 31, 2014",Not disclosed,Not disclosed,,,No,,Not disclosed,,Not disclosed,,0,unknown,,0,False,,"score=4,idx=14848,zone=25100",666,OK,
0000933036,UPBD,2015,0000933036_UPBD_FY2015_10K.html,,"December 31, 2015",Not disclosed,Not disclosed,,,No,,Not disclosed,,Not disclosed,,0,unknown,,0,False,,"score=4,idx=14574,zone=18355",679,OK,
0000933036,UPBD,2016,0000933036_UPBD_FY2016_10K.html,,"December 31, 2016",Not disclosed,Not disclosed,,,No,,Not disclosed,,Not disclosed,,0,unknown,,0,False,,"score=4,idx=14038,zone=17530",777,OK,
0000933036,UPBD,2017,0000933036_UPBD_FY2017_10K.html,,"December 31, 2017",Not disclosed,Not disclosed,,,No,,Not disclosed,,Not disclosed,,0,unknown,,0,False,,"score=4,idx=14267,zone=17955",805,OK,
0000933036,UPBD,2018,0000933036_UPBD_FY2018_10K.html,,"December 31, 2018",Not disclosed,Not disclosed,,,No,,Not disclosed,,"Intangibles - Goodwill and Other - Internal-Use Software (Subtopic 350-40); Customer's Accounting for Implementation Costs Incurred in a Cloud Computing Arrangement, ||| which requires implementation costs incurred by customers in cloud computing arrangements (CCAs) to be deferred and recognized over the term of the arrangement, if those costs would be capitalized by the customer in a software licensing agreement under the internal-use software guidance in ASC 350-40. The adoption of ASU 2018-15 will be required for us beginning January 1, 2020, with early adoption permitted. We are currently in the process of determining our adoption date and what impact the adoption of this ASU will have on our financial statements. ||| In August 2018, the FASB issued ASU 2018-15, Intangibles - Goodwill and Other - Internal-Use Software (Subtopic 350-40); Customer's Accounting for Implementation Costs Incurred in a Cloud Computing Arrangement, which requires implementation costs incurred by customers in cloud computing arrangements (CCAs) to be deferred and recognized over the term of the arrangement, if those costs would be capitalized by the customer in a software licensing agreement under the internal-use software guidance in ASC 350-40. The adoption of ASU 2018-15 will be required for us beginning January 1, 2020, with early adoption permitted. We are currently in the process of determining our adoption date and what impact the adoption of this ASU will have on our financial statements.",,0,unknown,,0,False,,"score=4,idx=13869,zone=18810",816,OK,
0000933036,UPBD,2019,0000933036_UPBD_FY2019_10K.html,,"December 31, 2019",Not disclosed,Not disclosed,,,No,,Not disclosed,,"In August 2018, the FASB issued ASU 2018-15, Intangibles - Goodwill and Other - Internal-Use Software (Subtopic 350-40); Customer's Accounting for Implementation Costs Incurred in a Cloud Computing Arrangement, which requires implementation costs incurred by customers in cloud computing arrangements (CCAs) to be deferred and recognized over the term of the arrangement, if those costs would be capitalized by the customer in a software licensing agreement under the internal-use software guidance in ASC 350-40. The adoption of ASU 2018-15 will be required for us beginning January 1, 2020. We do not believe this ASU will have a material impact on our financial statements upon adoption. ||| Intangibles - Goodwill and Other - Internal-Use Software (Subtopic 350-40); Customer's Accounting for Implementation Costs Incurred in a Cloud Computing Arrangement, ||| which requires implementation costs incurred by customers in cloud computing arrangements (CCAs) to be deferred and recognized over the term of the arrangement, if those costs would be capitalized by the customer in a software licensing agreement under the internal-use software guidance in ASC 350-40. The adoption of ASU 2018-15 will be required for us beginning January 1, 2020. We do not believe this ASU will have a material impact on our financial statements upon adoption.",,0,unknown,,0,False,,"score=4,idx=15742,zone=20838",890,OK,
0000933036,UPBD,2020,0000933036_UPBD_FY2020_10K.html,,"December 31, 2020",Not disclosed,Not disclosed,,,No,,Not disclosed,,"In August 2018, the FASB issued ASU 2018-15, Intangibles - Goodwill and Other - Internal-Use Software (Subtopic 350-40); Customer's Accounting for Implementation Costs Incurred in a Cloud Computing Arrangement, which requires implementation costs incurred by customers in cloud computing arrangements to be deferred and recognized over the term of the arrangement, if those costs would be capitalized by the customer in a software licensing agreement under the internal-use software guidance in ASC 350-40. We adopted ASU 2018-15 beginning January 1, 2020, using a prospective approach. Following our adoption of this ASU, deferred implementation costs related to cloud computing arrangements are recorded to prepaid expenses and other assets in our condensed consolidated balance sheet and subsequently amortized to other store expenses in our condensed consolidated statement of operations. Impacts to our financial statements resulting from the adoption of this ASU were immaterial to our financial statements for the twelve months ended December 31, 2020. ||| Intangibles - Goodwill and Other - Internal-Use Software (Subtopic 350-40); Customer's Accounting for Implementation Costs Incurred in a Cloud Computing Arrangement, ||| which requires implementation costs incurred by customers in cloud computing arrangements to be deferred and recognized over the term of the arrangement, if those costs would be capitalized by the customer in a software licensing agreement under the internal-use software guidance in ASC 350-40. We adopted ASU 2018-15 beginning January 1, 2020, using a prospective approach. Following our adoption of this ASU, deferred implementation costs related to cloud computing arrangements are recorded to prepaid expenses and other assets in our condensed consolidated balance sheet and subsequently amortized to other store expenses in our condensed consolidated statement of operations. Impacts to our financial statements resulting from the adoption of this ASU were immaterial to our financial statements for the twelve months ended December 31, 2020.",,0,unknown,,0,False,,"score=2,idx=7552,zone=10437",649,OK,
0000933036,UPBD,2021,0000933036_UPBD_FY2021_10K.html,,2021-12-31,Not disclosed,Not disclosed,,,Yes,"The following unaudited pro forma combined results of operations present our financial results as if the acquisition of Acima had been completed on January 1, 2020. These unaudited pro forma results may not necessarily reflect the actual results of operations that would have been achieved, nor are they necessarily indicative of future results of operations. The unaudited pro forma information reflects the step-up depreciation and amortization adjustments for the fair value of the assets acquired, adjustments to stock compensation expense as a result of Aggregate Stock Consideration subject to restricted stock awards, the adjustments in interest expense due to the elimination of historical debt and placement of the new debt, and the related adjustments to the income tax provision. In addition, the pro forma net income has been adjusted to include transaction expenses and other non-recurring costs as of January 1, 2020. The unaudited pro forma financial information is as follows:",Not disclosed,,Not disclosed,,0,unknown,,0,False,,"score=2,idx=7441,zone=10858",684,OK,
0000933036,UPBD,2022,0000933036_UPBD_FY2022_10K.html,,2022-12-31,Not disclosed,Not disclosed,,,Yes,"The following unaudited pro forma combined results of operations present our financial results as if the acquisition of Acima had been completed on January 1, 2020. These unaudited pro forma results may not necessarily reflect the actual results of operations that would have been achieved, nor are they necessarily indicative of future results of operations. The unaudited pro forma information reflects the step-up and step-down depreciation and amortization adjustments for the fair value of the assets acquired, adjustments to stock compensation expense as a result of Aggregate Stock Consideration subject to restricted stock awards, the adjustments in interest expense due to the elimination of historical debt and placement of the new debt, and the related adjustments to the income tax provision. In addition, the pro forma net income has been adjusted to include transaction expenses and other non-recurring costs as of January 1, 2020. The unaudited pro forma financial information is as follows:",Not disclosed,,Not disclosed,,0,unknown,,0,False,,"score=2,idx=7429,zone=10619",670,OK,
0000933036,UPBD,2023,0000933036_UPBD_FY2023_10K.html,,2024-06-30,Not disclosed,Not disclosed,,,Yes,"The following unaudited pro forma combined results of operations present our financial results as if the acquisition of Acima had been completed on January 1, 2021. These unaudited pro forma results may not necessarily reflect the actual results of operations that would have been achieved, nor are they necessarily indicative of future results of operations. The unaudited pro forma information reflects the step-up and step-down depreciation and amortization adjustments for the fair value of the assets acquired, adjustments to stock compensation expense as a result of Aggregate Stock Consideration subject to restricted stock awards, the adjustments in interest expense due to the elimination of historical debt and placement of the new debt, and the related adjustments to the income tax provision. In addition, the pro forma net income has been adjusted to include transaction expenses and other non-recurring costs as of January 1, 2021. The unaudited pro forma financial information is as follows:",Not disclosed,,Not disclosed,,0,unknown,,0,False,,"score=2,idx=7111,zone=10415",672,OK,
0000933036,UPBD,2024,0000933036_UPBD_FY2024_10K.html,,2025-01-31,Not disclosed,Not disclosed,,,No,,Not disclosed,,Not disclosed,,0,unknown,,0,False,,"score=2,idx=6965,zone=9766",650,OK,
0000933974,AZTA,2013,0000933974_AZTA_FY2013_10K.html,,,"Computer equipment, Machinery and equipment, Furniture and fixtures, equipment","September 30, 2013 2012 Buildings and land $ 38,539 $ 55,352 Computer equipment and software 72,927 70,719 Machinery and equipment 55,375 51,813 Furniture and fixtures 10,298 10,908 Leasehold improvements 16,522 18,938 Capital projects in progress 2,098 2,614 195,759 210,344 Less accumulated depreciation and amortization (147,889 ) (145,866 ) Property, plant and equipment, net $ 47,870 $ 64,478",,,Yes,"The pro forma net income has been adjusted to reflect additional amortization and depreciation expense from the adjustments to intangible assets and property, plant and equipment as if those adjustments had been applied as of October 1, 2010.",Not disclosed,,Not disclosed,,0,ppe_note,22. Subsequent Events,3,False,,"score=3,idx=6667,zone=23127",925,OK,
0000933974,AZTA,2014,0000933974_AZTA_FY2014_10K.html,,,"Computer equipment, Machinery and equipment, Furniture and fixtures, equipment","September 30, 2014 2013 Buildings and land $ 47,639 $ 38,539 Computer equipment and software 59,962 72,240 Machinery and equipment 42,104 49,947 Furniture and fixtures 4,774 9,456 Leasehold improvements 17,771 13,937 Capital projects in progress 1,528 2,042 173,778 186,161 Less accumulated depreciation and amortization (123,595 ) (138,655 ) Property, plant and equipment, net $ 50,183 $ 47,506",,,No,,Not disclosed,,Not disclosed,,0,ppe_note,23. Subsequent Events,3,False,,"score=3,idx=7810,zone=23214",878,OK,
0000933974,AZTA,2015,0000933974_AZTA_FY2015_10K.html,,,"Computer equipment, Machinery and equipment, Furniture and fixtures, equipment","September 30, 2015 2014 Buildings and land $ 43,765 $ 47,639 Computer equipment and software 58,715 59,962 Machinery and equipment 43,185 42,104 Furniture and fixtures 5,310 4,774 Leasehold improvements 13,617 17,771 Capital projects in progress 4,427 1,528 169,019 173,778 Less accumulated depreciation and amortization (127,164 ) (123,595 ) Property, plant and equipment, net $ 41,855 $ 50,183",,,No,,Not disclosed,,Not disclosed,,0,ppe_note,22. Subsequent Events,3,False,,"score=3,idx=7640,zone=24118",1021,OK,
0000933974,AZTA,2016,0000933974_AZTA_FY2016_10K.html,,,"Computer equipment, Machinery and equipment, Furniture and fixtures, equipment","September 30, 2016 2015 Buildings and land $ 45,772 $ 43,765 Computer equipment and software 65,989 58,715 Machinery and equipment 54,896 43,185 Furniture and fixtures 5,704 5,310 Leasehold improvements 17,128 13,617 Capital projects in progress 5,428 4,427 194,917 169,019 Less accumulated depreciation and amortization (140,032 ) (127,164 ) Property, plant and equipment, net $ 54,885 $ 41,855",,,No,,Not disclosed,,Not disclosed,,0,ppe_note,23. Subsequent Events,3,False,,"score=3,idx=7552,zone=25106",1269,OK,
0000933974,AZTA,2017,0000933974_AZTA_FY2017_10K.html,,,"Computer equipment, Machinery and equipment, Furniture and fixtures, equipment","September 30, 2017 2016 Buildings and land $ 46,641 $ 45,772 Computer equipment and software 56,544 65,989 Machinery and equipment 61,173 54,896 Furniture and fixtures 4,376 5,704 Leasehold improvements 18,938 17,128 Capital projects in progress 3,013 5,428 190,685 194,917 Less accumulated depreciation and amortization (132,223) (140,032) Property, plant and equipment, net $ 58,462 $ 54,885",,,No,,Not disclosed,,Not disclosed,,0,ppe_note,"5. Property, Plant and Equipment Property, plant and equipment were as follows as of September 30, 2017 and 2016 (in thousands): September 30, 2017 20",3,False,,"score=4,idx=7835,zone=24889",808,OK,
0000933974,AZTA,2018,0000933974_AZTA_FY2018_10K.html,,,"Computer equipment, Machinery and equipment, Furniture and fixtures, equipment","September 30, 2018 2017 Buildings and land $ 47,745 $ 46,608 Computer equipment and software 56,982 55,352 Machinery and equipment 55,794 48,647 Furniture and fixtures 4,842 4,034 Leasehold improvements 19,433 18,045 Capital projects in progress 5,796 2,761 190,592 175,447 Less: accumulated depreciation and amortization (130,604) (118,466) Property, plant and equipment, net $ 59,988 $ 56,981",,,No,,Not disclosed,,Not disclosed,,0,ppe_note,"6. Property, Plant and Equipment Property, plant and equipment were as follows as of September 30, 2018 and 2017 (in thousands): September 30, 2018 20",3,False,,"score=4,idx=7873,zone=26274",840,OK,
0000933974,AZTA,2019,0000933974_AZTA_FY2019_10K.html,,"September 30, 2019",equipment,"Property, plant and equipment are stated at cost, net of accumulated depreciation.",,,No,,Not disclosed,,"In August 2018, the FASB issued ASU 2018-15, Intangibles – Goodwill and Other – Internal-Use Software (Subtopic 350-40): Customer’s Accounting for Implementation Costs Incurred in a Cloud Computing Arrangement That Is a Service Contract . The amendments align the requirements for capitalizing implementation costs incurred in a hosting arrangement that is a service contract with the requirements for capitalizing implementation costs incurred to develop or obtain internal-use software (and hosting arrangements that include an internal-use software license). The accounting for the service element of a hosting arrangement that is a service contract is not affected by these amendments. The provisions may be adopted prospectively or retrospectively. This ASU is effective for annual periods, including interim periods within those annual periods, beginning after December 15, 2019. Early adoption is permitted. The Company is currently evaluating the impact of this ASU.",,0,significant_accounting_policies,2. Summary of Significant Accounting Policies,3,False,,"score=8,idx=9704,zone=27480",813,OK,
0000933974,AZTA,2020,0000933974_AZTA_FY2020_10K.html,,"September 30, 2020","Equipment, Computer equipment, Machinery and equipment, Furniture and fixtures","Property, Plant and Equipment Property, plant and equipment were as follows as of September 30, 2020 and 2019 (in thousands): ​ ​ ​ ​ ​ ​ ​ ​ ​ September 30, ​ 2020 2019 Buildings, land, and land use right ​ $ 50,748 ​ $ 50,583 Computer equipment and software ​ 70,673 ​ 61,603 Machinery and equipment ​ 97,806 ​ 89,481 Furniture and fixtures ​ 7,578 ​ 7,423 Leasehold improvements ​ 40,728 ​ 30,612 Capital projects in progress ​ 21,020 ​ 11,701 Right-of-use Asset ​ ​ 2,540 ​ ​ — ​ ​ 291,093 ​ 251,403 Less: accumulated depreciation and amortization ​ (173,428) ​ (150,734) Property, plant and equipment, net ​ $ 117,665 ​ $ 100,669 ​ Depreciation expense was $23.7 million, $19.3 million and $12.5 million, respectively, for the fiscal years ended September 30, 2020, 2019 and 2018.",,,No,,Not disclosed,,"In August 2018, the FASB issued ASU 2018-15, Intangibles – Goodwill and Other – Internal-Use Software (Subtopic 350-40): Customer’s Accounting for Implementation Costs Incurred in a Cloud Computing Arrangement That Is a Service Contract . The amendments align the requirements for capitalizing implementation costs incurred in a hosting arrangement that is a service contract with the requirements for capitalizing implementation costs incurred to develop or obtain internal-use software (and hosting arrangements that include an internal-use software license). The accounting for the service element of a hosting arrangement that is a service contract is not affected by these amendments. The provisions may be adopted prospectively or retrospectively. This ASU is effective for annual periods, including interim periods within those annual periods, beginning after December 15, 2019 . Early adoption is permitted. The Company is currently evaluating the impact this guidance may have on its consolidated financial statements and related disclosures.",,0,ppe_note,23. Subsequent Events,3,False,,"score=8,idx=9086,zone=25998",782,OK,
0000933974,AZTA,2021,0000933974_AZTA_FY2021_10K.html,,"September 30, 2021","Equipment, Computer equipment, Machinery and equipment, Furniture and fixtures","Property, Plant and Equipment Property, plant and equipment were as follows as of September 30, 2021 and 2020 (in thousands): ​ ​ ​ ​ ​ ​ ​ ​ ​ September 30, ​ 2021 2020 Buildings, land, and land use right ​ $ 7,669 ​ $ 11,282 Computer equipment and software ​ 71,067 ​ 67,418 Machinery and equipment ​ 93,140 ​ 74,690 Furniture and fixtures ​ 5,003 ​ 4,978 Leasehold improvements ​ 31,108 ​ 29,899 Capital projects in progress ​ 52,435 ​ 17,989 Right-of-use Asset ​ ​ 2,252 ​ ​ 2,540 ​ ​ 262,674 ​ 208,796 Less: accumulated depreciation and amortization ​ (131,955) ​ (120,061) Property, plant and equipment, net ​ $ 130,719 ​ $ 88,735 ​ Depreciation expense was $19.5 million, $18.7 million and $14.0 million, respectively, for the fiscal years ended September 30, 2021, 2020 and 2019.",,,No,,Not disclosed,,"In August 2018, the FASB issued ASU 2018-15, Intangibles – Goodwill and Other – Internal-Use Software (Subtopic 350-40): Customer’s Accounting for Implementation Costs Incurred in a Cloud Computing Arrangement That Is a Service Contract . The ASU aligned the requirements for capitalizing implementation costs incurred in a hosting arrangement that is a service contract with the requirements for capitalizing implementation costs incurred to develop or obtain internal-use software (and hosting arrangements that include an internal-use software license). The accounting for the service element of a hosting arrangement that is a service contract was not affected by the ASU. The provisions may be adopted prospectively or retrospectively. This ASU is effective for annual periods, including interim periods within those annual periods, beginning after December 15, 2019. The Company adopted the guidance during the first quarter of fiscal year 2021 on a prospective basis . There was no significant accounting impact on the Company’s consolidated financial statements and related disclosures as a result of the adoption of this ASU.",,0,significant_accounting_policies,2. Summary of Significant Accounting Policies Principles of Consolidation and Basis of Presentation The accompanying Consolidated Financial Statements,3,False,,"score=8,idx=6324,zone=24563",707,OK,
0000933974,AZTA,2022,0000933974_AZTA_FY2022_10K.html,,2022-11-04,equipment,"Property, plant and equipment are stated at cost, net of accumulated depreciation.",,,No,,Not disclosed,,Not disclosed,,0,significant_accounting_policies,2. Summary of Significant Accounting Policies,3,False,,"score=8,idx=10286,zone=22025",633,OK,
0000933974,AZTA,2023,0000933974_AZTA_FY2023_10K.html,,2023-11-20,equipment,"Property, plant and equipment are stated at cost, net of accumulated depreciation.",,,No,,Not disclosed,,Not disclosed,,0,significant_accounting_policies,2. Summary of Significant Accounting Policies,3,False,,"score=8,idx=11875,zone=20697",635,OK,
0000933974,AZTA,2024,0000933974_AZTA_FY2024_10K.html,,"September 30, 2024",equipment,"Property, plant and equipment are stated at cost, net of accumulated depreciation.",,,No,,Not disclosed,,Not disclosed,,0,significant_accounting_policies,2. Summary of Significant Accounting Policies,3,False,,"score=4,idx=9656,zone=14004",622,OK,
0000935036,ACIW,2013,0000935036_ACIW_FY2013_10K.html,,"December 31, 2013",Not disclosed,Not disclosed,,,No,,"Total operating expenses for the year ended December 31, 2012 increased $193.3 million, or 48.5%, as compared to the same
period of 2011. Included in operating expenses for the year ended December 31, 2012 were approximately $159.0 million of operating expenses related to the addition of S1. Additionally, there were approximately $31.5 million and $6.7 million of
significant transaction related expenses incurred in the year ended December 31, 2012, and December 31, 2011, respectively. Included in the $31.5 million of significant transaction related expenses for the year ended December 31, 2012
were $14.2 million of severance expense and accelerated share-based compensation expense, $4.1 million related to investment banking fees, $5.4 million related to IT outsource termination charges and data center relocations, $4.9 million related to
facility termination charges and $2.9 million of additional professional fees related to the acquisition of S1. Excluding these expenses, total operating expenses increased $9.5 million in the year ended December 31, 2012 compared to the same
period in 2011.",MD&A (Item 7),Not disclosed,,0,unknown,,0,False,,"score=7,idx=7003,zone=3",1,OK,
0000935036,ACIW,2014,0000935036_ACIW_FY2014_10K.html,,"December 31, 2014",Not disclosed,Not disclosed,,,No,,Not disclosed,,Not disclosed,,0,unknown,,0,False,,"score=7,idx=11293,zone=10",2,OK,
0000935036,ACIW,2015,0000935036_ACIW_FY2015_10K.html,,"December 31, 2015",Not disclosed,Not disclosed,,,No,,Not disclosed,,"In April 2015, the FASB issued ASU 2015-05, Customer’s Accounting for Fees Paid in a Cloud Computing Arrangement, related to a customer’s
accounting for fees paid in a cloud computing arrangement. The new guidance requires that management evaluate each cloud computing arrangement in order to determine whether it includes a software license that must be accounted for separately from
hosted services. ASU 2015-05 applies the same guidance cloud service providers use to make this determination and also eliminates the existing requirement for customers to account for software licenses they acquire by analogizing to the guidance on
leases. ASU 2015-05 is effective for annual periods, including interim periods within those annual periods, beginning after December 15, 2015 and provides the option of applying the guidance prospectively to all arrangements entered into or
materially modified after the effective date or on a retrospective basis. Early adoption is permitted. The Company is evaluating the impact this standard will have on our consolidated financial statements.",,0,unknown,,0,False,,"score=7,idx=7758,zone=3",1,OK,
0000935036,ACIW,2016,0000935036_ACIW_FY2016_10K.html,,"December 31, 2016",Not disclosed,Not disclosed,,,No,,"We derive a majority of our revenues from domestic operations and believe we have large opportunities for growth in international markets as well as continued
expansion domestically in the United States. Refining our global infrastructure is a critical component of driving our growth. We have launched a globalization strategy which includes elements intended to streamline our supply chain and maximize
expertise in several geographic locations to support a growing international customer base and competitive needs. We utilize our Irish subsidiaries to manage certain of our intellectual property rights and to oversee and manage certain international
product development and commercialization efforts. We recently increased our hosting capabilities with a new data center in Ireland allowing our hosted solutions to be more-broadly offered in the European market. We also continue to grow centers of
expertise in Timisoara, Romania and Pune and Bangalore in India, as well as key operational centers such as Capetown, South Africa and in multiple locations in the United States.",MD&A (Item 7),Not disclosed,,0,unknown,,0,False,,"score=7,idx=7397,zone=7",2,OK,
0000935036,ACIW,2017,0000935036_ACIW_FY2017_10K.html,,,Not disclosed,Not disclosed,,,No,,"We derive a majority of our revenues from domestic operations and believe we have large
opportunities for growth in international markets as well as continued expansion domestically in the United States. Refining our global infrastructure is a critical component of driving our growth. We have launched a globalization strategy which
includes elements intended to streamline our supply chain and maximize expertise in several geographic locations to support a growing international customer base and competitive needs. We utilize our Irish subsidiaries to manage certain of our
intellectual property rights and to oversee and manage certain international product development and commercialization efforts. We increased our SaaS and Platform capabilities with a data center in Ireland allowing our SaaS and Platform solutions to
be more-broadly offered in the European market. We also continue to grow centers of expertise in Timisoara, Romania and Pune and Bangalore in India, as well as key operational centers such as Cape Town, South Africa and in multiple locations in the
United States.",MD&A (Item 7),Not disclosed,,0,unknown,,0,False,,"score=7,idx=7550,zone=7",2,OK,
0000935036,ACIW,2018,0000935036_ACIW_FY2018_10K.html,,"December 31, 2018",Not disclosed,Not disclosed,,,No,,"We derive a majority of our revenues from domestic operations and
believe we have large opportunities for growth in international markets as well as continued expansion domestically in the United States. Refining our global infrastructure is a critical component of driving our growth. We have launched a
globalization strategy which includes elements intended to streamline our supply chain and maximize expertise in several geographic locations to support a growing international customer base and competitive needs. We utilize our Irish subsidiaries
to manage certain of our intellectual property rights and to oversee and manage certain international product development and commercialization efforts. We increased our SaaS and PaaS capabilities with a data center in Ireland allowing our SaaS and
PaaS solutions to be more-broadly offered in the European market. We also continue to grow centers of expertise in Timisoara, Romania and Pune and Bangalore in India, as well as key operational centers such as Cape Town, South Africa and in multiple
locations in the United States.",MD&A (Item 7),Not disclosed,,0,unknown,,0,False,,"score=7,idx=12121,zone=11",2,OK,
0000935036,ACIW,2019,0000935036_ACIW_FY2019_10K.html,,"December 31, 2019",Not disclosed,Not disclosed,,,No,,"and concentrate expertise in several geographic locations to support a growing international customer base and competitive needs. We utilize our Irish subsidiaries to manage certain of our intellectual property rights and to oversee and manage certain international product development and commercialization efforts. We increased our SaaS and PaaS capabilities with a data center in Ireland allowing our SaaS and PaaS solutions to be more-broadly offered in the European market. We also continue to grow centers of expertise in Timisoara, Romania and Pune and Bangalore in India, as well as key operational centers such as Cape Town, South Africa and in multiple locations in the United States.",MD&A (Item 7),Not disclosed,,0,unknown,,0,False,,"score=7,idx=13365,zone=5",2,OK,
0000935036,ACIW,2020,0000935036_ACIW_FY2020_10K.html,,2020-12-31,Not disclosed,Not disclosed,,,No,,"ACI On Demand serves the needs of banks, merchants, and billers who use payments to facilitate their core business. These on-demand solutions are maintained and delivered through the cloud via our global data centers and are available in either a single-tenant environment for SaaS offerings, or in a multi-tenant environment for PaaS offerings.",MD&A (Item 7),"Adoption of cloud technology . To leverage lower-cost computing technologies, increase time to market, accelerate innovation, and ensure scalability and resiliency, banks, intermediaries, merchants, and billers are seeking to transition their systems to make use of cloud technology. Our investments and partnerships, as demonstrated by our product enablement and initial optimization onto Microsoft Azure, enable us to leverage the hybrid cloud technology benefits of automation and rapid deployment and delivery, while preserving the ACI fundamentals of resiliency and scalability, to deliver cloud capabilities now and in the future. Market sizing data from Ovum (now Omdia) indicates that spend on SaaS and PaaS payment systems is growing faster than spend on installed applications. ||| To leverage lower-cost computing technologies, increase time to market, accelerate innovation, and ensure scalability and resiliency, banks, intermediaries, merchants, and billers are seeking to transition their systems to make use of cloud technology. Our investments and partnerships, as demonstrated by our product enablement and initial optimization onto Microsoft Azure, enable us to leverage the hybrid cloud technology benefits of automation and rapid deployment and delivery, while preserving the ACI fundamentals of resiliency and scalability, to deliver cloud capabilities now and in the future. Market sizing data from Ovum (now Omdia) indicates that spend on SaaS and PaaS payment systems is growing faster than spend on installed applications.",,0,unknown,,0,False,,"score=5,idx=9183,zone=4",2,OK,
0000935036,ACIW,2021,0000935036_ACIW_FY2021_10K.html,,2021-12-31,Not disclosed,Not disclosed,,,No,,"Our SaaS-based and PaaS-based arrangements represent a single promise to provide continuous access to its software solutions and their processing capabilities in the form of a service through one of our data centers. These arrangements may include fixed and/or variable consideration. Fixed consideration is recognized over the term of the arrangement and variable consideration, which is a function of transaction volume or another usage-based measure, generally meets the allocation objective and revenue is recognized as the usage occurs.",MD&A (Item 7),"Adoption of cloud technology . To leverage lower-cost computing technologies, increase time to market, accelerate innovation, and ensure scalability and resiliency, banks and intermediaries, merchants, and billers are seeking to transition their systems to make use of cloud technology. Our investments and partnerships, as demonstrated by our product enablement and initial optimization onto Microsoft Azure, enable us to leverage the hybrid cloud technology benefits of automation and rapid deployment and delivery, while preserving the ACI fundamentals of resiliency and scalability, to deliver cloud capabilities now and in the future. Market sizing data from Ovum (now Omdia) indicates that spend on SaaS and PaaS payment systems is growing faster than spend on installed applications. ||| To leverage lower-cost computing technologies, increase time to market, accelerate innovation, and ensure scalability and resiliency, banks and intermediaries, merchants, and billers are seeking to transition their systems to make use of cloud technology. Our investments and partnerships, as demonstrated by our product enablement and initial optimization onto Microsoft Azure, enable us to leverage the hybrid cloud technology benefits of automation and rapid deployment and delivery, while preserving the ACI fundamentals of resiliency and scalability, to deliver cloud capabilities now and in the future. Market sizing data from Ovum (now Omdia) indicates that spend on SaaS and PaaS payment systems is growing faster than spend on installed applications.",,0,unknown,,0,False,,"score=5,idx=7547,zone=4",2,OK,
0000935036,ACIW,2022,0000935036_ACIW_FY2022_10K.html,,2022-12-31,Not disclosed,Not disclosed,,,No,,"• Total operating expenses for the year ended December 31, 2022, included $5.8 million of European data center migration expenses, $3.0 million of divestiture transaction-related expenses, and $3.6 million of CEO transition expenses during the period. Total operating expenses for the year ended December 31, 2021, included $13.4 million of expense related to significant transactions and cost reduction strategies implemented during the period.",MD&A (Item 7),"Adoption of cloud technology . ACI has recognized the industry's technical inflection point in the transition from traditional on-premise infrastructure to the public cloud, and we are supporting our customers' cloud strategies. Public and private cloud technology innovations allow the financial services ecosystem to accelerate innovation and ensure scalability and resiliency while improving operating economics over time. As banks and intermediaries, merchants, and billers seek to transition their systems to make use of cloud technology, our investments and partnerships, as demonstrated by our product enablement and initial optimization onto Microsoft Azure, enable us to leverage those cloud technology benefits today and for the future while preserving ACI's fundamental base of performance, resiliency, and scalability. ||| ACI has recognized the industry's technical inflection point in the transition from traditional on-premise infrastructure to the public cloud, and we are supporting our customers' cloud strategies. Public and private cloud technology innovations allow the financial services ecosystem to accelerate innovation and ensure scalability and resiliency while improving operating economics over time. As banks and intermediaries, merchants, and billers seek to transition their systems to make use of cloud technology, our investments and partnerships, as demonstrated by our product enablement and initial optimization onto Microsoft Azure, enable us to leverage those cloud technology benefits today and for the future while preserving ACI's fundamental base of performance, resiliency, and scalability.",B200,1,unknown,,0,False,,"score=5,idx=7442,zone=4",2,OK,
0000935036,ACIW,2023,0000935036_ACIW_FY2023_10K.html,,2023-12-31,Not disclosed,Not disclosed,,,No,,"• Total operating expenses for the year ended December 31, 2023, included $21.0 million for cost reduction strategies, $2.6 million of significant transaction-related expenses, $1.8 million for CEO transition, and $2.8 million of European data center migration expenses during the period. Total operating expenses for the year ended December 31, 2022, included $5.8 million of European data center migration expenses, $3.0 million of divestiture transaction-related expenses, and $3.6 million of CEO transition expenses during the period.",MD&A (Item 7),"Adoption of cloud technology . ACI has recognized the industry's technical inflection point in the transition from traditional on-premises infrastructure to the public cloud, and we are supporting our customers' cloud strategies. Public and private cloud technology innovations allow the financial services ecosystem to accelerate innovation and ensure scalability and resiliency while improving operating economics over time. As banks and intermediaries, merchants, and billers seek to transition their systems to make use of cloud technology, our investments and partnerships, as demonstrated by our product enablement and initial optimization onto Microsoft Azure, enable us to leverage those cloud technology benefits today and for the future while preserving ACI's fundamental base of performance, resiliency, and scalability. ||| ACI has recognized the industry's technical inflection point in the transition from traditional on-premises infrastructure to the public cloud, and we are supporting our customers' cloud strategies. Public and private cloud technology innovations allow the financial services ecosystem to accelerate innovation and ensure scalability and resiliency while improving operating economics over time. As banks and intermediaries, merchants, and billers seek to transition their systems to make use of cloud technology, our investments and partnerships, as demonstrated by our product enablement and initial optimization onto Microsoft Azure, enable us to leverage those cloud technology benefits today and for the future while preserving ACI's fundamental base of performance, resiliency, and scalability. ||| • The increase was primarily due to higher personnel and related expenses, payment card interchange and processing fees, and cloud computing fees of $15.7 million, $14.5 million, and $12.3 million, respectively.",,0,unknown,,0,False,,"score=5,idx=7544,zone=4",2,OK,
0000935036,ACIW,2024,0000935036_ACIW_FY2024_10K.html,,2024-12-31,Not disclosed,Not disclosed,,,No,,"• Total operating expenses for the year ended December 31, 2024, included $8.6 million for cost reduction strategies and $1.0 million of other significant transaction-related expenses during the period. Total operating expenses for the year ended December 31, 2023, included $21.0 million for cost reduction strategies, $2.6 million of significant transaction-related expenses, $1.8 million for CEO transition, and $2.8 million of European data center migration expenses during the period.",MD&A (Item 7),"seek to transition their systems to make use of cloud technology, our investments and partnerships, as demonstrated by our product enablement and initial optimization onto Microsoft Azure, enable us to leverage those cloud technology benefits today and for the future while preserving ACI's fundamental base of performance, resiliency, and scalability. Cloud-native solutions running in a multi-tenant SaaS environment also allow ACI to expand our market coverage to smaller institutions, offering scalable solutions which are easy to integrate with but at price points that fit their budgets. ||| • The increase was primarily due to higher payment card interchange and processing fees and cloud computing fees of $48.2 million and $8.0 million, respectively. The remaining increase was due to higher personnel and related expenses of $16.9 million, including a $2.8 million increase in stock-based compensation expense. ||| The increase was primarily due to higher payment card interchange and processing fees and cloud computing fees of $48.2 million and $8.0 million, respectively. The remaining increase was due to higher personnel and related expenses of $16.9 million, including a $2.8 million increase in stock-based compensation expense.",,0,unknown,,0,False,,"score=5,idx=7436,zone=4",2,OK,
0000935703,DLTR,2013,0000935703_DLTR_FY2013_10K.html,,,equipment,"Property, plant and equipment are stated at cost and depreciated using the straight-line method over the estimated useful lives of the respective assets as follows:",,,No,,Not disclosed,,Not disclosed,,0,significant_accounting_policies,NOTE 1 - SUMMARY OF SIGNIFICANT ACCOUNTING POLICIES,3,False,,"score=4,idx=7861,zone=12488",591,OK,
0000935703,DLTR,2014,0000935703_DLTR_FY2014_10K.html,,,equipment,"Property, plant and equipment are stated at cost and depreciated using the straight-line method over the estimated useful lives of the respective assets as follows:",,,No,,Not disclosed,,Not disclosed,,0,significant_accounting_policies,NOTE 1 - SUMMARY OF SIGNIFICANT ACCOUNTING POLICIES,3,False,,"score=4,idx=8329,zone=12586",640,OK,
0000935703,DLTR,2015,0000935703_DLTR_FY2015_10K.html,,,equipment,"Property, plant and equipment are stated at cost and depreciated using the straight-line method over the estimated useful lives of the respective assets as follows:",,,No,,Not disclosed,,Not disclosed,,0,significant_accounting_policies,NOTE 1 - SUMMARY OF SIGNIFICANT ACCOUNTING POLICIES,3,False,,"score=4,idx=11216,zone=16102",877,OK,
0000935703,DLTR,2016,0000935703_DLTR_FY2016_10K.html,,,equipment,"Property, plant and equipment are stated at cost and depreciated using the straight-line method over the estimated useful lives of the respective assets as follows:",,,No,,Not disclosed,,Not disclosed,,0,significant_accounting_policies,NOTE 1 - SUMMARY OF SIGNIFICANT ACCOUNTING POLICIES,3,False,,"score=4,idx=11322,zone=25314",933,OK,
0000935703,DLTR,2017,0000935703_DLTR_FY2017_10K.html,,,equipment,"Property, plant and equipment are stated at cost and depreciated using the straight-line method over the estimated useful lives of the respective assets as follows:",,,No,,Not disclosed,,Not disclosed,,0,significant_accounting_policies,NOTE 1 - SUMMARY OF SIGNIFICANT ACCOUNTING POLICIES,3,False,,"score=4,idx=11220,zone=25453",961,OK,
0000935703,DLTR,2018,0000935703_DLTR_FY2018_10K.html,,,equipment,"Property, plant and equipment, net of accumulated depreciation of $3,690.6 and $3,192.1, respectively",,,No,,Not disclosed,,Not disclosed,,0,significant_accounting_policies,Note 12 - Quarterly Financial Information (Unaudited),3,False,,"score=4,idx=10699,zone=15261",754,OK,
0000935703,DLTR,2019,0000935703_DLTR_FY2019_10K.html,,"February 1, 2020",equipment,"Property, plant and equipment, net of accumulated depreciation of $4,194.1 and $3,690.6, respectively",,,No,,Not disclosed,,Not disclosed,,0,significant_accounting_policies,Note 13 - Quarterly Financial Information (Unaudited),3,False,,"score=4,idx=10952,zone=16042",720,OK,
0000935703,DLTR,2020,0000935703_DLTR_FY2020_10K.html,,"JANUARY 30, 2021",equipment,"Property, plant and equipment, net of accumulated depreciation of $4,765.0 and $4,194.1, respectively",,,No,,Not disclosed,,Not disclosed,,0,significant_accounting_policies,Note 13 - Quarterly Financial Information (Unaudited),3,False,,"score=2,idx=7868,zone=7787",493,OK,
0000935703,DLTR,2021,0000935703_DLTR_FY2021_10K.html,,"JANUARY 29, 2022",equipment,"Property, plant and equipment, net of accumulated depreciation of $5,363.8 and $4,765.0, respectively",,,No,,Not disclosed,,Not disclosed,B100,1,significant_accounting_policies,Note 11 - Segments and Disaggregated Revenue,3,False,,"score=2,idx=5821,zone=7183",451,OK,
0000935703,DLTR,2022,0000935703_DLTR_FY2022_10K.html,,"JANUARY 28, 2023",equipment,"Property, plant and equipment, net of accumulated depreciation of $6,025.4 and $5,363.8, respectively",,,No,,Not disclosed,,Not disclosed,,0,significant_accounting_policies,Note 11 - Segments and Disaggregated Revenue,3,False,,"score=2,idx=5657,zone=6932",425,OK,
0000935703,DLTR,2023,0000935703_DLTR_FY2023_10K.html,,"FEBRUARY 3, 2024",equipment,"Property, plant and equipment, net of accumulated depreciation of $6,631.4 and $6,025.4, respectively",,,No,,Not disclosed,,Not disclosed,,0,significant_accounting_policies,Note 16 - Store Portfolio Optimization Review,3,False,,"score=2,idx=6396,zone=7483",487,OK,
0000935703,DLTR,2024,0000935703_DLTR_FY2024_10K.html,,"FEBRUARY 1, 2025",equipment,"Property, plant and equipment, net of accumulated depreciation of $4,332.3 and $4,231.4, respectively",,,No,,Not disclosed,,Not disclosed,,0,significant_accounting_policies,Note 17 – Quarterly Financial Information (Unaudited),3,False,,"score=2,idx=5366,zone=8841",525,OK,
0001109242,HAFC,2013,0001109242_HAFC_FY2013_10K.html,,"December 31, 2013",Not disclosed,Not disclosed,,,No,,Not disclosed,,Not disclosed,,0,unknown,,0,False,,"score=4,idx=22900,zone=7",2,OK,
0001109242,HAFC,2014,0001109242_HAFC_FY2014_10K.html,,"December 31, 2014",Not disclosed,Not disclosed,,,No,,Not disclosed,,Not disclosed,,0,unknown,,0,False,,"score=4,idx=20552,zone=7",2,OK,
0001109242,HAFC,2015,0001109242_HAFC_FY2015_10K.html,,"December 31, 2015",Not disclosed,Not disclosed,,,No,,Not disclosed,,Not disclosed,,0,unknown,,0,False,,"score=4,idx=31702,zone=6",2,OK,
0001109242,HAFC,2016,0001109242_HAFC_FY2016_10K.html,,"December 31, 2016",Not disclosed,Not disclosed,,,No,,Not disclosed,,Not disclosed,,0,unknown,,0,False,,"score=4,idx=33580,zone=19",2,OK,
0001109242,HAFC,2017,0001109242_HAFC_FY2017_10K.html,,"December 31, 2017",Not disclosed,Not disclosed,,,No,,Not disclosed,,Not disclosed,,0,unknown,,0,False,,"score=4,idx=27335,zone=7",2,OK,
0001109242,HAFC,2018,0001109242_HAFC_FY2018_10K.html,,,Not disclosed,Not disclosed,,,No,,Not disclosed,,Not disclosed,,0,unknown,,0,False,,"score=4,idx=23380,zone=6",2,OK,
0001109242,HAFC,2019,0001109242_HAFC_FY2019_10K.html,,2019-12-31,Not disclosed,Not disclosed,,,No,,Not disclosed,,Not disclosed,,0,unknown,,0,False,,"score=3,idx=27680,zone=4",2,OK,
0001109242,HAFC,2020,0001109242_HAFC_FY2020_10K.html,,2020-12-31,Not disclosed,Not disclosed,,,No,,Not disclosed,,Not disclosed,,0,unknown,,0,False,,"score=3,idx=17893,zone=4",2,OK,
0001109242,HAFC,2021,0001109242_HAFC_FY2021_10K.html,,2021-12-31,Not disclosed,Not disclosed,,,No,,Not disclosed,,Not disclosed,,0,unknown,,0,False,,"score=3,idx=19369,zone=6",2,OK,
0001109242,HAFC,2022,0001109242_HAFC_FY2022_10K.html,,"December 31, 2022",Not disclosed,Not disclosed,,,No,,Not disclosed,,Not disclosed,B100,1,unknown,,0,False,,"score=4,idx=25538,zone=8",3,OK,
0001109242,HAFC,2023,0001109242_HAFC_FY2023_10K.html,,2024-01-25,Not disclosed,Not disclosed,,,No,,Not disclosed,,Not disclosed,A100;B100,2,unknown,,0,False,,"score=4,idx=25406,zone=8",3,OK,
0001109242,HAFC,2024,0001109242_HAFC_FY2024_10K.html,,2025-12-31,Not disclosed,Not disclosed,,,No,,Not disclosed,,Not disclosed,,0,unknown,,0,False,,"score=4,idx=29701,zone=8",3,OK,
0001616533,PENG,2017,0001616533_PENG_FY2017_10K.html,,"August 25, 2017",Not disclosed,Not disclosed,,,No,,Not disclosed,,Not disclosed,,0,unknown,,0,False,,"score=4,idx=12843,zone=5",4,OK,
0001616533,PENG,2018,0001616533_PENG_FY2018_10K.html,,"August 31, 2018",Not disclosed,Not disclosed,,,No,,"We are a global leader in specialty memory solutions, serving the electronics industry for over 25 years. We have a leading market position worldwide, as measured by revenue, in specialty memory where we work closely with OEM customers to develop solutions, which incorporate customer-specific requirements. Our products are designed-in by OEMs in the networking, enterprise storage, telecom, industrial and other such vertical markets. In addition, as part of our global business, we have established a leading market position, as measured by market share, in Brazil as the largest in-country manufacturer of memory for desktops, notebooks and servers, as well as mobile memory for smartphones. As a result of our acquisition of Penguin Computing, Inc., or Penguin, in June 2018 and the creation of a new business unit, SMART Specialty Compute & Storage Solutions, or SCSS, we have expanded our serviceable markets into areas requiring specialized computing platforms in artificial intelligence and machine learning, advanced modeling and high performance computing serving a broad base of enterprise and government customers. Additionally, in the fourth quarter of fiscal 2018, we began a new business in Brazil to focus on battery assembly for smartphones which we expect will contribute to revenue in fiscal 2019. We believe our customers rely on us as a strategic supplier due to our application-specific products, quality and technical support, our global footprint and, in Brazil, our ability to provide locally manufactured products. We also provide customized, integrated supply chain services to certain OEM customers to assist them in the management and execution of their procurement processes.",MD&A (Item 7),Not disclosed,DGX;NVIDIA,2,unknown,,0,False,,"score=4,idx=14688,zone=8",3,OK,
0001616533,PENG,2019,0001616533_PENG_FY2019_10K.html,,"August 30, 2019",Not disclosed,Not disclosed,,,No,,"The Company’s revenues include products and services. The Company’s product revenues are predominantly derived from the sale of memory modules, flash memory cards, compute products and storage products, which the Company designs and manufactures. The Company’s service revenues are derived from procurement, logistics, inventory management, temporary warehousing, kitting and packaging services. Also, a small portion of the Company’s product sales include extended warranty and on-site services, subscriptions to the Company’s high performance computing environment, professional services, software and related support.",MD&A (Item 7),Not disclosed,NVIDIA,1,unknown,,0,False,,"score=4,idx=14396,zone=4",9,OK,
0001616533,PENG,2020,0001616533_PENG_FY2020_10K.html,,"August 28, 2020",Not disclosed,Not disclosed,,,No,,"The Company’s revenues include products and services. The Company’s product revenues are predominantly derived from the sale of memory modules, flash memory cards, compute products and storage products, which the Company designs and manufactures. The Company’s service revenues are derived from procurement, logistics, inventory management, temporary warehousing, kitting and packaging services. Also, a small portion of the Company’s product sales include extended warranty and on-site services, subscriptions to the Company’s high performance computing environment, professional services, software and related support.",MD&A (Item 7),Not disclosed,NVIDIA,1,unknown,,0,False,,"score=4,idx=14410,zone=7",2,OK,
0001616533,PENG,2021,0001616533_PENG_FY2021_10K.html,,"August 27, 2021",equipment,"Property and equipment is stated at cost and depreciated using the straight-line method over estimated useful lives of generally two to five years for equipment, five to forty years for buildings and building improvements and two to five years for furniture, fixtures and software.",2.0,5.0,No,,"Service Revenue : Our service revenue is derived from supply chain services as well as professional services. Supply chain services includes procurement, logistics, inventory management, temporary warehousing, kitting and packaging. Professional services include solution design, system installation, software automation and managed support services related to high performance computing (“HPC”) and storage systems. A portion of our product sales include extended warranty and on-site services, subscriptions to our HPC environment, professional services, software and related support.",Item 8,"Net sales increased by $378.8 million, or 33.7%, in 2021 compared to the prior year, due to $224.6 million of revenue from our recent acquisition of the LED Business in March 2021 and to strong performance in our IPS and Memory Solutions businesses. IPS net sales increased by $79.6 million, or 30.0%, primarily due to higher volumes of sales in our Penguin Computing business. Memory Solutions sales increased by $74.6 million, or 8.7%, primarily due to a 24.7% higher volume of DRAM products and a 39.1% increase in average selling prices for mobile memory.",NVIDIA,1,item_8_other,,1,False,,"score=4,idx=9962,zone=14238",599,OK,
0001616533,PENG,2022,0001616533_PENG_FY2022_10K.html,,2022-08-29,equipment,"Property and equipment is stated at cost and depreciated using the straight-line method over estimated useful lives of generally two to five years for equipment, five to forty years for buildings and building improvements and two to five years for furniture, fixtures and software.",2.0,5.0,No,,"related to high performance computing (“HPC”) and storage systems. A portion of our product sales include extended warranty and on-site services, subscriptions to our HPC environment, professional services, software and related support.",Item 8,"Net sales increased by $318.2 million, or 21.2%, in 2022 compared to the prior year, due to an increase of $178.6 million of revenue from our recent acquisition of the LED Business in March 2021 and to strong performance in our IPS and Memory Solutions businesses. IPS net sales increased by $96.2 million, or 27.9%, primarily due to higher volumes of sales in our Penguin Computing business. Memory Solutions sales increased by $43.4 million, or 4.7%, primarily due to a 12.2% higher volume of Specialty DRAM products, partially offset by a 34.5% lower volume of mobile memory. ||| Net sales increased by $378.8 million, or 33.7%, in 2021 compared to the prior year, due to $224.6 million of revenue from our recent acquisition of the LED Business in March 2021 and to strong performance in our IPS and Memory Solutions businesses. IPS net sales increased by $79.6 million, or 30.0%, primarily due to higher volumes of sales in our Penguin Computing business. Memory Solutions sales increased by $74.6 million, or 8.7%, primarily due to a 24.7% higher volume of DRAM products and a 39.1% increase in average selling prices for mobile memory.",NVIDIA,1,item_8_other,,1,False,,"score=2,idx=8041,zone=8579",593,OK,
0001616533,PENG,2023,0001616533_PENG_FY2023_10K.html,,2023-12-10,equipment,"Property and equipment is stated at cost and depreciated using the straight-line method over estimated useful lives of generally two to eight years for equipment, five to forty years for buildings and building improvements and two to five years for furniture, fixtures and software.",2.0,8.0,Yes,"Change in Accounting Estimate : During the first quarter of 2023, we completed an assessment of the estimated useful lives of our manufacturing equipment.","Service Revenue : Our service revenue is derived from professional services and supply chain services. Professional services include solution design, system installation, software automation and managed support services related to high performance computing (“HPC”) and storage systems. Supply chain services includes procurement, logistics, inventory management, temporary warehousing, kitting and packaging. A portion of our product sales include extended warranty and on-site services, subscriptions to our HPC environment, professional services, software and related support.",Item 8,"Net sales increased by $45.4 million, or 3.3%, in 2023 compared to the prior year, due to strong performance in our IPS business, partially offset by weakness in both our Memory and LED Solutions businesses. IPS net sales increased by $308.7 million, or 70.0%, primarily due to $172.7 million of revenue from our Stratus acquisition in August 2022, as well as higher volumes of sales in our Penguin Computing business. LED Solutions net sales decreased by $154.9 million, or 38.4%, primarily due to continued demand challenges in China. Memory Solutions sales decreased by $108.4 million, or 19.7%, primarily due to lower sales volume and pricing of DRAM products. ||| Net sales increased by $340.3 million, or 32.2%, in 2022 compared to the prior year, due to an increase of $178.6 million of revenue from our acquisition of the LED Business in March 2021 and to strong performance in our IPS and Memory Solutions businesses. IPS net sales increased by $96.2 million, or 27.9%, primarily due to higher volumes of sales in our Penguin Computing business. Memory Solutions sales increased by $65.5 million, or 13.5%, primarily due to a higher sales volume of DRAM products.",NVIDIA,1,item_8_other,,1,True,2.0-5.0 ans | 2.0-8.0 ans,"score=2,idx=8395,zone=11004",704,OK,
0001616533,PENG,2024,0001616533_PENG_FY2024_10K.html,,2024-08-30,equipment,"Property and equipment is stated at cost and depreciated using the straight-line method over estimated useful lives of generally 2 to 8 years for equipment, 5 to 40 years for buildings and building improvements and 2 to 5 years for furniture, fixtures and software.",2.0,8.0,No,,"Company Name Change : On October 15, 2024, we changed our name from SMART Global Holdings, Inc. to Penguin Solutions, Inc. The change reflects our focus on key areas such as artificial intelligence infrastructure deployment, advanced memory enterprise solutions and high-performance computing.",Item 8,"Macro-Economic Demand Factors. Our business segments each have their own unique set of demand factors. Our Advanced Computing business is driven by demand for high-performance compute solutions across AI and machine learning initiatives, as well as traditional workload optimization and efficiency applications. Demand in our Integrated Memory segment is driven by end-market demand from OEMs for customer-specific solutions in vertical markets such as industrial, government, networking, high-performance compute and enterprise storage, ||| Our business segments each have their own unique set of demand factors. Our Advanced Computing business is driven by demand for high-performance compute solutions across AI and machine learning initiatives, as well as traditional workload optimization and efficiency applications. Demand in our Integrated Memory segment is driven by end-market demand from OEMs for customer-specific solutions in vertical markets such as industrial, government, networking, high-performance compute and enterprise storage, ||| Shifts in the Mix and Timing of Our Revenue. Shifts in the mix of revenue from our operating segments, and in the timing of revenue, which can vary significantly from period to period, can impact our business and operating results, including gross and operating margins. For example, our Advanced Computing segment has shown solid growth, but is subject to variability in its sales and margin profile from period to period for reasons such as: recognition of revenue is sometimes tied to customer decisions as to the completion of delivery and system go-live events, sales can be affected by the timing of customer deployments or customer budget considerations and margin is driven by the extent to which higher margin software and managed services comprise Advanced Computing sales. Our resource commitments and planning for each segment are relatively fixed in the short term, and as such, variability in expected revenue mix will have direct implications for our operating income and margins.",NVIDIA,1,item_8_other,,1,True,2.0-5.0 ans | 2.0-8.0 ans,"score=2,idx=8345,zone=11110",682,OK,
0001623925,AM,2017,0001623925_AM_FY2017_10K.html,,"December 31, 2017",Not disclosed,Not disclosed,,,No,,Not disclosed,,Not disclosed,,0,unknown,,0,False,,"score=4,idx=3977,zone=5",2,OK,
0001623925,AM,2018,0001623925_AM_FY2018_10K.html,,"December 31, 2018",Not disclosed,Not disclosed,,,No,,Not disclosed,,Not disclosed,,0,unknown,,0,False,,"score=4,idx=4756,zone=7",8,OK,
0001623925,AM,2019,0001623925_AM_FY2019_10K.html,,2020-01-31,Not disclosed,Not disclosed,,,No,,Not disclosed,,Not disclosed,,0,unknown,,0,False,,"score=6,idx=15840,zone=6",2,OK,
0001623925,AM,2020,0001623925_AM_FY2020_10K.html,,"December 31, 2020",Not disclosed,Not disclosed,,,No,,Not disclosed,,Not disclosed,,0,unknown,,0,False,,"score=6,idx=16278,zone=6",89,OK,
0001623925,AM,2021,0001623925_AM_FY2021_10K.html,,2022-01-12,Not disclosed,Not disclosed,,,No,,Not disclosed,,Not disclosed,,0,unknown,,0,False,,"score=6,idx=11918,zone=6",21,OK,
0001623925,AM,2022,0001623925_AM_FY2022_10K.html,,2023-02-14,Not disclosed,Not disclosed,,,No,,Not disclosed,,Not disclosed,,0,unknown,,0,False,,"score=6,idx=12120,zone=6",23,OK,
0001623925,AM,2023,0001623925_AM_FY2023_10K.html,,2024-02-14,Not disclosed,Not disclosed,,,No,,Not disclosed,,Not disclosed,,0,unknown,,0,False,,"score=6,idx=11147,zone=6",23,OK,
0001623925,AM,2024,0001623925_AM_FY2024_10K.html,,2025-03-31,Not disclosed,Not disclosed,,,No,,Not disclosed,,Not disclosed,,0,unknown,,0,False,,"score=6,idx=10925,zone=6",22,OK,
0001631596,KREF,2017,0001631596_KREF_FY2017_10K.html,,2017-12-31,Not disclosed,Not disclosed,,,No,,Not disclosed,,Not disclosed,,0,unknown,,0,False,,"score=7,idx=25674,zone=28081",1337,OK,
0001631596,KREF,2018,0001631596_KREF_FY2018_10K.html,,2018-12-31,Not disclosed,Not disclosed,,,No,,Not disclosed,,Not disclosed,,0,unknown,,0,False,,"score=7,idx=29426,zone=31207",1471,OK,
0001631596,KREF,2019,0001631596_KREF_FY2019_10K.html,,2020-02-29,Not disclosed,Not disclosed,,,No,,Not disclosed,,Not disclosed,,0,unknown,,0,False,,"score=7,idx=29675,zone=31476",1424,OK,
0001631596,KREF,2020,0001631596_KREF_FY2020_10K.html,,2021-02-16,Not disclosed,Not disclosed,,,No,,Not disclosed,,Not disclosed,,0,unknown,,0,False,,"score=5,idx=20551,zone=15652",874,OK,
0001631596,KREF,2021,0001631596_KREF_FY2021_10K.html,,2022-04-30,Not disclosed,Not disclosed,,,No,,Not disclosed,,Not disclosed,B100;B200,2,unknown,,0,False,,"score=5,idx=21411,zone=17444",998,OK,
0001631596,KREF,2022,0001631596_KREF_FY2022_10K.html,,2023-01-31,Not disclosed,Not disclosed,,,No,,Not disclosed,,Not disclosed,,0,unknown,,0,False,,"score=5,idx=22969,zone=17163",936,OK,
0001631596,KREF,2023,0001631596_KREF_FY2023_10K.html,,2024-02-01,Not disclosed,Not disclosed,,,No,,Not disclosed,,Not disclosed,,0,unknown,,0,False,,"score=5,idx=20196,zone=17410",913,OK,
0001631596,KREF,2024,0001631596_KREF_FY2024_10K.html,,2025-07-01,Not disclosed,Not disclosed,,,No,,Not disclosed,,Not disclosed,,0,unknown,,0,False,,"score=5,idx=18382,zone=15965",794,OK,
0001690820,CVNA,2017,0001690820_CVNA_FY2017_10K.html,,"DECEMBER 31, 2017","equipment, furniture","Property and equipment consists of land, buildings and improvements, transportation fleet equipment, software and furniture, fixtures and equipment and is stated at cost less accumulated depreciation and amortization.",,,No,,Not disclosed,,Not disclosed,,0,significant_accounting_policies,Note 6 — Finance Receivable Sale Agreements,3,False,,"score=7,idx=11845,zone=15218",923,OK,
0001690820,CVNA,2018,0001690820_CVNA_FY2018_10K.html,,2019-02-26,"equipment, furniture","Property and equipment consists of land, buildings and improvements, transportation fleet equipment, software and furniture, fixtures and equipment and is stated at cost less accumulated depreciation and amortization.",,,No,,Not disclosed,,"In August 2018, the FASB issued ASU 2018-15, Intangibles — Goodwill and Other — Internal-Use Software (Subtopic 350-40): Customer's Accounting for Implementation Costs Incurred in a Cloud Computing Arrangement That Is a Service Contract (""ASU 2018-15""). The intent of this pronouncement is to align the requirements for capitalizing implementation costs incurred in a cloud computing arrangement that is a service contract with the requirements for capitalizing implementation costs incurred to develop or obtain internal-use software as defined in ASC 350-40. Under ASU 2018-15, the capitalized implementation costs related to a cloud computing arrangement will be amortized over the term of the arrangement and all capitalized implementation amounts will be required to be presented in the same line items of the financial statements as the related hosting fees. ASU 2018-15 is effective for fiscal years beginning after December 15, 2019, and interim periods within those fiscal years, with early adoption permitted. The Company plans to adopt ASU 2018-15 for its fiscal year beginning January 1, 2020 and is currently assessing the impact, if any, the guidance will have on its consolidated financial statements. ||| Intangibles — Goodwill and Other — Internal-Use Software (Subtopic 350-40): Customer's Accounting for Implementation Costs Incurred in a Cloud Computing Arrangement That Is a Service Contract ||| (""ASU 2018-15""). The intent of this pronouncement is to align the requirements for capitalizing implementation costs incurred in a cloud computing arrangement that is a service contract with the requirements for capitalizing implementation costs incurred to develop or obtain internal-use software as defined in ASC 350-40. Under ASU 2018-15, the capitalized implementation costs related to a cloud computing arrangement will be amortized over the term of the arrangement and all capitalized implementation amounts will be required to be presented in the same line items of the financial statements as the related hosting fees. ASU 2018-15 is effective for fiscal years beginning after December 15, 2019, and interim periods within those fiscal years, with early adoption permitted. The Company plans to adopt ASU 2018-15 for its fiscal year beginning January 1, 2020 and is currently assessing the impact, if any, the guidance will have on its consolidated financial statements.",,0,significant_accounting_policies,NOTE 2 — SUMMARY OF SIGNIFICANT ACCOUNTING POLICIES,3,False,,"score=5,idx=11747,zone=10195",683,OK,
0001690820,CVNA,2019,0001690820_CVNA_FY2019_10K.html,,"December 31, 2019","equipment, furniture","Property and equipment consists of land, buildings and improvements, transportation fleet equipment, software and furniture, fixtures and equipment and is stated at cost less accumulated depreciation and amortization.",,,No,,Not disclosed,,"In August 2018, the FASB issued ASU 2018-15, Intangibles — Goodwill and Other — Internal-Use Software (Subtopic 350-40): Customer's Accounting for Implementation Costs Incurred in a Cloud Computing Arrangement That Is a Service Contract (""ASU 2018-15""). The intent of this pronouncement is to align the requirements for capitalizing implementation costs incurred in a cloud computing arrangement that is a service contract with the requirements for capitalizing implementation costs ||| Intangibles — Goodwill and Other — Internal-Use Software (Subtopic 350-40): Customer's Accounting for Implementation Costs Incurred in a Cloud Computing Arrangement That Is a Service Contract ||| (""ASU 2018-15""). The intent of this pronouncement is to align the requirements for capitalizing implementation costs incurred in a cloud computing arrangement that is a service contract with the requirements for capitalizing implementation costs",,0,significant_accounting_policies,NOTE 2 — SUMMARY OF SIGNIFICANT ACCOUNTING POLICIES,3,False,,"score=5,idx=13244,zone=13754",777,OK,
0001690820,CVNA,2020,0001690820_CVNA_FY2020_10K.html,,2021-02-25,"equipment, furniture","Property and equipment consists of land, buildings and improvements, transportation fleet equipment, software, and furniture, fixtures and equipment and is stated at cost less accumulated depreciation and amortization.",,,No,,Not disclosed,,"In August 2018, the FASB issued ASU 2018-15, Intangibles — Goodwill and Other — Internal-Use Software (Subtopic 350-40): Customer's Accounting for Implementation Costs Incurred in a Cloud Computing Arrangement That Is a Service Contract (""ASU 2018-15""). The intent of this pronouncement is to align the requirements for capitalizing implementation costs incurred in a cloud computing arrangement that is a service contract with the requirements for capitalizing implementation costs incurred to develop or obtain internal-use software as defined in ASC 350-40. Under ASU 2018-15, the capitalized implementation costs related to a cloud computing arrangement will be amortized over the term of the arrangement and all capitalized implementation amounts will be required to be presented in the same line items of the financial statements as the related hosting fees. ASU 2018-15 is effective for fiscal years beginning after December 15, 2019, and interim periods within those fiscal years, with early adoption permitted. The Company adopted ASU 2018-15 for its fiscal year beginning January 1, 2020 and it did not have a material effect on its consolidated financial statements. ||| Intangibles — Goodwill and Other — Internal-Use Software (Subtopic 350-40): Customer's Accounting for Implementation Costs Incurred in a Cloud Computing Arrangement That Is a Service Contract ||| (""ASU 2018-15""). The intent of this pronouncement is to align the requirements for capitalizing implementation costs incurred in a cloud computing arrangement that is a service contract with the requirements for capitalizing implementation costs incurred to develop or obtain internal-use software as defined in ASC 350-40. Under ASU 2018-15, the capitalized implementation costs related to a cloud computing arrangement will be amortized over the term of the arrangement and all capitalized implementation amounts will be required to be presented in the same line items of the financial statements as the related hosting fees. ASU 2018-15 is effective for fiscal years beginning after December 15, 2019, and interim periods within those fiscal years, with early adoption permitted. The Company adopted ASU 2018-15 for its fiscal year beginning January 1, 2020 and it did not have a material effect on its consolidated financial statements.",A100,1,significant_accounting_policies,NOTE 2 — SUMMARY OF SIGNIFICANT ACCOUNTING POLICIES,3,False,,"score=5,idx=11608,zone=12272",718,OK,
0001690820,CVNA,2021,0001690820_CVNA_FY2021_10K.html,,2022-06-30,"equipment, furniture","Property and equipment consists of land, buildings and improvements, transportation fleet equipment, software, and furniture, fixtures and equipment and is stated at cost less accumulated depreciation and amortization.",,,No,,Not disclosed,,Not disclosed,B200,1,significant_accounting_policies,NOTE 2 — SUMMARY OF SIGNIFICANT ACCOUNTING POLICIES,3,False,,"score=5,idx=10774,zone=11321",681,OK,
0001690820,CVNA,2022,0001690820_CVNA_FY2022_10K.html,,2022-12-31,"equipment, furniture","Property and equipment consists of land, buildings and improvements, transportation fleet equipment, software, and furniture, fixtures and equipment and is stated at cost less accumulated depreciation and amortization.",,,No,,Not disclosed,,Not disclosed,A100,1,significant_accounting_policies,NOTE 2 — SUMMARY OF SIGNIFICANT ACCOUNTING POLICIES,3,False,,"score=5,idx=11195,zone=11599",738,OK,
0001690820,CVNA,2023,0001690820_CVNA_FY2023_10K.html,,2023-12-31,"equipment, furniture","Property and equipment consists of land, buildings and improvements, transportation fleet equipment, software, and furniture, fixtures and equipment and is stated at cost less accumulated depreciation and amortization.",,,No,,Not disclosed,,Not disclosed,,0,significant_accounting_policies,NOTE 2 — SUMMARY OF SIGNIFICANT ACCOUNTING POLICIES,3,False,,"score=5,idx=11030,zone=13248",774,OK,
0001690820,CVNA,2024,0001690820_CVNA_FY2024_10K.html,,2025-02-19,"equipment, furniture","Property and equipment consists of land, buildings and improvements, transportation fleet equipment, software, and furniture, fixtures and equipment and is stated at cost less accumulated depreciation and amortization.",,,No,,Not disclosed,,Not disclosed,,0,significant_accounting_policies,NOTE 2 — SUMMARY OF SIGNIFICANT ACCOUNTING POLICIES,3,False,,"score=5,idx=10449,zone=13895",758,OK,
0001698990,MGY,2017,0001698990_MGY_FY2017_10K.html,,"December 31, 2017",Not disclosed,Not disclosed,,,No,,Not disclosed,,Not disclosed,,0,unknown,,0,False,,"score=4,idx=2969,zone=2949",220,OK,
0001698990,MGY,2018,0001698990_MGY_FY2018_10K.html,,,equipment,"Costs to develop proved reserves, including the costs of all development wells and related equipment used in the production of crude oil and natural gas, are capitalized. Depreciation of the cost of proved oil and gas properties is calculated using the unit-of-production method. The reserve base used to calculate depreciation for leasehold acquisition costs and the cost to acquire proved properties is the sum of proved developed reserves and proved undeveloped reserves. The reserve base used to calculate the depreciation for capitalized costs for exploratory and development wells is the sum of proved developed reserves only. Estimated future abandonment costs, net of salvage values, are included in the depreciable cost.",,,No,,Not disclosed,,Not disclosed,,0,significant_accounting_policies,Note 10—Stockholders’ Equity,3,False,,"score=4,idx=13354,zone=17378",749,OK,
0001698990,MGY,2019,0001698990_MGY_FY2019_10K.html,,"December 31, 2019",equipment,"Costs to develop proved reserves, including the costs of all development wells and related equipment used in the production of crude oil and natural gas, are capitalized. Depreciation of the cost of proved oil and gas properties is calculated using the unit-of-production method. The reserve base used to calculate depreciation for leasehold acquisition costs and the cost to acquire proved properties is the sum of proved developed reserves and proved undeveloped reserves. The reserve base used to calculate the depreciation for capitalized costs for exploratory and development wells is the sum of proved developed reserves only. Estimated future abandonment costs, net of salvage values, are included in the depreciable cost.",,,No,,Not disclosed,,"In August 2018, the FASB issued ASU No. 2018-15, Intangibles-Goodwill and Other-Internal-Use Software (Subtopic 350-40): Customer’s Accounting for Implementation Costs Incurred in a Cloud Computing Arrangement That Is a Service Contract (“ASU 2018-15”). The amendments in the update align the requirements for capitalizing implementation costs incurred in a hosting arrangement that is a service contract with the requirements for capitalizing implementation costs incurred to develop or obtain internal-use software and hosting arrangements that include an internal-use software license. The Company early adopted ASU 2018-15 effective April 1, 2019, with prospective application. The adoption did not have a material impact on the Company’s consolidated financial statements.",,0,significant_accounting_policies,Note 13—Stockholders’ Equity,3,False,,"score=4,idx=13916,zone=20964",838,OK,
0001698990,MGY,2020,0001698990_MGY_FY2020_10K.html,,2021-02-28,equipment,"Costs to develop proved reserves, including the costs of all development wells and related equipment used in the production of crude oil and natural gas, are capitalized. Depreciation, depletion and amortization of the cost of proved oil and natural gas properties is calculated using the unit-of-production method. The reserve base used to calculate depletion for leasehold acquisition costs and the cost to acquire proved properties is the sum of proved developed reserves and proved undeveloped reserves. The reserve base used to calculate the depreciation for capitalized costs for exploratory and development wells is the sum of proved developed reserves only. Estimated future abandonment costs, net of salvage values, are included in the depreciable cost.",,,No,,Not disclosed,,Not disclosed,,0,significant_accounting_policies,Note 13—Stockholders’ Equity,3,False,,"score=2,idx=7535,zone=10857",628,OK,
0001698990,MGY,2021,0001698990_MGY_FY2021_10K.html,,2022-02-17,equipment,"Costs to develop proved reserves, including the costs of all development wells and related equipment used in the production of crude oil and natural gas, are capitalized. Depreciation, depletion and amortization of the cost of proved oil and natural gas properties is calculated using the unit-of-production method. The reserve base used to calculate depletion for leasehold acquisition costs and the cost to acquire proved properties is the sum of proved developed reserves and proved undeveloped reserves. The reserve base used to calculate the depreciation for capitalized costs for exploratory and development wells is the sum of proved developed reserves only. Estimated future abandonment costs, net of salvage values, are included in the depreciable cost.",,,No,,Not disclosed,,Not disclosed,,0,significant_accounting_policies,Note 12 —Stockholders’ Equity,3,False,,"score=2,idx=7077,zone=8279",506,OK,
0001698990,MGY,2022,0001698990_MGY_FY2022_10K.html,,2023-01-31,equipment,"Costs to develop proved reserves, including the costs of all development wells and related equipment used in the production of crude oil and natural gas, are capitalized. Depreciation, depletion and amortization of the cost of proved oil and natural gas properties is calculated using the unit-of-production method. The reserve base used to calculate depletion for leasehold acquisition costs and the cost to acquire proved properties is the sum of proved developed reserves and proved undeveloped reserves. The reserve base used to calculate the depreciation for capitalized costs for exploratory and development wells is the sum of proved developed reserves only. Estimated future abandonment costs, net of salvage values, are included in the depreciable cost.",,,No,,Not disclosed,,Not disclosed,,0,significant_accounting_policies,Note 12 —Stockholders’ Equity,3,False,,"score=2,idx=6976,zone=7973",478,OK,
0001698990,MGY,2023,0001698990_MGY_FY2023_10K.html,,2024-02-05,equipment,"Costs to develop proved reserves, including the costs of all development wells and related equipment used in the production of crude oil and natural gas, are capitalized. Depreciation, depletion and amortization of the cost of proved oil and natural gas properties is calculated using the unit-of-production method. The reserve base used to calculate depletion for leasehold acquisition costs and the cost to acquire proved properties is the sum of proved developed reserves and proved undeveloped reserves. The reserve base used to calculate the depreciation for capitalized costs for exploratory and development wells is the sum of proved developed reserves only. Estimated future abandonment costs, net of salvage values, are included in the depreciable cost.",,,No,,Not disclosed,,Not disclosed,,0,significant_accounting_policies,Note 12 —Stockholders’ Equity,3,False,,"score=2,idx=6988,zone=8105",472,OK,
0001698990,MGY,2024,0001698990_MGY_FY2024_10K.html,,2025-02-03,equipment,"Costs to develop proved reserves, including the costs of all development wells and related equipment used in the production of crude oil and natural gas, are capitalized. Depreciation, depletion and amortization of the cost of proved oil and natural gas properties is calculated using the unit-of-production method. The reserve base used to calculate depletion for leasehold acquisition costs and the cost to acquire proved properties is the sum of proved developed reserves and proved undeveloped reserves. The reserve base used to calculate the depreciation for capitalized costs for exploratory and development wells is the sum of proved developed reserves only. Estimated future abandonment costs, net of salvage values, are included in the depreciable cost.",,,No,,Not disclosed,,Not disclosed,,0,significant_accounting_policies,2. Summary of Significant Accounting Policies,3,False,,"score=2,idx=7073,zone=8031",455,OK,
