firm_cik,firm_ticker,fiscal_year,filename,filing_date,period_end_date,asset_category,useful_life_text,useful_life_min_years,useful_life_max_years,policy_change,policy_change_text,ai_infra_text,ai_infra_source,segment_ai_text,hardware_mentions,hardware_count,source_section,section_title,confidence,ambiguity_flag,ambiguity_detail,item8_method,item8_segment_count,extraction_status,error_message
0000939767,EXEL,2013,0000939767_EXEL_FY2013_10K.html,,,"equipment, Computer equipment, Furniture and fixtures","December 31, 2013 2012 Laboratory equipment $ 15,453 $ 19,504 Computer equipment and software 14,462 11,897 Furniture and fixtures 3,691 3,230 Leasehold improvements 17,031 16,572 Construction-in-progress 68 1,409 50,705 52,612 Less: accumulated depreciation and amortization (45,795 ) (46,553 ) Property and equipment, net $ 4,910 $ 6,059",,,No,,Not disclosed,,Not disclosed,,0,ppe_note,NOTE 17. QUARTERLY FINANCIAL DATA (UNAUDITED),3,False,,"score=6,idx=8872,zone=15968",886,OK,
0000939767,EXEL,2014,0000939767_EXEL_FY2014_10K.html,,,"equipment, Computer equipment, Furniture and fixtures","December 31, 2014 2013 Laboratory equipment $ 13,677 $ 15,453 Computer equipment and software 14,840 14,462 Furniture and fixtures 3,701 3,691 Leasehold improvements 16,364 17,031 Construction-in-progress 120 68 48,702 50,705 Less: accumulated depreciation and amortization (46,270 ) (45,795 ) Property and equipment, net $ 2,432 $ 4,910",,,No,,Not disclosed,,Not disclosed,,0,ppe_note,NOTE 16. QUARTERLY FINANCIAL DATA (UNAUDITED),3,False,,"score=6,idx=8797,zone=15826",879,OK,
0000939767,EXEL,2015,0000939767_EXEL_FY2015_10K.html,,,"equipment, Computer equipment, Furniture and fixtures","December 31, 2015 2014 Laboratory equipment $ 4,749 $ 13,677 Computer equipment and software 11,890 14,840 Furniture and fixtures 2,253 3,701 Leasehold improvements 6,395 16,364 Construction-in-progress 456 120 25,743 48,702 Less: accumulated depreciation and amortization (24,309 ) (46,270 ) Property and equipment, net $ 1,434 $ 2,432",,,No,,Not disclosed,,Not disclosed,,0,ppe_note,NOTE 16. QUARTERLY FINANCIAL DATA (UNAUDITED),3,False,,"score=6,idx=9721,zone=15861",871,OK,
0000939767,EXEL,2016,0000939767_EXEL_FY2016_10K.html,,,"equipment, Computer equipment, Furniture and fixtures","December 31, 2016 2015 Laboratory equipment $ 4,310 $ 4,749 Computer equipment and software 13,738 11,890 Furniture and fixtures 2,240 2,253 Leasehold improvements 6,646 6,395 Construction-in-progress 19 456 26,953 25,743 Less: accumulated depreciation and amortization (24,882 ) (24,309 ) Property and equipment, net $ 2,071 $ 1,434",,,No,,Not disclosed,,"Intangibles—Goodwill and Other—Internal-Use Software (Subtopic 350-40): Customer’s Accounting for Fees Paid in a Cloud Computing Arrangement, ||| ASU 2015-05 provides guidance to customers about whether a cloud computing arrangement includes a software license. If a cloud computing arrangement includes a software license, then the customer should account for the software license element of the arrangement consistent with the acquisition of other software licenses. If a cloud computing arrangement does not include a software license, the customer should account for the arrangement as a service contract. ASU 2015-05 was effective for all interim and annual reporting periods beginning after December 15, 2015 and therefore we adopted ASU 2015-05 in 2016 on a prospective basis. The adoption of ASU 2015-05 did not have a material impact on our Consolidated Financial Statements during the period of adoption and is not expected to have a material effect on our Consolidated Financial Statements in future periods. ||| In April 2015, the FASB issued ASU No. 2015-05, Intangibles—Goodwill and Other—Internal-Use Software (Subtopic 350-40): Customer’s Accounting for Fees Paid in a Cloud Computing Arrangement, (“ASU 2015-05”) . ASU 2015-05 provides guidance to customers about whether a cloud computing arrangement includes a software license. If a cloud computing arrangement includes a software license, then the customer should account for the software license element of the arrangement consistent with the acquisition of other software licenses. If a cloud computing arrangement does not include a software license, the customer should account for the arrangement as a service contract. ASU 2015-05 was effective for all interim and annual reporting periods beginning after December 15, 2015 and therefore we adopted ASU 2015-05 in 2016 on a prospective basis. The adoption of ASU 2015-05 did not have a material impact on our Consolidated Financial Statements during the period of adoption and is not expected to have a material effect on our Consolidated Financial Statements in future periods.",,0,ppe_note,NOTE 16. QUARTERLY FINANCIAL DATA (UNAUDITED),3,False,,"score=6,idx=10098,zone=16833",947,OK,
0000939767,EXEL,2017,0000939767_EXEL_FY2017_10K.html,,,"Capitalized software, computer software",Leasehold improvements are depreciated over the lesser of their estimated useful lives or the remainder of the lease term. Capitalized software includes certain internal use computer software costs. Repairs and maintenance costs are charged to expense as incurred.,,,No,,Not disclosed,,Not disclosed,,0,significant_accounting_policies,NOTE 1. ORGANIZATION AND SUMMARY OF SIGNIFICANT ACCOUNTING POLICIES,3,True,3.0 ans | 5.0 ans | 7.0-15.0 ans,"score=4,idx=10143,zone=15245",840,OK,
0000939767,EXEL,2018,0000939767_EXEL_FY2018_10K.html,,,"Capitalized software, computer software",Leasehold improvements are depreciated over the lesser of their estimated useful lives or the remainder of the lease term. Capitalized software includes certain internal use computer software costs. Repairs and maintenance costs are charged to expense as incurred.,,,Not disclosed,,Not disclosed,,Not disclosed,,0,significant_accounting_policies,NOTE 1. ORGANIZATION AND SUMMARY OF SIGNIFICANT ACCOUNTING POLICIES,3,False,,"score=4,idx=10186,zone=18439",909,ERROR,'<' not supported between instances of 'NoneType' and 'float'
0000939767,EXEL,2019,0000939767_EXEL_FY2019_10K.html,,"January 3, 2020",Computer equipment and software,"Estimated Useful Lives December 31, 2019 2018 Leasehold improvements up to 15 years $ 33,904 $ 33,941 Computer equipment and software 3 years 17,338 15,022 Furniture and fixtures 5 to 7 years 13,053 12,709 Laboratory equipment 5 years 8,904 5,668 Construction in progress 1,253 866 74,452 68,206 Less: accumulated depreciation (25,560 ) (17,309 ) Property and equipment, net $ 48,892 $ 50,897",5.0,7.0,Not disclosed,,Not disclosed,,Not disclosed,,0,ppe_note,NOTE 7. PROPERTY AND EQUIPMENT,3,False,,"score=4,idx=11406,zone=16171",845,ERROR,'<' not supported between instances of 'float' and 'NoneType'
0000939767,EXEL,2020,0000939767_EXEL_FY2020_10K.html,,2021-01-01,Computer equipment and software,"Estimated Useful Lives December 31, 2020 2019 Leasehold improvements up to 15 years $ 40,694 $ 33,904 Computer equipment and software 3 years 18,376 17,338 Furniture and fixtures 7 years 14,931 13,053 Laboratory equipment 5 years 11,707 8,904 Construction in progress 16,360 1,253 102,068 74,452 Less: accumulated depreciation (34,684) (25,560) Property and equipment, net $ 67,384 $ 48,892",3.0,,No,,Not disclosed,,Not disclosed,,0,ppe_note,NOTE 7. PROPERTY AND EQUIPMENT,3,True,3.0 ans | 5.0 ans | 7.0 ans | 15.0 ans,"score=2,idx=8617,zone=9227",585,OK,
0000939767,EXEL,2021,0000939767_EXEL_FY2021_10K.html,,2021-12-31,Computer equipment and software,"Estimated Useful Lives December 31, 2021 2020 Leasehold improvements up to 15 years $ 73,589 $ 40,694 Computer equipment and software 3 years 14,877 18,376 Furniture and fixtures 7 years 15,780 14,931 Laboratory equipment 5 years 23,744 11,707 Construction in progress 16,872 16,360 Total property and equipment 144,862 102,068 Less: accumulated depreciation (40,831) (34,684) Total property and equipment, net $ 104,031 $ 67,384",3.0,,No,,Not disclosed,,Not disclosed,,0,ppe_note,NOTE 7. PROPERTY AND EQUIPMENT,3,True,3.0 ans | 5.0 ans | 7.0 ans | 15.0 ans,"score=2,idx=8407,zone=8756",560,OK,
0000939767,EXEL,2022,0000939767_EXEL_FY2022_10K.html,,2022-12-30,Computer equipment and software up to,"Estimated Useful Lives December 31, 2022 2021 Leasehold improvements up to 15 years $ 83,334 $ 73,589 Computer equipment and software up to 3 years 19,569 14,877 Furniture and fixtures 7 years 24,054 15,780 Laboratory equipment 5 years 39,606 23,744 Construction in progress 4,933 16,872 Total property and equipment 171,496 144,862 Less: accumulated depreciation (60,872) (40,831) Total property and equipment, net $ 110,624 $ 104,031",3.0,,No,,Not disclosed,,Not disclosed,A100,1,ppe_note,NOTE 7. PROPERTY AND EQUIPMENT,3,True,3.0 ans | 5.0 ans | 7.0 ans | 15.0 ans,"score=2,idx=7718,zone=8979",560,OK,
0000939767,EXEL,2023,0000939767_EXEL_FY2023_10K.html,,2023-12-29,Computer equipment and software up to,"Estimated Useful Lives December 31, 2023 2022 Leasehold improvements up to 15 years $ 89,038 $ 83,334 Computer equipment and software up to 3 years 19,795 19,569 Furniture and fixtures up to 7 years 24,919 24,054 Laboratory equipment 5 years 50,904 39,606 Construction in progress 24,465 4,933 Total property and equipment 209,121 171,496 Less: accumulated depreciation (80,390) (60,872) Total property and equipment, net $ 128,731 $ 110,624",3.0,,No,,Not disclosed,,Not disclosed,,0,ppe_note,NOTE 7. PROPERTY AND EQUIPMENT,3,True,3.0 ans | 5.0 ans | 7.0 ans | 15.0 ans,"score=2,idx=7727,zone=8879",553,OK,
0000939767,EXEL,2024,0000939767_EXEL_FY2024_10K.html,,2025-01-03,Computer equipment and software up to,"Estimated Useful Lives December 31, 2024 2023 Leasehold improvements up to 15 years $ 108,277 $ 89,038 Computer equipment and software up to 3 years 15,671 19,795 Furniture and fixtures up to 7 years 22,865 24,919 Laboratory equipment 5 years 70,435 50,904 Construction in progress 2,875 24,465 Total property and equipment 220,123 209,121 Less: accumulated depreciation and amortization (100,732) (80,390) Total property and equipment, net $ 119,391 $ 128,731",3.0,,No,,Not disclosed,,Not disclosed,,0,ppe_note,NOTE 8. PROPERTY AND EQUIPMENT,3,True,3.0 ans | 5.0 ans | 7.0 ans | 15.0 ans,"score=2,idx=8395,zone=9177",625,OK,
0001013871,NRG,2013,0001013871_NRG_FY2013_10K.html,,"December 31, 2013",Not disclosed,Not disclosed,,,No,,Not disclosed,,Not disclosed,,0,unknown,,0,False,,"score=4,idx=45240,zone=14",2,OK,
0001013871,NRG,2014,0001013871_NRG_FY2014_10K.html,,"December 31, 2014",Not disclosed,Not disclosed,,,No,,Not disclosed,,Not disclosed,,0,unknown,,0,False,,"score=4,idx=46888,zone=14",2,OK,
0001013871,NRG,2015,0001013871_NRG_FY2015_10K.html,,"December 31, 2015",Not disclosed,Not disclosed,,,No,,Not disclosed,,Not disclosed,,0,unknown,,0,False,,"score=4,idx=52298,zone=14",2,OK,
0001013871,NRG,2016,0001013871_NRG_FY2016_10K.html,,"December 31, 2016",Not disclosed,Not disclosed,,,No,,Not disclosed,,Not disclosed,,0,unknown,,0,False,,"score=4,idx=66151,zone=17",2,OK,
0001013871,NRG,2017,0001013871_NRG_FY2017_10K.html,,"December 31, 2017",Not disclosed,Not disclosed,,,No,,Not disclosed,,Not disclosed,,0,unknown,,0,False,,"score=4,idx=55619,zone=6",2,OK,
0001013871,NRG,2018,0001013871_NRG_FY2018_10K.html,,"December 31, 2018",Not disclosed,Not disclosed,,,No,,Not disclosed,,Not disclosed,,0,unknown,,0,False,,"score=4,idx=42405,zone=6",2,OK,
0001013871,NRG,2019,0001013871_NRG_FY2019_10K.html,,2020-12-31,Not disclosed,Not disclosed,,,No,,Not disclosed,,Not disclosed,A100,1,unknown,,0,False,,"score=2,idx=27597,zone=33",2,OK,
0001013871,NRG,2020,0001013871_NRG_FY2020_10K.html,,2021-12-31,Not disclosed,Not disclosed,,,No,,Not disclosed,,Not disclosed,A100,1,unknown,,0,False,,"score=2,idx=23595,zone=7",2,OK,
0001013871,NRG,2021,0001013871_NRG_FY2021_10K.html,,2022-02-24,Not disclosed,Not disclosed,,,No,,Not disclosed,,Not disclosed,,0,unknown,,0,False,,"score=2,idx=22692,zone=7",2,OK,
0001013871,NRG,2022,0001013871_NRG_FY2022_10K.html,,2023-12-31,Not disclosed,Not disclosed,,,No,,Not disclosed,,Not disclosed,A100;B200,2,unknown,,0,False,,"score=2,idx=22090,zone=7",2,OK,
0001013871,NRG,2023,0001013871_NRG_FY2023_10K.html,,2024-03-31,Not disclosed,Not disclosed,,,No,,Not disclosed,,Not disclosed,,0,unknown,,0,False,,"score=2,idx=24069,zone=7",2,OK,
0001013871,NRG,2024,0001013871_NRG_FY2024_10K.html,,2025-03-31,Not disclosed,Not disclosed,,,No,,"Load Growth — The electric industry is expected to experience a surge in demand driven primarily by new manufacturing, industrial and data center facilities (inclusive of GenAI). The U.S. Energy Information Administration's 2023 Annual Energy Outlook, combined with external forecasts of GenAI, shows the potential for 500 TWh of incremental load across the U.S. through 2030, as compared to 2023. ERCOT's current long term load forecast shows peak demand increasing from 86 GW in 2024 to 137 GW in 2028. This load growth will require significant planning and construction of new generation and transmission.",MD&A (Item 7),"In 2024, NRG entered into a definitive partnership agreement with Renew Home, a VPP platform formed by the combination of Google’s Nest Renew and OhmConnect. Leveraging Google Cloud’s AI and cloud platforms, NRG and Renew Home plan to develop a VPP portfolio of up to 1 GW of load management capacity, with instantaneous dispatch value during peak events and tight supply conditions.",,0,unknown,,0,False,,"score=2,idx=24516,zone=7",2,OK,
0001035267,ISRG,2013,0001035267_ISRG_FY2013_10K.html,,,Equipment and furniture,Useful Lives Building Up to 30 years Building improvements Up to 15 years Leasehold improvements Lesser of useful life or term of lease Equipment and furniture 5 years Computer equipment 3 years Enterprise-wide software 5 years Purchased software Lesser of 3 years or life of license,5.0,,No,,Not disclosed,,Not disclosed,,0,significant_accounting_policies,NOTE 11. EMPLOYEE BENEFIT PLANS,3,True,3.0 ans | 5.0 ans | 15.0 ans,"score=6,idx=9787,zone=16364",673,OK,
0001035267,ISRG,2014,0001035267_ISRG_FY2014_10K.html,,,Equipment and furniture,Useful Lives Building Up to 30 years Building improvements Up to 15 years Leasehold improvements Lesser of useful life or term of lease Equipment and furniture 5 years Computer equipment 3 years Enterprise-wide software 5 years Purchased software Lesser of 3 years or life of license,5.0,,No,,Not disclosed,,Not disclosed,,0,significant_accounting_policies,NOTE 12. EMPLOYEE BENEFIT PLANS,3,True,3.0 ans | 5.0 ans | 15.0 ans,"score=6,idx=10106,zone=17306",777,OK,
0001035267,ISRG,2015,0001035267_ISRG_FY2015_10K.html,,,Equipment and furniture,Useful Lives Building Up to 30 years Building improvements Up to 15 years Leasehold improvements Lesser of useful life or term of lease Equipment and furniture 5 years Computer equipment 3 years Enterprise-wide software Up to 5 years Purchased software Lesser of 3 years or life of license,5.0,,No,,Not disclosed,,"Customer’s Accounting of Fees Paid in Cloud Computing Arrangement ||| guidance on accounting for fees paid in cloud computing arrangements. If a cloud computing arrangement includes a software license, then the customer should account for the software license element of the arrangement consistent with the acquisition of other software licenses. If a cloud computing arrangement does not include a software license, the customer should account for the arrangement as a services contract. All software licenses recognized under this guidance will be accounted for consistent with other licenses of intangible assets. The guidance becomes effective for the Company for the first quarter of fiscal 2016. The guidance is not expected to have a material effect on the Company's Consolidated Financial Statements. ||| In April 2015, the FASB issued ASU No. 2015-05, Customer’s Accounting of Fees Paid in Cloud Computing Arrangement ,",,0,significant_accounting_policies,NOTE 12. EMPLOYEE BENEFIT PLANS,3,True,3.0 ans | 5.0 ans | 15.0 ans,"score=6,idx=10583,zone=17038",733,OK,
0001035267,ISRG,2016,0001035267_ISRG_FY2016_10K.html,,,Equipment and furniture,Useful Lives Building Up to 30 years Building improvements Up to 15 years Leasehold improvements Lesser of useful life or term of lease Equipment and furniture 5 years Operating lease assets Greater of lease term or 1 to 5 years Computer and office equipment 3 years Enterprise-wide software 5 years Purchased software Lesser of 3 years or life of license,1.0,5.0,No,,Not disclosed,,Not disclosed,,0,significant_accounting_policies,NOTE 12. EMPLOYEE BENEFIT PLANS,3,True,1.0-5.0 ans | 3.0 ans | 5.0 ans | 15.0 ans,"score=6,idx=10721,zone=17382",763,OK,
0001035267,ISRG,2017,0001035267_ISRG_FY2017_10K.html,,,Equipment and furniture,Useful Lives Building Up to 30 years Building improvements Up to 15 years Leasehold improvements Lesser of useful life or term of lease Equipment and furniture 5 years Operating lease assets Greater of lease term or 1 to 5 years Computer and office equipment 3 years Enterprise-wide software 5 years Purchased software Lesser of 3 years or life of license,1.0,5.0,No,,Not disclosed,,Not disclosed,,0,significant_accounting_policies,NOTE 12. EMPLOYEE BENEFIT PLANS,3,True,1.0-5.0 ans | 3.0 ans | 5.0 ans | 15.0 ans,"score=6,idx=10518,zone=18090",821,OK,
0001035267,ISRG,2018,0001035267_ISRG_FY2018_10K.html,,,Equipment and furniture,Useful Lives Building Up to 30 years Building improvements Up to 15 years Leasehold improvements Lesser of useful life or term of lease Equipment and furniture 5 years Operating lease assets Greater of lease term or 1 to 5 years Computer and office equipment 3 years Enterprise-wide software 5 years Purchased software Lesser of 3 years or life of license,1.0,5.0,No,,Not disclosed,,"Accounting for Implementation Costs Incurred in a Cloud Computing Arrangement That Is a Service Contract ||| Intangibles (Topic 350): Customer’s Accounting for Implementation Costs Incurred in a Cloud Computing Arrangement That Is a Service Contract ||| In August 2018, the FASB issued ASU No. 2018-15, Intangibles (Topic 350): Customer’s Accounting for Implementation Costs Incurred in a Cloud Computing Arrangement That Is a Service Contract , which aligns the requirements for capitalizing implementation costs incurred in a hosting arrangement that is a service contract with the requirements for capitalizing implementation costs incurred to develop or obtain internal-use software. This new standard also requires customers to expense the capitalized implementation costs of a hosting arrangement that is a service contract over the term of the hosting arrangement. This new standard becomes effective for the Company in the first quarter of fiscal year 2020, with early adoption permitted. This new standard can be applied either retrospectively or prospectively to all implementation costs incurred after the date of adoption. The Company is currently evaluating the impact and timing of adopting this new standard on its Consolidated Financial Statements.",,0,significant_accounting_policies,NOTE 13. SUBSEQUENT EVENTS,3,True,1.0-5.0 ans | 3.0 ans | 5.0 ans | 15.0 ans,"score=6,idx=9762,zone=20825",813,OK,
0001035267,ISRG,2019,0001035267_ISRG_FY2019_10K.html,,2019-12-31,Equipment and furniture,Useful Lives Building Up to 30 years Building improvements Up to 15 years Leasehold improvements Lesser of useful life or term of lease Equipment and furniture 5 years Operating lease assets Greater of lease term or 1 to 5 years Computer and office equipment 3 years Enterprise-wide software 5 years Purchased software Lesser of 3 years or life of license,1.0,5.0,No,,Not disclosed,,"Customer's Accounting for Implementation Costs Incurred in a Cloud Computing Arrangement That Is a Service Contract ||| In August 2018, the FASB issued ASU No. 2018-15, Intangibles (Topic 350): Customer’s Accounting for Implementation Costs Incurred in a Cloud Computing Arrangement That Is a Service Contract , which aligns the requirements for capitalizing implementation costs incurred in a hosting arrangement that is a service contract with the requirements for capitalizing implementation costs incurred to develop or obtain internal-use software. This standard also requires customers to amortize the capitalized implementation costs of a hosting arrangement that is a service contract over the term of the hosting arrangement. The Company early adopted this standard, as of January 1, 2019, on a prospective basis for all applicable implementation costs. ||| Intangibles (Topic 350): Customer’s Accounting for Implementation Costs Incurred in a Cloud Computing Arrangement That Is a Service Contract",,0,significant_accounting_policies,NOTE 2. SUMMARY OF SIGNIFICANT ACCOUNTING POLICIES,3,True,1.0-5.0 ans | 3.0 ans | 5.0 ans | 15.0 ans,"score=5,idx=8132,zone=12752",667,OK,
0001035267,ISRG,2020,0001035267_ISRG_FY2020_10K.html,,2020-12-31,Equipment and furniture,Useful Lives Building Up to 30 years Building improvements Up to 15 years Leasehold improvements Lesser of useful life or term of lease Equipment and furniture 5 years Operating lease assets Greater of lease term or 1 to 5 years Computer and office equipment 3 years Enterprise-wide software 5 years Purchased software Lesser of 3 years or life of license,1.0,5.0,No,,Not disclosed,,Implementation Costs in a Cloud Computing Arrangement,,0,significant_accounting_policies,NOTE 2. SUMMARY OF SIGNIFICANT ACCOUNTING POLICIES,3,True,1.0-5.0 ans | 3.0 ans | 5.0 ans | 15.0 ans,"score=5,idx=8390,zone=11232",671,OK,
0001035267,ISRG,2021,0001035267_ISRG_FY2021_10K.html,,"December 31, 2021",Equipment and furniture,Useful Lives Building Up to 30 years Building improvements Up to 15 years Leasehold improvements Lesser of useful life or term of lease Equipment and furniture 5 years Operating lease assets Greater of lease term or 1 to 5 years Computer and office equipment 3 years Enterprise-wide software 5 years Purchased software Lesser of 3 years or life of license,1.0,5.0,No,,Not disclosed,,Implementation Costs in a Cloud Computing Arrangement,,0,significant_accounting_policies,NOTE 2. SUMMARY OF SIGNIFICANT ACCOUNTING POLICIES,3,True,1.0-5.0 ans | 3.0 ans | 5.0 ans | 15.0 ans,"score=5,idx=9225,zone=11030",666,OK,
0001035267,ISRG,2022,0001035267_ISRG_FY2022_10K.html,,"December 31, 2022",Equipment and furniture,Useful Lives Building Up to 30 years Building improvements Up to 15 years Leasehold improvements Lesser of useful life or term of lease Equipment and furniture 5 years Operating lease assets Greater of lease term or 1 to 5 years Computer and office equipment 3 years Enterprise-wide software 5 years Purchased software Lesser of 3 years or life of license,1.0,5.0,No,,Not disclosed,,Implementation Costs in a Cloud Computing Arrangement,A100,1,significant_accounting_policies,NOTE 2. SUMMARY OF SIGNIFICANT ACCOUNTING POLICIES,3,True,1.0-5.0 ans | 3.0 ans | 5.0 ans | 15.0 ans,"score=5,idx=8028,zone=11848",688,OK,
0001035267,ISRG,2023,0001035267_ISRG_FY2023_10K.html,,"December 31, 2023",Equipment and furniture,Useful Lives Building Up to 30 years Building improvements Up to 15 years Leasehold improvements Lesser of useful life or term of lease Equipment and furniture 5 years Operating lease assets Greater of lease term or 1 to 5 years Computer and office equipment 3 to 5 years Enterprise-wide software 5 to 8 years Purchased software Lesser of 3 years or life of license,1.0,5.0,Not disclosed,,Not disclosed,,Not disclosed,,0,significant_accounting_policies,NOTE 2. SUMMARY OF SIGNIFICANT ACCOUNTING POLICIES,3,False,,"score=5,idx=9198,zone=11950",676,ERROR,'<' not supported between instances of 'NoneType' and 'float'
0001035267,ISRG,2024,0001035267_ISRG_FY2024_10K.html,,"December 31, 2024",Equipment and furniture,Useful Lives Building Up to 30 years Building improvements Up to 15 years Leasehold improvements Lesser of useful life or term of lease Equipment and furniture 5 years Operating lease assets 1 to 7 years Computer and office equipment 3 to 5 years Enterprise-wide software 5 to 8 years Purchased software Lesser of 3 years or life of license,1.0,7.0,Not disclosed,,Not disclosed,,Not disclosed,,0,significant_accounting_policies,NOTE 2. SUMMARY OF SIGNIFICANT ACCOUNTING POLICIES,3,False,,"score=5,idx=9156,zone=11950",681,ERROR,'<' not supported between instances of 'NoneType' and 'float'
0001095565,HSTM,2013,0001095565_HSTM_FY2013_10K.html,,"DECEMBER 31, 2013","Capitalized software, computer software","Capitalized software development is stated on the basis of cost, and is presented net of accumulated amortization.",1.0,5.0,No,,Not disclosed,,Not disclosed,,0,significant_accounting_policies,1. SUMMARY OF SIGNIFICANT ACCOUNTING POLICIES (continued),3,False,,"score=4,idx=5753,zone=11702",328,OK,
0001095565,HSTM,2014,0001095565_HSTM_FY2014_10K.html,,"DECEMBER 31, 2014","Capitalized software, computer software","Capitalized software development is stated on the basis of cost, and is presented net of accumulated amortization.",1.0,5.0,No,,Not disclosed,,Not disclosed,,0,significant_accounting_policies,1. SUMMARY OF SIGNIFICANT ACCOUNTING POLICIES (continued),3,False,,"score=4,idx=3929,zone=7274",314,OK,
0001095565,HSTM,2015,0001095565_HSTM_FY2015_10K.html,,"DECEMBER 31, 2015","Capitalized software, computer software","Capitalized software development is stated on the basis of cost, and is presented net of accumulated amortization. Amortization of capitalized software development was approximately $6.2 million and $4.3 million during 2015 and 2014, respectively.",3.0,5.0,No,,Not disclosed,,Not disclosed,,0,significant_accounting_policies,1. SUMMARY OF SIGNIFICANT ACCOUNTING POLICIES (continued),3,False,,"score=4,idx=4322,zone=7643",328,OK,
0001095565,HSTM,2016,0001095565_HSTM_FY2016_10K.html,,"DECEMBER 31, 2016","Capitalized software, computer software","Capitalized software development is stated on the basis of cost, and is presented net of accumulated amortization. Amortization of capitalized software development was approximately $7.7 million and $6.2 million during 2016 and 2015, respectively.",3.0,5.0,No,,Not disclosed,,Not disclosed,,0,significant_accounting_policies,1. SUMMARY OF SIGNIFICANT ACCOUNTING POLICIES (continued),3,False,,"score=4,idx=4085,zone=7974",337,OK,
0001095565,HSTM,2017,0001095565_HSTM_FY2017_10K.html,,"DECEMBER 31, 2017","Capitalized software, computer software","Capitalized software development is stated on the basis of cost and is presented net of accumulated amortization. Amortization of capitalized software development was approximately $10.1 million, $7.7 million, and $6.2 million during 2017, 2016, and 2015, respectively.",3.0,,No,,Not disclosed,,Not disclosed,,0,significant_accounting_policies,1. SUMMARY OF SIGNIFICANT ACCOUNTING POLICIES (continued),3,False,,"score=4,idx=4296,zone=8156",358,OK,
0001095565,HSTM,2018,0001095565_HSTM_FY2018_10K.html,,,"Capitalized software, computer software","Capitalized software development is stated on the basis of cost and is presented net of accumulated amortization. Amortization of capitalized software development from continuing operations was approximately $9.6 million, $8.9 million, and $6.8 million during 2018, 2017, and 2016, respectively.",3.0,,No,,Not disclosed,,Not disclosed,,0,significant_accounting_policies,1. SUMMARY OF SIGNIFICANT ACCOUNTING POLICIES,3,False,,"score=4,idx=5512,zone=11303",398,OK,
0001095565,HSTM,2019,0001095565_HSTM_FY2019_10K.html,,2020-03-31,"Capitalized software, computer software","Capitalized software development is stated on the basis of cost and is presented net of accumulated amortization. Amortization of capitalized software development was $11.0 million, $9.6 million, and $8.9 million during 2019, 2018, and 2017, respectively.",3.0,,No,,Not disclosed,,Not disclosed,,0,significant_accounting_policies,1. SUMMARY OF SIGNIFICANT ACCOUNTING POLICIES,3,False,,"score=4,idx=6857,zone=10990",490,OK,
0001095565,HSTM,2020,0001095565_HSTM_FY2020_10K.html,,2021-01-19,"Capitalized software, computer software","Capitalized software development is stated on the basis of cost and is presented net of accumulated amortization. Amortization of capitalized software development was $12.7 million, $11.0 million, and $9.6 million during 2020, 2019, and 2018, respectively.",3.0,,No,,Not disclosed,,Not disclosed,,0,significant_accounting_policies,1. SUMMARY OF SIGNIFICANT ACCOUNTING POLICIES,3,False,,"score=4,idx=6136,zone=12400",512,OK,
0001095565,HSTM,2021,0001095565_HSTM_FY2021_10K.html,,"December 31, 2021","Capitalized software, computer software","Capitalized software development is stated on the basis of cost and is presented net of accumulated amortization. Amortization of capitalized software development was $15.6 million, $12.7 million, and $11.0 million during 2021 , 2020 , and 2019 , respectively.",3.0,,No,,Not disclosed,,Not disclosed,,0,significant_accounting_policies,1. SUMMARY OF SIGNIFICANT ACCOUNTING POLICIES,3,False,,"score=4,idx=5201,zone=8097",408,OK,
0001095565,HSTM,2022,0001095565_HSTM_FY2022_10K.html,,"December 31, 2022","Capitalized software, computer software","Capitalized software development is stated on the basis of cost and is presented net of accumulated amortization. Amortization of capitalized software development was $18.9 million, $15.6 million, and $12.7 million during 2022 , 2021 , and 2020 , respectively.",3.0,,No,,Not disclosed,,Not disclosed,,0,significant_accounting_policies,1. SUMMARY OF SIGNIFICANT ACCOUNTING POLICIES,3,False,,"score=4,idx=4674,zone=6814",362,OK,
0001095565,HSTM,2023,0001095565_HSTM_FY2023_10K.html,,"December 31, 2023","Capitalized software, computer software","Capitalized software and content development is stated on the basis of cost and is presented net of accumulated amortization. Amortization of capitalized software development was $22.0 million, $18.9 million, and $15.6 million during 2023 , 2022 , and 2021 , respectively.",3.0,,No,,Not disclosed,,Not disclosed,,0,significant_accounting_policies,1. SUMMARY OF SIGNIFICANT ACCOUNTING POLICIES,3,False,,"score=4,idx=4289,zone=6250",355,OK,
0001095565,HSTM,2024,0001095565_HSTM_FY2024_10K.html,,"December 31, 2024",Capitalized software,"Capitalized software and content development is stated on the basis of cost and is presented net of accumulated amortization, which was $151.1 million and $127.0 million as of December 31, 2024 and 2023, respectively. Amortization of capitalized software development was $24.1 million, $22.0 million, and $18.9 million during 2024 , 2023 , and 2022 , respectively.",3.0,,No,,Not disclosed,,Not disclosed,,0,significant_accounting_policies,1. SUMMARY OF SIGNIFICANT ACCOUNTING POLICIES,3,False,,"score=4,idx=3970,zone=6068",344,OK,
0001097864,ON,2013,0001097864_ON_FY2013_10K.html,,"December 31, 2013",Not disclosed,Not disclosed,,,No,,Not disclosed,,Not disclosed,,0,unknown,,0,False,,"score=4,idx=11524,zone=7",1,OK,
0001097864,ON,2014,0001097864_ON_FY2014_10K.html,,"December 31, 2014",Not disclosed,Not disclosed,,,No,,Not disclosed,,Not disclosed,,0,unknown,,0,False,,"score=4,idx=11802,zone=7",1,OK,
0001097864,ON,2015,0001097864_ON_FY2015_10K.html,,,buildings,"Property, plant and equipment are recorded at cost and are depreciated over estimated useful lives of 30-50 years for buildings and 3-20 years
for machinery and equipment using straight-line methods.",30.0,50.0,Yes,"The Credit Agreement contains affirmative and negative
covenants that are customary for credit agreements of this nature. The negative covenants include, among other things, limitations on asset sales, mergers and acquisitions, indebtedness, liens, investments and transactions with affiliates. The
Company’s business combinations described in Note 4: “Acquisitions,” represent permitted activities pursuant to the Credit Agreement. The Credit Agreement contains only two financial covenants: (i) a maximum total leverage ratio
of consolidated total indebtedness to consolidated earnings before interest, taxes, depreciation and amortization and other adjustments described in the Credit Agreement (“consolidated EBITDA”) for the trailing four consecutive quarters of
3.75 to 1.00; and (ii) a minimum interest coverage ratio of consolidated EBITDA to consolidated interest expense for the trailing four consecutive quarters of 3.50 to 1.0.",Not disclosed,,"ASU 2015-05 -
“Intangibles - Goodwill and Other - Internal-Use Software (Subtopic 350-40): Customer’s Accounting for Fees Paid in a Cloud Computing Arrangement” (“ASU 2015-05”) ||| In April 2015, the FASB issued ASU 2015-05, which provides guidance regarding the accounting for fees paid by a customer in cloud computing
arrangements. If a cloud computing arrangement includes the transfer of a software license, then the customer would account for the payment of fees as an acquisition of software. If there is no software license, the payment of fees would be
accounted for as a service contract. This ASU is effective in fiscal years beginning after December 15, 2015. An entity can elect to adopt the amendments either prospectively for all arrangements entered into or materially modified after the
effective date, or retrospectively. Early adoption is permitted. The Company is currently evaluating the impact that the adoption of ASU 2015-05 may have on its consolidated financial statements and has not elected early adoption as of the period
ended December 31, 2015.",NVIDIA,1,significant_accounting_policies,Note 2: Significant Accounting Policies,3,False,,"score=4,idx=7873,zone=18120",926,OK,
0001097864,ON,2016,0001097864_ON_FY2016_10K.html,,,Not disclosed,Not disclosed,,,No,,Not disclosed,,Not disclosed,NVIDIA,1,unknown,,0,False,,"score=4,idx=7208,zone=6",1,OK,
0001097864,ON,2017,0001097864_ON_FY2017_10K.html,,,Not disclosed,Not disclosed,,,No,,Not disclosed,,Not disclosed,NVIDIA,1,unknown,,0,False,,"score=4,idx=7581,zone=12",1,OK,
0001097864,ON,2018,0001097864_ON_FY2018_10K.html,,"December 31, 2018",Not disclosed,Not disclosed,,,No,,Not disclosed,,Not disclosed,NVIDIA,1,unknown,,0,False,,"score=4,idx=7189,zone=12",1,OK,
0001097864,ON,2019,0001097864_ON_FY2019_10K.html,,2020-03-27,Not disclosed,Not disclosed,,,No,,Not disclosed,,Not disclosed,A100;NVIDIA,2,unknown,,0,False,,"score=2,idx=11762,zone=10",2,OK,
0001097864,ON,2020,0001097864_ON_FY2020_10K.html,,2020-12-31,Not disclosed,Not disclosed,,,No,,Not disclosed,,Not disclosed,NVIDIA,1,unknown,,0,False,,"score=2,idx=11351,zone=10",2,OK,
0001097864,ON,2021,0001097864_ON_FY2021_10K.html,,2022-12-31,Not disclosed,Not disclosed,,,No,,Not disclosed,,Not disclosed,NVIDIA,1,unknown,,0,False,,"score=2,idx=10238,zone=10",2,OK,
0001097864,ON,2022,0001097864_ON_FY2022_10K.html,,2023-01-03,Not disclosed,Not disclosed,,,No,,Not disclosed,,Not disclosed,B100;B200;NVIDIA,3,unknown,,0,False,,"score=2,idx=10599,zone=10",2,OK,
0001097864,ON,2023,0001097864_ON_FY2023_10K.html,,2023-12-31,Not disclosed,Not disclosed,,,No,,Not disclosed,,Not disclosed,NVIDIA,1,unknown,,0,False,,"score=2,idx=10584,zone=19",2,OK,
0001097864,ON,2024,0001097864_ON_FY2024_10K.html,,2025-01-14,Not disclosed,Not disclosed,,,No,,Not disclosed,,Not disclosed,,0,unknown,,0,False,,"score=2,idx=10030,zone=82",10,OK,
0001099219,MET,2013,0001099219_MET_FY2013_10K.html,,"December 31, 2013",capitalized software,Accumulated amortization of capitalized software was,,,No,,Not disclosed,,Not disclosed,,0,significant_accounting_policies,"1. Business, Basis of Presentation and Summary of Significant Accounting Policies (continued)",3,False,,"score=4,idx=52081,zone=137742",3002,OK,
0001099219,MET,2014,0001099219_MET_FY2014_10K.html,,"December 31, 2014",capitalized software,Accumulated amortization of capitalized software was,,,No,,Not disclosed,,Not disclosed,,0,significant_accounting_policies,"1. Business, Basis of Presentation and Summary of Significant Accounting Policies (continued)",3,False,,"score=4,idx=52267,zone=133728",2960,OK,
0001099219,MET,2015,0001099219_MET_FY2015_10K.html,,,capitalized software,Accumulated amortization of capitalized software was,,,No,,Not disclosed,,"In April 2015, the FASB issued new guidance on accounting for fees paid in a cloud computing arrangement (ASU 2015-05, ||| Intangibles - Goodwill and Other - Internal-Use Software (Subtopic 350-40): Customer’s Accounting for Fees Paid in a Cloud Computing Arrangement ||| ), effective for fiscal years beginning after December 15, 2015, and interim periods within those fiscal years. Early adoption of the new guidance is permitted and an entity can elect to adopt the guidance either: (1) prospectively to all arrangements entered into or materially modified after the effective date; or (2) retrospectively. The new guidance provides that all software licenses included in cloud computing arrangements be accounted for consistent with other licenses of intangible assets. However, if a cloud computing arrangement does not include a software license, the arrangement should be accounted for as a service contract, the accounting for which did not change. The adoption of this new guidance will not have a material impact on the Company’s consolidated financial statements.",,0,significant_accounting_policies,"1. Business, Basis of Presentation and Summary of Significant Accounting Policies (continued)",3,False,,"score=4,idx=56300,zone=109885",2903,OK,
0001099219,MET,2016,0001099219_MET_FY2016_10K.html,,,capitalized software,Accumulated amortization of capitalized software was,,,No,,Not disclosed,,Not disclosed,,0,significant_accounting_policies,Note 8,3,False,,"score=4,idx=56999,zone=126126",3058,OK,
0001099219,MET,2017,0001099219_MET_FY2017_10K.html,,,capitalized software,Accumulated amortization of capitalized software was,,,No,,Not disclosed,,Not disclosed,,0,significant_accounting_policies,Note 18,3,False,,"score=4,idx=55870,zone=138342",3205,OK,
0001099219,MET,2018,0001099219_MET_FY2018_10K.html,,,capitalized software,Accumulated amortization of capitalized software was,,,Unclear,"Net investment income: (i) includes earned income on derivatives and amortization of premium on derivatives that are hedges of investments or that are used to replicate certain investments, but do not qualify for hedge accounting treatment, (ii) excludes post-tax adjusted earnings adjustments relating to insurance joint ventures accounted for under the equity method, (iii) excludes certain amounts related to contractholder-directed equity securities, (iv) excludes certain amounts related to securitization entities that are VIEs consolidated under GAAP and (v) includes distributions of profits from certain other limited partnership interests that were previously accounted for under the cost method, but are now accounted for at estimated fair value, where the change in estimated fair value is recognized in net investment gains (losses) under GAAP; and",Not disclosed,,"ASU 2018-15, Intangibles—Goodwill and Other—Internal-Use Software (Subtopic 350-40): Customer’s Accounting for Implementation Costs Incurred in a Cloud Computing Arrangement That Is a Service Contract ||| Intangibles—Goodwill and Other—Internal-Use Software (Subtopic 350-40): Customer’s Accounting for Implementation Costs Incurred in a Cloud Computing Arrangement That Is a Service Contract ||| The new guidance requires a customer in a cloud computing arrangement that is a service contract to follow the internal-use software guidance to determine which implementation costs to capitalize as an asset and which costs to expense as incurred. Implementation costs that are capitalized under the new guidance are required to be amortized over the term of the hosting arrangement, beginning when the module or component of the hosting arrangement is ready for its intended use.",,0,significant_accounting_policies,Note 18,3,False,,"score=4,idx=56742,zone=126037",3120,OK,
0001099219,MET,2019,0001099219_MET_FY2019_10K.html,,2019-12-31,"Computer software, capitalized software","Computer software, which is included in other assets, is stated at cost, less accumulated amortization. Accumulated amortization of capitalized software was $2.5 billion and $2.2 billion at December 31, 2019 and 2018 , respectively.",4.0,,Unclear,"Net investment income: (i) includes adjustments for earned income on derivatives and amortization of premium on derivatives that are hedges of investments or that are used to replicate certain investments, but do not qualify for hedge accounting treatment, (ii) excludes post-tax adjusted earnings adjustments relating to insurance joint ventures accounted for under the equity method, (iii) excludes certain amounts related to contractholder-directed equity securities, (iv) excludes certain amounts related to securitization entities that are VIEs consolidated under GAAP and (v) includes distributions of profits from certain other limited partnership interests that were previously accounted for under the cost method, but are now accounted for at estimated fair value, where the change in estimated fair value is recognized in net investment gains (losses) under GAAP; and",Not disclosed,,"ASU 2018-15, Intangibles—Goodwill and Other—Internal-Use Software (Subtopic 350-40): Customer’s Accounting for Implementation Costs Incurred in a Cloud Computing Arrangement That Is a Service Contract ||| The new guidance requires a customer in a cloud computing arrangement that is a service contract to follow the internal-use software guidance to determine which implementation costs to capitalize as an asset and which costs to expense as incurred. Implementation costs that are capitalized under the new guidance are required to be amortized over the term of the hosting arrangement, beginning when the module or component of the hosting arrangement is ready for its intended use. ||| Intangibles—Goodwill and Other—Internal-Use Software (Subtopic 350-40): Customer’s Accounting for Implementation Costs Incurred in a Cloud Computing Arrangement That Is a Service Contract",,0,significant_accounting_policies,Note 21,3,True,3.0-7.0 ans | 4.0 ans,"score=4,idx=67262,zone=139739",3038,OK,
0001099219,MET,2020,0001099219_MET_FY2020_10K.html,,2020-12-31,"Computer software, capitalized software","Computer software, which is included in other assets, is stated at cost, less accumulated amortization. Accumulated amortization of capitalized software was $2.5 billion at both December 31, 2020 and 2019.",4.0,,Unclear,"• Net investment income: (i) includes adjustments for earned income on derivatives and amortization of premium on derivatives that are hedges of investments or that are used to replicate certain investments, but do not qualify for hedge accounting treatment, (ii) excludes post-tax adjusted earnings adjustments relating to insurance joint ventures accounted for under the equity method, (iii) excludes certain amounts related to contractholder-directed equity securities, (iv) excludes certain amounts related to securitization entities that are VIEs consolidated under GAAP and (v) includes distributions of profits from certain other limited partnership interests that were previously accounted for under the cost method, but are now accounted for at estimated fair value, where the change in estimated fair value is recognized in net investment gains (losses) under GAAP; and",Not disclosed,,Not disclosed,B100,1,significant_accounting_policies,"1. Business, Basis of Presentation and Summary of Significant Accounting Policies (continued)",3,True,3.0-7.0 ans | 4.0 ans,"score=2,idx=44189,zone=63971",2533,OK,
0001099219,MET,2021,0001099219_MET_FY2021_10K.html,,2021-12-31,"Computer software, capitalized software","Computer software, which is included in other assets, is stated at cost, less accumulated amortization. Accumulated amortization of capitalized software was $2.7 billion and $2.5 billion at December 31, 2021 and 2020, respectively.",4.0,,Unclear,"• Net investment income: (i) includes adjustments for earned income on derivatives and amortization of premium on derivatives that are hedges of investments or that are used to replicate certain investments, but do not qualify for hedge accounting treatment, (ii) excludes post-tax adjusted earnings adjustments relating to insurance joint ventures accounted for under the equity method, (iii) excludes certain amounts related to contractholder-directed equity securities, (iv) excludes certain amounts related to securitization entities that are VIEs consolidated under GAAP and (v) includes distributions of profits from certain other limited partnership interests that were previously accounted for under the cost method, but are now accounted for at estimated fair value, where the change in estimated fair value is recognized in net investment gains (losses) under GAAP; and",Not disclosed,,Not disclosed,B100,1,significant_accounting_policies,"1. Business, Basis of Presentation and Summary of Significant Accounting Policies (continued)",3,True,3.0-7.0 ans | 4.0 ans,"score=2,idx=43491,zone=63696",2476,OK,
0001099219,MET,2022,0001099219_MET_FY2022_10K.html,,2022-12-31,"Computer software, capitalized software","Computer software, which is included in other assets, is stated at cost, less accumulated amortization. Accumulated amortization of capitalized software was $2.8 billion and $2.7 billion at December 31, 2022 and 2021, respectively.",4.0,,Unclear,"• Net investment income: (i) includes adjustments for earned income on derivatives and amortization of premium on derivatives that are hedges of investments or that are used to replicate certain investments, but do not qualify for hedge accounting treatment, (ii) excludes post-tax adjusted earnings adjustments relating to insurance joint ventures accounted for under the equity method, (iii) excludes certain amounts related to contractholder-directed equity securities, (iv) excludes certain amounts related to securitization entities that are VIEs consolidated under GAAP and (v) includes distributions of profits from certain other limited partnership interests that were previously accounted for under the cost method, but are now accounted for at estimated fair value, where the change in estimated fair value is recognized in net investment gains (losses) under GAAP; and",Not disclosed,,Not disclosed,A100,1,significant_accounting_policies,"1. Business, Basis of Presentation and Summary of Significant Accounting Policies (continued)",3,True,3.0-7.0 ans | 4.0 ans | 10.0 ans,"score=2,idx=41768,zone=63193",2420,OK,
0001099219,MET,2023,0001099219_MET_FY2023_10K.html,,2023-12-31,"equipment, computer software","Property, equipment and leasehold improvements, which are included in other assets, are stated at cost, less accumulated depreciation and amortization. Depreciation and amortization on property and equipment are determined using the straight-line method over the estimated useful lives of the assets, generally ranging from four to 40 years. Accumulated depreciation and amortization of property, equipment and leasehold improvements was $4.8 billion and $4.4 billion at December 31, 2023 and 2022, respectively.",4.0,40.0,No,,Not disclosed,,Not disclosed,,0,significant_accounting_policies,"1. Business, Basis of Presentation and Summary of Significant Accounting Policies (continued)",3,False,,"score=2,idx=52163,zone=87240",2713,OK,
0001099219,MET,2024,0001099219_MET_FY2024_10K.html,,2025-12-31,"equipment, computer software","Property, equipment and leasehold improvements, which are included in other assets, are stated at cost, less accumulated depreciation and amortization. Depreciation and amortization on property and equipment are determined using the straight-line method over the estimated useful lives of the assets, generally ranging from three to 40 years.",3.0,40.0,No,,Not disclosed,,Not disclosed,,0,significant_accounting_policies,"1. Business, Basis of Presentation and Summary of Significant Accounting Policies (continued)",3,False,,"score=2,idx=48322,zone=76616",2547,OK,
0001100682,CRL,2013,0001100682_CRL_FY2013_10K.html,,"DECEMBER 28, 2013","Machinery and equipment, Furniture and fixtures, Computer hardware, equipment","December 28, 2013 December 29, 2012 Land $ 40,157 $ 40,812 Buildings 694,074 697,547 Machinery and equipment 367,244 356,960 Leasehold improvements 37,959 34,916 Furniture and fixtures 24,013 25,681 Vehicles 3,859 3,736 Computer hardware and software 112,328 107,171 Construction in progress 42,075 46,186 Total 1,321,709 1,313,009 Less accumulated depreciation (645,527 ) (595,989 ) Net property, plant and equipment $ 676,182 $ 717,020",,,Yes,"to cost of sales for the disposition of facilities that we own. Following the impairment, the long-lived asset group was classified as held-for-use as we ceased operations over the following several months. We have commenced a search for a buyer of the facility. We continue to utilize the facility in a limited capacity and, accordingly, we have not yet met the criteria for classifying the facility as held-for-sale. Once these conditions are met, we will classify the long-lived assets as held-for-sale, cease depreciation and adjust the assets to fair value quarterly.",Not disclosed,,Not disclosed,,0,significant_accounting_policies,12. DISCONTINUED OPERATIONS,3,False,,"score=4,idx=9154,zone=26755",876,OK,
0001100682,CRL,2014,0001100682_CRL_FY2014_10K.html,,"DECEMBER 27, 2014","equipment, computer software","Property, plant and equipment, including improvements that significantly add to productive capacity or extend useful life, are carried at cost and are subject to review for impairment whenever events or changes in circumstances indicate that the carrying amount of the asset may not be recoverable.",,,Unclear,", included in cost of revenue. The Company also implemented a plan to consolidate production in its U.S. research model facilities. As a result, the Company revised the useful lives of a research model building that was abandoned and recorded accelerated deprecation to cost of revenue of",Not disclosed,,Not disclosed,,0,significant_accounting_policies,1. DESCRIPTION OF BUSINESS AND SUMMARY OF SIGNIFICANT ACCOUNTING POLICIES,3,False,,"score=4,idx=9068,zone=26620",839,OK,
0001100682,CRL,2015,0001100682_CRL_FY2015_10K.html,,"DECEMBER 26, 2015","equipment, computer software","Property, plant and equipment, including improvements that significantly add to productive capacity or extend useful life, are carried at cost and are subject to review for impairment whenever events or changes in circumstances indicate that the carrying amount of the asset may not be recoverable.",,,No,,Not disclosed,,Not disclosed,,0,significant_accounting_policies,1. DESCRIPTION OF BUSINESS AND SUMMARY OF SIGNIFICANT ACCOUNTING POLICIES,3,False,,"score=4,idx=8723,zone=27495",979,OK,
0001100682,CRL,2016,0001100682_CRL_FY2016_10K.html,,"DECEMBER 31, 2016","equipment, computer software","Property, plant and equipment, including improvements that significantly add to productive capacity or extend useful life, are carried at cost and are subject to review for impairment whenever events or changes in circumstances indicate that the carrying amount of the asset may not be recoverable.",,,No,,Not disclosed,,Not disclosed,,0,significant_accounting_policies,1. DESCRIPTION OF BUSINESS AND SUMMARY OF SIGNIFICANT ACCOUNTING POLICIES,3,False,,"score=4,idx=10665,zone=28904",1063,OK,
0001100682,CRL,2017,0001100682_CRL_FY2017_10K.html,,"DECEMBER 30, 2017","equipment, computer software","Property, plant and equipment, net, including improvements that significantly add to productive capacity or extend useful life, are carried at cost and are subject to review for impairment whenever events or changes in circumstances indicate that the carrying amount of the asset may not be recoverable.",,,No,,Not disclosed,,Not disclosed,,0,significant_accounting_policies,1. DESCRIPTION OF BUSINESS AND SUMMARY OF SIGNIFICANT ACCOUNTING POLICIES,3,False,,"score=4,idx=9844,zone=27623",1060,OK,
0001100682,CRL,2018,0001100682_CRL_FY2018_10K.html,,"DECEMBER 29, 2018","equipment, computer software","Property, plant and equipment, net, including improvements that significantly add to productive capacity or extend useful life, are carried at cost and are subject to review for impairment whenever events or changes in circumstances indicate that the carrying amount of the asset may not be recoverable.",,,No,,Not disclosed,,Not disclosed,,0,significant_accounting_policies,1. DESCRIPTION OF BUSINESS AND SUMMARY OF SIGNIFICANT ACCOUNTING POLICIES,3,False,,"score=4,idx=11173,zone=28712",1097,OK,
0001100682,CRL,2019,0001100682_CRL_FY2019_10K.html,,"December 28, 2019","equipment, computer software","Property, plant and equipment, net, including improvements that significantly add to productive capacity or extend useful life, are carried at cost and are subject to review for impairment whenever events or changes in circumstances indicate that the carrying amount of the asset may not be recoverable. Costs incurred during the preliminary project stage are expensed as incurred, while costs incurred during the application development stage are capitalized and amortized over the estimated useful life of the software.",,,No,,Not disclosed,,Not disclosed,,0,significant_accounting_policies,1. DESCRIPTION OF BUSINESS AND SUMMARY OF SIGNIFICANT ACCOUNTING POLICIES,3,False,,"score=4,idx=15880,zone=32510",1211,OK,
0001100682,CRL,2020,0001100682_CRL_FY2020_10K.html,,2021-02-17,"equipment, computer software","Property, plant and equipment, net, including improvements that significantly add to productive capacity or extend useful life, are carried at cost and are subject to review for impairment whenever events or changes in circumstances indicate that the carrying amount of the asset may not be recoverable. Costs incurred during the preliminary project stage are expensed as incurred, while costs incurred during the application development stage are capitalized and amortized over the estimated useful life of the software.",,,No,,Not disclosed,,Not disclosed,A100,1,significant_accounting_policies,1. DESCRIPTION OF BUSINESS AND SUMMARY OF SIGNIFICANT ACCOUNTING POLICIES,3,False,,"score=2,idx=10463,zone=15158",873,OK,
0001100682,CRL,2021,0001100682_CRL_FY2021_10K.html,,2021-12-25,"equipment, computer software","Property, plant and equipment, net, including improvements that significantly add to productive capacity or extend useful life, are carried at cost and are subject to review for impairment whenever events or changes in circumstances indicate that the carrying amount of the asset may not be recoverable. Costs incurred during the preliminary project stage are expensed as incurred, while costs incurred during the application development stage are capitalized and amortized over the estimated useful life of the software.",,,No,,Not disclosed,,Not disclosed,,0,significant_accounting_policies,1. DESCRIPTION OF BUSINESS AND SUMMARY OF SIGNIFICANT ACCOUNTING POLICIES,3,False,,"score=2,idx=8388,zone=15509",937,OK,
0001100682,CRL,2022,0001100682_CRL_FY2022_10K.html,,2023-01-27,"equipment, computer software","Property, plant and equipment, net, including improvements that significantly add to productive capacity or extend useful life, are carried at cost and are subject to review for impairment whenever events or changes in circumstances indicate that the carrying amount of the asset may not be recoverable. Costs incurred during the preliminary project stage are expensed as incurred, while costs incurred during the application development stage are capitalized and amortized over the estimated useful life of the software.",,,No,,Not disclosed,,Not disclosed,,0,significant_accounting_policies,1. DESCRIPTION OF BUSINESS AND SUMMARY OF SIGNIFICANT ACCOUNTING POLICIES,3,False,,"score=2,idx=8317,zone=14243",784,OK,
0001100682,CRL,2023,0001100682_CRL_FY2023_10K.html,,2023-12-30,"equipment, computer software","Property, plant and equipment, net, including improvements that significantly add to productive capacity or extend useful life, are carried at cost and are subject to review for impairment whenever events or changes in circumstances indicate that the carrying amount of the asset or asset group may not be recoverable. Costs incurred during the preliminary project stage are expensed as incurred, while costs incurred during the application development stage are capitalized and amortized over the estimated useful life of the software.",,,No,,Not disclosed,,Not disclosed,,0,significant_accounting_policies,1. DESCRIPTION OF BUSINESS AND SUMMARY OF SIGNIFICANT ACCOUNTING POLICIES,3,False,,"score=2,idx=8618,zone=14768",812,OK,
0001100682,CRL,2024,0001100682_CRL_FY2024_10K.html,,2024-12-28,equipment,"Property, plant and equipment, net is stated at cost less accumulated depreciation.",,,Unclear,"During the fourth quarter ended December 28, 2024, a triggering event was identified for the Cell Therapy asset group within the Biologics Solutions business as there was a loss of key customers, resulting in a significant reduction in cash flows. The Company concluded that there were no impairments to the long-lived asset group, which includes client relationships. However the remaining useful life of the client relationships was reduced. As a result of the decrease in the remaining useful life, $9.4 million of accelerated amortization was recognized within the accompanying consolidated statements of income. The remaining value of these client relationships is $75.9 million and will be amortized over the remaining useful life of approximately 6 months in fiscal year 2025.",Not disclosed,,Not disclosed,,0,significant_accounting_policies,1. DESCRIPTION OF BUSINESS AND SUMMARY OF SIGNIFICANT ACCOUNTING POLICIES,3,False,,"score=2,idx=8231,zone=16637",827,OK,
0001102993,LPSN,2013,0001102993_LPSN_FY2013_10K.html,,,equipment,years for equipment and software. Leasehold improvements are depreciated using the straight-line method over the shorter of the lease term or the estimated useful life of the asset. Depreciation expense totaled,,,Not disclosed,,Not disclosed,,Not disclosed,,0,significant_accounting_policies,1. Description of Business and Summary of Accounting Policies (Continued),3,False,,"score=4,idx=11846,zone=12582",468,ERROR,'<' not supported between instances of 'NoneType' and 'float'
0001102993,LPSN,2014,0001102993_LPSN_FY2014_10K.html,,,equipment,years for equipment and software. Leasehold improvements are depreciated using the straight-line method over the shorter of the lease term or the estimated useful life of the asset. Depreciation expense totaled,,,Not disclosed,,Not disclosed,,Not disclosed,,0,significant_accounting_policies,1. Description of Business and Summary of Accounting Policies (Continued),3,False,,"score=4,idx=12252,zone=14634",528,ERROR,'<' not supported between instances of 'NoneType' and 'float'
0001102993,LPSN,2015,0001102993_LPSN_FY2015_10K.html,,,equipment,years for equipment and software. Leasehold improvements are depreciated using the straight-line method over the shorter of the lease term or the estimated useful life of the asset. Depreciation expense totaled,,,Not disclosed,,Not disclosed,,Not disclosed,,0,significant_accounting_policies,1. Description of Business and Summary of Accounting Policies (Continued),3,False,,"score=4,idx=13632,zone=16399",602,ERROR,'<' not supported between instances of 'NoneType' and 'float'
0001102993,LPSN,2016,0001102993_LPSN_FY2016_10K.html,,,equipment,years for equipment and software. Leasehold improvements are depreciated using the straight-line method over the shorter of the lease term or the estimated useful life of the asset. Depreciation expense totaled,,,Yes,years. The effect of this change in estimate was to reduce depreciation expense and net loss for the twelve months ended,Not disclosed,,Not disclosed,,0,significant_accounting_policies,1. Description of Business and Summary of Accounting Policies (Continued),3,False,,"score=4,idx=14000,zone=16370",598,OK,
0001102993,LPSN,2017,0001102993_LPSN_FY2017_10K.html,,,equipment,"Depreciation expense, which includes depreciation of internal use software totaled",,,Yes,years. The effect of this change in estimate was to reduce depreciation expense and net loss by,Not disclosed,,Not disclosed,,0,significant_accounting_policies,1. Description of Business and Summary of Accounting Policies (Continued),3,False,,"score=4,idx=14168,zone=16217",595,OK,
0001102993,LPSN,2018,0001102993_LPSN_FY2018_10K.html,,,equipment,"Depreciation expense, which includes depreciation of internal use software totaled",,,No,,Not disclosed,,"As a “cloud computing” or software-as-a-service (SaaS) provider, LivePerson provides solutions on a hosted basis. This model offers significant benefits over premise-based software, including lower up-front costs, faster implementation, lower total cost of ownership, scalability, cost predictability, and simplified upgrades. Organizations that adopt a fully-hosted, multi-tenant architecture that is maintained by LivePerson eliminate the majority of the time, server infrastructure costs, and IT resources required to implement, maintain, and support traditional on-premise software.",,0,significant_accounting_policies,1. Description of Business and Summary of Accounting Policies (Continued),3,False,,"score=4,idx=14525,zone=17890",678,OK,
0001102993,LPSN,2019,0001102993_LPSN_FY2019_10K.html,,"December 31, 2019",equipment and software,"Property and equipment are stated at cost, net of accumulated depreciation, and amortization. Depreciation and amortization is calculated using the straight-line method over the estimated useful lives of the related assets, generally three to five years for equipment and software. Depreciation expense, which includes amortization of internal use software totaled $16.4 million , $14.2 million , and $12.4 million for the years ended December 31, 2019 , 2018 and 2017 , respectively.",3.0,5.0,No,,Not disclosed,,"As a “cloud computing” or software-as-a-service (SaaS) provider, LivePerson provides solutions on a hosted basis. This model offers significant benefits over premise-based software, including lower up-front costs, faster implementation, lower total cost of ownership, scalability, cost predictability, and simplified upgrades. Organizations that adopt a fully-hosted, multi-tenant architecture that is maintained by LivePerson eliminate the majority of the time, server infrastructure costs, and IT resources required to implement, maintain, and support traditional on-premise software.",,0,significant_accounting_policies,1. Description of Business and Summary of Accounting Policies (Continued),3,True,3.0-5.0 ans | 5.0 ans,"score=4,idx=17917,zone=21367",793,OK,
0001102993,LPSN,2020,0001102993_LPSN_FY2020_10K.html,,2020-12-31,equipment and software,"Property and equipment are stated at cost, net of accumulated depreciation, and amortization. Depreciation and amortization is calculated using the straight-line method over the estimated useful lives of the related assets, generally three to five years for equipment and software. Depreciation expense, which includes amortization of internal use software totaled $22.8 million, $16.4 million, and $14.2 million for the years ended December 31, 2020, 2019 and 2018, respectively.",3.0,5.0,No,,Not disclosed,,"• Conversational Cloud: LivePerson's enterprise-class, AI-powered Conversational Cloud platform empowers consumers to message their favorite brands, just as they do with friends and family. ||| As a “cloud computing” or software-as-a-service (SaaS) provider, LivePerson provides solutions on a hosted basis. This model offers significant benefits over premise-based software, including lower up-front costs, faster implementation, lower total cost of ownership, scalability, cost predictability, and simplified upgrades. Organizations that adopt a fully-hosted, multi-tenant architecture that is maintained by LivePerson eliminate the majority of the time, server infrastructure costs, and IT resources required to implement, maintain, and support traditional on-premise software. ||| We continue to invest in new product development efforts to expand the capability of the Conversational Cloud. In accordance with ASC 350-40, ‘‘Internal- Use Software’’, as new projects are initiated that provide functionality to the Conversational Cloud platform, the associated development and employee costs will be capitalized. Upon completion, the project costs will be depreciated over five years. During the years ended December 31, 2020 and 2019, $33.9 million and $29.1 million was capitalized, respectively.",,0,significant_accounting_policies,1. Description of Business and Summary of Accounting Policies (Continued),3,True,3.0-5.0 ans | 5.0 ans,"score=2,idx=12178,zone=10855",655,OK,
0001102993,LPSN,2021,0001102993_LPSN_FY2021_10K.html,,2022-02-07,equipment and software,"Property and equipment are stated at cost, net of accumulated depreciation, and amortization. Depreciation and amortization is calculated using the straight-line method over the estimated useful lives of the related assets, generally three to five years for equipment and software. Depreciation expense, which includes amortization of internal use software totaled $27.4 million, $22.8 million, and $16.4 million for the years ended December 31, 2021, 2020, and 2019, respectively.",3.0,5.0,No,,Not disclosed,,"• Conversational Cloud: LivePerson’s enterprise-class, AI-powered Conversational Cloud platform empowers consumers to message their favorite brands, just as they do with friends and family. ||| Conversational Cloud: LivePerson’s enterprise-class, AI-powered Conversational Cloud platform empowers consumers to message their favorite brands, just as they do with friends and family. ||| As a “cloud computing” or SaaS provider, LivePerson provides solutions on a hosted basis. This model offers significant benefits over premise-based software, including lower up-front costs, faster implementation, lower total cost of ownership, scalability, cost predictability, and simplified upgrades. Organizations that adopt a fully-hosted, multi-tenant architecture that is maintained by LivePerson eliminate the majority of the time, server infrastructure costs, and IT resources required to implement, maintain, and support traditional on-premise software.",,0,significant_accounting_policies,Note 1. Description of Business and Summary of Significant Accounting Policies,3,True,3.0-5.0 ans | 5.0 ans,"score=2,idx=10636,zone=12033",691,OK,
0001102993,LPSN,2022,0001102993_LPSN_FY2022_10K.html,,2022-12-31,equipment and software,"Property and equipment are stated at cost, net of accumulated depreciation, and amortization. Depreciation and amortization is calculated using the straight-line method over the estimated useful lives of the related assets, generally three to five years for equipment and software. Depreciation expense, which includes amortization of internal use software totaled $32.3 million, $27.4 million, and $22.8 million for the years ended December 31, 2022, 2021, and 2020, respectively.",3.0,5.0,No,,Not disclosed,,"LivePerson’s Conversational AI platform enables what we call “the tango” of humans, AI and bots, whereby human agents act as bot managers, overseeing AI-powered conversations and seamlessly stepping into the flow when a personal touch is needed. Agents become ultra-efficient, leveraging the AI engine to serve up relevant content, define next-best actions and take over repetitive transactional work, so that the agent can focus on relationship building. By seamlessly integrating messaging with our proprietary Conversational AI, as well as third-party bots, the Conversational Cloud offers brands a comprehensive approach to scaling automations across their millions of customer conversations. ||| As a “cloud computing” or SaaS provider, LivePerson provides solutions on a hosted basis. This model offers significant benefits over premise-based software, including lower up-front costs, faster implementation, lower total cost of ownership, scalability, cost predictability, and simplified upgrades. Organizations that adopt a fully-hosted, multi-tenant architecture that is maintained by LivePerson eliminate the majority of the time, server infrastructure costs, and IT resources required to implement, maintain, and support traditional on-premise software. ||| Expand sales partnerships to broaden our presence and accelerate sales cycles. We are focused on broadening our market reach and accelerating sales cycles by partnering with systems integrators, technology providers, business process outsourcers, value added resellers and other sales partners. We formalized a relationship with IBM Global Business Services in 2017 and Accenture in 2018. In 2019, we announced strategic partnerships with TTEC, a leading BPO (Business Process Outsourcing) company focused on customer experience, and DMI, a digital transformation company, to redefine the customer experience with digital engagement, messaging, and AI-driven automation. In 2020, a digital services and consulting company joined LivePerson’s network with a first-of-its-kind 360-degree partnership focusing not only on capturing the global rising demand for conversational commerce and building a personalized experience for customers, but also driving the transformation for internal corporate messaging and the employee experience through Conversational AI. In 2021, we announced strategic integration partnerships with Google Cloud, Adobe and Medallia to help brands make contact center agents more efficient and effective, and empower and enrich the management of customer and employee experience through the power of AI. Our network also expanded with the Tech Mahindra partnership to help brands deliver personalized conversational experiences to consumers at scale. In 2022, we partnered with Afiniti and Celonis to help brands improve customer engagement and analytics, deepened our partnership with Cisco to strengthen our CRM capabilities, and began a strategic co-selling partnership with CBA to drive sales in the Asia-Pacific region.",,0,significant_accounting_policies,Note 1. Description of Business and Summary of Significant Accounting Policies,3,True,3.0-5.0 ans | 5.0 ans,"score=2,idx=10506,zone=12622",774,OK,
0001102993,LPSN,2023,0001102993_LPSN_FY2023_10K.html,,"DECEMBER 31, 2023","Computer equipment, Furniture, equipment","December 31, Useful Life (Years) 2023 2022 (In thousands) Computer equipment and software 3 to 5 $ 123,580 $ 128,206 Internal-use software development costs 5 181,079 161,633 Finance lease right-of-use assets 2 3,060 3,083 Furniture, equipment and building improvements The lesser of 5 or estimated useful life 327 506 Property and equipment, at cost 308,046 293,428 Less: accumulated depreciation (188,721) (155,706) Property and equipment, net 119,325 137,722 Less assets held for sale (Note 20) — (11,223) Total Property and equipment, net $ 119,325 $ 126,499",,,No,,We also lease certain facilities and data centers under non-cancellable operating lease arrangements that expire at various dates through 2028. See Note 10 – Leases in the Notes to the Consolidated Financial Statements under Item 8 of this Annual Report on Form 10-K for additional information regarding our lease obligations.,MD&A (Item 7),"performance obligation is deemed to occur over time. We recognize this revenue over time on a ratable basis over the contract term, beginning on the date that access to the Conversational Cloud platform is made available to the customer. The passage of time is deemed to be the most faithful depiction of the transfer of control of the services as the customer simultaneously receives and consumes the benefit provided by our performance. Subscription contracts are generally one year or longer in length, billed monthly, quarterly or annually in advance. Additionally, for certain of our larger customers, we may provide call center labor through an arrangement with one or more of several qualified vendors. For most of these customers, we pass the fee we incur with the labor provider and its fee for the hosted services through to our customers in the form of a fixed fee for each order placed via our online engagement solutions. For these Gainshare arrangements, we act as a principal in a transaction if we control the specified goods or services before they are transferred to the customer. ||| Our purchase obligations consist of agreements to purchase goods and services entered into in the ordinary course of business. As of December 31, 2023, the value of our non-cancellable unconditional purchase obligations was approximately $36.0 million , primarily relating to contracts with vendors in connection with IT infrastructure and cloud computing-related services. See Note 12 – Commitments and Contingencies in the Notes to the Consolidated Financial Statements under Item 8 of this Annual Report on Form 10-K for additional information regarding our purchase obligations. ||| , primarily relating to contracts with vendors in connection with IT infrastructure and cloud computing-related services. See Note 12 –",,0,ppe_note,"Note 6. Property and Equipment, Net",3,False,,"score=2,idx=8337,zone=11569",781,OK,
0001102993,LPSN,2024,0001102993_LPSN_FY2024_10K.html,,"DECEMBER 31, 2024","Computer equipment, Furniture, equipment","December 31, Useful Life (Years) 2024 2023 (In thousands) Computer equipment and software 3 to 5 $ 134,647 $ 123,580 Internal-use software development costs 5 176,725 181,079 Finance lease right-of-use assets 2 62 3,060 Furniture, equipment and building improvements The lesser of 5 or estimated useful life 234 327 Property and equipment, at cost 311,668 308,046 Less: accumulated depreciation and amortization (211,111) (188,721) Total Property and equipment, net $ 100,557 $ 119,325",,,No,,Not disclosed,,Not disclosed,,0,ppe_note,"Note 6. Property and Equipment, Net",3,False,,"score=2,idx=7984,zone=11687",764,OK,
0001111335,VC,2013,0001111335_VC_FY2013_10K.html,,"December 31, 2013",information technology,"Research and development expenses include salary and related employee benefits, contractor fees, information technology, occupancy, telecommunications and depreciation.",,,Yes,"The Company defines Adjusted EBITDA as net income attributable to the Company, plus net interest expense, provision for income taxes and depreciation and amortization, as further adjusted to eliminate the impact of asset impairments, gains or losses on divestitures, discontinued operations, net restructuring expenses and other reimbursable costs, non-cash stock-based compensation expense, certain employee charges and benefits, reorganization items and other non-operating gains and losses. Adjusted EBITDA is presented as a supplemental measure of the Company's financial performance that management believes is useful to investors because the excluded items may vary significantly in timing or amounts and/or may obscure trends useful in evaluating and comparing the Company's operating activities across reporting periods. Not all companies use identical calculations and, accordingly, the Company's presentation of Adjusted EBITDA may not be comparable to other similarly titled measures of other companies. Adjusted EBITDA is not a recognized term under accounting principles generally accepted in the United States (“U.S. GAAP”) and does not purport to be a substitute for net income as an indicator of operating performance or cash flows from operating activities as a measure of liquidity. Adjusted EBITDA has limitations as an analytical tool and is not intended to be a measure of cash flow available for management's discretionary use, as it does not consider certain cash requirements such as interest payments, tax payments and debt service requirements. In addition, the Company uses Adjusted EBITDA (i) as a factor in incentive compensation decisions, (ii) to evaluate the effectiveness of the Company's business strategies and (iii) the Company's credit agreements use measures similar to Adjusted EBITDA to measure compliance with certain covenants.","-year outsourcing agreement with International Business Machines (“IBM”) pursuant to which the Company outsources information technology services on a global basis. In 2010, the agreement was amended to include only legacy mainframe and data center services out of the U.S. with the ability to terminate for convenience during the term of the agreement. At the end of 2013, Visteon terminated the mainframe portion of the services. Expenses incurred under the IBM arrangement were approximately",Item 8,"-year outsourcing agreement with International Business Machines (“IBM”) pursuant to which the Company outsources information technology services on a global basis. In 2010, the agreement was amended to include only legacy mainframe and data center services out of the U.S. with the ability to terminate for convenience during the term of the agreement. At the end of 2013, Visteon terminated the mainframe portion of the services. Expenses incurred under the IBM arrangement were approximately ||| In January 2003, the Company commenced a 10 -year outsourcing agreement with International Business Machines (“IBM”) pursuant to which the Company outsources information technology services on a global basis. In 2010, the agreement was amended to include only legacy mainframe and data center services out of the U.S. with the ability to terminate for convenience during the term of the agreement. At the end of 2013, Visteon terminated the mainframe portion of the services. Expenses incurred under the IBM arrangement were approximately $13 million during the years ended December 31, 2013, 2012 and 2011. Expenses for 2014 are estimated to be $2 million .",,0,significant_accounting_policies,NOTE 2. Summary of Significant Accounting Policies Basis of Presentation:,3,True,3.0-8.0 ans | 6.0 ans,"score=3,idx=16250,zone=43434",1277,OK,
0001111335,VC,2014,0001111335_VC_FY2014_10K.html,,"December 31, 2014",information technology,"Research and development expenses include salary and related employee benefits, contractor fees, information technology, occupancy, telecommunications and depreciation.",,,Yes,"The Company defines Adjusted EBITDA as net income attributable to the Company, plus net interest expense, provision for income taxes and depreciation and amortization, as further adjusted to eliminate the impact of equity in net income of non-consolidated affiliates, net income attributable to non-controlling interests, asset impairments, gains or losses on divestitures, net restructuring expenses and other reimbursable costs, non-cash stock-based compensation expense, certain employee charges and benefits, reorganization items and other non-operating gains and losses.",Not disclosed,,Not disclosed,,0,significant_accounting_policies,NOTE 2. Summary of Significant Accounting Policies,3,True,3.0-8.0 ans | 3.0-15.0 ans | 6.0 ans,"score=3,idx=17399,zone=36136",1350,OK,
0001111335,VC,2015,0001111335_VC_FY2015_10K.html,,,information technology,"Research and development expenses include salary and related employee benefits, contractor fees, information technology, occupancy, telecommunications and depreciation.",,,No,,Not disclosed,,Not disclosed,,0,significant_accounting_policies,NOTE 2. Summary of Significant Accounting Policies,3,True,3.0-8.0 ans | 3.0-15.0 ans | 6.0 ans,"score=3,idx=16832,zone=35819",1456,OK,
0001111335,VC,2016,0001111335_VC_FY2016_10K.html,,,information technology,"Research and development expenses include salary and related employee benefits, contractor fees, information technology, occupancy, telecommunications and depreciation.",,,No,,Not disclosed,,Not disclosed,,0,significant_accounting_policies,NOTE 2. Summary of Significant Accounting Policies Basis of Presentation:,3,True,3.0-8.0 ans | 3.0-15.0 ans,"score=3,idx=12977,zone=32758",1321,OK,
0001111335,VC,2017,0001111335_VC_FY2017_10K.html,,,information technology,"Research and development expenses include salary and related employee benefits, contractor fees, information technology, occupancy, telecommunications and depreciation.",,,No,,Not disclosed,,Not disclosed,,0,significant_accounting_policies,NOTE 2. Summary of Significant Accounting Policies,3,True,3.0-5.0 ans | 3.0-15.0 ans,"score=3,idx=11910,zone=31505",1276,OK,
0001111335,VC,2018,0001111335_VC_FY2018_10K.html,,,information technology,"Research and development expenses include salary and related employee benefits, contractor fees, information technology, occupancy, telecommunications, depreciation, forward model program development, and",,,No,,Not disclosed,,Not disclosed,,0,significant_accounting_policies,NOTE 2. Summary of Significant Accounting Policies,3,True,3.0-5.0 ans | 3.0-15.0 ans | 6.0 ans,"score=3,idx=9802,zone=30119",1202,OK,
0001111335,VC,2019,0001111335_VC_FY2019_10K.html,,"December 31, 2019",information technology,"Research and development expenses include salary and related employee benefits, contractor fees, information technology, occupancy, telecommunications, depreciation, forward model program development, and advanced engineering activities.",,,No,,Not disclosed,,Not disclosed,,0,significant_accounting_policies,NOTE 1. Summary of Significant Accounting Policies,3,True,3.0-5.0 ans | 3.0-15.0 ans | 6.0 ans,"score=3,idx=15657,zone=31271",1157,OK,
0001111335,VC,2020,0001111335_VC_FY2020_10K.html,,2020-12-31,information technology,"Research and development expenses include salary and related employee benefits, contractor fees, information technology, occupancy, telecommunications, depreciation, forward model program development, and advanced engineering activities.",,,No,,Not disclosed,,Not disclosed,B100,1,significant_accounting_policies,NOTE 1. Summary of Significant Accounting Policies,3,True,3.0-5.0 ans | 3.0-15.0 ans,"score=2,idx=9665,zone=14342",804,OK,
0001111335,VC,2021,0001111335_VC_FY2021_10K.html,,2021-12-31,information technology,"Research and development expenses include salary and related employee benefits, contractor fees, information technology, occupancy, telecommunications, depreciation, forward model program development, and advanced engineering activities.",,,No,,Not disclosed,,Not disclosed,A100,1,significant_accounting_policies,NOTE 1. Summary of Significant Accounting Policies,3,False,,"score=2,idx=9358,zone=13799",753,OK,
0001111335,VC,2022,0001111335_VC_FY2022_10K.html,,2022-12-31,information technology,"Research and development expenses include salary and related employee benefits, contractor fees, information technology, occupancy, telecommunications, depreciation, forward model program development, and advanced engineering activities.",,,No,,Not disclosed,,Not disclosed,,0,significant_accounting_policies,NOTE 1. Summary of Significant Accounting Policies,3,False,,"score=2,idx=8873,zone=13520",769,OK,
0001111335,VC,2023,0001111335_VC_FY2023_10K.html,,2023-12-31,information technology,"Research and development expenses include salary and related employee benefits, contractor fees, information technology, occupancy, telecommunications, depreciation, forward model program development, and advanced engineering activities.",,,No,,Not disclosed,,Not disclosed,,0,significant_accounting_policies,NOTE 1. Summary of Significant Accounting Policies,3,False,,"score=2,idx=8181,zone=13412",772,OK,
0001111335,VC,2024,0001111335_VC_FY2024_10K.html,,2024-12-31,information technology,"Research and development expenses include salary and related employee benefits, contractor fees, information technology, occupancy, telecommunications, depreciation, forward model program development, and advanced engineering activities.",,,No,,Not disclosed,,Not disclosed,,0,significant_accounting_policies,NOTE 1. Summary of Significant Accounting Policies,3,False,,"score=2,idx=7969,zone=14279",797,OK,
0001169770,BANC,2013,0001169770_BANC_FY2013_10K.html,,"December 31, 2013",Not disclosed,Not disclosed,,,No,,Not disclosed,,Not disclosed,,0,unknown,,0,False,,"score=4,idx=41041,zone=63313",966,OK,
0001169770,BANC,2014,0001169770_BANC_FY2014_10K.html,,"December 31, 2014","Equipment, furniture","Premises and equipment are stated at cost less accumulated depreciation and amortization. Depreciation and amortization are computed using the straight-line method with the following estimated useful lives: building 40 years and leasehold improvements-life of lease, and furniture, fixtures, and equipment 3 to 7 years.",3.0,7.0,No,,Not disclosed,,Not disclosed,,0,significant_accounting_policies,NOTE 26 – SUBSEQUENT EVENTS,3,False,,"score=4,idx=43497,zone=65177",1759,OK,
0001169770,BANC,2015,0001169770_BANC_FY2015_10K.html,,,"Equipment, furniture","Premises and equipment are stated at cost less accumulated depreciation. Depreciation is computed using the straight-line method with the following estimated useful lives: building - 40 years and leasehold improvements - life of lease, and furniture, fixtures, and equipment - 3 to 7 years .",3.0,7.0,No,,Not disclosed,,Not disclosed,,0,significant_accounting_policies,NOTE 26 – SUBSEQUENT EVENTS,3,False,,"score=4,idx=45574,zone=66090",1832,OK,
0001169770,BANC,2016,0001169770_BANC_FY2016_10K.html,,,"Equipment, furniture","Premises and equipment are stated at cost less accumulated depreciation. Depreciation is computed using the straight-line method with the following estimated useful lives: building - 40 years and leasehold improvements - life of lease, and furniture, fixtures, and equipment - 3 to 7 years .",3.0,7.0,No,,Not disclosed,,Not disclosed,,0,significant_accounting_policies,NOTE 27 – SUBSEQUENT EVENTS,3,False,,"score=4,idx=41667,zone=66060",2036,OK,
0001169770,BANC,2017,0001169770_BANC_FY2017_10K.html,,,"Equipment, furniture","Premises and equipment are recorded at cost less accumulated depreciation. The straight-line method was used for depreciation with the following estimated useful lives: building - 40 years and leasehold improvements - life of lease, and furniture, fixtures, and equipment - 3 to 7 years .",3.0,7.0,No,,Not disclosed,,Not disclosed,,0,significant_accounting_policies,NOTE 28 – SUBSEQUENT EVENTS,3,False,,"score=4,idx=39941,zone=69573",2047,OK,
0001169770,BANC,2018,0001169770_BANC_FY2018_10K.html,,"December 31, 2018","Equipment, furniture","Premises and equipment are recorded at cost less accumulated depreciation. The straight-line method is used for depreciation with the following estimated useful lives: building - 40 years and leasehold improvements - life of lease, and furniture, fixtures, and equipment - 3 to 7 years .",3.0,7.0,No,,Not disclosed,,"In August 2018, the FASB issued ASU 2018-15. “Intangibles - Goodwill and Other - Internal-Use Software (Subtopic 350-40): Customer's Accounting for Implementation Costs Incurred in a Cloud Computing Arrangement That Is a Service Contract.” ||| The ASU reduces complexity for the accounting for costs of implementing a cloud computing service arrangement and was issued in response to a consensus reached by the FASB Emerging Issues Task Force. The amendments in this Update align the requirements for capitalizing implementation costs incurred in a hosting arrangement that is a service contract with the requirements for those incurred to develop or obtain internal-use software. The customer in a hosting arrangement that is a service contract is required to follow the guidance in Subtopic 350-40 to determine which implementation costs to capitalize as an asset related to the service contract. For public business entities, this guidance should be applied either retrospectively or prospectively and is effective for fiscal years beginning after December 15, 2019, and interim periods therein. Early adoption is permitted. The Company early adopted this guidance during the quarter ended June 30, 2018 to allow for the capitalization of implementation costs associated with cloud computing solutions. Adoption of the new guidance had no impact on the Company's consolidated financial statements.",,0,significant_accounting_policies,NOTE 29 – SUBSEQUENT EVENTS,3,False,,"score=4,idx=41598,zone=64963",2103,OK,
0001169770,BANC,2019,0001169770_BANC_FY2019_10K.html,,2019-12-31,"Equipment, furniture","Premises and equipment are recorded at cost less accumulated depreciation. The straight-line method is used for depreciation with the following estimated useful lives: building - 40 years and leasehold improvements - life of lease, and furniture, fixtures, and equipment - 3 to 7 years .",3.0,7.0,No,,Not disclosed,,Not disclosed,,0,significant_accounting_policies,NOTE 1 – SUMMARY OF SIGNIFICANT ACCOUNTING POLICIES,3,False,,"score=4,idx=48852,zone=66833",1707,OK,
0001169770,BANC,2020,0001169770_BANC_FY2020_10K.html,,2020-12-31,"Equipment, furniture","Premises and equipment are recorded at cost less accumulated depreciation. The straight-line method is used for depreciation with the following estimated useful lives: building - 40 years and leasehold improvements - life of lease, and furniture, fixtures, and equipment - 3 to 7 years.",3.0,7.0,No,,Not disclosed,,Not disclosed,,0,significant_accounting_policies,NOTE 1 – SUMMARY OF SIGNIFICANT ACCOUNTING POLICIES,3,False,,"score=2,idx=28482,zone=33819",1226,OK,
0001169770,BANC,2021,0001169770_BANC_FY2021_10K.html,,2021-12-31,"Equipment, furniture","Premises and equipment are recorded at cost less accumulated depreciation. The straight-line method is used for depreciation with the following estimated useful lives: building - 40 years and leasehold improvements - shorter of useful life or life of lease, and furniture, fixtures, and equipment - 3 to 7 years.",3.0,7.0,No,,Not disclosed,,Not disclosed,A100;B200,2,significant_accounting_policies,NOTE 1 – SUMMARY OF SIGNIFICANT ACCOUNTING POLICIES,3,False,,"score=2,idx=26297,zone=33607",1199,OK,
0001169770,BANC,2022,0001169770_BANC_FY2022_10K.html,,2022-12-31,"Equipment, furniture","Premises and equipment are recorded at cost less accumulated depreciation. The straight-line method is used for depreciation with the following estimated useful lives: building - 40 years; leasehold improvements - shorter of useful life or life of lease; and furniture, fixtures, and equipment - 3 to 7 years.",3.0,7.0,No,,Not disclosed,,Not disclosed,,0,significant_accounting_policies,NOTE 1 – SUMMARY OF SIGNIFICANT ACCOUNTING POLICIES,3,False,,"score=2,idx=26597,zone=32945",1181,OK,
0001169770,BANC,2023,0001169770_BANC_FY2023_10K.html,,2023-12-31,equipment range from,"Premises and equipment are stated at cost less accumulated depreciation and amortization. The estimated useful lives of furniture, fixtures and equipment range from 3 years to 7 years and for buildings up to 40 years.",3.0,,Yes,"Parent Company Only Year Ended December 31, Condensed Statements of Cash Flows 2023 2022 2021 (In thousands) Cash flows from operating activities: Net (loss) earnings $ (1,899,137) $ 423,613 $ 606,959 Adjustments to reconcile net (loss) earnings to net cash (used in) provided by operating activities: Depreciation and amortization 378 — — Change in other assets (466,018) (323,852) (67,242) Change in liabilities 20,907 (5,658) 5,714 Earned stock compensation 28,697 34,769 32,223 Distributions (equity in) excess of undistributed earnings or loss of subsidiaries 1,934,559 (304,004) (400,632) Net cash (used in) provided by operating activities (380,614) (175,132) 177,022 Cash flows from investing activities: Cash acquired in acquisitions, net of consideration paid 26,310 — — Net cash provided by investing activities 26,310 — — Cash flows from financing activities: Common stock repurchased and restricted stock surrendered (5,419) (9,531) (8,505) Net proceeds from stock issuance 382,900 — — Net proceeds from preferred stock offering — 498,516 — Shares purchased under the Dividend Reinvestment Plan 69 — — Preferred stock dividends paid (39,788) (19,339) — Common stock dividends paid (48,881) (120,256) (119,443) Net cash provided by (used in) financing activities 288,881 349,390 (127,948) Net (decrease) increase in cash and cash equivalents (65,423) 174,258 49,074 Cash and cash equivalents, beginning of year 351,181 176,923 127,849 Cash and cash equivalents, end of year $ 285,758 $ 351,181 $ 176,923",Not disclosed,,Not disclosed,,0,significant_accounting_policies,NOTE 1. NATURE OF OPERATIONS AND SUMMARY OF SIGNIFICANT ACCOUNTING POLICIES,3,True,3.0 ans | 7.0 ans,"score=5,idx=41226,zone=39890",1405,OK,
0001169770,BANC,2024,0001169770_BANC_FY2024_10K.html,,2024-12-31,equipment range from,"Premises and equipment are stated at cost less accumulated depreciation and amortization. The estimated useful lives of furniture, fixtures and equipment range from 3 years to 7 years and for buildings up to 40 years.",3.0,,Yes,"Parent Company Only Year Ended December 31, Condensed Statements of Cash Flows 2024 2023 2022 (In thousands) Cash flows from operating activities: Net earnings (loss) $ 126,888 $ (1,899,137) $ 423,613 Adjustments to reconcile net earnings (loss) to net cash provided by (used in) operating activities: Depreciation and amortization 4,608 378 — Change in other assets (42,141) (466,018) (323,852) Change in liabilities (22,063) 20,907 (5,658) Earned stock compensation 15,448 28,697 34,769 (Equity in) distributions in excess of undistributed earnings or loss of subsidiaries (65,757) 1,934,559 (304,004) Net cash provided by (used in) operating activities 16,983 (380,614) (175,132) Cash flows from investing activities: Cash acquired in acquisitions, net of consideration paid — 26,310 — Net cash provided by investing activities — 26,310 — Cash flows from financing activities: Common stock repurchased and restricted stock surrendered (2,708) (5,419) (9,531) Net proceeds from stock issuance — 382,900 — Net proceeds from preferred stock offering — — 498,516 Shares purchased under the Dividend Reinvestment Plan 308 69 — Preferred stock dividends paid (39,788) (39,788) (19,339) Common stock dividends paid (68,298) (48,881) (120,256) Net cash (used in) provided by financing activities (110,486) 288,881 349,390 Net (decrease) increase in cash and cash equivalents (93,503) (65,423) 174,258 Cash and cash equivalents, beginning of year 285,758 351,181 176,923 Cash and cash equivalents, end of year $ 192,255 $ 285,758 $ 351,181",Not disclosed,,Not disclosed,,0,significant_accounting_policies,NOTE 1. NATURE OF OPERATIONS AND SUMMARY OF SIGNIFICANT ACCOUNTING POLICIES,3,True,3.0 ans | 7.0 ans,"score=5,idx=42521,zone=41418",1364,OK,
0001173489,CEVA,2013,0001173489_CEVA_FY2013_10K.html,,"December 31, 2013",equipment,"Property and equipment are stated at cost, net of accumulated depreciation.",,,No,,Not disclosed,,Not disclosed,,0,significant_accounting_policies,NOTE 1: ORGANIZATION AND SIGNIFICANT ACCOUNTING POLICIES,3,False,,"score=7,idx=9959,zone=15671",538,OK,
0001173489,CEVA,2014,0001173489_CEVA_FY2014_10K.html,,"December 31, 2014",equipment,"Property and equipment are stated at cost, net of accumulated depreciation.",,,No,,Not disclosed,,Not disclosed,,0,significant_accounting_policies,NOTE 1: ORGANIZATION AND SIGNIFICANT ACCOUNTING POLICIES,3,False,,"score=7,idx=6699,zone=11715",586,OK,
0001173489,CEVA,2015,0001173489_CEVA_FY2015_10K.html,,"December 31, 2015",equipment,"Property and equipment are stated at cost, net of accumulated depreciation.",,,No,,Not disclosed,,Not disclosed,,0,significant_accounting_policies,NOTE 1: ORGANIZATION AND SIGNIFICANT ACCOUNTING POLICIES,3,False,,"score=7,idx=7000,zone=11988",594,OK,
0001173489,CEVA,2016,0001173489_CEVA_FY2016_10K.html,,"December 31, 2016",equipment,"Property and equipment are stated at cost, net of accumulated depreciation.",,,No,,Not disclosed,,Not disclosed,,0,significant_accounting_policies,NOTE 1: ORGANIZATION AND SIGNIFICANT ACCOUNTING POLICIES,3,False,,"score=7,idx=6743,zone=11654",605,OK,
0001173489,CEVA,2017,0001173489_CEVA_FY2017_10K.html,,"December 31, 2017","EQUIPMENT, furniture","Description December 31, 2017 Level I Level II Level III Assets: Marketable securities: Certificate of deposits $ 747 — $ 747 — Government bonds 495 — 495 — Corporate bonds 81,422 — 81,422 — Description December 31, 2016 Level I Level II Level III Assets: Marketable securities: Government bonds $ 497 — $ 497 — Corporate bonds 61,371 — 61,371 — Foreign exchange contracts 6 — 6 — NOTE 4: PROPERTY AND EQUIPMENT, NET Composition of assets, grouped by major classifications, is as follows: As at December 31, 2016 2017 Cost: Computers, software and equipment $ 10,031 $ 13,570 Office furniture and equipment 766 797 Leasehold improvements 2,204 2,756 13,001 17,123 Less–Accumulated depreciation (8,196 ) (10,197 ) Property and equipment, net $ 4,805 $ 6,926 The Company recorded depreciation expenses in the amount of $1,399 and $2,014 for the years ended
December 31, 2016 and 2017, respectively.",,,No,,Not disclosed,,Not disclosed,,0,ppe_note,NOTE 13: COMMITMENTS AND CONTINGENCIES,3,False,,"score=7,idx=7329,zone=11418",605,OK,
0001173489,CEVA,2018,0001173489_CEVA_FY2018_10K.html,,,"EQUIPMENT, furniture","NOTE 5: PROPERTY AND EQUIPMENT, NET Composition of assets, grouped by major classifications, is as follows: As at December 31, 2017 2018 Cost: Computers, software and equipment $ 13,570 $ 16,431 Office furniture and equipment 797 832 Leasehold improvements 2,756 2,880 17,123 20,143 Less – Accumulated depreciation (10,197 ) (12,799 ) Property and equipment, net $ 6,926 $ 7,344 The Company recorded depreciation expenses in the amount of $2,014 and $2,915 for the years ended December 31, 2017 and 2018, respectively.",,,Yes,"On December 22, 2017, the U.S. government enacted the Tax Cuts and Jobs Act (the “Tax Act”). The Tax Act includes significant changes to the U.S. corporate income tax system including: a federal corporate rate reduction from 35% to 21%; creation of the base erosion anti-abuse tax (“BEAT”), a new minimum tax such as Global Intangible Low Taxed Income (“GILTI”); the transition of U.S. international taxation from a worldwide tax system to a modified territorial tax system; modifications to the allowance of net business interest expense deductions; modification of net operating loss provisions; changes to 162(m) limitation rules and bonus depreciation provisions. The change to a modified territorial tax system resulted in a one-time U.S. tax liability on those earnings which have not previously been repatriated to the U.S. (the “Transition Tax”), with future dividend distributions not subject to U.S. federal income tax when repatriated. A majority of the provisions in the Tax Act became effective January 1, 2018.",Not disclosed,,Not disclosed,NVIDIA,1,ppe_note,"NOTE 5: PROPERTY AND EQUIPMENT, NET Composition of assets, grouped by major classifications, is as follows: As at December 31, 2017 2018 Cost: Compute",3,False,,"score=7,idx=7321,zone=10365",718,OK,
0001173489,CEVA,2019,0001173489_CEVA_FY2019_10K.html,,,"EQUIPMENT, furniture","NOTE 6: PROPERTY AND EQUIPMENT, NET Composition of assets, grouped by major classifications, is as follows: As at December 31, 2018 2019 Cost: Computers, software and equipment $ 16,431 $ 19,182 Office furniture and equipment 832 889 Leasehold improvements 2,880 3,368 20,143 23,439 Less – Accumulated depreciation (12,799 ) (15,560 ) Property and equipment, net $ 7,344 $ 7,879 The Company recorded depreciation expenses in the amount of $2,915 and $3,104 for the years ended December 31, 2018 and 2019, respectively.",,,Yes,"On December 22, 2017, the U.S. government enacted the Tax Cuts and Jobs Act (the “Tax Act”). The Tax Act includes significant changes to the U.S. corporate income tax system including but not limited to: a federal corporate rate reduction from 35% to 21%; creation of the base erosion anti-abuse tax (“BEAT”), introduction of the Global Intangible Low Taxed Income (“GILTI”) provisions; the transition of U.S. international taxation from a worldwide tax system to a modified territorial tax system; modifications to the allowance of net business interest expense deductions; modification of net operating loss provisions; changes to 162(m) limitation rules and bonus depreciation provisions. The change to a modified territorial tax system resulted in a one-time U.S. tax liability on those earnings which have not previously been repatriated to the U.S. (the “Transition Tax”), with future dividend distributions not subject to U.S. federal income tax when repatriated. A majority of the provisions in the Tax Act became effective January 1, 2018.",Not disclosed,,Not disclosed,NVIDIA,1,ppe_note,"NOTE 6: PROPERTY AND EQUIPMENT, NET Composition of assets, grouped by major classifications, is as follows: As at December 31, 2018 2019 Cost: Compute",3,False,,"score=7,idx=7647,zone=11302",807,OK,
0001173489,CEVA,2020,0001173489_CEVA_FY2020_10K.html,,"December 31, 2020",equipment,"Property and equipment are stated at cost, net of accumulated depreciation.",,,Yes,"On December 22, 2017, the U.S. government enacted the Tax Cuts and Jobs Act (the “Tax Act”). The Tax Act includes significant changes to the U.S. corporate income tax system including but not limited to: a federal corporate rate reduction from 35% to 21%; creation of the base erosion anti-abuse tax (“BEAT”), introduction of the Global Intangible Low Taxed Income (“GILTI”) provisions;; the transition of U.S. international taxation from a worldwide tax system to a modified territorial tax system; modifications to the allowance of net business interest expense deductions; modification of net operating loss provisions; changes to 162 (m) limitation rules and bonus depreciation provisions. The change to a modified territorial tax system resulted in a one -time U.S. tax liability on those earnings which have not previously been repatriated to the U.S. (the “Transition Tax”), with future dividend distributions not subject to U.S. federal income tax when repatriated. A majority of the provisions in the Tax Act became effective January 1, 2018.",Not disclosed,,Not disclosed,NVIDIA,1,significant_accounting_policies,NOTE 1: ORGANIZATION AND SIGNIFICANT ACCOUNTING POLICIES,3,False,,"score=7,idx=10952,zone=12463",742,OK,
0001173489,CEVA,2021,0001173489_CEVA_FY2021_10K.html,,"December 31, 2021",equipment,"Property and equipment are stated at cost, net of accumulated depreciation.",,,Yes,"On December 22, 2017, the U.S. government enacted the Tax Cuts and Jobs Act (the “Tax Act”). The Tax Act includes significant changes to the U.S. corporate income tax system including but not limited to: a federal corporate rate reduction from 35% to 21%; creation of the base erosion anti-abuse tax (“BEAT”), introduction of the Global Intangible Low Taxed Income (“GILTI”) provisions; the transition of U.S. international taxation from a worldwide tax system to a modified territorial tax system; modifications to the allowance of net business interest expense deductions; modification of net operating loss provisions; changes to 162 (m) limitation rules and bonus depreciation provisions. The change to a modified territorial tax system resulted in a one -time U.S. tax liability on those earnings which have not previously been repatriated to the U.S. (the “Transition Tax”), with future dividend distributions not subject to U.S. federal income tax when repatriated. A majority of the provisions in the Tax Act became effective January 1, 2018.",Not disclosed,,Not disclosed,NVIDIA,1,significant_accounting_policies,NOTE 1: ORGANIZATION AND SIGNIFICANT ACCOUNTING POLICIES,3,False,,"score=7,idx=9850,zone=13050",727,OK,
0001173489,CEVA,2022,0001173489_CEVA_FY2022_10K.html,,"December 31, 2022",equipment,"Property and equipment are stated at cost, net of accumulated depreciation.",,,Yes,"On December 22, 2017, the U.S. government enacted the Tax Cuts and Jobs Act (the “Tax Act”). The Tax Act includes significant changes to the U.S. corporate income tax system including but not limited to: a federal corporate rate reduction from 35% to 21%; creation of the base erosion anti-abuse tax (“BEAT”), introduction of the Global Intangible Low Taxed Income (“GILTI”) provisions; the transition of U.S. international taxation from a worldwide tax system to a modified territorial tax system; modifications to the allowance of net business interest expense deductions; modification of net operating loss provisions; changes to 162 (m) limitation rules and bonus depreciation provisions. The change to a modified territorial tax system resulted in a one -time U.S. tax liability on those earnings which have not previously been repatriated to the U.S. (the “Transition Tax”), with future dividend distributions not subject to U.S. federal income tax when repatriated. A majority of the provisions in the Tax Act became effective January 1, 2018.",Not disclosed,,Not disclosed,NVIDIA,1,significant_accounting_policies,NOTE 1: ORGANIZATION AND SIGNIFICANT ACCOUNTING POLICIES,3,False,,"score=7,idx=10285,zone=12523",696,OK,
0001173489,CEVA,2023,0001173489_CEVA_FY2023_10K.html,,"December 31, 2023",equipment,"Property and equipment are stated at cost, net of accumulated depreciation.",,,Yes,"On December 22, 2017, the U.S. government enacted the Tax Cuts and Jobs Act (the “Tax Act”). The Tax Act includes significant changes to the U.S. corporate income tax system including but not limited to: a federal corporate rate reduction from 35% to 21%; creation of the base erosion anti-abuse tax (“BEAT”), introduction of the Global Intangible Low Taxed Income (“GILTI”) provisions; the transition of U.S. international taxation from a worldwide tax system to a modified territorial tax system; modifications to the allowance of net business interest expense deductions; modification of net operating loss provisions; changes to 162(m) limitation rules and bonus depreciation provisions. The change to a modified territorial tax system resulted in a one-time U.S. tax liability on those earnings which have not previously been repatriated to the U.S. (the “Transition Tax”), with future dividend distributions not subject to U.S. federal income tax when repatriated. A majority of the provisions in the Tax Act became effective January 1, 2018.",Our PentaG RAN platform for 5G RAN settings is the most comprehensive baseband processor IP in the industry today and provides newcomers and incumbents with a comprehensive solution to address the need for 5G and other communications in data centers and infrastructure.,MD&A (Item 7),"Our SensPro2 sensor hub AI DSP family is designed to address the growing demand for efficient, high-performance signal processing in sensor-based applications across various industries and applications such as smartphones, automotive safety (ADAS), autonomous driving (AD), drones, robotics, security and surveillance, augmented reality (AR) and virtual reality (VR), natural language processing (NLP) and voice recognition. Research from Bloomberg Intelligence forecasts that hardware revenue associated with computer vision AI products and conversational AI devices will reach $61 billion and $108 billion, respectively by 2030, indicating the size of the market opportunity. This sensor hub AI DSP enables us to address the transformation in devices enabled by these applications, and expand our footprint and content in smartphones, drones, consumer cameras, surveillance, automotive ADAS, voice-enabled devices and industrial IoT applications. ||| Various global, macroeconomic and industry phenomenon significantly adversely impacted our business in 2023, including decreased investment in semiconductor companies due to interest rates and other factors and the end of a period of exceptional consumer end market demand related to COVID spending following the substantial completion of most companies’ shift to hybrid work environments, and certain of these phenomenon continue to adversely affect the semiconductor industry and its end markets. Against this difficult backdrop, however, we believe our strategy will yield results, with overall revenue expected to grow 4% to 8% over 2023. Most of this growth is expected to be concentrated in the second half of the year, including due to typical seasonality in lower shipments of consumer IoT and mobile products post the holiday season, which we expect will contribute to overall revenues being 2% to 6% lower in the first quarter of 2024 compared to the fourth quarter of 2023, and with a different mix of licensing and royalty revenues than from the fourth quarter of 2023. In the coming year, we expect our licensing and related revenues business will continue to expand into new markets and use cases in the industrial IoT (IIoT) and consumer IoT, offering connectivity platforms, sensing platforms and software, AI solutions (including AI engines, NPUs and software) and more. On royalties, we expect our connectivity products to continue to show strength in 2024, particularly related to our Bluetooth, Wi-Fi and cellular IoT business lines, with the expected ramp of automotive ADAS royalties in the second half of the year. The smartphone market related revenues have continued to decrease for us in recent years due to these trends.",NVIDIA,1,significant_accounting_policies,NOTE 1: ORGANIZATION AND SIGNIFICANT ACCOUNTING POLICIES,3,False,,"score=7,idx=9989,zone=12107",704,OK,
0001173489,CEVA,2024,0001173489_CEVA_FY2024_10K.html,,"December 31, 2024",equipment,"Property and equipment are stated at cost, net of accumulated depreciation.",,,Yes,"On December 22, 2017, the U.S. government enacted the Tax Cuts and Jobs Act (the “Tax Act”). The Tax Act includes significant changes to the U.S. corporate income tax system including but not limited to: a federal corporate rate reduction from 35% to 21%; creation of the base erosion anti-abuse tax (“BEAT”), introduction of the Global Intangible Low Taxed Income (“GILTI”) provisions; the transition of U.S. international taxation from a worldwide tax system to a modified territorial tax system; modifications to the allowance of net business interest expense deductions; modification of net operating loss provisions; changes to 162(m) limitation rules and bonus depreciation provisions. The change to a modified territorial tax system resulted in a one-time U.S. tax liability on those earnings which have not previously been repatriated to the U.S. (the “Transition Tax”), with future dividend distributions not subject to U.S. federal income tax when repatriated. A majority of the provisions in the Tax Act became effective January 1, 2018.","Our PentaG RAN platform for 5G RAN, including the recently announced Ceva-XC22 multi-thread DSP, ensures we offer one of the most comprehensive baseband processor IP platforms in the industry today. Our 5G IP provides newcomers and incumbents with a customizable solution to address the need for 5G, 5G Advanced and other communications in data centers and infrastructure.",MD&A (Item 7),"Our SensPro2 sensor hub AI DSP family is designed to address the growing demand for efficient, high-performance signal processing in sensor-based applications across various industries and applications such as smartphones, automotive safety (ADAS), autonomous driving (AD), drones, robotics, security and surveillance, augmented reality (AR) and virtual reality (VR), natural language processing (NLP) and voice recognition. Research from Bloomberg Intelligence forecasts that hardware revenue associated with computer vision AI products and conversational AI devices will reach $58 billion and $110 billion, respectively by 2032, indicating the size of the market opportunity. This sensor hub AI DSP enables us to address the transformation in devices enabled by these applications, and expand our footprint and content in smartphones, drones, consumer cameras, surveillance, automotive ADAS, voice-enabled devices and industrial IoT applications. ||| Our strategy has returned us to year-over-year revenue growth 2024, with overall revenue growing 10% over 2023, versus the 4% to 8% we expected at the beginning of the year. We believe that our growth will continue in 2025, with overall revenue expected to grow 7%-11% for 2025. In 2025, we expect our licensing and related revenues business will continue to expand into new markets and use cases for industrial IoT (IIoT) and consumer IoT devices, offering connectivity platforms, sensing platforms and software, AI solutions (including AI engines, NPUs and software) and more. On royalties, we expect our connectivity products to continue to show strength in 2025, particularly related to our Bluetooth, Wi-Fi and cellular IoT business lines which enjoyed record shipments in 2024 and with the initial ramp of an in-house 5G modem powered by our cellular DSP from a leading U.S. mobile OEM expected to launch its first smartphone based on the modem in the first quarter.",NVIDIA,1,significant_accounting_policies,NOTE 1: ORGANIZATION AND SIGNIFICANT ACCOUNTING POLICIES,3,False,,"score=7,idx=10095,zone=11596",665,OK,
0001857154,DNUT,2021,0001857154_DNUT_FY2021_10K.html,,2022-02-09,"Machinery and equipment, Computer software, equipment","January 2, 2022 January 3, 2021 Land $ 12,931 $ 13,187 Buildings 146,923 141,853 Leasehold improvements 195,129 158,145 Machinery and equipment 243,673 217,566 Computer software 43,985 34,580 Construction and projects in progress 60,940 43,769 Property and equipment, gross 703,581 609,100 Less: Accumulated depreciation (264,663) (213,845) Total property and equipment, net $ 438,918 $ 395,255",,,No,,Not disclosed,,Not disclosed,A100;B200,2,ppe_note,"Note 5 — Property and Equipment, net",3,False,,"score=2,idx=9497,zone=13334",800,OK,
0001857154,DNUT,2022,0001857154_DNUT_FY2022_10K.html,,2023-02-08,"Machinery and equipment, Computer software, equipment","January 1, 2023 January 2, 2022 Land $ 11,534 $ 12,931 Buildings 154,768 146,923 Leasehold improvements 216,507 195,129 Machinery and equipment 282,222 243,673 Computer software 66,054 43,985 Construction and projects in progress 62,405 60,940 Property and equipment, gross 793,490 703,581 Less: Accumulated depreciation (321,132) (264,663) Total property and equipment, net $ 472,358 $ 438,918",,,No,,Not disclosed,,Not disclosed,,0,ppe_note,"Note 5 — Property and Equipment, net",3,False,,"score=2,idx=9337,zone=13005",780,OK,
0001857154,DNUT,2023,0001857154_DNUT_FY2023_10K.html,,2024-02-08,"Machinery and equipment, Computer software, equipment","December 31, 2023 January 1, 2023 Land $ 12,115 $ 11,534 Buildings 158,672 154,768 Leasehold improvements 285,012 216,507 Machinery and equipment 355,044 282,222 Computer software 90,019 66,054 Construction and projects in progress 42,816 62,405 Property and equipment, gross 943,678 793,490 Less: Accumulated depreciation (405,458) (321,132) Total property and equipment, net $ 538,220 $ 472,358",,,No,,Not disclosed,,Not disclosed,,0,ppe_note,"Note 5 — Property and Equipment, net",3,False,,"score=2,idx=9731,zone=12840",797,OK,
0001857154,DNUT,2024,0001857154_DNUT_FY2024_10K.html,,2025-02-13,"Machinery and equipment, Computer software, equipment","December 29, 2024 December 31, 2023 Land $ 11,096 $ 12,115 Buildings 163,116 158,672 Leasehold improvements 243,358 285,012 Machinery and equipment 409,876 355,044 Computer software 95,086 90,019 Construction and projects in progress 34,215 42,816 Property and equipment, gross 956,747 943,678 Less: Accumulated depreciation (445,608) (405,458) Total property and equipment, net (1) $ 511,139 $ 538,220",,,No,,Not disclosed,,Not disclosed,,0,ppe_note,"Note 5 — Property and Equipment, net",3,False,,"score=2,idx=9286,zone=13435",825,OK,
