firm_cik,firm_ticker,fiscal_year,filename,filing_date,period_end_date,asset_category,useful_life_text,useful_life_min_years,useful_life_max_years,policy_change,policy_change_text,ai_infra_text,ai_infra_source,segment_ai_text,hardware_mentions,hardware_count,source_section,section_title,confidence,ambiguity_flag,ambiguity_detail,item8_method,item8_segment_count,extraction_status,error_message
0000825542,SMG,2013,0000825542_SMG_FY2013_10K.html,,,Not disclosed,Not disclosed,,,No,,Not disclosed,,Not disclosed,,0,unknown,,0,False,,"score=6,idx=13429,zone=14",3,OK,
0000825542,SMG,2014,0000825542_SMG_FY2014_10K.html,,"September 30, 2011",Not disclosed,Not disclosed,,,No,,Not disclosed,,Not disclosed,,0,unknown,,0,False,,"score=6,idx=14136,zone=14",3,OK,
0000825542,SMG,2015,0000825542_SMG_FY2015_10K.html,,,Not disclosed,Not disclosed,,,No,,Not disclosed,,Not disclosed,,0,unknown,,0,False,,"score=6,idx=14543,zone=27",3,OK,
0000825542,SMG,2016,0000825542_SMG_FY2016_10K.html,,,Not disclosed,Not disclosed,,,No,,Not disclosed,,Not disclosed,,0,unknown,,0,False,,"score=6,idx=15906,zone=15",3,OK,
0000825542,SMG,2017,0000825542_SMG_FY2017_10K.html,,,Not disclosed,Not disclosed,,,No,,Not disclosed,,Not disclosed,,0,unknown,,0,False,,"score=6,idx=16878,zone=15",3,OK,
0000825542,SMG,2018,0000825542_SMG_FY2018_10K.html,,,Not disclosed,Not disclosed,,,No,,Not disclosed,,Not disclosed,,0,unknown,,0,False,,"score=6,idx=17526,zone=15",3,OK,
0000825542,SMG,2019,0000825542_SMG_FY2019_10K.html,,"September 30, 2019",Not disclosed,Not disclosed,,,No,,Not disclosed,,Not disclosed,,0,unknown,,0,False,,"score=6,idx=23161,zone=13",3,OK,
0000825542,SMG,2020,0000825542_SMG_FY2020_10K.html,,2020-09-30,Not disclosed,Not disclosed,,,No,,Not disclosed,,Not disclosed,A100;B100,2,unknown,,0,False,,"score=5,idx=15288,zone=8",2,OK,
0000825542,SMG,2021,0000825542_SMG_FY2021_10K.html,,2021-09-30,Not disclosed,Not disclosed,,,No,,Not disclosed,,Not disclosed,,0,unknown,,0,False,,"score=5,idx=13752,zone=24",5,OK,
0000825542,SMG,2022,0000825542_SMG_FY2022_10K.html,,2022-11-22,Not disclosed,Not disclosed,,,No,,Not disclosed,,Not disclosed,,0,unknown,,0,False,,"score=5,idx=13751,zone=24",5,OK,
0000825542,SMG,2023,0000825542_SMG_FY2023_10K.html,,2023-11-22,Not disclosed,Not disclosed,,,No,,Not disclosed,,Not disclosed,,0,unknown,,0,False,,"score=5,idx=13546,zone=8",2,OK,
0000825542,SMG,2024,0000825542_SMG_FY2024_10K.html,,2024-11-26,Not disclosed,Not disclosed,,,No,,Not disclosed,,Not disclosed,,0,unknown,,0,False,,"score=5,idx=11414,zone=8",2,OK,
0000858470,CTRA,2013,0000858470_CTRA_FY2013_10K.html,,"December 31, 2013",equipment is depreciated over,"Properties related to gathering and pipeline systems and equipment are depreciated using the
straight-line method based on estimated useful lives ranging from 10 to 25 years. Generally pipeline and transmission systems are depreciated over 12 to 25 years, gathering and
compression equipment is depreciated over 10 years and storage equipment and facilities are depreciated over 10 to 16 years.",10.0,16.0,No,,Not disclosed,,Not disclosed,,0,significant_accounting_policies,1. Summary of Significant Accounting Policies (Continued),3,True,3.0-10.0 ans | 10.0 ans,"score=7,idx=15827,zone=28928",706,OK,
0000858470,CTRA,2014,0000858470_CTRA_FY2014_10K.html,,,equipment,Properties related to gathering and pipeline systems and equipment are depreciated using the straight-line method based on estimated useful lives ranging from,,,No,,Not disclosed,,Not disclosed,,0,significant_accounting_policies,1. Summary of Significant Accounting Policies,3,False,,"score=7,idx=15300,zone=24206",984,OK,
0000858470,CTRA,2015,0000858470_CTRA_FY2015_10K.html,,,equipment,Properties related to gathering and pipeline systems and equipment are depreciated using the straight-line method based on estimated useful lives ranging from,,,No,,Not disclosed,,Not disclosed,,0,significant_accounting_policies,1. Summary of Significant Accounting Policies,3,False,,"score=7,idx=14447,zone=23788",975,OK,
0000858470,CTRA,2016,0000858470_CTRA_FY2016_10K.html,,,equipment,Properties related to gathering and pipeline systems and equipment are depreciated using the straight-line method based on estimated useful lives ranging from,,,No,,Not disclosed,,Not disclosed,,0,significant_accounting_policies,1. Summary of Significant Accounting Policies,3,False,,"score=7,idx=16280,zone=25202",1026,OK,
0000858470,CTRA,2017,0000858470_CTRA_FY2017_10K.html,,,Not disclosed,Not disclosed,,,No,,Not disclosed,,Not disclosed,,0,unknown,,0,False,,"score=7,idx=17229,zone=24598",143,OK,
0000858470,CTRA,2018,0000858470_CTRA_FY2018_10K.html,,,Not disclosed,Not disclosed,,,No,,Not disclosed,,Not disclosed,,0,unknown,,0,False,,"score=7,idx=15077,zone=24955",155,OK,
0000858470,CTRA,2019,0000858470_CTRA_FY2019_10K.html,,"December 31, 2019",Not disclosed,Not disclosed,,,No,,Not disclosed,,Not disclosed,,0,unknown,,0,False,,"score=7,idx=16729,zone=25651",148,OK,
0000858470,CTRA,2020,0000858470_CTRA_FY2020_10K.html,,2024-05-01,Not disclosed,Not disclosed,,,No,,Not disclosed,,Not disclosed,,0,unknown,,0,False,,"score=5,idx=10260,zone=13283",719,OK,
0000858470,CTRA,2021,0000858470_CTRA_FY2021_10K.html,,2024-05-01,"furniture and fixtures, computer equipment","Fixed assets consist primarily of gas gathering systems, water infrastructure, buildings, vehicles, aircraft, furniture and fixtures, and computer equipment and software. These items are recorded at cost and are depreciated on the straight-line method based on expected lives of the individual assets, which range from three to 30 years.",3.0,30.0,No,,Not disclosed,,Not disclosed,,0,significant_accounting_policies,1. Summary of Significant Accounting Policies,3,False,,"score=5,idx=14010,zone=15200",825,OK,
0000858470,CTRA,2022,0000858470_CTRA_FY2022_10K.html,,2026-09-30,"furniture and fixtures, computer equipment","Fixed assets consist primarily of gas gathering systems, water infrastructure, buildings, vehicles, aircraft, furniture and fixtures, and computer equipment and software. These items are recorded at cost and are depreciated on the straight-line method based on expected lives of the individual assets, which range from three to 30 years.",3.0,30.0,No,,Not disclosed,,Not disclosed,B200,1,significant_accounting_policies,1. Summary of Significant Accounting Policies,3,False,,"score=5,idx=12094,zone=14902",787,OK,
0000858470,CTRA,2023,0000858470_CTRA_FY2023_10K.html,,2026-09-30,"furniture and fixtures, computer equipment","Fixed assets consist primarily of gas gathering systems, water infrastructure, buildings, vehicles, aircraft, furniture and fixtures, and computer equipment and software. These items are recorded at cost and are depreciated on the straight-line method based on expected lives of the individual assets, which range from three to 30 years.",3.0,30.0,No,,Not disclosed,,Not disclosed,,0,significant_accounting_policies,1. Summary of Significant Accounting Policies,3,False,,"score=5,idx=11447,zone=14604",699,OK,
0000858470,CTRA,2024,0000858470_CTRA_FY2024_10K.html,,2026-12-31,"furniture and fixtures, computer equipment","Fixed assets consist primarily of gas gathering systems, water infrastructure, buildings, vehicles, aircraft, furniture and fixtures, and computer equipment and software. These items are recorded at cost and are depreciated on the straight-line method based on expected lives of the individual assets, which range from three to 30 years.",3.0,30.0,No,,Not disclosed,,Not disclosed,,0,significant_accounting_policies,1. Summary of Significant Accounting Policies,3,False,,"score=5,idx=12063,zone=14565",713,OK,
0001032033,SLM,2014,0001032033_SLM_FY2014_10K.html,,"December 31, 2014",Not disclosed,Not disclosed,,,No,,Not disclosed,,Not disclosed,,0,unknown,,0,False,,"score=4,idx=24373,zone=10",2,OK,
0001032033,SLM,2015,0001032033_SLM_FY2015_10K.html,,"December 31, 2015",Not disclosed,Not disclosed,,,No,,Not disclosed,,Not disclosed,,0,unknown,,0,False,,"score=4,idx=25669,zone=10",2,OK,
0001032033,SLM,2016,0001032033_SLM_FY2016_10K.html,,,Not disclosed,Not disclosed,,,No,,Not disclosed,,Not disclosed,,0,unknown,,0,False,,"score=4,idx=25761,zone=10",2,OK,
0001032033,SLM,2017,0001032033_SLM_FY2017_10K.html,,,Not disclosed,Not disclosed,,,No,,Not disclosed,,Not disclosed,,0,unknown,,0,False,,"score=4,idx=28165,zone=10",2,OK,
0001032033,SLM,2018,0001032033_SLM_FY2018_10K.html,,,Not disclosed,Not disclosed,,,No,,Not disclosed,,Not disclosed,,0,unknown,,0,False,,"score=4,idx=30198,zone=10",2,OK,
0001032033,SLM,2019,0001032033_SLM_FY2019_10K.html,,"December 31, 2019",Not disclosed,Not disclosed,,,No,,Not disclosed,,Not disclosed,,0,unknown,,0,False,,"score=4,idx=34107,zone=10",2,OK,
0001032033,SLM,2020,0001032033_SLM_FY2020_10K.html,,2021-02-09,Not disclosed,Not disclosed,,,No,,Not disclosed,,Not disclosed,,0,unknown,,0,False,,"score=2,idx=21963,zone=9",2,OK,
0001032033,SLM,2021,0001032033_SLM_FY2021_10K.html,,2021-12-31,Not disclosed,Not disclosed,,,No,,Not disclosed,,Not disclosed,B200,1,unknown,,0,False,,"score=2,idx=22828,zone=9",2,OK,
0001032033,SLM,2022,0001032033_SLM_FY2022_10K.html,,2022-12-31,Not disclosed,Not disclosed,,,No,,Not disclosed,,Not disclosed,B200,1,unknown,,0,False,,"score=2,idx=23339,zone=6",2,OK,
0001032033,SLM,2023,0001032033_SLM_FY2023_10K.html,,2024-02-01,Not disclosed,Not disclosed,,,No,,Not disclosed,,Not disclosed,,0,unknown,,0,False,,"score=2,idx=22677,zone=6",2,OK,
0001032033,SLM,2024,0001032033_SLM_FY2024_10K.html,,2025-02-18,Not disclosed,Not disclosed,,,No,,Not disclosed,,Not disclosed,,0,unknown,,0,False,,"score=2,idx=21007,zone=3",2,OK,
0001069899,PAHC,2014,0001069899_PAHC_FY2014_10K.html,,"June 30, 2014",Not disclosed,Not disclosed,,,No,,Not disclosed,,Not disclosed,,0,unknown,,0,False,,"score=4,idx=29074,zone=30451",2,OK,
0001069899,PAHC,2015,0001069899_PAHC_FY2015_10K.html,,"June 30, 2015","Capitalized software, equipment","Capitalized software costs are included in property, plant and equipment on the consolidated balance sheets and are amortized on a straight-line basis over 3 to 7 years.",3.0,7.0,Yes,"We periodically review our long-lived and amortizable intangible assets for impairment and assess whether significant events or changes in business circumstances indicate that the carrying value of the assets may not be recoverable. Such circumstances may include a significant decrease in the market price of an asset, a significant adverse change in the manner in which the asset is being used or in its physical condition or a history of operating or cash flow losses associated with the use of an asset. An impairment loss would be recognized when the carrying amount of an asset exceeds the anticipated future undiscounted cash flows expected to result from the use of the asset and its eventual disposition. The amount of the impairment loss to be recorded is calculated by the excess of the asset’s carrying value over its fair value. In addition, we periodically reassess the estimated remaining useful lives of our long-lived assets. Changes to estimated useful lives would affect the amount of depreciation and amortization recorded in the consolidated statements of operations. We have not experienced significant changes in the carrying value or estimated remaining useful lives of our long-lived or amortizable intangible assets in the periods included in the consolidated financial statements.",Not disclosed,,"ASU 2015-05, Intangibles—Goodwill and Other—Internal-Use Software (Subtopic 350-40). The amendments in this Update provide guidance to companies regarding the treatment of cloud computing arrangements and if an arrangement includes a software license. ASU 2015-05 requires that if there is an element of a license in the arrangement that a company account for that software license element consistent with the treatment of a direct acquisition of a software license. Otherwise the arrangement is to be accounted for as a service contract. This guidance does not change the existing guidance relevant to service contracts. This guidance is effective for annual reporting periods beginning after December 15, 2015, and interim periods within those fiscal years. Early adoption is permitted for both prospective and retrospective transition methods. We do not expect adoption of this guidance will have a material effect on our consolidated financial statements.",,0,item_8_other,,1,False,,"score=4,idx=12791,zone=12950",469,OK,
0001069899,PAHC,2016,0001069899_PAHC_FY2016_10K.html,,"June 30, 2016","Capitalized software, equipment","Capitalized software costs are included in property, plant and equipment on the consolidated balance sheets and are amortized on a straight-line basis over 3 to 7 years.",3.0,7.0,Yes,"We periodically review our long-lived and amortizable intangible assets for impairment and assess whether significant events or changes in business circumstances indicate that the carrying value of the assets may not be recoverable. Such circumstances may include a significant decrease in the market price of an asset, a significant adverse change in the manner in which the asset is being used or in its physical condition or a history of operating or cash flow losses associated with the use of an asset. An impairment loss is recognized when the carrying amount of an asset exceeds the anticipated future undiscounted cash flows expected to result from the use of the asset and its eventual disposition. The amount of the impairment loss is the excess of the asset’s carrying value over its fair value. In addition, we periodically reassess the estimated remaining useful lives of our long-lived and amortizable intangible assets. Changes to estimated useful lives would affect the amount of depreciation and amortization recorded in the consolidated statements of operations. We have not experienced significant changes in the carrying value or estimated remaining useful lives of our long-lived or amortizable intangible assets in the periods included in the consolidated financial statements.",Not disclosed,,"ASU 2015-05, Intangibles—Goodwill and Other—Internal-Use Software (Subtopic 350-40) provides guidance regarding the treatment of cloud computing arrangements and if an arrangement includes a software license. ASU 2015-05 requires that if there is an element of a license in the arrangement",,0,item_8_other,,1,False,,"score=4,idx=15043,zone=10701",481,OK,
0001069899,PAHC,2017,0001069899_PAHC_FY2017_10K.html,,"June 30, 2017","Capitalized software, equipment","Capitalized software costs are included in property, plant and equipment on the consolidated balance sheets and are amortized on a straight-line basis over 3 to 7 years.",3.0,7.0,Yes,"impairment loss is the excess of the asset’s carrying value over its fair value. In addition, we periodically reassess the estimated remaining useful lives of our long-lived and amortizable intangible assets. Changes to estimated useful lives would affect the amount of depreciation and amortization recorded in the consolidated statements of operations. During the three months ended June 30, 2017, we determined that certain intangible assets related to technology within the Animal Health segment were impaired, based on changes to future product sales assumptions, and recorded an impairment charge of $713 as a component of selling, general and administrative expenses in our consolidated statements of operations. There were no significant asset impairments or changes in estimated remaining useful lives of our long-lived or amortizable intangible assets in the periods included in the consolidated financial statements prior to 2017.",Not disclosed,,"ASU 2015-05, Intangibles—Goodwill and Other—Internal-Use Software (Subtopic 350-40) , provides guidance regarding the treatment of cloud computing arrangements and if an arrangement",,0,item_8_other,,1,False,,"score=4,idx=15217,zone=10952",461,OK,
0001069899,PAHC,2018,0001069899_PAHC_FY2018_10K.html,,"June 30, 2018","Capitalized software, equipment","Capitalized software costs are included in property, plant and equipment on the consolidated balance sheets and are amortized on a straight-line basis over three to seven years.",3.0,7.0,Yes,"or a history of operating or cash flow losses associated with the use of an asset. We recognize an impairment loss when the carrying amount of an asset exceeds the anticipated future undiscounted cash flows expected to result from the use of the asset and its eventual disposition. The amount of the impairment loss is the excess of the asset’s carrying value over its fair value. In addition, we periodically reassess the estimated remaining useful lives of our long-lived and amortizable intangible assets. Changes to estimated useful lives would affect the amount of depreciation and amortization recorded in the consolidated statements of operations. During 2017, we determined that certain intangible assets related to technology within the Animal Health segment were impaired, based on changes to future product sales assumptions, and recorded an impairment charge of $713 as a component of selling, general and administrative expenses in our consolidated statements of operations. There were no other significant asset impairments and no changes in estimated remaining useful lives of our long-lived or amortizable intangible assets in the periods included in the consolidated financial statements.",Not disclosed,,Not disclosed,,0,item_8_other,,1,False,,"score=4,idx=16273,zone=11372",481,OK,
0001069899,PAHC,2019,0001069899_PAHC_FY2019_10K.html,,"June 30, 2019","Capitalized software, equipment","Capitalized software costs are included in property, plant and equipment on the consolidated balance sheets and are amortized on a straight-line basis over three to seven years.",3.0,7.0,Yes,"We periodically review our long-lived and amortizable intangible assets for impairment and assess whether significant events or changes in business circumstances indicate that the carrying value of the assets may not be recoverable. Such circumstances may include a significant decrease in the market price of an asset, a significant adverse change in the manner in which the asset is being used or in its physical condition or a history of operating or cash flow losses associated with the use of an asset. We recognize an impairment loss when the carrying amount of an asset exceeds the anticipated future undiscounted cash flows expected to result from the use of the asset and its eventual disposition. The amount of the impairment loss is the excess of the asset’s carrying value over its fair value. In addition, we periodically reassess the estimated remaining useful lives of our long-lived and amortizable intangible assets. Changes to estimated useful lives would affect the amount of depreciation and amortization recorded in the consolidated statements of operations. During 2017, we determined that certain intangible assets related to technology within the Animal Health segment were impaired, based on changes to future product sales assumptions, and recorded an impairment charge of $713 as a component of selling, general and administrative expenses in our consolidated statements of operations. There were no significant asset impairments and no changes in estimated remaining useful lives of our long-lived or amortizable intangible assets in 2019 or 2018.",Not disclosed,,Not disclosed,,0,item_8_other,,1,False,,"score=4,idx=16580,zone=11183",515,OK,
0001069899,PAHC,2020,0001069899_PAHC_FY2020_10K.html,,"June 30, 2020","Capitalized software, equipment","Capitalized software costs are included in property, plant and equipment on the consolidated balance sheets and are amortized on a straight-line basis over three to seven years.",3.0,7.0,No,,Not disclosed,,Not disclosed,,0,item_8_other,,1,False,,"score=4,idx=19323,zone=12813",562,OK,
0001069899,PAHC,2021,0001069899_PAHC_FY2021_10K.html,,2021-06-30,"Capitalized software, equipment","Capitalized software costs are included in property, plant and equipment on the consolidated balance sheets and are amortized on a straight-line basis over three to seven years.",3.0,7.0,Unclear,"We periodically review our long-lived and amortizable intangible assets for impairment and assess whether significant events or changes in business circumstances indicate that the carrying value of the assets may not be recoverable. Such circumstances may include a significant decrease in the market price of an asset, a significant adverse change in the manner in which the asset is being used or in its physical condition or a history of operating or cash flow losses associated with the use of an asset. We recognize an impairment loss when the carrying amount of an asset exceeds the anticipated future undiscounted cash flows expected to result from the use of the asset and its eventual disposition. The amount of the impairment loss is the excess of the asset’s carrying value over its fair value. In addition, we periodically reassess the estimated remaining useful lives of our long-lived and amortizable intangible assets.",Not disclosed,,Not disclosed,,0,significant_accounting_policies,2. Summary of Significant Accounting Policies and New Accounting Standards Principles of Consolidation and Basis of Presentation,3,False,,"score=8,idx=20846,zone=17783",697,OK,
0001069899,PAHC,2022,0001069899_PAHC_FY2022_10K.html,,2022-07-31,"Capitalized software, equipment","Capitalized software costs are included in property, plant and equipment on the consolidated balance sheets and are amortized on a straight-line basis over three to seven years.",3.0,7.0,Yes,"We periodically review our long-lived and amortizable intangible assets for impairment and assess whether significant events or changes in business circumstances indicate that the carrying value of the assets may not be recoverable. Such circumstances may include a significant decrease in the market price of an asset, a significant adverse change in the manner in which the asset is being used or in its physical condition or a history of operating or cash flow losses associated with the use of an asset. We recognize an impairment loss when the carrying amount of an asset exceeds the anticipated future undiscounted cash flows expected to result from the use of the asset and its eventual disposition. The amount of the impairment loss is the excess of the asset’s carrying value over its fair value. In addition, we periodically reassess the estimated remaining useful lives of our long-lived and amortizable intangible assets. Changes to estimated useful lives would affect the amount of depreciation and amortization recorded in the consolidated statements of operations.",Not disclosed,,Not disclosed,,0,significant_accounting_policies,2. Summary of Significant Accounting Policies and New Accounting Standards Principles of Consolidation and Basis of Presentation,3,False,,"score=8,idx=20041,zone=17501",668,OK,
0001069899,PAHC,2023,0001069899_PAHC_FY2023_10K.html,,2023-09-30,"Capitalized software, equipment","Capitalized software costs are included in property, plant and equipment on the consolidated balance sheets and are amortized on a straight-line basis over three to seven years.",3.0,7.0,Yes,"We periodically review our long-lived and amortizable intangible assets for impairment and assess whether significant events or changes in business circumstances indicate that the carrying value of the assets may not be recoverable. Such circumstances may include a significant decrease in the market price of an asset, a significant adverse change in the manner in which the asset is being used or in its physical condition or a history of operating or cash flow losses associated with the use of an asset. We recognize an impairment loss when the carrying amount of an asset exceeds the anticipated future undiscounted cash flows expected to result from the use of the asset and its eventual disposition. The amount of the impairment loss is the excess of the asset’s carrying value over its fair value. In addition, we periodically reassess the estimated remaining useful lives of our long-lived and amortizable intangible assets. Changes to estimated useful lives would affect the amount of depreciation and amortization recorded in the consolidated statements of operations.",Not disclosed,,Not disclosed,,0,significant_accounting_policies,2. Summary of Significant Accounting Policies and New Accounting Standards Principles of Consolidation and Basis of Presentation,3,False,,"score=8,idx=22583,zone=17786",722,OK,
0001069899,PAHC,2024,0001069899_PAHC_FY2024_10K.html,,2025-06-30,"Capitalized software, equipment","Capitalized software costs are included in property, plant and equipment on the consolidated balance sheets and are amortized on a straight-line basis over three to seven years.",3.0,7.0,Unclear,"We periodically review our long-lived and amortizable intangible assets for impairment and assess whether significant events or changes in business circumstances indicate that the carrying value of the assets may not be recoverable. Such circumstances may include a significant decrease in the market price of an asset, a significant adverse change in the manner in which the asset is being used or in its physical condition or a history of operating or cash flow losses associated with the use of an asset. We recognize an impairment loss when the carrying amount of an asset exceeds the anticipated future undiscounted cash flows expected to result from the use of the asset and its eventual disposition. The amount of the impairment loss is the excess of the asset’s carrying value over its fair value. In addition, we periodically reassess the estimated remaining useful lives of our long-lived and amortizable intangible assets.",Not disclosed,,Not disclosed,,0,significant_accounting_policies,2. Summary of Significant Accounting Policies and New Accounting Standards Principles of Consolidation and Basis of Presentation,3,False,,"score=8,idx=23038,zone=18962",751,OK,
0001176948,ARES,2014,0001176948_ARES_FY2014_10K.html,,"December 31, 2014","furniture, equipment, computer hardware","Fixed assets, consisting of furniture, fixtures and equipment, leasehold improvements, and computer hardware and internal use software,
are recorded at cost, less accumulated depreciation and amortization.",,,Yes,"Economic
net income (""ENI"") is a key performance indicator used in the alternative asset management industry. ENI represents net income excluding (a) income tax expense,
(b) operating results of Consolidated Funds, (c) depreciation expense, (d) the effects of changes arising from corporate actions
and (e) certain other items that the Company does not believe are indicative of its core performance. Changes arising from corporate actions include equity-based compensation expenses, the
amortization of intangible assets, transaction costs associated with acquisitions and capital transactions, placement fees and underwriting costs and expenses incurred in connection with corporate
reorganization. The Company believes the exclusion of these items provides investors with a meaningful indication of the Company's core operating performance. ENI is evaluated regularly by management
as a decision tool for deployment of resources and assess performances of each of the business segments. The Company believes that reporting ENI is helpful in understanding its business and that
investors should review the same supplemental non-GAAP financial measures that management uses to analyze the segment performance. These measures supplement and should be considered in addition to,
and not in lieu of, the Consolidated Statements of Operations prepared in accordance with GAAP.",Not disclosed,,Not disclosed,,0,significant_accounting_policies,2. SUMMARY OF SIGNIFICANT ACCOUNTING POLICIES (Continued),3,False,,"score=4,idx=37050,zone=81102",1162,OK,
0001176948,ARES,2015,0001176948_ARES_FY2015_10K.html,,,Not disclosed,Not disclosed,,,No,,Not disclosed,,Not disclosed,,0,unknown,,0,False,,"score=4,idx=41397,zone=15",4,OK,
0001176948,ARES,2016,0001176948_ARES_FY2016_10K.html,,"December 31, 2016",Not disclosed,Not disclosed,,,No,,Not disclosed,,Not disclosed,,0,unknown,,0,False,,"score=4,idx=45532,zone=10",2,OK,
0001176948,ARES,2017,0001176948_ARES_FY2017_10K.html,,"December 31, 2017",Not disclosed,Not disclosed,,,No,,Not disclosed,,Not disclosed,,0,unknown,,0,False,,"score=4,idx=47277,zone=10",2,OK,
0001176948,ARES,2018,0001176948_ARES_FY2018_10K.html,,"December 31, 2018",Not disclosed,Not disclosed,,,No,,Not disclosed,,Not disclosed,,0,unknown,,0,False,,"score=4,idx=41041,zone=10",2,OK,
0001176948,ARES,2019,0001176948_ARES_FY2019_10K.html,,2019-12-31,Not disclosed,Not disclosed,,,No,,Not disclosed,,Not disclosed,,0,unknown,,0,False,,"score=2,idx=27918,zone=8",2,OK,
0001176948,ARES,2020,0001176948_ARES_FY2020_10K.html,,2021-02-28,Not disclosed,Not disclosed,,,No,,Not disclosed,,Not disclosed,,0,unknown,,0,False,,"score=2,idx=30913,zone=8",2,OK,
0001176948,ARES,2021,0001176948_ARES_FY2021_10K.html,,2022-02-28,Not disclosed,Not disclosed,,,No,,Not disclosed,,Not disclosed,,0,unknown,,0,False,,"score=2,idx=38916,zone=8",2,OK,
0001176948,ARES,2022,0001176948_ARES_FY2022_10K.html,,2023-02-28,Not disclosed,Not disclosed,,,No,,Not disclosed,,Not disclosed,A100;B100;B200,3,unknown,,0,False,,"score=2,idx=44585,zone=8",2,OK,
0001176948,ARES,2023,0001176948_ARES_FY2023_10K.html,,2024-06-30,Not disclosed,Not disclosed,,,No,,Not disclosed,,Not disclosed,,0,unknown,,0,False,,"score=2,idx=39606,zone=8",2,OK,
0001176948,ARES,2024,0001176948_ARES_FY2024_10K.html,,2025-06-30,Not disclosed,Not disclosed,,,No,,Not disclosed,,"Acquisition-related costs increased by $45.4 million for the year ended December 31, 2024 compared to the prior year. Acquisition-related costs generally precede a business combination, varying with the size, scale and complexity of the transaction. The majority of the costs incurred in the current year are related to the GCP Acquisition. The GCP Acquisition is expected to close in the first half of 2025. We also incurred costs in the current year for various strategic acquisitions, including the WSM Acquisition which was completed in the fourth quarter of 2024. We expect to continue to incur acquisition-related costs until acquisitions are completed. ||| Acquisition-related costs generally precede a business combination, varying with the size, scale and complexity of the transaction. The majority of the costs incurred in the current year are related to the GCP Acquisition. The GCP Acquisition is expected to close in the first half of 2025. We also incurred costs in the current year for various strategic acquisitions, including the WSM Acquisition which was completed in the fourth quarter of 2024. We expect to continue to incur acquisition-related costs until acquisitions are completed. ||| • Interest and dividend income, primarily due to: (i) interest income generated from our investments in CLOs; and (ii) $11.5 million of interest income generated from capital raised in anticipation of the GCP Acquisition, which was temporarily invested in treasury-backed securities. Following the completion of the GCP Acquisition, this portion of interest income will subside",,0,unknown,,0,False,,"score=2,idx=41963,zone=8",2,OK,
0001297184,AMPH,2014,0001297184_AMPH_FY2014_10K.html,,"December 31, 2014",Not disclosed,Not disclosed,,,No,,Not disclosed,,Not disclosed,,0,unknown,,0,False,,"score=2,idx=511,zone=16",0,OK,
0001297184,AMPH,2015,0001297184_AMPH_FY2015_10K.html,,,equipment,"The unaudited pro forma information primarily reflects the additional depreciation related to the fair value adjustment to property, plant and equipment acquired, valuation step up related to the fair value of inventory and additional interest expense associated with the financing obtained by the Company in connection with the acquisition.",,,Yes,"The unaudited pro forma information primarily reflects the additional depreciation related to the fair value adjustment to property, plant and equipment acquired, valuation step up related to the fair value of inventory and additional interest expense associated with the financing obtained by the Company in connection with the acquisition.",Not disclosed,,Not disclosed,,0,significant_accounting_policies,3. Business Acquisition,3,True,2.0-12.0 ans | 3.0-7.0 ans | 4.0-5.0 ans,"score=4,idx=15657,zone=20865",1036,OK,
0001297184,AMPH,2016,0001297184_AMPH_FY2016_10K.html,,"December 31, 2016",equipment,"The unaudited pro forma information primarily reflects the additional depreciation related to the fair value adjustment to property, plant and equipment acquired, valuation step up related to the fair value of inventory and additional interest expense associated with the financing obtained by the Company in connection with the acquisition.",,,Yes,"The unaudited pro forma information primarily reflects the additional depreciation related to the fair value adjustment to property, plant and equipment acquired, valuation step up related to the fair value of inventory and additional interest expense associated with the financing obtained by the Company in connection with the acquisition.",Not disclosed,,Not disclosed,,0,significant_accounting_policies,3. Business Acquisitions,3,True,2.0-12.0 ans | 3.0-7.0 ans | 4.0-5.0 ans,"score=4,idx=15094,zone=21715",689,OK,
0001297184,AMPH,2017,0001297184_AMPH_FY2017_10K.html,,"December 31, 2017",equipment,Buildings 20 - 31 years Machinery and equipment 2 - 12 years Furniture and fixtures 3 - 7 years Automobiles 4 - 5 years Leasehold improvements Lesser of remaining lease term or useful life,2.0,12.0,No,,Not disclosed,,Not disclosed,,0,ppe_note,Note 18. Quarterly Financial Data (Unaudited),3,True,2.0-12.0 ans | 3.0-7.0 ans | 4.0-5.0 ans,"score=4,idx=15853,zone=21191",716,OK,
0001297184,AMPH,2018,0001297184_AMPH_FY2018_10K.html,,"December 31, 2018","Equipment, Machinery and equipment, Furniture","Property, Plant, and Equipment Property, plant, and equipment consist of the following: December 31, 2018 2017 (in thousands) Buildings $ 96,287 $ 89,124 Leasehold improvements 26,755 29,847 Land 7,628 7,110 Machinery and equipment 143,299 118,056 Furniture, fixtures, and automobiles 19,151 16,385 Construction in progress 66,390 58,145 Total property, plant, and equipment 359,510 318,667 Less accumulated depreciation (149,092) (138,122) Total property, plant, and equipment, net $ 210,418 $ 180,545 The Company incurred depreciation expense of $14.5 million, $13.0 million, and $12.2 million for the years ended December 31, 2018, 2017, and 2016, respectively.",,,No,,Not disclosed,,Not disclosed,,0,ppe_note,"Note 11. Property, Plant, and Equipment Property, plant, and equipment consist of the following: December 31, 2018 2017 (in thousands) Buildings $ 96,",3,True,3.0-7.0 ans | 3.0-12.0 ans | 4.0-5.0 ans,"score=4,idx=16460,zone=22361",732,OK,
0001297184,AMPH,2019,0001297184_AMPH_FY2019_10K.html,,"December 31, 2019","Equipment, Machinery and equipment, Furniture","Property, Plant, and Equipment Property, plant, and equipment consist of the following: December 31, 2019 2018 (in thousands) Buildings $ 117,928 $ 96,287 Leasehold improvements 29,531 26,755 Land 7,603 7,628 Machinery and equipment 164,802 143,299 Furniture, fixtures, and automobiles 22,043 19,151 Construction in progress 56,354 66,390 Total property, plant, and equipment 398,261 359,510 Less accumulated depreciation (164,405) (149,092) Total property, plant, and equipment, net $ 233,856 $ 210,418 The Company incurred depreciation expense of $17.1 million, $14.5 million, and $13.0 million for the years ended December 31, 2019, 2018, and 2017, respectively.",,,No,,Not disclosed,,"In August 2018, the FASB issued ASU No. 2018-15 Customer’s Accounting for Implementation Cost Incurred in a Cloud Computing Arrangement that is a Service Contract , which aligns the requirements for capitalizing implementation costs incurred in a hosting arrangement that is a service contract with the requirements for capitalized implementation cost incurred to develop or obtain internal-use software (and hosting arrangements that include an internal use software license). The guidance also requires the entity to expense the capitalized implementation cost of a hosting arrangement that is a service contract over the term of the hosting arrangement, which includes reasonable certain renewals. This guidance is effective for our interim and annual reporting periods after December 31, 2019. The adoptions of the guidance will not have a material impact on our consolidated financial statements and related disclosures. ||| Customer’s Accounting for Implementation Cost Incurred in a Cloud Computing Arrangement that is a Service Contract",,0,ppe_note,"Note 12. Property, Plant, and Equipment Property, plant, and equipment consist of the following: December 31, 2019 2018 (in thousands) Buildings $ 117",3,True,3.0-7.0 ans | 3.0-12.0 ans | 4.0-5.0 ans,"score=4,idx=14379,zone=24044",722,OK,
0001297184,AMPH,2020,0001297184_AMPH_FY2020_10K.html,,"December 31, 2020",Not disclosed,Not disclosed,,,No,,Not disclosed,,Not disclosed,,0,unknown,,0,False,,"score=6,idx=12477,zone=21774",1,OK,
0001297184,AMPH,2021,0001297184_AMPH_FY2021_10K.html,,"December 31, 2021",Not disclosed,Not disclosed,,,No,,Not disclosed,,Not disclosed,,0,unknown,,0,False,,"score=6,idx=12800,zone=22571",1,OK,
0001297184,AMPH,2022,0001297184_AMPH_FY2022_10K.html,,"December 31, 2022",Not disclosed,Not disclosed,,,No,,Not disclosed,,Not disclosed,,0,unknown,,0,False,,"score=6,idx=12239,zone=21305",1,OK,
0001297184,AMPH,2023,0001297184_AMPH_FY2023_10K.html,,"December 31, 2023",Not disclosed,Not disclosed,,,No,,Not disclosed,,Not disclosed,,0,unknown,,0,False,,"score=6,idx=13827,zone=22359",13,OK,
0001297184,AMPH,2024,0001297184_AMPH_FY2024_10K.html,,"December 31, 2024",Not disclosed,Not disclosed,,,No,,Not disclosed,,Not disclosed,,0,unknown,,0,False,,"score=6,idx=12608,zone=20690",14,OK,
0001372612,BOX,2014,0001372612_BOX_FY2014_10K.html,,"January 31, 2015","technology, servers, equipment","Cost of revenue consists primarily of costs related to providing our subscription services to our paying customers, including employee
compensation and related expenses for datacenter operations, customer support and professional services personnel, payments to outside technology service providers, depreciation of servers and equipment, security services and other tools, as well as
amortization of acquired technology.",,,No,,Not disclosed,,"We intend to continue scaling our organization to meet the increasingly complex needs of our customers. Our sales and customer success teams
are organized to efficiently serve organizations ranging from small businesses to the world’s largest global organizations. We have invested and expect to continue to invest heavily in our sales and marketing teams to sell our services around
the world, as well as in our development efforts to deliver additional features and capabilities of our cloud services to address customers’ evolving needs. We also expect to continue to make significant investments in both our datacenter
infrastructure to meet the needs of our growing user base and our professional services organization to address the strategic needs of our customers in more complex deployments and to drive broader adoption across a wide array of use cases. As a
result of our continuing investments to scale our business in each of these areas, we do not expect to be profitable for the foreseeable future.",,0,significant_accounting_policies,Note 2. Summary of Significant Accounting Policies,3,True,2.0-3.0 ans | 3.0-5.0 ans,"score=4,idx=9842,zone=8984",447,OK,
0001372612,BOX,2015,0001372612_BOX_FY2015_10K.html,,"January 31, 2016","technology, servers, equipment, information technology","Cost of revenue consists primarily of costs related to providing our subscription services to our paying customers, including employee compensation and related expenses for datacenter operations, customer support and professional services personnel, payments to outside technology service providers, depreciation of servers and equipment, security services and other tools, as well as amortization of acquired technology.",,,No,,"Cost of revenue was $87.1 million, or 29% of revenue, for the year ended January 31, 2016, compared to $47.3 million, or 22% of revenue, for the year ended January 31, 2015, representing an increase of $39.8 million, or 84%. The increase in absolute dollars was primarily due to an increase of $9.9 million in employee and related costs and an increase of $3.2 million in stock-based compensation expense resulting from headcount growth in our datacenter operations, customer support, and particularly in our Box Consulting function as a result of our focused efforts to grow our Box Consulting capacity. Headcount in these functions grew from 168 employees as of January 31, 2015 to 229 employees as of January 31, 2016. In addition, there was an increase of $10.1 million in datacenter service costs and an increase of $7.4 million in depreciation of our server equipment as we increased our capacity, an increase of $6.3 million in allocated overhead costs which was primarily driven by the increased headcount as well as the expenses related to our new Redwood City headquarters in addition to the temporarily concurrent expenses related to our former Los Altos headquarters, an increase of $1.3 million in enterprise subscription software expenses, and an increase of $1.1 million in contractors and temporary services expenses. Cost of revenue as a percentage of revenue increased 7 points year-over-year primarily due to our continued investments in our data center infrastructure and Box Consulting to support our expected growth in paying customers and new products, as well as the expenses related to our new Redwood City headquarters in addition to the temporarily concurrent expenses related to our former Los Altos headquarters.",MD&A (Item 7),"We intend to continue scaling our organization to meet the increasingly complex needs of our customers. Our sales and customer success teams are organized to efficiently serve organizations ranging from small businesses to the world’s largest global organizations. We have invested and expect to continue to invest heavily in our sales and marketing teams to sell our services around the world, as well as in our development efforts to deliver additional features and capabilities of our cloud services to address our customers’ evolving needs. We also expect to continue to make significant investments in both our datacenter infrastructure to meet the needs of our growing user base and our professional services (Box Consulting) organization to address the strategic needs of our customers in more complex deployments and to drive broader adoption across a wide array of use cases. As a result of our continuing investments to scale our business in each of these areas, we do not expect to be profitable for the foreseeable future.",,0,significant_accounting_policies,Note 2. Summary of Significant Accounting Policies,3,False,,"score=4,idx=13055,zone=12802",473,OK,
0001372612,BOX,2016,0001372612_BOX_FY2016_10K.html,,"January 31, 2017",equipment,"In accordance with our property and equipment policy, we review the estimated useful lives of our fixed assets on an ongoing basis. A review of this policy indicated that the actual lives of certain data center assets not acquired under capital leases were longer than previously estimated useful lives used for depreciation purposes in our financial statements. As a result, effective September 1, 2016, we changed the estimated useful lives of certain data center assets not acquired under capital leases to better reflect the estimated periods during which these assets will remain in service.",3.0,,Yes,"In accordance with our property and equipment policy, we review the estimated useful lives of our fixed assets on an ongoing basis. A review of this policy indicated that the actual lives of certain data center assets not acquired under capital leases were longer than previously estimated useful lives used for depreciation purposes in our financial statements. As a result, effective September 1, 2016, we changed the estimated useful lives of certain data center assets not acquired under capital leases to better reflect the estimated periods during which these assets will remain in service.","In accordance with our property and equipment policy, we review the estimated useful lives of our fixed assets on an ongoing basis. A review of this policy indicated that the actual lives of certain data center assets not acquired under capital leases were longer than previously estimated useful lives used for depreciation purposes in our financial statements. As a result, effective September 1, 2016, we changed the estimated useful lives of certain data center assets not acquired under capital leases to better reflect the estimated periods during which these assets will remain in service. The estimated useful lives of these assets, which we previously depreciated for three years, have now been increased to four years. The effect of this change in estimate in the current period to net loss and earnings per share was not material.",Item 8,"We intend to continue scaling our organization to meet the increasingly complex needs of our customers. Our sales and customer success teams are organized to efficiently serve organizations ranging from small businesses to the world’s largest global organizations. We have invested, and expect to continue to invest heavily, in our sales and marketing teams to sell our services around the world, as well as in our development efforts to deliver additional features and capabilities of our cloud services to address our customers’ evolving needs. We also expect to continue to make significant investments in both our infrastructure to meet the needs of our growing user base and our professional services organization (Box Consulting) to address the strategic needs of our customers in more complex deployments and to drive broader adoption across a wide array of use cases. As a result of our continuing investments to scale our business in each of these areas, we do not expect to be profitable for the foreseeable future.",,0,significant_accounting_policies,Note 2. Summary of Significant Accounting Policies,3,True,3.0 ans | 4.0 ans,"score=4,idx=13890,zone=12699",631,OK,
0001372612,BOX,2017,0001372612_BOX_FY2017_10K.html,,"January 31, 2018",equipment,"In accordance with our property and equipment policy, we review the estimated useful lives of our fixed assets on an ongoing basis. A review of this policy indicated that the actual lives of certain data center assets not acquired under capital leases were longer than previously estimated useful lives used for depreciation purposes in our financial statements. As a result, effective September 1, 2016, we changed the estimated useful lives of certain data center assets not acquired under capital leases to better reflect the estimated periods during which these assets will remain in service.",3.0,,Yes,"In accordance with our property and equipment policy, we review the estimated useful lives of our fixed assets on an ongoing basis. A review of this policy indicated that the actual lives of certain data center assets not acquired under capital leases were longer than previously estimated useful lives used for depreciation purposes in our financial statements. As a result, effective September 1, 2016, we changed the estimated useful lives of certain data center assets not acquired under capital leases to better reflect the estimated periods during which these assets will remain in service.","In accordance with our property and equipment policy, we review the estimated useful lives of our fixed assets on an ongoing basis. A review of this policy indicated that the actual lives of certain data center assets not acquired under capital leases were longer than previously estimated useful lives used for depreciation purposes in our financial statements. As a result, effective September 1, 2016, we changed the estimated useful lives of certain data center assets not acquired under capital leases to better reflect the estimated periods during which these assets will remain in service. The estimated useful lives of these assets, which we previously depreciated for three years, have now been increased to four years. The effect of this change in estimate to net loss and earnings per share was not material in fiscal year 2017.",Item 8,"We intend to continue scaling our organization to meet the increasingly complex needs of our customers. Our sales and customer success teams are organized to efficiently serve organizations ranging from small businesses to the world’s largest global organizations. We have invested, and expect to continue to invest, in our sales and marketing teams to sell our services around the world, as well as in our development efforts to deliver additional features and capabilities of our cloud services to address our customers’ evolving needs. We also expect to continue to make investments in both our infrastructure to meet the needs of our growing global user base and our professional services organization (Box Consulting) to address the strategic needs of our customers in more complex deployments and to drive broader adoption across a wide array of use cases. As a result of our continuing investments to scale our business in each of these areas, we do not expect to be profitable for the foreseeable future.",,0,significant_accounting_policies,Note 2. Summary of Significant Accounting Policies,3,True,3.0 ans | 4.0 ans,"score=4,idx=13482,zone=9841",551,OK,
0001372612,BOX,2018,0001372612_BOX_FY2018_10K.html,,"January 31, 2019",equipment,"Such estimates include, but are not limited to, the determination of the allowance for accounts receivable, fair value of acquired intangible assets and goodwill, useful lives of acquired intangible assets and property and equipment, estimate of standalone selling price allocation included in contracts with multiple performance obligations, the estimated expected benefit period for deferred commissions, the estimated useful life of capitalized internal-use software costs, observable price changes of non-marketable equity securities, fair values of stock-based awards, legal contingencies, the valuation of deferred income tax assets, and unrecognized tax benefits, among others.",,,Yes,"In accordance with our property and equipment policy, we review the estimated useful lives of our fixed assets on an ongoing basis.","In the fiscal year ended January 31, 2017, our review of our fixed assets indicated that the actual lives of certain data center assets not acquired under capital leases were longer than previously estimated useful lives used for depreciation purposes in our financial statements. As a result, effective September 1, 2016, we changed the estimated useful lives of certain data center assets not acquired under capital leases to better reflect the estimated periods during which these assets will remain in service. The estimated useful lives of these assets, which we previously depreciated for three years, were increased to four years. The effect of this change in estimate to net loss and net loss per share was not material in fiscal year 2017.",Item 8,"We intend to continue scaling our organization to meet the increasingly complex needs of our customers. Our sales and customer success teams are organized to efficiently serve organizations ranging from small businesses to the world’s largest global organizations. We have invested, and expect to continue to invest, in our sales and marketing teams to sell our services around the world, as well as in our development efforts to deliver additional features and capabilities of our cloud services to address our customers’ evolving needs. We also expect to continue to make investments in both our infrastructure to meet the needs of our growing global user base and our professional services organization (Box Consulting) to address the strategic needs of our customers in more complex deployments and to drive broader adoption across a wide array of use cases. As a result of our continuing investments to scale our business in each of these areas, we do not expect to be profitable for the foreseeable future.",,0,significant_accounting_policies,Note 2. Summary of Significant Accounting Policies,3,True,3.0 ans | 4.0 ans,"score=4,idx=13044,zone=11339",620,OK,
0001372612,BOX,2019,0001372612_BOX_FY2019_10K.html,,"January 31, 2020",equipment,"Such estimates include, but are not limited to, the determination of the allowance for accounts receivable, fair value of acquired intangible assets and goodwill, useful lives of acquired intangible assets and property and equipment, timing and costs associated with our asset retirement obligations, the nature and timing of satisfaction of performance obligations, estimate of standalone selling price allocation included in contracts with multiple performance obligations, the estimated expected benefit period for deferred commissions, the estimated useful life of capitalized internally developed software costs, observable price changes of non-marketable equity securities, the incremental borrowing rate we use to determine our lease liabilities, fair values of stock-based awards, legal contingencies, the valuation of deferred income tax assets, and unrecognized tax benefits, among others.",,,Yes,"In accordance with our property and equipment policy, we review the estimated useful lives of our fixed assets on an ongoing basis.","Cost of revenue consists primarily of costs related to providing our subscription services to our paying customers, including employee compensation and related expenses for data center operations, customer support and professional services personnel, payments to outside technology service providers, depreciation of servers and equipment, security services and other tools, as well as amortization expense associated with capitalized internally developed software and acquired technology. We allocate overhead such as rent, information technology costs and employee benefit costs to all departments based on headcount.",Item 8,"We intend to continue scaling our organization to meet the increasingly complex needs of our customers. Our sales and customer success teams are organized to efficiently serve organizations ranging from small businesses to the world’s largest global organizations. We have invested in our sales and marketing teams to sell our services around the world, as well as in our development efforts to deliver additional features and capabilities of our cloud services to address our customers’ evolving needs. We also expect to continue to make investments in both our infrastructure to meet the needs of our growing global user base and our professional services organization (Box Consulting) to address the strategic needs of our customers in more complex deployments and to drive broader adoption across a wide array of use cases. As a result of our continuing investments to scale our business in each of these areas, we do not expect to be profitable for the near future.",,0,significant_accounting_policies,Note 2. Summary of Significant Accounting Policies,3,False,,"score=4,idx=13726,zone=10545",566,OK,
0001372612,BOX,2020,0001372612_BOX_FY2020_10K.html,,"January 31, 2021",equipment,"Such estimates include, but are not limited to, the determination of the allowance for accounts receivable, fair value of acquired intangible assets and goodwill, useful lives of acquired intangible assets and property and equipment, the liability and equity allocation of our convertible senior notes, timing and costs associated with our asset retirement obligations, the nature and timing of satisfaction of performance obligations, estimate of standalone selling price allocation included in contracts with multiple performance obligations, the estimated expected benefit period for deferred commissions, the estimated useful life of capitalized internally developed software costs, observable price changes of non-marketable equity securities, the incremental borrowing rate we use to determine our lease liabilities, fair values of stock-based awards, legal contingencies, the valuation of deferred income tax assets, and unrecognized tax benefits, among others.",,,Yes,"In accordance with our property and equipment policy, we review the estimated useful lives of our fixed assets on an ongoing basis.","Cost of revenue consists primarily of costs related to providing our subscription services to our paying customers, including employee compensation and related expenses for data center operations, customer support and professional services personnel, payments to outside technology service providers, depreciation of servers and equipment, security services and other tools, as well as amortization expense associated with capitalized internally developed software and acquired technology. We allocate overhead such as rent, information technology costs and employee benefit costs to all departments based on headcount.",Item 8,"We intend to continue scaling our organization to meet the increasingly complex needs of our customers. Our sales and customer success teams are organized to efficiently serve organizations ranging from small businesses to the world’s largest global organizations. We have invested in our sales and marketing teams to sell our services around the world, as well as in our development efforts to deliver additional features and capabilities of our cloud services to address our customers’ evolving needs. We also expect to continue to make investments in both our infrastructure to meet the needs of our growing global user base and our professional services organization (Box Consulting) to address the strategic needs of our customers in more complex deployments and to drive broader adoption across a wide array of use cases.",,0,significant_accounting_policies,Note 2. Summary of Significant Accounting Policies,3,False,,"score=4,idx=10127,zone=10677",545,OK,
0001372612,BOX,2021,0001372612_BOX_FY2021_10K.html,,"January 31, 2022",equipment,"Such estimates include, but are not limited to, the fair value of acquired intangible assets and goodwill, useful lives of acquired intangible assets and property and equipment, timing and costs associated with our asset retirement obligations, the standalone selling price allocation included in contracts with multiple performance obligations, the expected benefit period for deferred commissions, the useful life of capitalized internal-use software costs, the incremental borrowing rate we use to determine our lease liabilities, the valuation of deferred income tax assets, and unrecognized tax benefits, among others.",,,No,,"Cost of revenue consists primarily of costs related to providing our subscription services to our paying customers, including employee compensation and related expenses for data center operations, customer support and professional services personnel, payments to outside technology service providers, depreciation of servers and equipment, security services and other tools, as well as amortization expense associated with capitalized internally developed software and acquired technology. We allocate overhead such as rent, information technology costs and employee benefit costs to all departments based on headcount.",Item 8,"We intend to continue scaling our organization to meet the increasingly complex needs of our customers. Our sales and customer success teams are organized to efficiently serve organizations ranging from small businesses to the world’s largest global organizations. We have invested in our sales and marketing teams to sell our services around the world, as well as in our development efforts to deliver additional features and capabilities of our cloud services to address our customers’ evolving needs. We also expect to continue to make investments in both our infrastructure to meet the needs of our growing global user base and our professional services organization (Box Consulting) to address the strategic needs of our customers in more complex deployments and to drive broader adoption across a wide array of use cases. ||| We derive our revenue primarily from three sources: (1) subscription revenue, which is comprised of subscription fees from customers who have access to our content cloud platform including routine customer support; (2) revenue from customers purchasing our premier services package; and (3) revenue from professional services such as implementing best practice use cases, project management and implementation consulting services. ||| The increase in absolute dollars during the fiscal year was primarily due to an increase of $14.2 million in fees related to shareholder activism, an increase of $5.9 million in stock-based compensation expense driven by equity grants to existing and new employees, an increase of $2.2 million in consulting and audit services, an increase of $2.2 million in employee and related costs driven by the annual merit increase to salaries, and a $1.0 million impairment charge related to capitalized cloud computing arrangements. General and administrative expense as a percentage of revenue increased 100 basis points year-over-year. We expect our general and administrative expense to slowly increase in dollars but to decrease as a percentage of revenue over time as we benefit from greater operational efficiency.",,0,significant_accounting_policies,Note 2. Summary of Significant Accounting Policies,3,False,,"score=4,idx=12155,zone=15910",826,OK,
0001372612,BOX,2022,0001372612_BOX_FY2022_10K.html,,"January 31, 2023",equipment,"Such estimates include, but are not limited to, the fair value of acquired intangible assets, useful lives of acquired intangible assets and property and equipment, the standalone selling price allocation included in contracts with multiple performance obligations, the expected benefit period for deferred commissions, the useful life of capitalized internal-use software costs, the incremental borrowing rate we use to determine our lease liabilities, the valuation allowance of deferred income tax assets, and unrecognized tax benefits, among others.",,,No,,"Cost of revenue consists primarily of costs related to providing our subscription services to our paying customers, including employee compensation and related expenses for data center operations, customer support and professional services personnel, public cloud infrastructure costs, depreciation of servers and equipment, security services and other tools, as well as amortization expense associated with capitalized internally developed software and acquired technology. We allocate overhead such as rent, information technology costs and employee benefit costs to all departments based on headcount.",Item 8,"We intend to continue scaling our organization to meet the increasingly complex needs of our customers. Our sales and customer success teams are organized to efficiently serve organizations ranging from small businesses to the world’s largest global organizations. We have invested in our sales and marketing teams to sell our services around the world, as well as in our development efforts to deliver additional features and capabilities of our cloud services to address our customers’ evolving needs. We also expect to continue to make investments in both our infrastructure to meet the needs of our growing global user base and our professional services organization (Box Consulting) to address the strategic needs of our customers in more complex deployments and to drive broader adoption across a wide array of use cases. ||| We derive our revenue primarily from three sources: (1) subscription revenue, which is comprised of subscription fees from customers who have access to our content cloud platform including routine customer support; (2) revenue from customers purchasing our premier services package; and (3) revenue from professional services such as implementing best practice use cases, project management and implementation consulting services. ||| We derive our revenue from three sources: (1) subscription revenue, which is comprised of subscription fees from customers who have access to our content cloud platform which includes routine customer support; (2) revenue from customers purchasing our premier services package; and (3) revenue from professional services such as implementing best practice use cases, project management and implementation consulting services.",,0,significant_accounting_policies,Note 2. Summary of Significant Accounting Policies,3,False,,"score=4,idx=10323,zone=16028",756,OK,
0001372612,BOX,2023,0001372612_BOX_FY2023_10K.html,,"January 31, 2024","servers, equipment, technology, information technology","Cost of revenue consists primarily of costs related to providing our subscription services to our paying customers, including employee compensation and related expenses for data center operations, customer support and professional services personnel, public cloud hosting costs, depreciation of servers and equipment, security services and other tools, as well as amortization expense associated with capitalized internally developed software and acquired technology.",,,No,,"Cost of revenue consists primarily of costs related to providing our subscription services to our paying customers, including employee compensation and related expenses for data center operations, customer support and professional services personnel, public cloud hosting costs, depreciation of servers and equipment, security services and other tools, as well as amortization expense associated with capitalized internally developed software and acquired technology. We allocate overhead such as rent, information technology costs and employee benefit costs to all departments based on headcount.",Item 8,"We intend to continue scaling our organization to meet the increasingly complex needs of our customers. Our sales and customer success teams are organized to efficiently serve organizations ranging from small businesses to the world’s largest global organizations. We have invested in our sales and marketing teams to sell our services around the world, as well as in our development efforts to deliver additional features and capabilities of our cloud services to address our customers’ evolving needs. We also expect to continue to make investments in both our infrastructure to meet the needs of our growing global user base and our professional services organization (Box Consulting) to address the strategic needs of our customers in more complex deployments and to drive broader adoption across a wide array of use cases. ||| We derive our revenue primarily from three sources: (1) subscription revenue, which is comprised of subscription fees from customers who have access to our content cloud platform including routine customer support; (2) revenue from customers purchasing our premier services package; and (3) revenue from professional services such as implementing best practice use cases, project management and implementation consulting services.",,0,significant_accounting_policies,Note 2. Summary of Significant Accounting Policies,3,False,,"score=4,idx=10876,zone=15267",734,OK,
0001372612,BOX,2024,0001372612_BOX_FY2024_10K.html,,"January 31, 2025","servers, equipment, technology, information technology","Cost of revenue consists primarily of costs related to providing our subscription services to our paying customers, including employee compensation and related expenses for data center operations, customer support and professional services personnel, public cloud hosting costs, depreciation of servers and equipment, security services and other tools, as well as amortization expense associated with capitalized internally developed software and acquired technology.",,,No,,"Cost of revenue consists primarily of costs related to providing our subscription services to our paying customers, including employee compensation and related expenses for data center operations, customer support and professional services personnel, public cloud hosting costs, depreciation of servers and equipment, security services and other tools, as well as amortization expense associated with capitalized internally developed software and acquired technology. We allocate overhead such as rent, information technology costs and employee benefit costs to all departments based on headcount.",Item 8,"We intend to continue scaling our organization to meet the increasingly complex needs of our customers. Our sales and customer success teams are organized to efficiently serve organizations ranging from small businesses to the world’s largest global organizations. We have invested in our sales and marketing teams to sell our services around the world, as well as in our development efforts to deliver additional features and capabilities of our cloud services to address our customers’ evolving needs. We also expect to continue to make investments in both our infrastructure to meet the needs of our growing global user base and our professional services organization (Box Consulting) to address the strategic needs of our customers in more complex deployments and to drive broader adoption across a wide array of use cases.",A100,1,significant_accounting_policies,Note 2. Summary of Significant Accounting Policies,3,False,,"score=4,idx=11330,zone=15222",808,OK,
0001590584,CVEO,2014,0001590584_CVEO_FY2014_10K.html,,"December 31, 2014",Not disclosed,Not disclosed,,,No,,Not disclosed,,Not disclosed,,0,unknown,,0,False,,"score=7,idx=11267,zone=14",2,OK,
0001590584,CVEO,2015,0001590584_CVEO_FY2015_10K.html,,"December 31, 2015",Not disclosed,Not disclosed,,,No,,Not disclosed,,Not disclosed,,0,unknown,,0,False,,"score=7,idx=12697,zone=13",2,OK,
0001590584,CVEO,2016,0001590584_CVEO_FY2016_10K.html,,"December 31, 2016",Not disclosed,Not disclosed,,,No,,Not disclosed,,Not disclosed,,0,unknown,,0,False,,"score=7,idx=13425,zone=16",2,OK,
0001590584,CVEO,2017,0001590584_CVEO_FY2017_10K.html,,,Not disclosed,Not disclosed,,,No,,Not disclosed,,Not disclosed,,0,unknown,,0,False,,"score=7,idx=11574,zone=13",4,OK,
0001590584,CVEO,2018,0001590584_CVEO_FY2018_10K.html,,,Not disclosed,Not disclosed,,,No,,Not disclosed,,Not disclosed,,0,unknown,,0,False,,"score=5,idx=19958,zone=15",3,OK,
0001590584,CVEO,2019,0001590584_CVEO_FY2019_10K.html,,,Not disclosed,Not disclosed,,,No,,Not disclosed,,Not disclosed,,0,unknown,,0,False,,"score=5,idx=16230,zone=15",3,OK,
0001590584,CVEO,2020,0001590584_CVEO_FY2020_10K.html,,2020-12-31,Not disclosed,Not disclosed,,,No,,Not disclosed,,Not disclosed,,0,unknown,,0,False,,"score=5,idx=12298,zone=14",3,OK,
0001590584,CVEO,2021,0001590584_CVEO_FY2021_10K.html,,2022-03-31,Not disclosed,Not disclosed,,,No,,Not disclosed,,Not disclosed,,0,unknown,,0,False,,"score=5,idx=12276,zone=14",3,OK,
0001590584,CVEO,2022,0001590584_CVEO_FY2022_10K.html,,2022-12-31,Not disclosed,Not disclosed,,,No,,Not disclosed,,"Selling, General and Administrative Expenses. SG&A expense increased $9.4 million, or 15%, in 2022 compared to 2021. This increase was primarily due to higher share-based compensation expense, travel and entertainment expense, compensation expense and information technology expense. The increase in share-based compensation expense was due to a relative increase in our stock price during 2022 compared to 2021. The increase in information technology expense was related to ongoing investment in our human capital management (HCM) system and set-up costs incurred in a cloud computing arrangement for our newly implemented HCM system, which are being amortized through SG&A expense instead of depreciation and amortization expense. The increase in travel and entertainment expenses was largely a result of a return to more normalized travel expenses with the lifting of travel restrictions associated with COVID-19. The increase in compensation expense was primarily due to increased staff and recruitment costs. These items were partially offset by a weaker Australian and Canadian dollar relative to the U.S. dollar in 2022 compared to 2021. ||| SG&A expense increased $9.4 million, or 15%, in 2022 compared to 2021. This increase was primarily due to higher share-based compensation expense, travel and entertainment expense, compensation expense and information technology expense. The increase in share-based compensation expense was due to a relative increase in our stock price during 2022 compared to 2021. The increase in information technology expense was related to ongoing investment in our human capital management (HCM) system and set-up costs incurred in a cloud computing arrangement for our newly implemented HCM system, which are being amortized through SG&A expense instead of depreciation and amortization expense. The increase in travel and entertainment expenses was largely a result of a return to more normalized travel expenses with the lifting of travel restrictions associated with COVID-19. The increase in compensation expense was primarily due to increased staff and recruitment costs. These items were partially offset by a weaker Australian and Canadian dollar relative to the U.S. dollar in 2022 compared to 2021.",A100,1,unknown,,0,False,,"score=5,idx=11693,zone=14",3,OK,
0001590584,CVEO,2023,0001590584_CVEO_FY2023_10K.html,,2023-12-31,Not disclosed,Not disclosed,,,No,,Not disclosed,,Not disclosed,,0,unknown,,0,False,,"score=5,idx=11143,zone=14",544,OK,
0001590584,CVEO,2024,0001590584_CVEO_FY2024_10K.html,,2025-02-18,Not disclosed,Not disclosed,,,No,,Not disclosed,,Not disclosed,,0,unknown,,0,False,,"score=5,idx=11027,zone=14",557,OK,
0001590955,PAYC,2014,0001590955_PAYC_FY2014_10K.html,,"December 31, 2014","computer software, equipment, capitalized software","Amortization expense related to capitalized software costs of $0.9 million, $0.6 million and $0.4 million was charged to expense for the years
ended December 31, 2014, 2013 and 2012, respectively.",,,No,,Not disclosed,,Not disclosed,,0,item_8_other,,1,False,,"score=4,idx=9946,zone=7829",371,OK,
0001590955,PAYC,2015,0001590955_PAYC_FY2015_10K.html,,"December 31, 2015","equipment, capitalized software, Computer equipment, Furniture","Year Ended December 31, 2015 2014 Property and equipment Buildings $ 28,154 $ 28,154 Software and capitalized software costs 13,959 8,671 Computer equipment 11,346 7,638 Rental clocks 8,750 6,596 Furniture, fixtures and equipment 5,464 4,361 Vehicles 421 421 Leasehold improvements 358 174 68,452 56,015 Less: accumulated depreciation and amortization (24,894 ) (17,089 ) 43,558 38,926 Land 8,993 8,993 Construction in progress 6,307 — Property and equipment, net $ 58,858 $ 47,919",,,No,,Not disclosed,,"In April 2015, the FASB issued authoritative guidance for intangibles related to internally developed software. The new guidance will assist entities in evaluating the accounting for fees paid by a customer in a cloud computing arrangement. The new guidance is effective for fiscal years, and interim periods within those years, beginning after December 15, 2015. Accordingly, the standard is effective for us on January 1, 2016. We do not anticipate that the adoption of this standard will have a material impact on our consolidated financial statements.",,0,ppe_note,3. PROPERTY AND EQUIPMENT,3,False,,"score=3,idx=13482,zone=9021",439,OK,
0001590955,PAYC,2016,0001590955_PAYC_FY2016_10K.html,,"December 31, 2016","equipment, capitalized software, Computer equipment, Furniture","Year Ended December 31, 2016 2015 Property and equipment Buildings $ 48,250 $ 28,154 Software and capitalized software costs 23,879 13,959 Computer equipment 18,987 11,346 Rental clocks 10,669 8,750 Furniture, fixtures and equipment 6,695 5,464 Leasehold improvements 680 358 Vehicles — 421 109,160 68,452 Less: accumulated depreciation and amortization (35,833 ) (24,894 ) 73,327 43,558 Land 8,993 8,993 Construction in progress 14,528 6,307 Property and equipment, net $ 96,848 $ 58,858",,,No,,Not disclosed,,Not disclosed,,0,ppe_note,3. PROPERTY AND EQUIPMENT,3,False,,"score=3,idx=12228,zone=8707",372,OK,
0001590955,PAYC,2017,0001590955_PAYC_FY2017_10K.html,,"December 31, 2017","equipment, capitalized software, Computer equipment, Furniture","December 31, 2017 2016 Property and equipment Buildings $ 60,441 $ 48,250 Software and capitalized software costs 41,996 23,879 Computer equipment 27,928 18,987 Rental clocks 13,131 10,669 Furniture, fixtures and equipment 7,528 6,695 Leasehold improvements 767 680 151,791 109,160 Less: accumulated depreciation and amortization (53,525 ) (35,833 ) 98,266 73,327 Construction in progress 40,446 14,528 Land 8,993 8,993 Property and equipment, net $ 147,705 $ 96,848",,,No,,Not disclosed,,Not disclosed,,0,ppe_note,3. PROPERTY AND EQUIPMENT,3,False,,"score=3,idx=8368,zone=8754",374,OK,
0001590955,PAYC,2018,0001590955_PAYC_FY2018_10K.html,,"December 31, 2018","equipment, capitalized software, Computer equipment, Furniture","December 31, 2018 2017 (in thousands) Property and equipment Buildings $ 101,421 $ 60,441 Software and capitalized software costs 66,634 41,996 Computer equipment 39,492 27,928 Rental clocks 16,950 13,131 Furniture, fixtures and equipment 16,474 7,528 Leasehold improvements 1,274 767 Vehicles 74 — 242,319 151,791 Less: accumulated depreciation and amortization (82,969 ) (53,525 ) 159,350 98,266 Construction in progress 8,589 40,446 Land 9,023 8,993 Property and equipment, net $ 176,962 $ 147,705",,,No,,Not disclosed,,Not disclosed,,0,ppe_note,3. PROPERTY AND EQUIPMENT,3,False,,"score=3,idx=7979,zone=10363",405,OK,
0001590955,PAYC,2019,0001590955_PAYC_FY2019_10K.html,,2020-01-30,"equipment, capitalized software, Computer equipment, Furniture","December 31, 2019 2018 Property and equipment Buildings $ 101,707 $ 101,421 Software and capitalized software costs 99,125 66,634 Computer equipment 56,879 39,492 Rental clocks 20,836 16,950 Furniture, fixtures and equipment 18,311 16,474 Other 6,242 1,348 303,100 242,319 Less: accumulated depreciation and amortization (124,950 ) (82,969 ) 178,150 159,350 Construction in progress 31,274 8,589 Land 29,034 9,023 Property and equipment, net $ 238,458 $ 176,962",,,No,,Not disclosed,,"In August 2018, the Financial Accounting Standards Board (“FASB”) issued ASU No. 2018-15, “Intangibles – Goodwill and Other – Internal-Use Software (Subtopic 350-40): Customer’s Accounting for Implementation Costs Incurred in a Cloud Computing Arrangement That Is a Service Contract (a consensus of the FASB Emerging Issues Task Force)” (“ASU 2018-15”). ASU 2018-15 aligns the requirements for capitalizing implementation costs incurred in a hosting arrangement that is a service contract with the requirements for capitalizing implementation costs incurred to develop or obtain internal-use software (and hosting arrangements that include an internal-use software license). This guidance is effective for fiscal years beginning after December 15, 2019, and for interim periods within those fiscal years, with early adoption permitted. The adoption of this guidance will not have a material impact on the consolidated financial statements.",,0,ppe_note,3. PROPERTY AND EQUIPMENT,3,False,,"score=3,idx=8002,zone=9784",392,OK,
0001590955,PAYC,2020,0001590955_PAYC_FY2020_10K.html,,2021-02-10,"equipment, capitalized software, Computer equipment, Furniture","December 31, 2020 December 31, 2019 Property and equipment Software and capitalized software costs $ 144,190 $ 99,125 Buildings 115,772 101,707 Computer equipment 68,181 56,879 Rental clocks 25,474 20,836 Furniture, fixtures and equipment 19,829 18,311 Other 7,016 6,242 380,462 303,100 Less: accumulated depreciation and amortization (178,111 ) (124,950 ) 202,351 178,150 Construction in progress 53,833 31,274 Land 29,034 29,034 Property and equipment, net $ 285,218 $ 238,458",,,No,,Not disclosed,,"In January 2020, we adopted Accounting Standards Update (“ASU”) No. 2018-15, “Intangibles – Goodwill and Other – Internal-Use Software (Subtopic 350-40): Customer’s Accounting for Implementation Costs Incurred in a Cloud Computing Arrangement That Is a Service Contract (a consensus of the FASB Emerging Issues Task Force)” (“ASU 2018-15”). ASU 2018-15 aligns the requirements for capitalizing implementation costs incurred in a hosting arrangement that is a service contract with the requirements for capitalizing implementation costs incurred to develop or obtain internal-use software (and hosting arrangements that include an internal-use software license). The adoption of this guidance did not have a material impact on our consolidated financial statements.",,0,ppe_note,3. PROPERTY AND EQUIPMENT,3,False,,"score=3,idx=8434,zone=9076",392,OK,
0001590955,PAYC,2021,0001590955_PAYC_FY2021_10K.html,,2022-02-07,"equipment, capitalized software, Computer equipment, Furniture","December 31, 2021 December 31, 2020 Property and equipment Software and capitalized software costs $ 199,470 $ 144,190 Buildings 172,807 115,772 Computer equipment 102,509 68,181 Rental clocks 30,313 25,474 Furniture, fixtures and equipment 24,971 19,829 Other 16,397 7,016 546,467 380,462 Less: accumulated depreciation and amortization (242,652 ) (178,111 ) 303,815 202,351 Construction in progress 11,342 53,833 Land 33,796 29,034 Property and equipment, net $ 348,953 $ 285,218",,,No,,Not disclosed,,"In January 2020, we adopted ASU No. 2018-15, “Intangibles – Goodwill and Other – Internal-Use Software (Subtopic 350-40): Customer’s Accounting for Implementation Costs Incurred in a Cloud Computing Arrangement That Is a Service Contract (a consensus of the FASB Emerging Issues Task Force)” (“ASU 2018-15”) utilizing the prospective transition method. ASU 2018-15 aligns the requirements for capitalizing implementation costs incurred in a hosting arrangement that is a service contract with the requirements for capitalizing implementation costs incurred to develop or obtain internal-use software (and hosting arrangements that include an internal-use software license). The adoption of this guidance did not have a material impact on our consolidated financial statements.",,0,ppe_note,3. PROPERTY AND EQUIPMENT,3,False,,"score=3,idx=8456,zone=8946",434,OK,
0001590955,PAYC,2022,0001590955_PAYC_FY2022_10K.html,,2023-02-06,equipment,"Property and Equipment Property and equipment is stated at cost, net of accumulated depreciation and amortization. Depreciation is computed using the straight line method over the estimated useful lives of the assets as follows: Furniture, fixtures and equipment 5 years Computer equipment 3 years Software and capitalized software 3 years Buildings 30 years Leasehold improvements 5 years Rental clocks 5 years Land improvements 15 years Vehicles 3 years Costs incurred during construction of long-lived assets are recorded as construction in progress and are not depreciated until the asset is placed in service.",5.0,,No,,Not disclosed,,Not disclosed,,0,significant_accounting_policies,2. SUMMARY OF SIGNIFICANT ACCOUNTING POLICIES,3,True,3.0 ans | 5.0 ans | 15.0 ans,"score=4,idx=9988,zone=15158",603,OK,
0001590955,PAYC,2023,0001590955_PAYC_FY2023_10K.html,,2027-02-05,equipment,"Property and Equipment Property and equipment is stated at cost, net of accumulated depreciation and amortization. Depreciation is computed using the straight line method over the estimated useful lives of the assets as follows: Furniture, fixtures and equipment 5 years Computer equipment 3 years Software and capitalized software 3 years Buildings 30 years Leasehold improvements 5 years Rental clocks 5 years Land improvements 15 years Vehicles 3 years Costs incurred during construction of long-lived assets are recorded as construction in progress and are not depreciated until the asset is placed in service.",5.0,,No,,Not disclosed,,Not disclosed,,0,significant_accounting_policies,2. SUMMARY OF SIGNIFICANT ACCOUNTING POLICIES,3,True,3.0 ans | 5.0 ans | 15.0 ans,"score=4,idx=10529,zone=15649",621,OK,
0001590955,PAYC,2024,0001590955_PAYC_FY2024_10K.html,,2025-02-21,Software and capitalized software development costs,"Property and Equipment Property and equipment is stated at cost, net of accumulated depreciation and amortization. Depreciation is computed using the straight line method over the estimated useful lives of the assets as follows: Software and capitalized software development costs 3 years Buildings 30 years Computer equipment 3 years Rental clocks 5 years Furniture, fixtures and equipment 5 years Land improvements 15 years Leasehold improvements 5 years Vehicles 3 years Costs incurred during construction of long-lived assets are recorded as construction in progress and are not depreciated until the asset is placed in service.",3.0,,No,,Not disclosed,,Not disclosed,A100,1,significant_accounting_policies,2. SUMMARY OF SIGNIFICANT ACCOUNTING POLICIES,3,True,3.0 ans | 5.0 ans | 15.0 ans,"score=4,idx=10526,zone=16961",663,OK,
0001597672,RYAM,2014,0001597672_RYAM_FY2014_10K.html,,,Not disclosed,Not disclosed,,,No,,Not disclosed,,Not disclosed,,0,unknown,,0,False,,"score=3,idx=7960,zone=12",3,OK,
0001597672,RYAM,2015,0001597672_RYAM_FY2015_10K.html,,,Not disclosed,Not disclosed,,,No,,Not disclosed,,Not disclosed,,0,unknown,,0,False,,"score=3,idx=8358,zone=12",3,OK,
0001597672,RYAM,2016,0001597672_RYAM_FY2016_10K.html,,,Not disclosed,Not disclosed,,,No,,Not disclosed,,Not disclosed,,0,unknown,,0,False,,"score=3,idx=8825,zone=13",3,OK,
0001597672,RYAM,2017,0001597672_RYAM_FY2017_10K.html,,,Not disclosed,Not disclosed,,,No,,Not disclosed,,Not disclosed,,0,unknown,,0,False,,"score=3,idx=10304,zone=10",3,OK,
0001597672,RYAM,2018,0001597672_RYAM_FY2018_10K.html,,,Not disclosed,Not disclosed,,,No,,Not disclosed,,Not disclosed,,0,unknown,,0,False,,"score=3,idx=12767,zone=8",2,OK,
0001597672,RYAM,2019,0001597672_RYAM_FY2019_10K.html,,"December 31, 2019",Not disclosed,Not disclosed,,,No,,Not disclosed,,Not disclosed,,0,unknown,,0,False,,"score=3,idx=18760,zone=8",2,OK,
0001597672,RYAM,2020,0001597672_RYAM_FY2020_10K.html,,2020-12-31,Not disclosed,Not disclosed,,,No,,Not disclosed,,Not disclosed,,0,unknown,,0,False,,"score=2,idx=12927,zone=8",2,OK,
0001597672,RYAM,2021,0001597672_RYAM_FY2021_10K.html,,2021-12-31,Not disclosed,Not disclosed,,,No,,Not disclosed,,Not disclosed,A100,1,unknown,,0,False,,"score=2,idx=10679,zone=8",2,OK,
0001597672,RYAM,2022,0001597672_RYAM_FY2022_10K.html,,2022-12-31,Not disclosed,Not disclosed,,,No,,Not disclosed,,Not disclosed,,0,unknown,,0,False,,"score=2,idx=8538,zone=4",2,OK,
0001597672,RYAM,2023,0001597672_RYAM_FY2023_10K.html,,2023-12-31,Not disclosed,Not disclosed,,,No,,Not disclosed,,Not disclosed,,0,unknown,,0,False,,"score=2,idx=8109,zone=4",2,OK,
0001597672,RYAM,2024,0001597672_RYAM_FY2024_10K.html,,2029-10-31,Not disclosed,Not disclosed,,,No,,Not disclosed,,Not disclosed,,0,unknown,,0,False,,"score=2,idx=8855,zone=4",2,OK,
0001599617,DNOW,2014,0001599617_DNOW_FY2014_10K.html,,,Not disclosed,Not disclosed,,,No,,Not disclosed,,Not disclosed,,0,unknown,,0,False,,"score=7,idx=4328,zone=7",2,OK,
0001599617,DNOW,2015,0001599617_DNOW_FY2015_10K.html,,,Not disclosed,Not disclosed,,,No,,Not disclosed,,Not disclosed,,0,unknown,,0,False,,"score=6,idx=5553,zone=6",2,OK,
0001599617,DNOW,2016,0001599617_DNOW_FY2016_10K.html,,,Not disclosed,Not disclosed,,,No,,Not disclosed,,Not disclosed,,0,unknown,,0,False,,"score=6,idx=5884,zone=9",3,OK,
0001599617,DNOW,2017,0001599617_DNOW_FY2017_10K.html,,,Not disclosed,Not disclosed,,,No,,Not disclosed,,Not disclosed,,0,unknown,,0,False,,"score=6,idx=5682,zone=11",3,OK,
0001599617,DNOW,2018,0001599617_DNOW_FY2018_10K.html,,,Not disclosed,Not disclosed,,,No,,Not disclosed,,Not disclosed,,0,unknown,,0,False,,"score=6,idx=5216,zone=10",2,OK,
0001599617,DNOW,2019,0001599617_DNOW_FY2019_10K.html,,2020-01-31,Not disclosed,Not disclosed,,,No,,Not disclosed,,Not disclosed,,0,unknown,,0,False,,"score=6,idx=6359,zone=4",2,OK,
0001599617,DNOW,2020,0001599617_DNOW_FY2020_10K.html,,2020-12-31,Not disclosed,Not disclosed,,,No,,Not disclosed,,"In August 2018, the FASB issued ASU 2018-15, Customer’s Accounting for Implementation Costs Incurred in a Cloud Computing Arrangement That Is a Service Contract (Topic 350-40), which aligns the requirements for capitalizing implementation costs incurred in a cloud computing arrangement service contract with the capitalization requirements of costs to develop or obtain internal-use software licenses. On January 1, 2020, the Company adopted this standard using the prospective transition approach, with no material impact in its consolidated financial statements.",,0,unknown,,0,False,,"score=7,idx=5767,zone=6",2,OK,
0001599617,DNOW,2021,0001599617_DNOW_FY2021_10K.html,,2021-12-31,Not disclosed,Not disclosed,,,No,,Not disclosed,,Not disclosed,,0,unknown,,0,False,,"score=7,idx=6065,zone=4",3,OK,
0001599617,DNOW,2022,0001599617_DNOW_FY2022_10K.html,,2022-12-31,Not disclosed,Not disclosed,,,No,,Not disclosed,,Not disclosed,,0,unknown,,0,False,,"score=7,idx=6410,zone=4",3,OK,
0001599617,DNOW,2023,0001599617_DNOW_FY2023_10K.html,,2023-12-31,Not disclosed,Not disclosed,,,No,,Not disclosed,,Not disclosed,B200,1,unknown,,0,False,,"score=7,idx=6662,zone=4",3,OK,
0001599617,DNOW,2024,0001599617_DNOW_FY2024_10K.html,,2024-12-31,Not disclosed,Not disclosed,,,No,,Not disclosed,,Not disclosed,,0,unknown,,0,False,,"score=7,idx=6784,zone=3",2,OK,
0001601046,KEYS,2014,0001601046_KEYS_FY2014_10K.html,,"October 31, 2014","Capitalized software, equipment","Capitalized software is included in property, plant and equipment and is depreciated over",,,No,,Not disclosed,,Not disclosed,,0,significant_accounting_policies,1. OVERVIEW AND SUMMARY OF SIGNIFICANT ACCOUNTING POLICIES,3,True,3.0-5.0 ans | 3.0-10.0 ans,"score=4,idx=6101,zone=25846",937,OK,
0001601046,KEYS,2015,0001601046_KEYS_FY2015_10K.html,,"October 31, 2015","Capitalized software, equipment","Capitalized software is included in property, plant and equipment and is depreciated over",,,No,,Not disclosed,,"In April 2015, the FASB issued guidance that clarifies the circumstances under which a cloud computing customer would account for an arrangement as a license of internal-use software. The standard is effective for annual periods beginning after December 15, 2015, and interim periods within those fiscal years. Early adoption is permitted. We do not expect a material impact to our combined and consolidated financial statements due to the adoption of this guidance.",,0,significant_accounting_policies,1. OVERVIEW AND SUMMARY OF SIGNIFICANT ACCOUNTING POLICIES,3,True,3.0-5.0 ans | 3.0-10.0 ans,"score=4,idx=7160,zone=29259",1079,OK,
0001601046,KEYS,2016,0001601046_KEYS_FY2016_10K.html,,"October 31, 2016","Capitalized software, equipment","Capitalized software is included in property, plant and equipment and is depreciated over",,,No,,"Keysight’s net revenue of $2,918 million in 2016 increased 2 percent when compared to 2015. Foreign currency movements had no impact on the year-over-year comparison. The revenue increase associated with acquisitions accounted for approximately 5 percentage points for the year ended October 31, 2016 when compared to 2015. Excluding acquisitions, revenue declined year-over-year as weakness in the smartphone supply chain and restructuring and consolidation activities in the industry offset strength in 5G technologies and data center expansion. Net revenue of $2,856 million in 2015 decreased 3 percent when compared to 2014. Foreign currency movements had an unfavorable impact of 4 percentage points on the year-over-year comparison. The revenue increase associated with acquisitions accounted for approximately 1 percentage point for the year ended October 31, 2015 when compared to 2014.",MD&A (Item 7),Not disclosed,,0,significant_accounting_policies,"1. OVERVIEW, BASIS OF PRESENTATION AND SUMMARY OF SIGNIFICANT ACCOUNTING POLICIES",3,True,3.0-5.0 ans | 3.0-10.0 ans,"score=4,idx=8224,zone=29868",1059,OK,
0001601046,KEYS,2017,0001601046_KEYS_FY2017_10K.html,,"October 31, 2017","Capitalized software, equipment","Capitalized software is included in property, plant and equipment and is depreciated over",,,No,,"flat as gains in the commercial communications market were offset by declines in the aerospace, defense and government market. Net revenue of $2,918 million in 2016 increased 2 percent when compared to 2015. Foreign currency movements had no impact on the year-over-year comparison. The revenue increase associated with acquisitions accounted for approximately 5 percentage points for the year ended October 31, 2016 when compared to 2015. Excluding acquisitions, revenue declined year-over-year as weakness in the smartphone supply chain and restructuring and consolidation activities in the industry offset strength in 5G technologies and data center expansion.",MD&A (Item 7),Not disclosed,,0,item_8_other,,1,False,,"score=4,idx=8887,zone=31733",1125,OK,
0001601046,KEYS,2018,0001601046_KEYS_FY2018_10K.html,,"October 31, 2018","Capitalized software, equipment","Capitalized software is included in property, plant and equipment and is depreciated over",,,No,,"Revenue from the Communications Solutions Group represented approximately 52 percent of total revenue in 2018 and contributed 10 percentage points to the total revenue growth. Revenue grew 17 percent when compared to 2017 with growth in Americas, Asia Pacific excluding Japan and Europe, partially offset by declines in Japan. The Communications Solutions Group's revenue growth was primarily driven by growth in our 5G-related solutions across the wireless ecosystem, with strong demand for network access applications and steady investments in the network and data center markets. In 2017, revenue from the Communications Solutions Group represented approximately 54 percent of total revenue, and its contribution to the total revenue growth was negligible. Revenue was flat when compared to 2016, with growth in Japan and Asia Pacific excluding Japan offset by declines in the Americas and Europe. The strength in 5G and data center technologies was offset by decline in the aerospace, defense and government market.",MD&A (Item 7),"ASU 2018-15, Customer's Accounting for Implementation Costs Incurred in a Cloud Computing Arrangement That Is a Service Contract. ||| In August 2018, the FASB issued guidance that requires a customer in a cloud computing arrangement (i.e., hosting arrangement) that is a service contract to follow the internal-use software guidance to determine which implementation costs to defer and recognize as an asset and aligns the recognition of implementation costs to those incurred in an arrangement that includes an internal-use software license. Further, new disclosures about implementation costs for both internal-use software and hosting arrangements are required. The standard is effective for fiscal years beginning after December 15, 2019 and interim periods within those fiscal years. Early adoption is permitted. We are evaluating the impact of adopting this guidance on our consolidated financial statements. ||| ASU 2018-15, Customer's Accounting for Implementation Costs Incurred in a Cloud Computing Arrangement That Is a Service Contract. In August 2018, the FASB issued guidance that requires a customer in a cloud computing arrangement (i.e., hosting arrangement) that is a service contract to follow the internal-use software guidance to determine which implementation costs to defer and recognize as an asset and aligns the recognition of implementation costs to those incurred in an arrangement that includes an internal-use software license. Further, new disclosures about implementation costs for both internal-use software and hosting arrangements are required. The standard is effective for fiscal years beginning after December 15, 2019 and interim periods within those fiscal years. Early adoption is permitted. We are evaluating the impact of adopting this guidance on our consolidated financial statements.",,0,item_8_other,,1,False,,"score=4,idx=8618,zone=30904",1075,OK,
0001601046,KEYS,2019,0001601046_KEYS_FY2019_10K.html,,"October 31, 2019",Not disclosed,Not disclosed,,,No,,"percent of total Communications Solutions Group revenue in 2018 and increased 17 percent compared to 2017, growing across all geographies. In 2018 the revenue growth was primarily driven by growth in our 5G-related solutions across the wireless ecosystem, with strong demand for network access applications and steady investments in the network and data center markets.",MD&A (Item 7),"ASU 2018-15, Customer's Accounting for Implementation Costs Incurred in a Cloud Computing Arrangement That Is a Service Contract. In August 2018, the FASB issued guidance that requires a customer in a cloud computing arrangement (i.e., hosting arrangement) that is a service contract to follow the internal-use software guidance to determine which implementation costs to defer and recognize as an asset and aligns the recognition of implementation costs to those incurred in an arrangement that includes an internal-use software license. Further, new disclosures about implementation costs for both internal-use software and hosting arrangements are required. The standard is effective for fiscal years beginning after December 15, 2019 and interim periods within those fiscal years. Early adoption is permitted. We are evaluating the impact of adopting this guidance on our consolidated financial statements. ||| ASU 2018-15, Customer's Accounting for Implementation Costs Incurred in a Cloud Computing Arrangement That Is a Service Contract. ||| In August 2018, the FASB issued guidance that requires a customer in a cloud computing arrangement (i.e., hosting arrangement) that is a service contract to follow the internal-use software guidance to determine which implementation costs to defer and recognize as an asset and aligns the recognition of implementation costs to those incurred in an arrangement that includes an internal-use software license. Further, new disclosures about implementation costs for both internal-use software and hosting arrangements are required. The standard is effective for fiscal years beginning after December 15, 2019 and interim periods within those fiscal years. Early adoption is permitted. We are evaluating the impact of adopting this guidance on our consolidated financial statements.",,0,unknown,,0,False,,"score=4,idx=12826,zone=36097",1157,OK,
0001601046,KEYS,2020,0001601046_KEYS_FY2020_10K.html,,"October 31, 2020",Not disclosed,Not disclosed,,,No,,"Europe. In 2020 revenue remained flat, primarily driven by continued investments in 5G across the design lifecycle from development to deployment, offset by COVID-19 related site closures and supply chain disruptions. We continue to see investments in 5G, fueled by the ongoing redesign of every aspect of communications systems, including wireless access, infrastructure, wireline technologies, data centers and the cloud. Revenue from the commercial communications market represented approximately 69 percent of total Communications Solutions Group revenue in 2019 and increased 18 percent year over year, with growth in Asia Pacific and the Americas, partially offset by a decline in Europe. In 2019 revenue growth was primarily driven by increased 5G investment across the wireless ecosystem and growth in data-center-related next-generation 400 gigabit Ethernet and higher digital test.",MD&A (Item 7),Not disclosed,,0,unknown,,0,False,,"score=4,idx=11944,zone=32609",1092,OK,
0001601046,KEYS,2021,0001601046_KEYS_FY2021_10K.html,,"October 31, 2021","equipment, which is generally over","Property, plant and equipment are stated at cost less accumulated depreciation. Buildings and improvements are depreciated over the lesser of their useful lives or the remaining term of the lease and machinery and equipment, which is generally over three years to ten years.",3.0,,No,,"Revenue from the commercial communications market represented approximately 68 percent of total Communications Solutions Group revenue in 2021 and increased 8 percent as compared to 2020, with growth in the Americas and Europe, partially offset by a decline in Asia Pacific. The revenue growth was driven by improved economic conditions across the communications ecosystem, partially offset by the impact of China trade restrictions. In 2021, we continue to see investments in 5G, fueled by the ongoing redesign of every aspect of communications systems, including wireless access, infrastructure, wireline technologies, data centers and the cloud. Revenue from the commercial communications market represented approximately 70 percent of total Communications Solutions Group revenue in 2020 and was flat as compared to 2019, with growth in Asia Pacific offset by declines in the Americas and Europe. In 2020, revenue remained flat, primarily driven by continued investments in 5G across the design lifecycle from development to deployment, offset by COVID-19 related site closures and supply chain disruptions.",MD&A (Item 7),Not disclosed,B100,1,significant_accounting_policies,"1. OVERVIEW, BASIS OF PRESENTATION AND SUMMARY OF SIGNIFICANT ACCOUNTING POLICIES",3,True,3.0 ans | 10.0 ans,"score=2,idx=8815,zone=15102",792,OK,
0001601046,KEYS,2022,0001601046_KEYS_FY2022_10K.html,,"October 31, 2022",Not disclosed,Not disclosed,,,No,,"Revenue from the commercial communications market represented approximately 69 percent of total Communications Solutions Group revenue in 2022 and increased 11 percent as compared to 2021. Revenue grew across all regions, driven by strong market demand across the communications ecosystem. Wireless 5G development and manufacturing of chipsets, components and devices, O-RAN, and high-speed data solutions to support data centers and the cloud drove growth. Revenue from the commercial communications market represented approximately 68 percent of total Communications Solutions Group revenue in 2021 and increased 8 percent as compared to 2020, with growth in the Americas and Europe, partially offset by a decline in Asia Pacific. The 2021 revenue growth was driven by improved economic conditions across the communications ecosystem, partially offset by the impact of China trade restrictions.",MD&A (Item 7),Not disclosed,,0,unknown,,0,False,,"score=2,idx=8895,zone=15085",795,OK,
0001601046,KEYS,2023,0001601046_KEYS_FY2023_10K.html,,"October 31, 2023",equipment is generally depreciated over,"Property, plant and equipment are stated at cost less accumulated depreciation. Buildings and improvements are depreciated over the lesser of their useful lives, which is generally over five years to forty years, or the remaining term of the lease; and machinery and equipment is generally depreciated over three years to ten years.",3.0,,No,,"Our first-to-market solutions strategy enables customers to develop new technologies and accelerate innovation and provides a platform for Keysight's long-term growth. Our customers are expected to continue to make R&D investments in certain next-generation technologies, including 5G, early 6G, high-speed data center, satellite networks and Artificial Intelligence-Machine Learning (""AI-ML"") network modeling, new automotive mobility technologies, industrial internet of things (""IoT""), and defense modernization. We continue to engage actively with our customers, and closely monitor the current macro economic environment, including trade, tariffs, monetary and fiscal policies, geopolitical tensions, and supply chain challenges. Despite the near-term challenges, we remain confident in the long-term secular growth trends of our markets and our ability to outperform in a variety of market conditions.",MD&A (Item 7),Not disclosed,,0,significant_accounting_policies,"1. OVERVIEW, BASIS OF PRESENTATION AND SUMMARY OF SIGNIFICANT ACCOUNTING POLICIES",3,True,3.0 ans | 5.0 ans | 10.0 ans,"score=2,idx=8837,zone=15039",780,OK,
0001601046,KEYS,2024,0001601046_KEYS_FY2024_10K.html,,"October 31, 2024",equipment,"Grants in form of tax credits related to capital expenditures are recognized as a reduction to property, plant and equipment with a corresponding reduction to depreciation expense over the expected useful life of the related asset.",,,No,,"Our first-to-market solutions strategy enables customers to develop new technologies and accelerate innovation and provides a platform for Keysight's long-term growth. Our customers are expected to continue to make R&D investments in certain next-generation technologies and applications, including evolution of 5G, early 6G, high-speed data center networks and infrastructure, satellite networks, Artificial Intelligence (“AI”), next generation electric vehicles and autonomous vehicles, industrial internet of things (“IoT”), and defense modernization. We continue to engage actively with our customers, and closely monitor the current macroeconomic environment, including trade, tariffs, monetary and fiscal policies and geopolitical tensions. We remain confident in the long-term secular growth trends of our markets and our ability to outperform in a variety of market conditions.",MD&A (Item 7),Not disclosed,,0,significant_accounting_policies,"1. OVERVIEW, BASIS OF PRESENTATION AND SUMMARY OF SIGNIFICANT ACCOUNTING POLICIES",3,True,3.0 ans | 5.0 ans | 10.0 ans,"score=2,idx=9375,zone=16018",849,OK,
0001604028,WMS,2015,0001604028_WMS_FY2015_10K.html,,"March 31, 2015",Not disclosed,Not disclosed,,,No,,Not disclosed,,Not disclosed,,0,unknown,,0,False,,"score=7,idx=13484,zone=3",1,OK,
0001604028,WMS,2016,0001604028_WMS_FY2016_10K.html,,"March 31, 2017",Not disclosed,Not disclosed,,,No,,Not disclosed,,Not disclosed,,0,unknown,,0,False,,"score=3,idx=12288,zone=6",2,OK,
0001604028,WMS,2017,0001604028_WMS_FY2017_10K.html,,"March 31, 2018",Not disclosed,Not disclosed,,,No,,Not disclosed,,Not disclosed,,0,unknown,,0,False,,"score=3,idx=10205,zone=6",2,OK,
0001604028,WMS,2018,0001604028_WMS_FY2018_10K.html,,"March 31, 2019",Not disclosed,Not disclosed,,,No,,Not disclosed,,Not disclosed,,0,unknown,,0,False,,"score=3,idx=8512,zone=14",3,OK,
0001604028,WMS,2019,0001604028_WMS_FY2019_10K.html,,2020-06-30,Not disclosed,Not disclosed,,,No,,Not disclosed,,Not disclosed,,0,unknown,,0,False,,"score=3,idx=16058,zone=7",3,OK,
0001604028,WMS,2020,0001604028_WMS_FY2020_10K.html,,2021-06-30,Not disclosed,Not disclosed,,,No,,Not disclosed,,Not disclosed,,0,unknown,,0,False,,"score=3,idx=10250,zone=7",3,OK,
0001604028,WMS,2021,0001604028_WMS_FY2021_10K.html,,2022-06-30,Not disclosed,Not disclosed,,,No,,Not disclosed,,Not disclosed,,0,unknown,,0,False,,"score=2,idx=7731,zone=4",2,OK,
0001604028,WMS,2022,0001604028_WMS_FY2022_10K.html,,2023-06-30,Not disclosed,Not disclosed,,,No,,Not disclosed,,Not disclosed,,0,unknown,,0,False,,"score=2,idx=7219,zone=4",2,OK,
0001604028,WMS,2023,0001604028_WMS_FY2023_10K.html,,2024-05-16,Not disclosed,Not disclosed,,,No,,Not disclosed,,Not disclosed,,0,unknown,,0,False,,"score=2,idx=7094,zone=17",5,OK,
0001604028,WMS,2024,0001604028_WMS_FY2024_10K.html,,2025-05-15,Not disclosed,Not disclosed,,,No,,Not disclosed,,Not disclosed,,0,unknown,,0,False,,"score=2,idx=7049,zone=17",5,OK,
