firm_cik,firm_ticker,fiscal_year,filename,filing_date,period_end_date,asset_category,useful_life_text,useful_life_min_years,useful_life_max_years,policy_change,policy_change_text,ai_infra_text,ai_infra_source,segment_ai_text,hardware_mentions,hardware_count,source_section,section_title,confidence,ambiguity_flag,ambiguity_detail,item8_method,item8_segment_count,extraction_status,error_message
0000049754,DIN,2013,0000049754_DIN_FY2013_10K.html,,"December 31, 2013",equipment,"Property and equipment are stated at cost, net of accumulated depreciation. The Company has capitalized certain costs incurred in connection with the development of internal-use software which are included in equipment and fixtures and amortized over the expected useful life of the asset.",,,No,,Not disclosed,,Not disclosed,,0,significant_accounting_policies,2. Basis of Presentation and Summary of Significant Accounting Policies (Continued),3,False,,"score=4,idx=25896,zone=28985",897,OK,
0000049754,DIN,2014,0000049754_DIN_FY2014_10K.html,,"December 31, 2014",equipment,"Property and equipment are stated at cost, net of accumulated depreciation. The Company has capitalized certain costs incurred in connection with the development of internal-use software which are included in equipment and fixtures and amortized over the expected useful life of the asset.",,,No,,Not disclosed,,Not disclosed,,0,significant_accounting_policies,2. Basis of Presentation and Summary of Significant Accounting Policies (Continued),3,False,,"score=4,idx=25697,zone=19508",889,OK,
0000049754,DIN,2015,0000049754_DIN_FY2015_10K.html,,"December 31, 2015",equipment,"Property and equipment are stated at cost, net of accumulated depreciation. The Company has capitalized certain costs incurred in connection with the development of internal-use software which are included in equipment and fixtures and amortized over the expected useful life of the asset.",,,No,,Not disclosed,,Not disclosed,,0,significant_accounting_policies,2. Basis of Presentation and Summary of Significant Accounting Policies (Continued),3,False,,"score=4,idx=21582,zone=18558",748,OK,
0000049754,DIN,2016,0000049754_DIN_FY2016_10K.html,,"December 31, 2016",equipment,"Property and equipment are stated at cost, net of accumulated depreciation. The Company has capitalized certain costs incurred in connection with the development of internal-use software which are included in equipment and fixtures and amortized over the expected useful life of the asset.",,,No,,Not disclosed,,Not disclosed,,0,significant_accounting_policies,2. Basis of Presentation and Summary of Significant Accounting Policies (Continued),3,False,,"score=4,idx=24405,zone=18923",795,OK,
0000049754,DIN,2017,0000049754_DIN_FY2017_10K.html,,"December 31, 2017",equipment,"Property and equipment are stated at cost, net of accumulated depreciation. The Company has capitalized certain costs incurred in connection with the development of internal-use software which are included in equipment and fixtures in Note 4 - Property and Equipment, of the Notes to the Consolidated Financial Statements and are amortized over the expected useful life of the asset.",,,No,,Not disclosed,,Not disclosed,,0,significant_accounting_policies,2. Basis of Presentation and Summary of Significant Accounting Policies (Continued),3,False,,"score=4,idx=20659,zone=19899",844,OK,
0000049754,DIN,2018,0000049754_DIN_FY2018_10K.html,,"December 31, 2018",equipment,"Property and equipment are stated at cost, net of accumulated depreciation. The Company has capitalized certain costs incurred in connection with the development of internal-use software which are included in equipment and fixtures in Note 5 - Property and Equipment, of the Notes to the Consolidated Financial Statements and are amortized over the expected useful life of the asset.",,,No,,Not disclosed,,"In August 2018, the FASB issued new guidance on the accounting for implementation costs incurred in a cloud computing arrangement that is a service contract. The guidance aligns the requirements for capitalizing implementation costs incurred in a hosting arrangement that is a service contract with existing guidance for capitalizing implementation cost incurred to develop or obtain internal-use software. The guidance also provides presentation and disclosure requirements for such capitalized costs. The Company will be required to adopt the new guidance beginning with its first fiscal quarter of 2020; early adoption in any interim period after issuance of the new guidance is permitted. The Company is currently assessing the impact this guidance will have on its consolidated financial statements; the Company does not expect to adopt the new guidance early.",,0,significant_accounting_policies,2. Basis of Presentation and Summary of Significant Accounting Policies (Continued),3,False,,"score=4,idx=22568,zone=22310",934,OK,
0000049754,DIN,2019,0000049754_DIN_FY2019_10K.html,,2019-12-31,equipment,"Property and equipment are stated at cost, net of accumulated depreciation. The Company has capitalized certain costs incurred in connection with the development of internal-use software which are included in equipment and fixtures in Note 5 - Property and Equipment, of the Notes to the Consolidated Financial Statements and are amortized over the expected useful life of the asset.",,,No,,Not disclosed,,"In August 2018, the FASB issued new guidance on the accounting for implementation costs incurred in a cloud computing arrangement that is a service contract. The guidance aligns the requirements for capitalizing implementation costs incurred in a hosting arrangement that is a service contract with existing guidance for capitalizing implementation cost incurred to develop or obtain internal-use software. The guidance also provides presentation and disclosure requirements for such capitalized costs. The Company will be required to adopt the new guidance beginning with its first fiscal quarter of 2020. The Company is currently assessing the impact this guidance will have on its consolidated financial statements.",,0,significant_accounting_policies,2. Basis of Presentation and Summary of Significant Accounting Policies (Continued),3,False,,"score=4,idx=26212,zone=24190",995,OK,
0000049754,DIN,2020,0000049754_DIN_FY2020_10K.html,,2026-06-30,Equipment,"2020 2019 (In millions) Leaseholds and improvements $ 221.7 $ 235.4 Properties under finance leases 95.2 100.5 Equipment and fixtures 62.1 60.7 Buildings and improvements 55.4 56.6 Land 52.1 55.9 Internal-use software 37.0 34.7 Construction in progress 5.0 4.7 Property and equipment, gross 528.5 548.5 Less: accumulated depreciation and amortization (340.5) (332.1) Property and equipment, net $ 188.0 $ 216.4",,,No,,Not disclosed,,Not disclosed,,0,ppe_note,5. Property and Equipment,3,False,,"score=2,idx=16903,zone=13144",721,OK,
0000049754,DIN,2021,0000049754_DIN_FY2021_10K.html,,2022-02-17,Equipment,"2021 2020 (In millions) Leaseholds and improvements $ 221.1 $ 221.7 Properties under finance leases 94.6 95.2 Equipment and fixtures 52.5 51.3 Buildings and improvements 54.2 55.4 Land 51.3 52.1 Internal-use software 55.7 47.8 Construction in progress 5.5 5.0 Property and equipment, gross 534.9 528.5 Less: accumulated depreciation and amortization (355.5) (340.5) Property and equipment, net $ 179.4 $ 188.0",,,No,,Not disclosed,,Not disclosed,,0,ppe_note,5. Property and Equipment,3,False,,"score=2,idx=16988,zone=12864",717,OK,
0000049754,DIN,2022,0000049754_DIN_FY2022_10K.html,,2023-01-06,Equipment,"2022 2021 (In millions) Leaseholds and improvements $ 211.5 $ 221.1 Properties under finance leases 56.7 94.6 Equipment and fixtures 41.5 52.5 Buildings and improvements 51.3 54.2 Land 47.8 51.3 Internal-use software 52.6 55.7 Construction in progress 17.6 5.5 Property and equipment, gross 479.0 534.9 Less: accumulated depreciation and amortization (333.7) (355.5) Property and equipment, net $ 145.3 $ 179.4",,,No,,Not disclosed,,Not disclosed,,0,ppe_note,5. Property and Equipment,3,False,,"score=2,idx=16005,zone=13065",730,OK,
0000049754,DIN,2023,0000049754_DIN_FY2023_10K.html,,2024-02-26,Equipment,"2023 2022 (In millions) Leaseholds and improvements $ 219.2 $ 211.5 Properties under finance leases 59.0 56.7 Equipment and fixtures 42.7 41.5 Buildings and improvements 51.3 51.3 Land 47.8 47.8 Internal-use software 64.6 52.6 Construction in progress 3.2 17.6 Property and equipment, gross 487.8 479.0 Less: accumulated depreciation and amortization (325.9) (333.7) Property and equipment, net $ 161.9 $ 145.3",,,No,,Not disclosed,,Not disclosed,,0,ppe_note,5. Property and Equipment,3,False,,"score=2,idx=15068,zone=12733",753,OK,
0000049754,DIN,2024,0000049754_DIN_FY2024_10K.html,,2025-02-21,Equipment,"2024 2023 (In millions) Leaseholds and improvements $ 222.2 $ 219.2 Properties under finance leases 57.5 59.0 Equipment and fixtures 15.2 42.7 Buildings and improvements 48.2 51.3 Land 44.4 47.8 Internal-use software 71.5 64.6 Construction in progress 4.3 3.2 Property and equipment, gross 463.3 487.8 Less: accumulated depreciation and amortization (307.2) (325.9) Property and equipment, net $ 156.1 $ 161.9",,,No,,Not disclosed,,Not disclosed,,0,ppe_note,5. Property and Equipment,3,False,,"score=2,idx=16124,zone=14193",804,OK,
0000069891,FIZZ,2013,0000069891_FIZZ_FY2013_10K.html,,"April 27, 2013",Not disclosed,Not disclosed,,,No,,Not disclosed,,Not disclosed,,0,unknown,,0,False,,"score=7,idx=2663,zone=5509",222,OK,
0000069891,FIZZ,2014,0000069891_FIZZ_FY2014_10K.html,,"May 3, 2014",buildings and improvements,Depreciation is recorded using the straight-line method over estimated useful lives of 7 to 30 years for buildings and improvements and 3 to 15 years for machinery and equipment.,3.0,15.0,No,,Not disclosed,,Not disclosed,,0,significant_accounting_policies,1. significant accounting policies,3,False,,"score=7,idx=2623,zone=6227",215,OK,
0000069891,FIZZ,2015,0000069891_FIZZ_FY2015_10K.html,,"May 2, 2015","machinery and equipment, equipment","10. COMMITMENTS AND CONTINGENCIES We lease buildings, machinery and equipment under various non-cancelable operating lease agreements expiring at various dates through 2023. Certain of these leases contain scheduled rent increases and/or renewal options. Contractual rent increases are taken into account when calculating the minimum lease payment and recognized on a straight-line basis over the lease term. Rent expense under operating lease agreements totaled approximately $8.2 million for Fiscal 2015, $7.9 million for Fiscal 2014 and $8.9 million for Fiscal 2013. Our minimum lease payments under non-cancelable operating leases as of May 2, 2015 were as follows: (In thousands) Fiscal 2016 $ 5,399 Fiscal 2017 4,620 Fiscal 2018 3,789 Fiscal 2019 3,341 Fiscal 2020 2,639 Thereafter 2,406 Total minimum lease payments $ 22,194 As of May 2, 2015, we guaranteed the residual value of certain leased equipment in the amount of $4.9 million. If the proceeds from the sale of such equipment are less than the balance required by the lease when the lease terminates on August 1, 2017, the Company shall be required to pay the difference up to such guaranteed amount. The Company expects to have no loss on such guarantee. We enter into various agreements with suppliers for the purchase of raw materials, the terms of which may include variable or fixed pricing and minimum purchase quantities. As of May 2, 2015, we had purchase commitments for raw materials of $54.0 million for Fiscal 2016. From time to time, we are a party to various litigation matters and claims arising in the ordinary course of business. We do not expect the ultimate disposition of such matters to have a material adverse effect on our consolidated financial position or results of operations.",,,No,,Not disclosed,,Not disclosed,,0,ppe_note,"10. COMMITMENTS AND CONTINGENCIES We lease buildings, machinery and equipment under various non-cancelable operating lease agreements expiring at vari",3,False,,"score=7,idx=2608,zone=5616",234,OK,
0000069891,FIZZ,2016,0000069891_FIZZ_FY2016_10K.html,,"April 30, 2016",buildings and improvements,Depreciation is recorded using the straight-line method over estimated useful lives of 7 to 30 years for buildings and improvements and 3 to 15 years for machinery and equipment.,3.0,15.0,No,,Not disclosed,,Not disclosed,,0,significant_accounting_policies,1. significant accounting policies,3,False,,"score=7,idx=2634,zone=5531",253,OK,
0000069891,FIZZ,2017,0000069891_FIZZ_FY2017_10K.html,,"April 28, 2018","machinery and equipment, equipment","10. COMMITMENTS AND CONTINGENCIES We lease buildings, machinery and equipment under various non-cancelable operating lease agreements expiring at various dates through 2029. Certain of these leases contain scheduled rent increases and/or renewal options. Contractual rent increases are taken into account when calculating the minimum lease payment and recognized on a straight-line basis over the lease term. Rent expense under operating lease agreements totaled $13.3 million for Fiscal 2018, $12.0 million for Fiscal 2017 and $9.2 million for Fiscal 2016. Our minimum lease payments under non-cancelable operating leases as of April 28, 2018 were as follows: (In thousands) Fiscal 2019 $ 9,182 Fiscal 2020 7,615 Fiscal 2021 5,241 Fiscal 2022 3,223 Fiscal 2023 1,656 Thereafter 1,531 Total minimum lease payments $ 28,448 We enter into various agreements with suppliers for the purchase of raw materials, the terms of which may include variable or fixed pricing and minimum purchase quantities. As of April 28, 2018, we had purchase commitments for raw materials of $11.2 million through 2022. As of April 28, 2018, we had purchase commitments for plant and equipment of $4.7 million for Fiscal 2019. From time to time, we are a party to various litigation matters and claims arising in the ordinary course of business. We do not expect the ultimate disposition of such matters to have a material adverse effect on our consolidated financial position or results of operations. 41 Table of Contents",,,No,,Not disclosed,,Not disclosed,,0,ppe_note,"10. COMMITMENTS AND CONTINGENCIES We lease buildings, machinery and equipment under various non-cancelable operating lease agreements expiring at vari",3,False,,"score=7,idx=2284,zone=4932",254,OK,
0000069891,FIZZ,2018,0000069891_FIZZ_FY2018_10K.html,,"April 27, 2019","machinery and equipment, equipment","11. COMMITMENTS AND CONTINGENCIES We lease buildings, machinery and equipment under various non-cancelable operating lease agreements expiring at various dates through 2029. Certain of these leases contain scheduled rent increases and/or renewal options. Contractual rent increases are taken into account when calculating the minimum lease payment and recognized on a straight-line basis over the lease term. Rent expense under operating lease agreements totaled $18.2 million for Fiscal 2019, $13.3 million for Fiscal 2018 and $12.0 million for Fiscal 2017. Our minimum lease payments under non-cancelable operating leases as of April 27, 2019 were as follows: (In thousands) Fiscal 2020 $ 16,105 Fiscal 2021 12,084 Fiscal 2022 9,894 Fiscal 2023 7,741 Fiscal 2024 4,510 Thereafter 1,703 Total minimum lease payments $ 52,037 41 Table of Contents We enter into various agreements with suppliers for the purchase of raw materials, the terms of which may include variable or fixed pricing and minimum purchase quantities. As of April 27, 2019, we had purchase commitments for raw materials of $12.7 million through 2022. As of April 27, 2019, we had purchase commitments for plant and equipment of $ 7.1 million for Fiscal 2020. From time to time, we are a party to various litigation matters and claims arising in the ordinary course of business. We do not expect the ultimate disposition of such matters to have a material adverse effect on our consolidated financial position or results of operations.",,,No,,Not disclosed,,Not disclosed,,0,ppe_note,"11. COMMITMENTS AND CONTINGENCIES We lease buildings, machinery and equipment under various non-cancelable operating lease agreements expiring at vari",3,False,,"score=7,idx=2017,zone=4823",248,OK,
0000069891,FIZZ,2019,0000069891_FIZZ_FY2019_10K.html,,"May 2, 2020",buildings and improvements,Depreciation is recorded using the straight-line method over estimated useful lives of 5 to 30 years for buildings and improvements and 3 to 15 years for machinery and equipment.,3.0,15.0,No,,Not disclosed,,Not disclosed,,0,significant_accounting_policies,1. significant accounting policies,3,False,,"score=7,idx=3075,zone=5280",238,OK,
0000069891,FIZZ,2020,0000069891_FIZZ_FY2020_10K.html,,"May 1, 2021",Not disclosed,Not disclosed,,,No,,Not disclosed,,Not disclosed,,0,unknown,,0,False,,"score=7,idx=3038,zone=5292",233,OK,
0000069891,FIZZ,2021,0000069891_FIZZ_FY2021_10K.html,,"April 30, 2022",Not disclosed,Not disclosed,,,No,,Not disclosed,,Not disclosed,,0,unknown,,0,False,,"score=7,idx=2369,zone=4889",226,OK,
0000069891,FIZZ,2022,0000069891_FIZZ_FY2022_10K.html,,"April 29, 2023",Not disclosed,Not disclosed,,,No,,Not disclosed,,Not disclosed,,0,unknown,,0,False,,"score=7,idx=2228,zone=4826",213,OK,
0000069891,FIZZ,2023,0000069891_FIZZ_FY2023_10K.html,,"April 27, 2024",Not disclosed,Not disclosed,,,No,,Not disclosed,,Not disclosed,,0,unknown,,0,False,,"score=7,idx=2664,zone=6057",239,OK,
0000069891,FIZZ,2024,0000069891_FIZZ_FY2024_10K.html,,"April 27, 2024",Not disclosed,Not disclosed,,,No,,Not disclosed,,Not disclosed,,0,unknown,,0,False,,"score=7,idx=2664,zone=6057",239,OK,
0000750577,HWC,2013,0000750577_HWC_FY2013_10K.html,,"December 31, 2013",buildings,"Property and equipment are recorded at cost, less accumulated depreciation and amortization. Depreciation is charged to expense over the estimated useful
lives of the assets, which are up to 39 years for buildings and three to seven years for furniture and equipment. Amortization expense for software is charged over three years.",3.0,,Not disclosed,,Not disclosed,,Not disclosed,,0,significant_accounting_policies,Note 1. Summary of Significant Accounting Policies and Recent Accounting Pronouncements (continued),3,False,,"score=7,idx=34145,zone=64595",812,ERROR,'<' not supported between instances of 'NoneType' and 'float'
0000750577,HWC,2014,0000750577_HWC_FY2014_10K.html,,"December 31, 2014",buildings,"Property and
equipment are recorded at cost, less accumulated depreciation and amortization. Depreciation is charged to expense over the estimated useful lives of the assets, which are up to 39 years for buildings and three to ten years for furniture and
equipment. Amortization expense for software is generally charged over three years, or seven years for core systems.",3.0,,Not disclosed,,Not disclosed,,Not disclosed,,0,significant_accounting_policies,Note 1. Summary of Significant Accounting Policies and Recent Accounting Pronouncements (continued),3,False,,"score=7,idx=35823,zone=61672",793,ERROR,'<' not supported between instances of 'NoneType' and 'float'
0000750577,HWC,2015,0000750577_HWC_FY2015_10K.html,,"December 31, 2015",furniture and equipment,"Amortization expense for software is generally charged over three years, or seven years for core systems.",3.0,,No,,Not disclosed,,"In April 2015, the FASB issued an ASU to provide guidance to customers about how to account for a cloud computing arrangement depending on whether or not it includes a software license. If a cloud
computing arrangement includes a software license, then the customer should account for the software license element of the arrangement consistent with the acquisition of other software licenses. If a cloud computing arrangement does not include a
software license, the customer should account for the arrangement as a service contract. The guidance will not change GAAP for a customer’s accounting for service contracts. For public business entities, the amendments will be effective for
annual periods, including interim periods within those annual periods, beginning after December 15, 2015. Early adoption is permitted for all entities. The adoption of this guidance is not expected to have a material impact on the
Company’s financial condition or results of operations.",,0,significant_accounting_policies,Note 1. Summary of Significant Accounting Policies and Recent Accounting Pronouncements (continued),3,True,3.0 ans | 7.0 ans | 10.0 ans,"score=7,idx=37325,zone=58570",766,OK,
0000750577,HWC,2016,0000750577_HWC_FY2016_10K.html,,"December 31, 2016",Not disclosed,Not disclosed,,,No,,Not disclosed,,Not disclosed,,0,unknown,,0,False,,"score=5,idx=508,zone=8",0,OK,
0000750577,HWC,2017,0000750577_HWC_FY2017_10K.html,,"December 31, 2017",Not disclosed,Not disclosed,,,No,,Not disclosed,,Not disclosed,,0,unknown,,0,False,,"fallback,idx=69218,zone=1954",156,OK,
0000750577,HWC,2018,0000750577_HWC_FY2018_10K.html,,,Not disclosed,Not disclosed,,,No,,Not disclosed,,"In August 2018, the FASB issued ASU 2018-15, “Intangibles – Goodwill and Other – Internal-Use Software (Subtopic 350-40): Customer’s Accounting for Implementation Costs Incurred in a Cloud Computing Arrangement That Is a Service Contract.” The amendments in this Update improve current GAAP by clarifying the requirements for capitalizing implementation costs incurred in a hosting arrangement that is a service contract, which aligns with the requirements for capitalizing implementation costs incurred to develop or obtain internal-use software (and hosting arrangements that include an internal use software license). The amendments in this Update are effective for public business entities for fiscal years beginning after December 15, 2019, and interim periods within those fiscal years. Early adoption is permitted. The Company early adopted this standard during the third quarter of 2018. Adoption of this standard did not have a material impact upon the Company’s financial condition or results of operations.",,0,unknown,,0,False,,"fallback,idx=67987,zone=1937",163,OK,
0000750577,HWC,2019,0000750577_HWC_FY2019_10K.html,,2020-01-01,buildings,"Property and equipment are recorded at cost, less accumulated depreciation and amortization. Depreciation is charged to expense using the straight-line method over the estimated useful lives of the assets, which are up to 30 years for buildings and three to ten years for most furniture and equipment. Amortization expense for software is generally charged over three years, or seven years for core systems.",3.0,,Not disclosed,,Not disclosed,,Not disclosed,,0,significant_accounting_policies,Note 1. Summary of Significant Accounting Policies and Recent Accounting Pronouncements,3,False,,"score=7,idx=40033,zone=47039",1108,ERROR,'<' not supported between instances of 'NoneType' and 'float'
0000750577,HWC,2020,0000750577_HWC_FY2020_10K.html,,2020-12-31,buildings,"Property and equipment are recorded at cost, less accumulated depreciation and amortization. Depreciation is charged to expense using the straight-line method over the estimated useful lives of the assets, which are up to 30 years for buildings and three to ten years for most furniture and equipment. Amortization expense for software is generally charged over three years, or seven years for core systems.",3.0,,Not disclosed,,Not disclosed,,Not disclosed,,0,significant_accounting_policies,Note 1. Summary of Significant Accounting Policies and Recent Accounting Pronouncements,3,False,,"score=7,idx=38728,zone=47043",1082,ERROR,'<' not supported between instances of 'NoneType' and 'float'
0000750577,HWC,2021,0000750577_HWC_FY2021_10K.html,,2021-12-31,buildings,"Property and equipment are recorded at cost, less accumulated depreciation and amortization. Depreciation is charged to expense using the straight-line method over the estimated useful lives of the assets, which are up to 30 years for buildings and three to ten years for most furniture and equipment. Amortization expense for software is generally charged over three years, or seven years for core systems.",3.0,,Not disclosed,,Not disclosed,,Not disclosed,,0,significant_accounting_policies,Note 1. Summary of Significant Accounting Policies and Recent Accounting Pronouncements,3,False,,"score=7,idx=35380,zone=41552",1046,ERROR,'<' not supported between instances of 'NoneType' and 'float'
0000750577,HWC,2022,0000750577_HWC_FY2022_10K.html,,2022-12-31,buildings,"Property and equipment are recorded at cost, less accumulated depreciation and amortization. Depreciation is charged to expense using the straight-line method over the estimated useful lives of the assets, which are up to 30 years for buildings and three to ten years for most furniture and equipment. Amortization expense for software is generally charged over three years , or seven years for core systems.",3.0,,Not disclosed,,Not disclosed,,Not disclosed,,0,significant_accounting_policies,Note 1. Summary of Significant Accounting Policies and Recent Accounting Pronouncements,3,False,,"score=7,idx=37059,zone=48743",1333,ERROR,'<' not supported between instances of 'NoneType' and 'float'
0000750577,HWC,2023,0000750577_HWC_FY2023_10K.html,,2023-12-31,buildings,"Property and equipment are recorded at cost, less accumulated depreciation and amortization. Depreciation is charged to expense using the straight-line method over the estimated useful lives of the assets, which are up to 30 years for buildings and three to ten years for most furniture and equipment. Amortization expense for software is generally charged over three years , or seven years for core systems.",3.0,,Not disclosed,,Not disclosed,,Not disclosed,,0,significant_accounting_policies,Note 1. Summary of Significant Accounting Policies and Recent Accounting Pronouncements,3,False,,"score=7,idx=38613,zone=52936",1333,ERROR,'<' not supported between instances of 'NoneType' and 'float'
0000750577,HWC,2024,0000750577_HWC_FY2024_10K.html,,2024-12-31,buildings,"Property and equipment are recorded at cost, less accumulated depreciation and amortization. Depreciation is charged to expense using the straight-line method over the estimated useful lives of the assets, which are up to 30 years for buildings and three to ten years for most furniture and equipment. Amortization expense for software is generally charged over three years , or seven years for core systems.",3.0,,Not disclosed,,Not disclosed,,Not disclosed,,0,significant_accounting_policies,Note 1. Summary of Significant Accounting Policies and Recent Accounting Pronouncements,3,False,,"score=7,idx=36494,zone=53457",1338,ERROR,'<' not supported between instances of 'NoneType' and 'float'
0000811596,KALU,2013,0000811596_KALU_FY2013_10K.html,,"December 31, 2013",equipment,"Property, plant and equipment held for future development are presented as idled assets. Such assets are evaluated for impairment on a held-and-used basis. Depreciation expense is not adjusted when assets are temporarily idled.",,,Yes,"Property, plant and equipment held for future development are presented as idled assets. Such assets are evaluated for impairment on a held-and-used basis. Depreciation expense is not adjusted when assets are temporarily idled.",Not disclosed,,Not disclosed,,0,significant_accounting_policies,Note 9,3,False,,"score=4,idx=13727,zone=44984",1372,OK,
0000811596,KALU,2014,0000811596_KALU_FY2014_10K.html,,"December 31, 2014",Not disclosed,Not disclosed,,,Yes,"STI plan are based on the Company’s adjusted earnings before interest, taxes, depreciation and amortization (""Adjusted EBITDA""), modified for certain safety, quality, delivery, cost and individual performance factors. The Adjusted EBITDA targets under the",Not disclosed,,Not disclosed,,0,unknown,,0,False,,"score=4,idx=12799,zone=44211",1362,OK,
0000811596,KALU,2015,0000811596_KALU_FY2015_10K.html,,"December 31, 2015",equipment,"Both realized and unrealized periodic gains and losses of derivative instruments designated as cash flow hedges are deferred in Accumulated other comprehensive loss until depreciation on the underlying equipment commences. Upon commencement, realized gains and losses are recorded in Net income (loss) as an adjustment to depreciation expense in the period in which depreciation is recognized on the underlying equipment.",,,Yes,"We have annual short-term incentive compensation plans for senior management and certain other employees payable at our election in cash, shares of common stock, or a combination of cash and shares of common stock. Amounts earned under STI Plans are based on our adjusted earnings before interest, taxes, depreciation and amortization (""Adjusted EBITDA""), modified for certain safety, quality, delivery, cost and individual performance factors. The Adjusted EBITDA targets are determined based on the economic value added (""EVA"") of our Fabricated Products business. Most of our production facilities have similar programs for both hourly and salaried employees.",Not disclosed,,Not disclosed,,0,significant_accounting_policies,Note 12,3,False,,"score=4,idx=12590,zone=43982",1456,OK,
0000811596,KALU,2016,0000811596_KALU_FY2016_10K.html,,"December 31, 2016",equipment,"Both realized and unrealized periodic gains and losses of derivative instruments designated as cash flow hedges are deferred in Accumulated other comprehensive loss until depreciation on the underlying equipment commences. Upon commencement, realized gains and losses are recorded in Net income (loss) as an adjustment to depreciation expense in the period in which depreciation is recognized on the underlying equipment.",,,Yes,"We have annual short-term incentive compensation plans for senior management and certain other employees payable at our election in cash, shares of common stock, or a combination of cash and shares of common stock. Amounts earned under STI Plans are based on our adjusted earnings before interest, taxes, depreciation and amortization (""Adjusted EBITDA""), modified for certain safety, quality, delivery, cost and individual performance factors. The Adjusted EBITDA targets are determined based on the economic value added (""EVA"") of our Fabricated Products business. Most of our production facilities have similar programs for both hourly and salaried employees. As of",Not disclosed,,"Intangibles - Goodwill and Other - Internal-Use Software (Subtopic 350-40): Customer's Accounting for Fees Paid in a Cloud Computing Arrangement ||| There were no material impacts on our consolidated financial statements resulting from our adoption in the first quarter of 2016 of the following accounting pronouncements: (i) ASU No. 2015-05, Intangibles - Goodwill and Other - Internal-Use Software (Subtopic 350-40): Customer's Accounting for Fees Paid in a Cloud Computing Arrangement ; (ii) ASU No. 2015-07, Fair Value Measurement (Topic 820): Disclosures for Investments in Certain Entities That Calculate Net Asset Value per Share (or Its Equivalent) ; and (iii) ASU No. 2015-15, Interest - Imputation of Interest (Subtopic 835-30) - Presentation and Subsequent Measurement of Debt Issuance Costs Associated with Line-of-Credit Arrangements .",,0,significant_accounting_policies,Note 14,3,False,,"score=4,idx=11655,zone=43390",1460,OK,
0000811596,KALU,2017,0000811596_KALU_FY2017_10K.html,,"December 31, 2017",Not disclosed,Not disclosed,,,Yes,"We have annual short-term incentive compensation plans for senior management and certain other employees payable at our election in cash, shares of common stock or a combination of cash and shares of common stock. Amounts earned under STI Plans are based on our adjusted earnings before interest, taxes, depreciation and amortization (""Adjusted EBITDA""), modified for certain safety, quality, delivery, cost and individual performance factors. The Adjusted EBITDA targets are determined based on the return on adjusted net assets of our Fabricated Products business. Most of our production facilities have similar programs for both hourly and salaried employees. As of",Not disclosed,,Not disclosed,,0,unknown,,0,False,,"score=4,idx=11700,zone=41524",1322,OK,
0000811596,KALU,2018,0000811596_KALU_FY2018_10K.html,,2018-12-31,Not disclosed,Not disclosed,,,Yes,"We have annual short-term incentive compensation plans for senior management and certain other employees payable at our election in cash, shares of common stock or a combination of cash and shares of common stock. Amounts earned under STI Plans are based on our adjusted earnings before interest, taxes, depreciation and amortization (""Adjusted EBITDA""), modified for certain safety, quality, delivery, cost and individual performance factors. The Adjusted EBITDA targets are determined based on the return on adjusted net assets. Most of our production facilities have similar programs for both hourly and salaried employees. As of December 31, 2018 , we had a liability of $13.1 million recorded within Accrued salaries, wages and related expenses for estimated probable future payments relating to the 12-month performance period of our 2018 STI Plans.",Not disclosed,,"ASU No. 2018-15, Intangibles - Goodwill and Other - Internal-Use Software (Subtopic 350-40): Customer's Accounting for Implementation Costs Incurred in a Cloud Computing Arrangement that is a Service Contract (""ASU 2018-15""), was issued in August 2018. Under ASU 2018-15, requirements for capitalizing implementation costs incurred in a hosting arrangement (cloud computing) that is a service contract, are to be aligned with the requirements for capitalizing implementation costs incurred to develop or obtain internal-use software. We are currently in the process of evaluating the impact of adopting ASU 2018-15 in 2020, but do not expect it to have a material impact on our consolidated financial statements. ||| Intangibles - Goodwill and Other - Internal-Use Software (Subtopic 350-40): Customer's Accounting for Implementation Costs Incurred in a Cloud Computing Arrangement that is a Service Contract ||| (""ASU 2018-15""), was issued in August 2018. Under ASU 2018-15, requirements for capitalizing implementation costs incurred in a hosting arrangement (cloud computing) that is a service contract, are to be aligned with the requirements for capitalizing implementation costs incurred to develop or obtain internal-use software. We are currently in the process of evaluating the impact of adopting ASU 2018-15 in 2020, but do not expect it to have a material impact on our consolidated financial statements.",,0,unknown,,0,False,,"score=4,idx=13396,zone=42471",1313,OK,
0000811596,KALU,2019,0000811596_KALU_FY2019_10K.html,,"December 31, 2019",Not disclosed,Not disclosed,,,Yes,"We have annual short-term incentive compensation plans for senior management and certain other employees payable at our election in cash, shares of common stock or a combination of cash and shares of common stock. Amounts earned under STI Plans are based on our adjusted earnings before interest, taxes, depreciation and amortization (""Adjusted EBITDA""), modified for certain safety, quality, delivery, cost and individual performance factors. The Adjusted EBITDA targets are determined based on the return on adjusted net assets. Most of our production facilities have similar programs for both hourly and salaried employees. As of December 31, 2019 , we had a liability of $8.5 million recorded within Accrued salaries, wages and related expenses for estimated probable future payments relating to the 12-month performance period of our 2019 STI Plans.",Not disclosed,,"ASU No. 2018-15, Intangibles - Goodwill and Other - Internal-Use Software (Subtopic 350-40): Customer's Accounting for Implementation Costs Incurred in a Cloud Computing Arrangement that is a Service Contract (""ASU 2018-15""), was issued in August 2018. Under ASU 2018-15, requirements for capitalizing implementation costs incurred in a hosting arrangement (cloud computing) that is a service contract are to be aligned with the requirements for capitalizing implementation costs incurred to develop or obtain internal-use software. We will adopt ASU 2018-15 in 2020 using the prospective transition approach and do not expect it to have a material impact on our consolidated financial statements. ||| Intangibles - Goodwill and Other - Internal-Use Software (Subtopic 350-40): Customer's Accounting for Implementation Costs Incurred in a Cloud Computing Arrangement that is a Service Contract ||| (""ASU 2018-15""), was issued in August 2018. Under ASU 2018-15, requirements for capitalizing implementation costs incurred in a hosting arrangement (cloud computing) that is a service contract are to be aligned with the requirements for capitalizing implementation costs incurred to develop or obtain internal-use software. We will adopt ASU 2018-15 in 2020 using the prospective transition approach and do not expect it to have a material impact on our consolidated financial statements.",,0,unknown,,0,False,,"score=4,idx=12085,zone=29054",1234,OK,
0000811596,KALU,2020,0000811596_KALU_FY2020_10K.html,,2021-01-14,equipment,"Gain or loss on the hedged item (e.g., equipment purchase firm commitments) and the remaining gain or loss on the fair value hedge is recorded within Depreciation and amortization in the period that the gain or loss occurs.",,,Yes,"We also grant performance-based awards to executive officers and other key employees. The methodology used to value these performance-based awards is based on the nature of the performance conditions within those awards. Awards that are subject to performance conditions pertaining to total shareholder return (market-based awards) are valued on the date of grant using a Monte Carlo valuation model. The key assumptions in applying this model are an expected volatility and a risk-free interest rate. Awards with certain other performance conditions (non-market-based awards) are valued based on our stock price at the date of grant. Our non‑market-based awards have performance conditions pertaining to our cost performance, economic value added performance and adjusted EBITDA margin performance, which is measured by our adjusted earnings before interest, taxes, depreciation and amortization (“Adjusted EBITDA”) as a percentage of value added revenue. Holders of performance-based awards receive a one-time payment at the time of issuance of vested shares based on the total dividends they would have received if the vested shares had been held of record from the date of grant through the date of issuance. For more information on our stock-based compensation (see Note 7).",Not disclosed,,"ASU No. 2018-15, Intangibles - Goodwill and Other - Internal-Use Software (Subtopic 350-40): Customer’s Accounting for Implementation Costs Incurred in a Cloud Computing Arrangement That Is a Service Contract (“ASU 2018-15”), was issued in August 2018. Under ASU 2018-15, requirements for capitalizing implementation costs incurred in a hosting arrangement (cloud computing) that is a service contract are to be aligned with the requirements for capitalizing implementation costs incurred to develop or obtain internal-use software. We adopted ASU 2018-15 during the quarter ended March 31, 2020 using the prospective transition approach. The implementation costs we capitalized during the twelve months ended December 31, 2020 were included in both Prepaid expenses and other current assets and Other assets in our Consolidated Balance Sheets. The corresponding cash flows related to these arrangements were included in Net cash provided by operating activities in our Statements of Consolidated Cash Flows. ||| Intangibles - Goodwill and Other - Internal-Use Software (Subtopic 350-40): Customer’s Accounting for Implementation Costs Incurred in a Cloud Computing Arrangement That Is a Service Contract",,0,significant_accounting_policies,"8. Derivatives, Hedging Programs and Other Financial Instruments",3,False,,"score=4,idx=8643,zone=20475",961,OK,
0000811596,KALU,2021,0000811596_KALU_FY2021_10K.html,,2022-01-13,Not disclosed,"Cloud Computing Implementation Costs. We defer implementation costs associated with a software hosting arrangement that is a service contract. We recognized $1.1 million and $0.4 million as of December 31, 2021 and December 31, 2020, respectively, within Prepaid expenses and other current assets and $6.7 million and $2.7 million as of December 31, 2021 and December 31, 2020, respectively, within Other assets related to hosted cloud‑computing software for our enterprise resource planning system refresh project. We began amortizing the deferred implementation costs associated with this project in December 2021 and will amortize the development costs within Selling, general, administrative, research and development over nine years. We recorded amortization expense associated with this project of $0.1 million in 2021 and no amortization expense in 2020.",9.0,,Yes,"We also grant performance-based awards to executive officers and other key employees. The methodology used to value these performance-based awards is based on the nature of the performance conditions within those awards. Awards that are subject to performance conditions pertaining to total shareholder return (market-based awards) are valued on the date of grant using a Monte Carlo valuation model. The key assumptions in applying this model are an expected volatility and a risk-free interest rate. Awards with certain other performance conditions (non-market-based awards) are valued based on our stock price at the date of grant. Our non‑market-based awards have performance conditions pertaining to our cost performance and adjusted EBITDA margin performance, which is measured by our adjusted earnings before interest, taxes, depreciation and amortization (“Adjusted EBITDA”) as a percentage of value added revenue. Holders of performance-based awards receive a one-time payment at the time of issuance of vested shares based on the total dividends they would have received if the vested shares had been held of record from the date of grant through the date of issuance. For more information on our stock-based compensation (see Note 7).",Not disclosed,,"Cloud Computing Implementation Costs. We defer implementation costs associated with a software hosting arrangement that is a service contract. We recognized $1.1 million and $0.4 million as of December 31, 2021 and December 31, 2020, respectively, within Prepaid expenses and other current assets and $6.7 million and $2.7 million as of December 31, 2021 and December 31, 2020, respectively, within Other assets related to hosted cloud‑computing software for our enterprise resource planning system refresh project. We began amortizing the deferred implementation costs associated with this project in December 2021 and will amortize the development costs within Selling, general, administrative, research and development over nine years. We recorded amortization expense associated with this project of $0.1 million in 2021 and no amortization expense in 2020.",,0,significant_accounting_policies,1. Summary of Significant Accounting Policies,3,False,,"score=4,idx=8441,zone=21387",976,OK,
0000811596,KALU,2022,0000811596_KALU_FY2022_10K.html,,2023-01-12,Not disclosed,The following table summarizes the total deferred implementation costs and accumulated amortization related to the hosted cloud computing software for our enterprise resource planning system refresh project (in millions of dollars):,,,Yes,"We also grant performance-based awards to executive officers and other key employees. The methodology used to value these performance-based awards is based on the nature of the performance conditions within those awards. Awards that are subject to performance conditions pertaining to total shareholder return (market-based awards) are valued on the date of grant using a Monte Carlo valuation model. The key assumptions in applying this model are an expected volatility and a risk-free interest rate. Awards with certain other performance conditions (non-market-based awards) are valued based on our stock price at the date of grant. Our non‑market-based awards have performance conditions pertaining to our cost performance and adjusted EBITDA margin performance, which is measured by our adjusted earnings before interest, taxes, depreciation and amortization (“Adjusted EBITDA”) as a percentage of Conversion Revenue, which is Net sales less the Hedged Cost of Alloyed Metal. As used in this discussion, “Hedged Cost of Alloyed Metal” is the cost of aluminum at the average Midwest Transaction Price (“Midwest Price”) plus the cost of alloying elements and any realized gains and/or losses on settled hedges related to the metal sold in the referenced period. Holders of performance-based awards receive a one-time payment at the time of issuance of vested shares based on the total dividends they would have received if the vested shares had been held of record from the date of grant through the date of issuance. See Note 7 for more information on our stock-based compensation.",Not disclosed,,"Cloud Computing Implementation Costs. We defer implementation costs associated with a software hosting arrangement that meets the definition of a service contract. We recognize these deferred costs within Prepaid expenses and other current assets and within Other assets on our Consolidated Balance Sheets. When the project is placed into service, we amortize the deferred implementation costs over the term of the hosting arrangement inclusive of expected renewal periods to the same line item in the Statements of Consolidated (Loss) Income as the underlying arrangement. The following table summarizes the total deferred implementation costs and accumulated amortization related to the hosted cloud computing software for our enterprise resource planning system refresh project (in millions of dollars): ||| Cloud Computing Implementation Costs. ||| The following table summarizes the total deferred implementation costs and accumulated amortization related to the hosted cloud computing software for our enterprise resource planning system refresh project (in millions of dollars):",B200,1,significant_accounting_policies,1. Summary of Significa nt Accounting Policies,3,False,,"score=4,idx=9476,zone=31879",1206,OK,
0000811596,KALU,2023,0000811596_KALU_FY2023_10K.html,,2024-03-31,Not disclosed,Not disclosed,,,No,,Not disclosed,,"Cloud Computing Implementation Costs. We defer implementation costs associated with a software hosting arrangement that meets the definition of a service contract. We recognize these deferred costs within Prepaid expenses and other current assets and within Other assets on our Consolidated Balance Sheets. When the project is placed into service, we amortize the deferred implementation costs over the term of the hosting arrangement inclusive of expected renewal periods to the same line item in the Statements of Consolidated Income (Loss) as the underlying arrangement. The following table summarizes the total deferred implementation costs and accumulated amortization related to the hosted cloud computing software for our enterprise resource planning system refresh project (in millions of dollars): ||| Cloud Computing Implementation Costs. ||| The following table summarizes the total deferred implementation costs and accumulated amortization related to the hosted cloud computing software for our enterprise resource planning system refresh project (in millions of dollars):",B100,1,unknown,,0,False,,"score=4,idx=9048,zone=29017",1151,OK,
0000811596,KALU,2024,0000811596_KALU_FY2024_10K.html,,2025-03-31,computer hardware,"Year Ended December 31, 2024 2023 2022 Net sales $ 3,024.0 $ 3,087.0 $ 3,427.9 Less: Cost of products sold, excluding depreciation and amortization Hedged cost of alloyed metal 1 1,567.8 1,621.1 2,045.2 Manufacturing costs 2 805.2 809.9 773.0 Plant overhead 3 170.5 164.6 162.3 Freight costs 91.6 103.3 125.5 Other cost of products sold 4 56.0 56.0 74.2 Depreciation and amortization 116.4 108.6 106.9 Selling, general, administrative, research and development Research and development costs 2.2 2.9 1.9 Employee costs 5 83.3 80.0 69.9 Other selling, general and administrative costs 6 35.3 39.8 39.1 Goodwill impairment — — 20.5 Restructuring costs 7.6 5.0 2.2 Other operating charges, net 0.4 — 3.2 Interest expense 43.7 46.9 48.3 Other income, net – Note 13 ( 19.5 ) ( 7.4 ) ( 6.4 ) Income tax provision (benefit) 16.7 9.1 ( 8.3 ) Net income (loss) $ 46.8 $ 47.2 $ ( 29.6 ) 1. Hedged cost of alloyed metal includes cost of aluminum at the Midwest transaction price and the cost of alloying elements used in the production process. This metric also includes metal price exposure on shipments that we hedged with realized losses upon settlement of $ 0.2 m illion, $ 21.4 million, and $ 17.0 million in 2024, 2023, and 2022, respectively. 2. Manufacturing costs primarily includes labor, utilities, supplies and other materials, excluding alloys incurred at our various production facilities. 3. Plant overhead includes salaried employee costs, property taxes, and insurance associated with our various production facilities. 4. Other costs of products sold primarily includes lease expense, accretion expense related to CAROs, and major maintenance costs. 5. Employee costs include salaries, benefits, and incentive compensation. 6. Other selling, general and administrative costs primarily includes professional services, computer hardware and software costs, office rent, and utilities.",,,No,,Not disclosed,,Not disclosed,B200,1,notes_to_financials,"17. Business, Product and Geographical Ar",2,False,,"score=4,idx=9982,zone=30111",1193,OK,
0000865752,MNST,2013,0000865752_MNST_FY2013_10K.html,,"December 31, 2013",Not disclosed,Not disclosed,,,No,,Not disclosed,,Not disclosed,,0,unknown,,0,False,,"score=7,idx=8818,zone=12",2,OK,
0000865752,MNST,2014,0000865752_MNST_FY2014_10K.html,,"December 31, 2014",Not disclosed,Not disclosed,,,No,,Not disclosed,,Not disclosed,,0,unknown,,0,False,,"score=7,idx=9049,zone=24",2,OK,
0000865752,MNST,2015,0000865752_MNST_FY2015_10K.html,,"December 31, 2015",Not disclosed,Not disclosed,,,No,,Not disclosed,,Not disclosed,,0,unknown,,0,False,,"score=7,idx=9811,zone=10",2,OK,
0000865752,MNST,2016,0000865752_MNST_FY2016_10K.html,,"December 31, 2016",Not disclosed,Not disclosed,,,No,,Not disclosed,,Not disclosed,,0,unknown,,0,False,,"score=7,idx=10761,zone=11",2,OK,
0000865752,MNST,2017,0000865752_MNST_FY2017_10K.html,,"December 31, 2017",Not disclosed,Not disclosed,,,No,,Not disclosed,,Not disclosed,,0,unknown,,0,False,,"score=7,idx=11065,zone=11",2,OK,
0000865752,MNST,2018,0000865752_MNST_FY2018_10K.html,,"December 31, 2018",Not disclosed,Not disclosed,,,No,,Not disclosed,,Not disclosed,,0,unknown,,0,False,,"score=7,idx=9109,zone=10",2,OK,
0000865752,MNST,2019,0000865752_MNST_FY2019_10K.html,,"December 31, 2019",Not disclosed,Not disclosed,,,No,,Not disclosed,,Not disclosed,,0,unknown,,0,False,,"score=9,idx=11376,zone=6",2,OK,
0000865752,MNST,2020,0000865752_MNST_FY2020_10K.html,,"December 31, 2020",Not disclosed,Not disclosed,,,No,,Not disclosed,,Not disclosed,,0,unknown,,0,False,,"score=9,idx=11730,zone=6",2,OK,
0000865752,MNST,2021,0000865752_MNST_FY2021_10K.html,,"December 31, 2021",Not disclosed,Not disclosed,,,No,,Not disclosed,,Not disclosed,,0,unknown,,0,False,,"score=9,idx=10482,zone=6",2,OK,
0000865752,MNST,2022,0000865752_MNST_FY2022_10K.html,,2023-02-28,Not disclosed,Not disclosed,,,No,,Not disclosed,,Not disclosed,,0,unknown,,0,False,,"score=11,idx=11316,zone=18",372,OK,
0000865752,MNST,2023,0000865752_MNST_FY2023_10K.html,,2023-12-31,Not disclosed,Not disclosed,,,No,,Not disclosed,,Not disclosed,,0,unknown,,0,False,,"score=11,idx=11849,zone=8",10,OK,
0000865752,MNST,2024,0000865752_MNST_FY2024_10K.html,,2024-12-31,Not disclosed,Not disclosed,,,No,,Not disclosed,,Not disclosed,,0,unknown,,0,False,,"score=11,idx=11194,zone=8",8,OK,
0000874501,OSG,2013,0000874501_OSG_FY2013_10K.html,,"December 31, 2013","furniture and fixtures, equipment","Depreciation of furniture and fixtures and
electronic data processing equipment is charged over the estimated useful lives of the respective assets, ranging from three to five years, using the straight-line method.",3.0,5.0,No,,Not disclosed,,Not disclosed,,0,significant_accounting_policies,2. BASIS OF PRESENTATION AND SIGNIFICANT ACCOUNTING POLICIES,3,False,,"score=4,idx=32388,zone=54719",1163,OK,
0000874501,OSG,2014,0000874501_OSG_FY2014_10K.html,,"December 31, 2014","furniture and fixtures, equipment","Depreciation of furniture and fixtures and electronic data processing equipment is charged over the estimated useful lives of the respective assets, ranging from",,,No,,"Ambac is responsible for leases on the rental of office space. The executive office of Ambac is located in New York City under a lease agreement that expires in December 2015. The lease has a provision where Ambac Assurance can remain at One State Street Plaza through September 2019 (requires consent of both parties) with the potential for a reduced amount of space. In February 2015, both parties committed to extending the lease term with the rental cost still to be determined. Ambac leases additional space for its data center, disaster recovery site and for its international locations under lease agreements that expire periodically through October 2020. An estimate of future net minimum lease payments in each of the next five years ending December 31, and the periods thereafter, is as follows:",Item 8,Not disclosed,,0,significant_accounting_policies,Note 10 . Fair Value Measurements,3,False,,"score=4,idx=35856,zone=65728",1790,OK,
0000874501,OSG,2015,0000874501_OSG_FY2015_10K.html,,"December 31, 2015","furniture and fixtures, equipment","Depreciation of furniture and fixtures and electronic data processing equipment is charged over the estimated useful lives of the respective assets, ranging from",,,No,,"Ambac is responsible for leases on the rental of office space. The executive office of Ambac is located in New York City under a lease agreement that was modified and extended in 2015 to allow Ambac to remain in the same office space through September 2019 and on one floor through the end of 2029, with an option to continue to occupy other currently leased floors through the end of 2029. Rent payments under this lease made through September 2019 will result in the periodic reduction of Segregated Account Junior Surplus Notes that were previously issued to the landlord, beginning in January 2016. Ambac leases additional space for its data center, disaster recovery site and for its international locations under lease agreements that expire periodically through October 2020. An estimate of future net minimum lease payments in each of the next five years ending December 31, and the periods thereafter, is as follows:",Item 8,Not disclosed,,0,significant_accounting_policies,Note 14. Long-Term Debt,3,False,,"score=4,idx=35953,zone=65330",1881,OK,
0000874501,OSG,2016,0000874501_OSG_FY2016_10K.html,,"December 31, 2016","furniture and fixtures, equipment","Depreciation of furniture and fixtures and electronic data processing equipment is charged over the estimated useful lives of the respective assets, ranging from",,,No,,"Ambac is responsible for leases on the rental of office space. The executive office of Ambac is located in New York City under a lease agreement that was modified and extended in 2015 to allow Ambac to remain in the same office space through September 2019 and on one floor through the end of 2029, with an option to continue to occupy other currently leased floors through the end of 2029. Rent payments under this lease made through September 2019 will result in the periodic reduction of Segregated Account Junior Surplus Notes that were previously issued to the landlord, beginning in January 2016. Ambac leases additional space for its data center, disaster recovery site and for its international location under lease agreements that expire periodically through October 2020. An estimate of future net minimum lease payments in each of the next five years ending December 31, and the periods thereafter, is as follows:",Item 8,Not disclosed,,0,significant_accounting_policies,2. BASIS OF PRESENTATION AND SIGNIFICANT ACCOUNTING POLICIES,3,False,,"score=4,idx=33628,zone=52781",1799,OK,
0000874501,OSG,2017,0000874501_OSG_FY2017_10K.html,,"December 31, 2017","furniture and fixtures, equipment","Depreciation of furniture and fixtures and electronic data processing equipment is charged over the estimated useful lives of the respective assets, ranging from",,,No,,"Ambac is responsible for leases on the rental of office space. The executive office of Ambac is located in New York City under a lease agreement that was modified and extended in 2015 to allow Ambac to remain in the same office space through September 2019 and on one floor through the end of 2029, with an option to continue to occupy other currently leased floors through the end of 2029. Rent payments under this lease made through September 2019 will result in the periodic reduction of junior surplus notes that were previously issued to the landlord, beginning in January 2016. Ambac leases additional space for its data center, disaster recovery site and for its international location under lease agreements that expire periodically through October 2020. An estimate of future net minimum lease payments in each of the next five years ending December 31, and the periods thereafter, is as follows:",Item 8,Not disclosed,,0,significant_accounting_policies,2.	BASIS OF PRESENTATION AND SIGNIFICANT ACCOUNTING POLICIES,3,False,,"score=4,idx=27957,zone=48121",1843,OK,
0000874501,OSG,2018,0000874501_OSG_FY2018_10K.html,,"December 31, 2018","furniture and fixtures, equipment","Depreciation of furniture and fixtures and electronic data processing equipment is charged over the estimated useful lives of the respective assets, ranging from",,,No,,"made through September 2019 will result in the periodic reduction of junior surplus notes that were previously issued to the landlord, beginning in January 2016. Ambac leases additional space for its data center, disaster recovery site and for its international location under lease agreements that expire periodically through October 2020. An estimate of future net minimum lease payments in each of the next five years ending December 31, and the periods thereafter, is as follows:",Item 8,"Intangibles—Goodwill and Other— Internal-Use Software (Subtopic 350-40) - Customer’s Accounting for Implementation Costs Incurred in a Cloud Computing Arrangement That Is a Service Contract. ||| The new guidance requires a customer in a cloud computing arrangement that is a service contract to capitalize certain implementation costs as if the arrangement was an internal-use software project. The internal-use software guidance requires the capitalization of certain costs incurred only during the application development stage (e.g., costs of integration with on-premises software, coding, configuration, customization). That guidance also requires entities to expense costs during the preliminary project and post-implementation stages (e.g., costs of project planning, training, maintenance after implementation, data conversion) as they are incurred. ASU 2018-15 is effective for fiscal years, and interim periods within those fiscal years, beginning after December 15, 2019, with early adoption permitted. The ASU may be applied either retrospectively or prospectively to all implementation costs incurred after the date of adoption. Ambac will adopt this ASU on January 1, 2020. The ASU is not expected to have a consequential impact on Ambac's financial statements. ||| Cloud Computing Arrangement Service Contracts",,0,significant_accounting_policies,2.	BASIS OF PRESENTATION AND SIGNIFICANT ACCOUNTING POLICIES,3,False,,"score=4,idx=22922,zone=47433",1826,OK,
0000874501,OSG,2019,0000874501_OSG_FY2019_10K.html,,2019-12-31,"furniture and fixtures, information technology, equipment","Depreciation of furniture and fixtures, certain information technology development costs and electronic data processing equipment is charged over the estimated useful lives of the respective assets, ranging from three to five years, using the straight-line method.",3.0,5.0,No,,"Ambac is the lessee in operating leases of corporate offices, a data center and equipment. Our leases, in effect at December 31, 2019 , have remaining lease terms ranging from less than 1 year to 11 years. Our data center lease has an automatic renewal of one-year",Item 8,"Cloud Computing Arrangement Service Contracts ||| In August 2018, the FASB issued ASU 2018-15, Intangibles—Goodwill and Other— Internal-Use Software (Subtopic 350-40) - Customer’s Accounting for Implementation Costs Incurred in a Cloud Computing Arrangement That Is a Service Contract. The ||| Intangibles—Goodwill and Other— Internal-Use Software (Subtopic 350-40) - Customer’s Accounting for Implementation Costs Incurred in a Cloud Computing Arrangement That Is a Service Contract.",,0,significant_accounting_policies,Note 1.,3,False,,"score=4,idx=28037,zone=50666",1815,OK,
0000874501,OSG,2020,0000874501_OSG_FY2020_10K.html,,"December 31, 2020","furniture and fixtures, information technology, equipment","Depreciation of furniture and fixtures, certain information technology development costs and electronic data processing equipment is charged over the estimated useful lives of the respective assets, ranging from three to five years, using the straight-line method.",3.0,5.0,No,,"Ambac is the lessee in operating leases for corporate offices, a data center and equipment. Ambac's purchase of Xchange resulted in additional office and equipment leases. Leases in effect at December 31, 2020, have remaining lease terms ranging from less than 1 year to 9 years. Our data center lease has an automatic renewal of one-year unless either party elects to terminate by providing 120 days notice prior to the renewal. This renewal feature is not recognized in the lease liability or right-of-use asset as it is not reasonably certain we will elect to renew. An office lease related to Xchange includes a one-time early termination provision. The lease liability and right-of-use asset on this lease consider its full term as Ambac does not reasonably expect to exercise the early termination option. No other leases contain extension or termination provisions.",Item 8,"Cloud Computing Arrangement Service Contracts ||| In August 2018, the FASB issued ASU 2018-15, Intangibles—Goodwill and Other— Internal-Use Software (Subtopic 350-40) - Customer’s Accounting for Implementation Costs Incurred in a Cloud Computing Arrangement That Is a Service Contract. The new guidance requires a customer in a cloud computing arrangement that is a service contract to capitalize certain implementation costs as if the arrangement was an internal-use software project. The internal-use software guidance requires the capitalization of certain costs incurred only during the application development stage. That guidance also requires entities to expense costs during the preliminary project and post-implementation stages as they are incurred. Adoption of this ASU did not impact Ambac's financial statements. ||| Intangibles—Goodwill and Other— Internal-Use Software (Subtopic 350-40) - Customer’s Accounting for Implementation Costs Incurred in a Cloud Computing Arrangement That Is a Service Contract.",,0,significant_accounting_policies,2. BASIS OF PRESENTATION AND SIGNIFICANT ACCOUNTING POLICIES,3,False,,"score=2,idx=20480,zone=28975",1690,OK,
0000874501,OSG,2021,0000874501_OSG_FY2021_10K.html,,2026-07-06,"furniture and fixtures, information technology, equipment","Depreciation of furniture and fixtures, certain information technology development costs and electronic data processing equipment is charged over the estimated useful lives of the respective assets, ranging from three to five years, using the straight-line method.",3.0,5.0,No,,"Ambac is the lessee in operating leases for corporate offices, a data center and equipment. Leases in effect at December 31, 2021, have remaining lease terms ranging from slightly over 2 years to 8 years. Certain of these leases include automatic renewal or early termination provisions. Ambac does not include these provisions in the determination of its lease liabilities and",Item 8,Not disclosed,B100;B200,2,significant_accounting_policies,Note 15. Net Income Per Share.,3,False,,"score=2,idx=17676,zone=27058",1615,OK,
0000874501,OSG,2022,0000874501_OSG_FY2022_10K.html,,2023-01-15,"furniture and fixtures, information technology, equipment","Depreciation of furniture and fixtures, certain information technology development costs and electronic data processing equipment is charged over the estimated useful lives of the respective assets, ranging from three to five years, using the straight-line method.",3.0,5.0,No,,"Ambac is the lessee in operating leases for corporate offices, a data center, auto and equipment. Leases in effect at December 31, 2022, have remaining lease terms ranging from under 1 year to 7 years. Certain of these leases include automatic renewal or early termination provisions. Ambac does not include these provisions in the determination of its lease liabilities and right-of-use assets unless exercise is considered reasonably certain.",Item 8,Not disclosed,,0,significant_accounting_policies,Note 16. Net Income Per Share.,3,False,,"score=2,idx=20720,zone=29039",1647,OK,
0000874501,OSG,2023,0000874501_OSG_FY2023_10K.html,,2023-12-31,"furniture and fixtures, information technology, equipment","Depreciation of furniture and fixtures, certain information technology development costs and electronic data processing equipment is charged over the estimated useful lives of the respective assets, ranging from three to five years, using the",3.0,5.0,No,,Not disclosed,,Not disclosed,,0,significant_accounting_policies,Note 15. Net Income Per Share.,3,False,,"score=2,idx=21812,zone=31364",1593,OK,
0000874501,OSG,2024,0000874501_OSG_FY2024_10K.html,,2025-12-31,"furniture and fixtures, information technology, equipment","Depreciation of furniture and fixtures, certain information technology development costs and electronic data processing equipment is charged over the estimated useful lives of the respective assets, ranging from three to five years, using the straight-line method.",3.0,5.0,No,,Not disclosed,,Not disclosed,,0,significant_accounting_policies,Note 15. Net Income Per Share.,3,False,,"score=2,idx=17356,zone=27475",1159,OK,
0000874716,IDXX,2013,0000874716_IDXX_FY2013_10K.html,,,Not disclosed,Not disclosed,,,No,,Not disclosed,,Not disclosed,,0,unknown,,0,False,,"score=7,idx=15544,zone=12",5,OK,
0000874716,IDXX,2014,0000874716_IDXX_FY2014_10K.html,,,Not disclosed,Not disclosed,,,No,,Not disclosed,,Not disclosed,,0,unknown,,0,False,,"score=7,idx=16948,zone=12",5,OK,
0000874716,IDXX,2015,0000874716_IDXX_FY2015_10K.html,,,Not disclosed,Not disclosed,,,No,,Not disclosed,,Not disclosed,,0,unknown,,0,False,,"score=7,idx=16550,zone=12",5,OK,
0000874716,IDXX,2016,0000874716_IDXX_FY2016_10K.html,,,Not disclosed,Not disclosed,,,No,,Not disclosed,,Not disclosed,,0,unknown,,0,False,,"score=7,idx=20734,zone=12",5,OK,
0000874716,IDXX,2017,0000874716_IDXX_FY2017_10K.html,,,Not disclosed,Not disclosed,,,No,,Not disclosed,,Not disclosed,,0,unknown,,0,False,,"score=7,idx=21715,zone=12",5,OK,
0000874716,IDXX,2018,0000874716_IDXX_FY2018_10K.html,,,Not disclosed,Not disclosed,,,No,,Not disclosed,,Not disclosed,,0,unknown,,0,False,,"score=7,idx=24674,zone=12",2,OK,
0000874716,IDXX,2019,0000874716_IDXX_FY2019_10K.html,,"December 31, 2019",Not disclosed,Not disclosed,,,No,,Not disclosed,,Not disclosed,,0,unknown,,0,False,,"score=7,idx=21220,zone=12",2,OK,
0000874716,IDXX,2020,0000874716_IDXX_FY2020_10K.html,,2025-06-18,Not disclosed,Not disclosed,,,No,,Not disclosed,,Not disclosed,,0,unknown,,0,False,,"score=5,idx=13557,zone=10",2,OK,
0000874716,IDXX,2021,0000874716_IDXX_FY2021_10K.html,,2025-06-18,Not disclosed,Not disclosed,,,No,,Not disclosed,,Not disclosed,,0,unknown,,0,False,,"score=5,idx=12659,zone=10",2,OK,
0000874716,IDXX,2022,0000874716_IDXX_FY2022_10K.html,,2025-06-18,Not disclosed,Not disclosed,,,No,,Not disclosed,,Not disclosed,,0,unknown,,0,False,,"score=5,idx=12760,zone=10",2,OK,
0000874716,IDXX,2023,0000874716_IDXX_FY2023_10K.html,,2028-06-30,Not disclosed,Not disclosed,,,No,,Not disclosed,,Not disclosed,,0,unknown,,0,False,,"score=5,idx=13293,zone=10",2,OK,
0000874716,IDXX,2024,0000874716_IDXX_FY2024_10K.html,,2029-06-29,Not disclosed,Not disclosed,,,No,,Not disclosed,,Not disclosed,,0,unknown,,0,False,,"score=5,idx=13129,zone=10",2,OK,
0000874761,AES,2013,0000874761_AES_FY2013_10K.html,,,equipment,"Property, plant and equipment are stated at cost, net of accumulated depreciation. The cost of renewals and improvements that extend the useful life of property, plant and equipment are capitalized.",,,No,,Not disclosed,,Not disclosed,,0,significant_accounting_policies,1. GENERAL AND SUMMARY OF SIGNIFICANT ACCOUNTING POLICIES,3,False,,"score=6,idx=31594,zone=57015",1846,OK,
0000874761,AES,2014,0000874761_AES_FY2014_10K.html,,,equipment,"The following table summarizes the components of the electric generation and distribution assets and other property, plant and equipment with their estimated useful lives.",,,Yes,"DISCONTINUED OPERATIONS AND RECLASSIFICATIONS —Certain prior period amounts in the consolidated financial statements have been reclassified to conform to the current presentation. Effective July 1, 2014, the Company prospectively adopted Accounting Standards Update (""ASU"") No. 2014-08, Presentation of Financial Statements (Topic 205) and Property, Plant, and Equipment (Topic 360) Reporting discontinued Operations and Disclosures of Disposals of Components of an Entity , which significantly changes the existing accounting guidance on discontinued operations. Under ASU No. 2014-08, only those disposals of components of an entity that represent a strategic shift that has (or will have) a major effect on an entity’s operations and financial results will be reported as discontinued operations. Amongst other changes: equity method investments that were previously scoped-out of the discontinued operations accounting guidance are now included in the scope; a business can meet the criteria to be classified as held-for-sale upon acquisition and can be reported in discontinued operations; and components where an entity retains significant continuing involvement or where operations and cash flows will not be eliminated from ongoing operations as a result of a disposal transaction can meet the definition of discontinued operations. Additionally, where summarized amounts are presented on the face of the financial statements, reconciliations of those amounts to major classes of line items are also required. ASU No. 2014-08 requires additional disclosures for individually material components that do not meet the definition of discontinued operations. Under the previous accounting guidance, the UK Wind and Ebute disposals would have met the discontinued operations criteria and would have been reclassified accordingly. See Note 24 — Dispositions for further information.",Not disclosed,,Not disclosed,,0,ppe_note,"3. PROPERTY, PLANT AND EQUIPMENT",3,False,,"score=6,idx=34313,zone=56381",1918,OK,
0000874761,AES,2015,0000874761_AES_FY2015_10K.html,,,Not disclosed,Not disclosed,,,Unclear,"The change in discount rate approach in the U.S. and U.K. did not have an impact on the measurement of the benefit obligations as at December 31, 2015, nor will it impact future remeasurements. This change in estimate will impact the service cost and interest cost recorded in 2016 and future years. It will also impact the actuarial gains and losses recorded in future years, as well as the amortization thereof.",Not disclosed,,"ASU No. 2015-05, Intangibles — Goodwill and Other — Internal-Use Software (Subtopic 350-40): Customer's Accounting for Fees Paid in a Cloud Computing Arrangement ||| In April 2015, the FASB issued ASU No. 2015-05, which clarifies how customers in cloud computing arrangements should determine whether the arrangement includes a software license and eliminates the existing requirement for customers to account for software licenses they acquired by analogizing to the accounting guidance on leases. The standard is effective for annual reporting periods beginning after December 15, 2015 and interim periods therein. Early adoption is permitted. The standard permits the use of a prospective or retrospective approach. The Company expects to utilize the prospective approach upon adoption of this standard, which is not expected to have a material impact on its consolidated financial statements.",,0,unknown,,0,False,,"score=6,idx=45528,zone=52962",2021,OK,
0000874761,AES,2016,0000874761_AES_FY2016_10K.html,,,Not disclosed,Not disclosed,,,Yes,"DISCONTINUED OPERATIONS — Effective July 1, 2014, the Company prospectively adopted Accounting Standards Update (""ASU"") No. 2014-08, Presentation of Financial Statements (Topic 205) and Property, Plant, and Equipment (Topic 360): Reporting discontinued Operations and Disclosures of Disposals of Components of an Entity , which significantly changed the prior accounting guidance on discontinued operations. Under ASU No. 2014-08, only those disposals of components of an entity that represent a strategic shift that has (or a held-for-sale business that will have) a major effect on an entity's operations and financial results are reported as discontinued operations. Amongst other changes: equity method investments that were previously scoped-out of the discontinued operations accounting guidance are now included in the scope; a business can meet the criteria to be classified as held-for-sale upon acquisition and be reported in discontinued operations; and components where an entity retains significant continuing involvement or where operations and cash flows will not be eliminated from ongoing operations as a result of a disposal transaction can meet the definition of discontinued operations. Additionally, where summarized amounts are presented on the face of the financial statements, reconciliations of those amounts to major classes of line items are also required. ASU No. 2014-08 requires additional disclosures for individually material components that do not meet the definition of discontinued operations. Prior to the adoption of ASU 2014-08 we had classified certain business as discontinued operations that would not meet the criteria under the current standard. See Note 23 — Dispositions for further information.",Not disclosed,,Not disclosed,,0,unknown,,0,False,,"score=7,idx=38055,zone=49997",1863,OK,
0000874761,AES,2017,0000874761_AES_FY2017_10K.html,,,Not disclosed,Not disclosed,,,No,,Not disclosed,,Not disclosed,,0,unknown,,0,False,,"score=7,idx=32647,zone=47393",1821,OK,
0000874761,AES,2018,0000874761_AES_FY2018_10K.html,,2018-12-31,Not disclosed,Not disclosed,,,No,,Not disclosed,,"2018-15, Intangibles—Goodwill and Other—Internal-Use Software (Subtopic 350-40): Customer’s Accounting for Implementation Costs Incurred in a Cloud Computing Arrangement That Is a Service Contract ||| This standard aligns the accounting for implementation costs incurred for a cloud computing arrangement that is a service with the requirement for capitalizing implementation costs associated with developing or obtaining internal-use software. Transition method: retrospective or prospective.",,0,unknown,,0,False,,"score=7,idx=39321,zone=50902",1851,OK,
0000874761,AES,2019,0000874761_AES_FY2019_10K.html,,2019-12-31,Not disclosed,Not disclosed,,,Yes,"Hawaii — During the fourth quarter of 2019, the Company tested the recoverability of its long-lived coal-fired asset in Hawaii. Uncertainty around the ability to contract the asset upon expiration of its existing PPA resulted in management's decision to reassess the economic useful life of the generation facility. A decrease in the economic useful life was identified as an impairment indicator. The Company determined that the carrying amount was not recoverable. The asset group, consisting of property, plant and equipment and intangible assets, was determined to",Not disclosed,,Not disclosed,,0,unknown,,0,False,,"score=7,idx=38952,zone=52881",1962,OK,
0000874761,AES,2020,0000874761_AES_FY2020_10K.html,,2020-12-31,equipment,"Property, plant and equipment — Property, plant and equipment are stated at cost, net of accumulated depreciation. The cost of renewals and improvements that extend the useful life of property, plant and equipment are capitalized.",,,Unclear,"During the year ended December 31, 2020, the Company increased the asset retirement obligations and corresponding assets at Chile and Hawaii, by $17 million and $12 million, respectively, and decreased the asset retirement obligation at DPL by $13 million. The increase at Chile is mostly due to the initial recognition of the ARO at Planta Solar II. The increase at Hawaii reflects the shortened useful life of the coal plant resulting from the passage of Senate Bill 2629, which prohibits issuing or renewing permits for coal power plants after December 31,",Not disclosed,,Not disclosed,B200,1,significant_accounting_policies,1. GENERAL AND SUMMARY OF SIGNIFICANT ACCOUNTING POLICIES,3,False,,"score=5,idx=27967,zone=27890",1688,OK,
0000874761,AES,2021,0000874761_AES_FY2021_10K.html,,2021-12-31,equipment,"Property, plant and equipment — Property, plant and equipment are stated at cost, net of accumulated depreciation. The cost of renewals and improvements that extend the useful life of property, plant and equipment are capitalized.",,,Unclear,"During the year ended December 31, 2021, the Company increased the asset retirement obligations and corresponding assets at AES Clean Energy and Chile by $93 million and $36 million, respectively. The increase at AES Clean Energy is mostly due to the initial recognition of asset retirement obligations as a result of the New York Wind acquisition. The increase at Chile is primarily due to shortened useful lives of the Ventanas and Angamos coal plants, additional liabilities incurred due to the development of the Andes Solar 2b plant, and an upward revision of estimated cash flows at the Los Cururos plant.","Decrease at Clean Energy driven by increased costs associated with growing and accelerating the development pipeline, partially offset by higher revenue due to the Company's agreement to supply Google's data centers with 24/7 carbon-free energy",MD&A (Item 7),Not disclosed,B200,1,significant_accounting_policies,1. GENERAL AND SUMMARY OF SIGNIFICANT ACCOUNTING POLICIES,3,False,,"score=5,idx=29167,zone=29180",1741,OK,
0000874761,AES,2022,0000874761_AES_FY2022_10K.html,,2022-12-31,equipment,"Property, plant and equipment — Property, plant and equipment are stated at cost, net of accumulated depreciation. The cost of renewals and improvements that extend the useful life of property, plant and equipment are capitalized.",,,Unclear,"During the year ended December 31, 2021, the Company increased the asset retirement obligations and corresponding assets at AES Clean Energy and Chile by $93 million and $36 million, respectively. The increase at AES Clean Energy is mostly due to the initial recognition of asset retirement obligations as a result of the New York Wind acquisition. The increase in Chile is primarily due to shortened useful lives of the Ventanas and Angamos coal plants, additional liabilities incurred due to the development of the Andes Solar 2b plant, and an upward revision of estimated cash flows at the Los Cururos plant.","Decrease at AES Clean Energy driven by increased costs associated with growing the business, partially offset by higher revenue from new projects and the Company’s agreement to supply Google’s data centers with 24/7 carbon-free energy",MD&A (Item 7),Not disclosed,,0,significant_accounting_policies,1. GENERAL AND SUMMARY OF SIGNIFICANT ACCOUNTING POLICIES,3,False,,"score=5,idx=30268,zone=29222",1781,OK,
0000874761,AES,2023,0000874761_AES_FY2023_10K.html,,2023-12-31,equipment,"Property, plant and equipment — Property, plant and equipment are stated at cost, net of accumulated depreciation. The cost of renewals and improvements that extend the useful life of property, plant and equipment are capitalized.",,,Yes,"During the first quarter of 2023, management began assessing operational performance and making resource allocation decisions using Adjusted EBITDA. Therefore, the Company uses Adjusted EBITDA as its primary segment performance measure. Adjusted EBITDA, a non-GAAP measure, is defined by the Company as earnings before interest income and expense, taxes, depreciation and amortization, adjusted for the impact of NCI and interest, taxes, depreciation and amortization of our equity affiliates, and adding back interest income recognized under service concession arrangements; excluding gains or losses of both consolidated entities and entities accounted for under the equity method due to (a) unrealized gains or losses related to derivative transactions and equity securities; (b) unrealized foreign currency gains or losses; (c) gains, losses, benefits and costs associated with dispositions and acquisitions of business interests, including early plant closures, and gains and losses recognized at commencement of sales-type leases; (d) losses due to impairments; (e) gains, losses and costs due to the early retirement of debt; and (f) net gains at Angamos, one of our businesses in the Energy Infrastructure SBU, associated with the early contract terminations with Minera Escondida and Minera Spence.",Not disclosed,,Not disclosed,,0,significant_accounting_policies,1. GENERAL AND SUMMARY OF SIGNIFICANT ACCOUNTING POLICIES,3,False,,"score=5,idx=29078,zone=30001",1796,OK,
0000874761,AES,2024,0000874761_AES_FY2024_10K.html,,2025-03-31,equipment,"Property, plant and equipment — Property, plant and equipment are stated at cost, net of accumulated depreciation. The cost of renewals and improvements that extend the useful life of property, plant and equipment are capitalized.",,,Unclear,"Warrior Run — On September 30, 2023, the Company filed a Generator Deactivation Notice with PJM stating its intention to either retire or mothball the Warrior Run coal-fired facility on June 1, 2024. On November 30, 2023, PJM approved the potential deactivation, therefore management reassessed the economic useful life of the generation facility. Due to the approval from PJM and the absence of other economically viable options, an",Not disclosed,,Not disclosed,,0,significant_accounting_policies,1. GENERAL AND SUMMARY OF SIGNIFICANT ACCOUNTING POLICIES,3,False,,"score=5,idx=29933,zone=42495",1950,OK,
0000874866,CRVL,2013,0000874866_CRVL_FY2013_10K.html,,"March 31, 2014",Not disclosed,Not disclosed,,,No,,Not disclosed,,Not disclosed,,0,unknown,,0,False,,"score=4,idx=1671,zone=10",2,OK,
0000874866,CRVL,2014,0000874866_CRVL_FY2014_10K.html,,"March 31, 2015",Not disclosed,Not disclosed,,,No,,Not disclosed,,Not disclosed,,0,unknown,,0,False,,"score=4,idx=1753,zone=10",2,OK,
0000874866,CRVL,2015,0000874866_CRVL_FY2015_10K.html,,"March 31, 2016",Not disclosed,Not disclosed,,,No,,Not disclosed,,Not disclosed,,0,unknown,,0,False,,"score=4,idx=1739,zone=12",2,OK,
0000874866,CRVL,2016,0000874866_CRVL_FY2016_10K.html,,"March 31, 2017",Not disclosed,Not disclosed,,,No,,Not disclosed,,Not disclosed,,0,unknown,,0,False,,"score=4,idx=2130,zone=5",3,OK,
0000874866,CRVL,2017,0000874866_CRVL_FY2017_10K.html,,"March 31, 2018",Not disclosed,Not disclosed,,,No,,Not disclosed,,Not disclosed,,0,unknown,,0,False,,"score=4,idx=1946,zone=5",5,OK,
0000874866,CRVL,2018,0000874866_CRVL_FY2018_10K.html,,"March 31, 2019",Not disclosed,Not disclosed,,,No,,Not disclosed,,Not disclosed,,0,unknown,,0,False,,"score=4,idx=1962,zone=5",4,OK,
0000874866,CRVL,2019,0000874866_CRVL_FY2019_10K.html,,"March 31, 2020",Not disclosed,Not disclosed,,,No,,Not disclosed,,Not disclosed,,0,unknown,,0,False,,"score=4,idx=2179,zone=5",1,OK,
0000874866,CRVL,2020,0000874866_CRVL_FY2020_10K.html,,2021-05-28,Not disclosed,Not disclosed,,,No,,Not disclosed,,Not disclosed,,0,unknown,,0,False,,"score=4,idx=3450,zone=3",3,OK,
0000874866,CRVL,2021,0000874866_CRVL_FY2021_10K.html,,2022-05-27,Not disclosed,Not disclosed,,,No,,Not disclosed,,Not disclosed,,0,unknown,,0,False,,"score=4,idx=4006,zone=6",2,OK,
0000874866,CRVL,2022,0000874866_CRVL_FY2022_10K.html,,2023-03-31,Not disclosed,Not disclosed,,,No,,Not disclosed,,Not disclosed,,0,unknown,,0,False,,"score=4,idx=3956,zone=6",2,OK,
0000874866,CRVL,2023,0000874866_CRVL_FY2023_10K.html,,2024-03-31,Not disclosed,Not disclosed,,,No,,Not disclosed,,Not disclosed,,0,unknown,,0,False,,"score=4,idx=4023,zone=6",2,OK,
0000874866,CRVL,2024,0000874866_CRVL_FY2024_10K.html,,2025-03-31,Not disclosed,Not disclosed,,,No,,Not disclosed,,Not disclosed,,0,unknown,,0,False,,"score=4,idx=4126,zone=7",2,OK,
0000875320,VRTX,2013,0000875320_VRTX_FY2013_10K.html,,"December 31, 2013",Not disclosed,Not disclosed,,,No,,Not disclosed,,Not disclosed,,0,unknown,,0,False,,"score=6,idx=11788,zone=7",2,OK,
0000875320,VRTX,2014,0000875320_VRTX_FY2014_10K.html,,"December 31, 2014",Not disclosed,Not disclosed,,,No,,Not disclosed,,Not disclosed,,0,unknown,,0,False,,"score=6,idx=11704,zone=7",2,OK,
0000875320,VRTX,2015,0000875320_VRTX_FY2015_10K.html,,"December 31, 2015",Not disclosed,Not disclosed,,,No,,Not disclosed,,Not disclosed,,0,unknown,,0,False,,"score=6,idx=11557,zone=7",2,OK,
0000875320,VRTX,2016,0000875320_VRTX_FY2016_10K.html,,"December 31, 2016",Not disclosed,Not disclosed,,,No,,Not disclosed,,Not disclosed,,0,unknown,,0,False,,"score=6,idx=11927,zone=8",2,OK,
0000875320,VRTX,2017,0000875320_VRTX_FY2017_10K.html,,"December 31, 2017",Not disclosed,Not disclosed,,,No,,Not disclosed,,Not disclosed,,0,unknown,,0,False,,"score=6,idx=12114,zone=8",2,OK,
0000875320,VRTX,2018,0000875320_VRTX_FY2018_10K.html,,"December 31, 2018",Not disclosed,Not disclosed,,,No,,Not disclosed,,Not disclosed,,0,unknown,,0,False,,"score=6,idx=11954,zone=8",2,OK,
0000875320,VRTX,2019,0000875320_VRTX_FY2019_10K.html,,"December 31, 2019",Not disclosed,Not disclosed,,,No,,Not disclosed,,Not disclosed,,0,unknown,,0,False,,"score=6,idx=15944,zone=8",2,OK,
0000875320,VRTX,2020,0000875320_VRTX_FY2020_10K.html,,2020-12-31,Not disclosed,Not disclosed,,,No,,Not disclosed,,Not disclosed,B200,1,unknown,,0,False,,"score=5,idx=11036,zone=8",2,OK,
0000875320,VRTX,2021,0000875320_VRTX_FY2021_10K.html,,2021-12-31,Not disclosed,Not disclosed,,,No,,Not disclosed,,Not disclosed,,0,unknown,,0,False,,"score=5,idx=8974,zone=8",2,OK,
0000875320,VRTX,2022,0000875320_VRTX_FY2022_10K.html,,2023-02-10,Not disclosed,Not disclosed,,,No,,Not disclosed,,Not disclosed,,0,unknown,,0,False,,"score=5,idx=9061,zone=8",2,OK,
0000875320,VRTX,2023,0000875320_VRTX_FY2023_10K.html,,2024-01-31,Not disclosed,Not disclosed,,,No,,Not disclosed,,Not disclosed,,0,unknown,,0,False,,"score=5,idx=9514,zone=8",2,OK,
0000875320,VRTX,2024,0000875320_VRTX_FY2024_10K.html,,2025-03-31,Not disclosed,Not disclosed,,,No,,Not disclosed,,Not disclosed,,0,unknown,,0,False,,"score=5,idx=9652,zone=8",2,OK,
0000876167,PRGS,2013,0000876167_PRGS_FY2013_10K.html,,,"equipment, computer equipment","Useful lives by major asset class are as follows: computer equipment and software,",,,No,,Not disclosed,,Not disclosed,,0,significant_accounting_policies,Note 1: Nature of Business and Summary of Significant Accounting Policies,3,False,,"score=4,idx=13075,zone=20739",818,OK,
0000876167,PRGS,2014,0000876167_PRGS_FY2014_10K.html,,,"equipment, computer equipment","Useful lives by major asset class are as follows: computer equipment and software,",,,No,,Not disclosed,,Not disclosed,,0,significant_accounting_policies,Note 1: Nature of Business and Summary of Significant Accounting Policies,3,False,,"score=4,idx=13733,zone=20666",839,OK,
0000876167,PRGS,2015,0000876167_PRGS_FY2015_10K.html,,,"equipment, computer equipment","Useful lives by major asset class are as follows: computer equipment and software,",,,No,,Not disclosed,,Not disclosed,,0,significant_accounting_policies,Note 1: Nature of Business and Summary of Significant Accounting Policies,3,False,,"score=4,idx=12262,zone=20987",845,OK,
0000876167,PRGS,2016,0000876167_PRGS_FY2016_10K.html,,,"equipment, computer equipment","Useful lives by major asset class are as follows: computer equipment and software,",,,No,,Not disclosed,,Not disclosed,,0,significant_accounting_policies,Note 1: Nature of Business and Summary of Significant Accounting Policies,3,False,,"score=4,idx=12809,zone=20100",785,OK,
0000876167,PRGS,2017,0000876167_PRGS_FY2017_10K.html,,,"equipment, computer equipment","Useful lives by major asset class are as follows: computer equipment and software,",,,No,,Not disclosed,,Not disclosed,,0,significant_accounting_policies,Note 1: Nature of Business and Summary of Significant Accounting Policies,3,False,,"score=4,idx=13414,zone=20589",844,OK,
0000876167,PRGS,2018,0000876167_PRGS_FY2018_10K.html,,,"equipment, computer equipment","Useful lives by major asset class are as follows: computer equipment and software,",,,No,,Not disclosed,,"Intangibles - Goodwill and Other - Internal-Use Software (Subtopic 350-40), Customer's Accounting for Implementation Costs Incurred in a Cloud Computing Arrangement That Is a Service Contract ||| (""ASU 2018-15""). ASU 2018-15 amends current guidance to align the accounting for costs incurred in a hosting arrangement that is a service contract with the requirements for capitalizing costs associated with developing or obtaining internal-use software. Capitalized implementation costs must be expensed over the term of the hosting arrangement and presented in the same line item in the statement of income as the fees associated with the hosting element (service) of the arrangement. The guidance in ASU 2018-15 is effective for annual reporting periods beginning after December 15, 2019, with early adoption permitted. We are currently accounting for costs incurred in a cloud computing arrangement in accordance with the guidance provided in ASU 2018-15. ||| In August 2018, the FASB issued Accounting Standards Update No. 2018-15, Intangibles - Goodwill and Other - Internal-Use Software (Subtopic 350-40), Customer's Accounting for Implementation Costs Incurred in a Cloud Computing Arrangement That Is a Service Contract (""ASU 2018-15""). ASU 2018-15 amends current guidance to align the accounting for costs incurred in a hosting arrangement that is a service contract with the requirements for capitalizing costs associated with developing or obtaining internal-use software. Capitalized implementation costs must be expensed over the term of the hosting arrangement and presented in the same line item in the statement of income as the fees associated with the hosting element (service) of the arrangement. The guidance in ASU 2018-15 is effective for annual reporting periods beginning after December 15, 2019, with early adoption permitted. We are currently accounting for costs incurred in a cloud computing arrangement in accordance with the guidance provided in ASU 2018-15.",,0,significant_accounting_policies,Note 1: Nature of Business and Summary of Significant Accounting Policies,3,False,,"score=4,idx=13351,zone=19183",774,OK,
0000876167,PRGS,2019,0000876167_PRGS_FY2019_10K.html,,"November 30, 2019","equipment, computer equipment, furniture and fixtures","Useful lives by major asset class are as follows: computer equipment and software, 3 to 7 years; buildings and improvements, 5 to 39 years; and furniture and fixtures, 5 to 7 years.",3.0,7.0,Not disclosed,,Not disclosed,,Not disclosed,,0,significant_accounting_policies,Note 1: Nature of Business and Summary of Significant Accounting Policies,3,False,,"score=4,idx=16680,zone=24907",950,ERROR,'<' not supported between instances of 'NoneType' and 'float'
0000876167,PRGS,2020,0000876167_PRGS_FY2020_10K.html,,2020-11-30,"equipment, computer equipment, furniture and fixtures","Useful lives by major asset class are as follows: computer equipment and software, 3 to 7 years; buildings and improvements, 5 to 39 years; and furniture and fixtures, 5 to 7 years.",3.0,7.0,Not disclosed,,Not disclosed,,Not disclosed,,0,significant_accounting_policies,Note 1: Nature of Business and Summary of Significant Accounting Policies,3,False,,"score=2,idx=12971,zone=12561",713,ERROR,'<' not supported between instances of 'NoneType' and 'float'
0000876167,PRGS,2021,0000876167_PRGS_FY2021_10K.html,,2021-12-15,"equipment, computer equipment, furniture and fixtures","Useful lives by major asset class are as follows: computer equipment and software, 3 to 7 years; buildings and improvements, 5 to 39 years; and furniture and fixtures, 5 to 7 years.",3.0,7.0,Not disclosed,,Not disclosed,,Not disclosed,,0,significant_accounting_policies,Note 1: Nature of Business and Summary of Significant Accounting Policies,3,False,,"score=2,idx=9165,zone=11720",725,ERROR,'<' not supported between instances of 'NoneType' and 'float'
0000876167,PRGS,2022,0000876167_PRGS_FY2022_10K.html,,2023-01-03,"equipment, computer equipment, furniture and fixtures","Useful lives by major asset class are as follows: computer equipment and software, 3 to 7 years and furniture and fixtures, 5 to 7 years.",3.0,7.0,No,,Not disclosed,,"We also offer products via a software-as-a-service (""SaaS"") model, which is a subscription-based model. Our customers can use hosted software over the contract period without taking possession of it and the cloud services are available to them throughout the entire term, even if they do not use the service. Revenue related to SaaS offerings is recognized ratably over the contract period. The SSP of SaaS performance obligations is determined based upon observable prices in stand-alone SaaS transactions. SaaS arrangements are generally invoiced in advance on a monthly, quarterly, or annual basis over the term of the arrangement, which is typically one to three years.",B200,1,significant_accounting_policies,Note 1: Nature of Business and Summary of Significant Accounting Policies,3,True,3.0-7.0 ans | 5.0-7.0 ans,"score=2,idx=8683,zone=10767",636,OK,
0000876167,PRGS,2023,0000876167_PRGS_FY2023_10K.html,,"NOVEMBER 30, 2023","equipment, computer equipment, furniture and fixtures","Useful lives by major asset class are as follows: computer equipment and software, 3 to 7 years and furniture and fixtures, 5 to 7 years.",3.0,7.0,No,,Not disclosed,,"We also offer products via a software-as-a-service (""SaaS"") model, which is a subscription-based model. Our customers can use hosted software over the contract period without taking possession of it and the cloud services are available to them throughout the entire term, even if they do not use the service. Revenue related to SaaS offerings is recognized ratably over the contract period. The SSP of SaaS performance obligations is determined based upon observable prices in stand-alone SaaS transactions. SaaS arrangements are generally invoiced in advance on a monthly, quarterly, or annual basis over the term of the arrangement, which is typically one to three years.",,0,significant_accounting_policies,Note 1: Nature of Business and Summary of Significant Accounting Policies,3,True,3.0-7.0 ans | 5.0-7.0 ans,"score=2,idx=8769,zone=10414",640,OK,
0000876167,PRGS,2024,0000876167_PRGS_FY2024_10K.html,,"NOVEMBER 30, 2024","equipment, computer equipment, furniture and fixtures","Useful lives by major asset class are as follows: computer equipment and software, 3 to 7 years and furniture and fixtures, 5 to 7 years.",3.0,7.0,No,,Not disclosed,,"We also offer products via a SaaS model, which is a subscription-based model. Our customers can use hosted software over the contract period without taking possession of it and the cloud services are available to them throughout the entire term, even if they do not use the service. Revenue related to SaaS offerings is recognized ratably over the contract period. The SSP of SaaS performance obligations is determined based upon observable prices in stand-alone SaaS transactions. SaaS arrangements are generally invoiced in advance on a monthly, quarterly, or annual basis over the term of the arrangement, which is typically one to three years.",,0,significant_accounting_policies,Note 1: Nature of Business and Summary of Significant Accounting Policies,3,True,3.0-7.0 ans | 5.0-7.0 ans,"score=2,idx=7963,zone=9948",629,OK,
0000876427,MNRO,2013,0000876427_MNRO_FY2013_10K.html,,,equipment,"These assets are included in property, plant and equipment and depreciated over the term of the lease.",,,No,,Not disclosed,,Not disclosed,,0,significant_accounting_policies,NOTE 1 — SIGNIFICANT ACCOUNTING POLICIES,3,False,,"score=4,idx=6547,zone=17126",452,OK,
0000876427,MNRO,2014,0000876427_MNRO_FY2014_10K.html,,,Not disclosed,Not disclosed,,,No,,Not disclosed,,Not disclosed,,0,unknown,,0,False,,"score=2,idx=468,zone=11",0,OK,
0000876427,MNRO,2015,0000876427_MNRO_FY2015_10K.html,,,Not disclosed,Not disclosed,,,No,,Not disclosed,,Not disclosed,,0,unknown,,0,False,,"score=0,idx=466,zone=10",1,OK,
0000876427,MNRO,2016,0000876427_MNRO_FY2016_10K.html,,,Not disclosed,Not disclosed,,,No,,Not disclosed,,Not disclosed,,0,unknown,,0,False,,"score=0,idx=527,zone=10",1,OK,
0000876427,MNRO,2017,0000876427_MNRO_FY2017_10K.html,,,Not disclosed,Not disclosed,,,No,,Not disclosed,,Not disclosed,,0,unknown,,0,False,,"score=0,idx=450,zone=10",1,OK,
0000876427,MNRO,2018,0000876427_MNRO_FY2018_10K.html,,"March 30, 2019",Not disclosed,Not disclosed,,,No,,Not disclosed,,Not disclosed,,0,unknown,,0,False,,"score=0,idx=484,zone=10",1,OK,
0000876427,MNRO,2019,0000876427_MNRO_FY2019_10K.html,,2021-09-25,Not disclosed,Not disclosed,,,No,,Not disclosed,,Not disclosed,B200,1,unknown,,0,False,,"score=2,idx=2626,zone=11",40,OK,
0000876427,MNRO,2020,0000876427_MNRO_FY2020_10K.html,,2021-05-31,equipment,"Property and equipment, net is stated at historical cost less accumulated depreciation. Property and equipment is depreciated using the straight-line method over estimated useful lives.",,,No,,Not disclosed,,Not disclosed,,0,significant_accounting_policies,"Note 1 – Description of Business, Basis of Presentation and Summary of Significant Accounting Policies",3,False,,"score=4,idx=9669,zone=20122",740,OK,
0000876427,MNRO,2021,0000876427_MNRO_FY2021_10K.html,,2022-05-31,equipment,"Property and equipment, net is stated at historical cost less accumulated depreciation. Property and equipment are depreciated using the straight-line method over estimated useful lives.",,,No,,Not disclosed,,Not disclosed,,0,significant_accounting_policies,"Note 1 – Description of Business, Basis of Presentation and Summary of Significant Accounting Policies",3,False,,"score=4,idx=9829,zone=20139",728,OK,
0000876427,MNRO,2022,0000876427_MNRO_FY2022_10K.html,,2023-05-31,equipment,"Property and equipment, net is stated at historical cost less accumulated depreciation. Property and equipment are depreciated using the straight-line method over estimated useful lives.",,,No,,Not disclosed,,Not disclosed,,0,significant_accounting_policies,"Note 1 – Description of Business, Basis of Presentation and Summary of Significant Accounting Policies",3,False,,"score=4,idx=10165,zone=19779",743,OK,
0000876427,MNRO,2023,0000876427_MNRO_FY2023_10K.html,,2024-05-23,equipment,"Property and equipment, net is stated at historical cost less accumulated depreciation. Property and equipment are depreciated using the straight-line method over estimated useful lives.",,,No,,Not disclosed,,Not disclosed,B100,1,significant_accounting_policies,"Note 1 – Description of Business, Basis of Presentation and Summary of Significant Accounting Policies",3,False,,"score=4,idx=10347,zone=19641",759,OK,
0000876427,MNRO,2024,0000876427_MNRO_FY2024_10K.html,,2025-06-30,"computer software, Capitalized software, equipment",Capitalized software costs are amortized on a straight-line basis over an estimated life of three to 10 years.,3.0,10.0,No,,Not disclosed,,Not disclosed,,0,significant_accounting_policies,"Note 1 – Description of Business, Basis of Presentation and Summary of Significant Accounting Policies",3,False,,"score=4,idx=10662,zone=20314",814,OK,
0000876437,MTG,2013,0000876437_MTG_FY2013_10K.html,,"December 31, 2013",equipment,"Home office and equipment is carried at cost net of depreciation. For financial statement reporting purposes, depreciation is determined on a straight-line basis for the home office, equipment and data processing hardware over estimated lives of 45, 5 and 3 years, respectively.",3.0,,No,,Not disclosed,,Not disclosed,,0,significant_accounting_policies,3. Summary of Significant Accounting Policies,3,False,,"score=2,idx=14316,zone=20159",882,OK,
0000876437,MTG,2014,0000876437_MTG_FY2014_10K.html,,"December 31, 2014",equipment,"Home office and equipment is carried at cost net of depreciation. For financial statement reporting purposes, depreciation is determined on a straight-line basis for the home office, equipment and data processing hardware over estimated lives of 45, 5 and 3 years, respectively.",3.0,,No,,Not disclosed,,Not disclosed,,0,significant_accounting_policies,3. Summary of Significant Accounting Policies,3,False,,"score=2,idx=13019,zone=19714",856,OK,
0000876437,MTG,2015,0000876437_MTG_FY2015_10K.html,,,equipment,"Home office and equipment is carried at cost net of depreciation. For financial reporting purposes, depreciation is determined on a straight-line basis for the home office, equipment and data processing hardware over estimated lives of",,,No,,Not disclosed,,Not disclosed,,0,significant_accounting_policies,3. Summary of Significant Accounting Policies,3,False,,"score=4,idx=21997,zone=29680",1121,OK,
0000876437,MTG,2016,0000876437_MTG_FY2016_10K.html,,,equipment,"Home office and equipment is carried at cost net of depreciation. For financial reporting purposes, depreciation is determined on a straight-line basis for the home office and equipment over estimated lives ranging from",,,No,,Not disclosed,,Not disclosed,,0,significant_accounting_policies,Note 5 – “Investments.”,3,False,,"score=4,idx=29683,zone=32944",1282,OK,
0000876437,MTG,2017,0000876437_MTG_FY2017_10K.html,,,equipment,"Home office and equipment is carried at cost net of depreciation. For financial reporting purposes, depreciation is determined on a straight-line basis for the home office and equipment over estimated lives ranging from",,,No,,Not disclosed,,Not disclosed,,0,significant_accounting_policies,Note 5 – “Investments.”,3,False,,"score=4,idx=38624,zone=37532",1311,OK,
0000876437,MTG,2018,0000876437_MTG_FY2018_10K.html,,,equipment,"Home office and equipment is carried at cost net of depreciation. For financial reporting purposes, depreciation is determined on a straight-line basis for the home office and equipment over estimated lives ranging from",,,No,,Not disclosed,,Not disclosed,,0,significant_accounting_policies,"Note 6 - ""Fair Value Measurements""",3,False,,"score=4,idx=30335,zone=31367",1278,OK,
0000876437,MTG,2019,0000876437_MTG_FY2019_10K.html,,"December 31, 2019",equipment,"MGIC INVESTMENT CORPORATION AND SUBSIDIARIES CONSOLIDATED BALANCE SHEETS December 31, (In thousands) Note 2019 2018 Assets Investment portfolio: 5 / 6 Fixed income, available-for-sale, at fair value (amortized cost, 2019 - $5,562,550; 2018 - $5,196,784) $ 5,737,892 $ 5,151,987 Equity securities, at fair value (cost, 2019 - $17,188; 2018 - $3,993) 17,328 3,932 Other invested assets, at cost 3,100 3,100 Total investment portfolio 5,758,320 5,159,019 Cash and cash equivalents 161,847 151,892 Restricted cash and cash equivalents 7,209 3,146 Accrued investment income 49,705 48,001 Reinsurance recoverable on loss reserves 9 21,641 33,328 Reinsurance recoverable on paid losses 9 1,521 2,948 Premiums receivable 55,587 55,090 Home office and equipment, net 50,121 51,734 Deferred insurance policy acquisition costs 18,531 17,888 Deferred income taxes, net 12 5,742 69,184 Other assets 99,347 85,572 Total assets $ 6,229,571 $ 5,677,802 Liabilities and shareholders' equity Liabilities: Loss reserves 8 $ 555,334 $ 674,019 Unearned premiums 380,302 409,985 Federal Home Loan Bank Advance 7 155,000 155,000 Senior notes 7 420,867 419,713 Convertible junior subordinated debentures 7 256,872 256,872 Other liabilities 151,962 180,322 Total liabilities 1,920,337 2,095,911 Contingencies 17 Shareholders' equity: 13 Common stock (one dollar par value, shares authorized 1,000,000; shares issued 2019 - 371,353; 2018 - 371,353; outstanding 2019 - 347,308; 2018 - 355,371 ) 371,353 371,353 Paid-in capital 1,869,719 1,862,536 Treasury stock (shares at cost 2019 - 24,045; 2018 - 15,982) (283,196 ) (175,059 ) Accumulated other comprehensive income (loss), net of tax 10 72,708 (124,214 ) Retained earnings 2,278,650 1,647,275 Total shareholders' equity 4,309,234 3,581,891 Total liabilities and shareholders' equity $ 6,229,571 $ 5,677,802",,,No,,Not disclosed,,Not disclosed,,0,significant_accounting_policies,NOTE 18,3,False,,"score=4,idx=33938,zone=33407",1293,OK,
0000876437,MTG,2020,0000876437_MTG_FY2020_10K.html,,"December 31, 2020",equipment,"MGIC INVESTMENT CORPORATION AND SUBSIDIARIES CONSOLIDATED BALANCE SHEETS December 31, (In thousands) Note 2020 2019 Assets Investment portfolio: 5 / 6 Fixed income, available-for-sale, at fair value (amortized cost, 2020 - $6,317,164; 2019 - $5,562,550) $ 6,661,596 $ 5,737,892 Equity securities, at fair value (cost, 2020 - $17,522; 2019 - $17,188) 18,215 17,328 Other invested assets, at cost 3,100 3,100 Total investment portfolio 6,682,911 5,758,320 Cash and cash equivalents 287,953 161,847 Restricted cash and cash equivalents 8,727 7,209 Accrued investment income 49,997 49,705 Reinsurance recoverable on loss reserves 9 95,042 21,641 Reinsurance recoverable on paid losses 9 669 1,521 Premiums receivable 56,044 55,587 Home office and equipment, net 47,144 50,121 Deferred insurance policy acquisition costs 21,561 18,531 Other assets 104,478 105,089 Total assets $ 7,354,526 $ 6,229,571 Liabilities and shareholders' equity Liabilities: Loss reserves 8 $ 880,537 $ 555,334 Unearned premiums 287,099 380,302 Federal Home Loan Bank Advance 7 155,000 155,000 Senior notes 7 879,379 420,867 Convertible junior subordinated debentures 7 208,814 256,872 Other liabilities 244,711 151,962 Total liabilities 2,655,540 1,920,337 Contingencies 17 Shareholders' equity: 13 Common stock (one dollar par value, shares authorized 1,000,000; shares issued 2020 - 371,353; 2019 - 371,353; outstanding 2020 - 338,573; 2019 - 347,308) 371,353 371,353 Paid-in capital 1,862,042 1,869,719 Treasury stock (shares at cost 2020 - 32,779; 2019 - 24,045) (393,326) (283,196) Accumulated other comprehensive income, net of tax 10 216,821 72,708 Retained earnings 2,642,096 2,278,650 Total shareholders' equity 4,698,986 4,309,234 Total liabilities and shareholders' equity $ 7,354,526 $ 6,229,571",,,No,,Not disclosed,,Not disclosed,,0,significant_accounting_policies,NOTE 18,3,False,,"score=2,idx=22632,zone=17187",980,OK,
0000876437,MTG,2021,0000876437_MTG_FY2021_10K.html,,2023-12-31,equipment,"MGIC INVESTMENT CORPORATION AND SUBSIDIARIES CONSOLIDATED BALANCE SHEETS December 31, (In thousands) Note 2021 2020 Assets Investment portfolio: 5 / 6 Fixed income, available-for-sale, at fair value (amortized cost, 2021 - $6,397,658; 2020 - $6,317,164) $ 6,587,581 $ 6,661,596 Equity securities, at fair value (cost, 2021 - $15,838; 2020 - $17,522) 16,068 18,215 Other invested assets, at cost 3,100 3,100 Total investment portfolio 6,606,749 6,682,911 Cash and cash equivalents 284,690 287,953 Restricted cash and cash equivalents 20,268 8,727 Accrued investment income 51,902 49,997 Reinsurance recoverable on loss reserves 9 66,905 95,042 Reinsurance recoverable on paid losses 9 36,275 669 Premiums receivable 56,540 56,044 Home office and equipment, net 45,614 47,144 Deferred insurance policy acquisition costs 21,671 21,561 Other assets 134,394 104,478 Total assets $ 7,325,008 $ 7,354,526 Liabilities and shareholders' equity Liabilities: Loss reserves 8 $ 883,522 $ 880,537 Unearned premiums 241,690 287,099 Federal Home Loan Bank Advance 7 155,000 155,000 Senior notes 7 881,508 879,379 Convertible junior subordinated debentures 7 110,204 208,814 Other liabilities 191,702 244,711 Total liabilities 2,463,626 2,655,540 Contingencies 17 Shareholders' equity: 13 Common stock (one dollar par value, shares authorized 1,000,000; shares issued 2021 - 371,353; 2020 - 371,353; shares outstanding 2021 - 320,336; 2020 - 338,573) 371,353 371,353 Paid-in capital 1,794,906 1,862,042 Treasury stock at cost (shares 2021 - 51,017; 2020 - 32,779) (675,265) (393,326) Accumulated other comprehensive income, net of tax 10 119,697 216,821 Retained earnings 3,250,691 2,642,096 Total shareholders' equity 4,861,382 4,698,986 Total liabilities and shareholders' equity $ 7,325,008 $ 7,354,526",,,No,,Not disclosed,,Not disclosed,B200,1,significant_accounting_policies,NOTE 17,3,False,,"score=2,idx=22048,zone=16098",937,OK,
0000876437,MTG,2022,0000876437_MTG_FY2022_10K.html,,2023-12-31,equipment,"MGIC INVESTMENT CORPORATION AND SUBSIDIARIES CONSOLIDATED BALANCE SHEETS December 31, (In thousands) Note 2022 2021 Assets Investment portfolio: 5 / 6 Fixed income, available-for-sale, at fair value (amortized cost, 2022 - $5,926,785; 2021 - $6,397,658) $ 5,409,698 $ 6,587,581 Equity securities, at fair value (cost, 2022 - $15,924; 2021 - $15,838) 14,140 16,068 Other invested assets, at cost 850 3,100 Total investment portfolio 5,424,688 6,606,749 Cash and cash equivalents 327,384 284,690 Restricted cash and cash equivalents 5,529 20,268 Accrued investment income 55,178 51,902 Reinsurance recoverable on loss reserves 9 28,240 66,905 Reinsurance recoverable on paid losses 9 18,081 36,275 Premiums receivable 58,000 56,540 Home office and equipment, net 41,419 45,614 Deferred insurance policy acquisition costs 19,062 21,671 Deferred income taxes, net 12 124,769 — Other assets 111,443 134,394 Total assets $ 6,213,793 $ 7,325,008 Liabilities and shareholders' equity Liabilities: Loss reserves 8 $ 557,988 $ 883,522 Unearned premiums 195,289 241,690 Federal Home Loan Bank Advance 7 — 155,000 Senior notes 7 641,724 881,508 Convertible junior subordinated debentures 7 21,086 110,204 Other liabilities 154,966 191,702 Total liabilities 1,571,053 2,463,626 Contingencies 17 Shareholders' equity: 13 Common stock (one dollar par value, shares authorized 1,000,000; shares issued 2022 - 371,353; 2021 - 371,353; shares outstanding 2022 - 293,433; 2021 - 320,336) 371,353 371,353 Paid-in capital 1,798,842 1,794,906 Treasury stock at cost (shares 2022 - 77,920; 2021 - 51,017) (1,050,238) (675,265) Accumulated other comprehensive (loss) income, net of tax 10 (481,511) 119,697 Retained earnings 4,004,294 3,250,691 Total shareholders' equity 4,642,740 4,861,382 Total liabilities and shareholders' equity $ 6,213,793 $ 7,325,008",,,No,,Not disclosed,,Not disclosed,,0,significant_accounting_policies,NOTE 17,3,False,,"score=2,idx=19280,zone=16333",912,OK,
0000876437,MTG,2023,0000876437_MTG_FY2023_10K.html,,2024-12-31,equipment,"MGIC INVESTMENT CORPORATION AND SUBSIDIARIES CONSOLIDATED BALANCE SHEETS December 31, (In thousands) Note 2023 2022 Assets Investment portfolio: 5 / 6 Fixed income, available-for-sale, at fair value (amortized cost 2023 - $5,939,483; 2022 - $5,859,688) $ 5,601,540 $ 5,342,667 (1) Short-term, fixed income, available-for-sale, at fair value (amortized cost 2023 - $121,539; 2022 - $67,097) 121,573 67,031 (1) Equity securities, at fair value (cost, 2023 - $16,025; 2022 - $15,924) 14,771 14,140 Other invested assets, at cost 850 850 Total investment portfolio 5,738,734 5,424,688 Cash and cash equivalents 363,666 327,384 Restricted cash and cash equivalents 6,978 5,529 Accrued investment income 58,774 55,178 Reinsurance recoverable on loss reserves 9 33,302 28,240 Reinsurance recoverable on paid losses 9 9,896 18,081 Premiums receivable 58,499 58,000 Home office and equipment, net 38,755 41,419 Deferred insurance policy acquisition costs 14,591 19,062 Deferred income taxes, net 12 79,782 124,769 Other assets 135,403 111,443 Total assets $ 6,538,380 $ 6,213,793 Liabilities and shareholders' equity Liabilities: Loss reserves 8 $ 505,379 $ 557,988 Unearned premiums 157,779 195,289 Senior notes 7 643,196 641,724 Convertible junior subordinated debentures 7 — 21,086 Other liabilities 160,009 154,966 Total liabilities 1,466,363 1,571,053 Contingencies 17 Shareholders' equity: 13 Common stock ($1.00 par value, shares authorized 1,000,000; shares issued 2023 - 371,353; 2022 - 371,353; shares outstanding 2023 - 272,494; 2022 - 293,433) 371,353 371,353 Paid-in capital 1,808,113 1,798,842 Treasury stock at cost (shares 2023 - 98,859; 2022 - 77,920) (1,384,293) (1,050,238) Accumulated other comprehensive income (loss), net of tax 10 (316,281) (481,511) Retained earnings 4,593,125 4,004,294 Total shareholders' equity 5,072,017 4,642,740 Total liabilities and shareholders' equity $ 6,538,380 $ 6,213,793",,,No,,Not disclosed,,"As part of our business, we maintain large amounts of confidential and proprietary information both on our own servers and those of cloud computing services. This includes personal information of consumers and our employees. Personal information is subject to an increasing number of federal and state laws and regulations regarding privacy and data security, as well as contractual commitments. Any failure or perceived failure by us, or by the vendors with whom we share this information, to comply with such obligations may result in damage to our reputation, financial losses, litigation, increased costs, regulatory penalties or customer dissatisfaction.",,0,significant_accounting_policies,3. Year That the Rate Reaches the Ultimate Trend Rate,3,False,,"score=2,idx=18728,zone=16076",860,OK,
0000876437,MTG,2024,0000876437_MTG_FY2024_10K.html,,2025-02-21,equipment,"MGIC INVESTMENT CORPORATION AND SUBSIDIARIES CONSOLIDATED BALANCE SHEETS December 31, (In thousands) Note 2024 2023 Assets Investment portfolio: 5 / 6 Fixed income, available-for-sale, at fair value (amortized cost 2024 - $5,838,145; 2023 - $5,939,483) $ 5,511,564 $ 5,601,540 Short-term, fixed income, available-for-sale, at fair value (amortized cost 2024 - $339,978; 2023 - $121,539) 340,125 121,573 Equity securities, at fair value (cost, 2024 - $16,146; 2023 - $16,025) 14,762 14,771 Other invested assets, at cost 1,109 850 Total investment portfolio 5,867,560 5,738,734 Cash and cash equivalents 229,485 363,666 Restricted cash and cash equivalents 5,142 6,978 Accrued investment income 61,064 58,774 Reinsurance recoverable on loss reserves 9 47,281 33,302 Reinsurance recoverable on paid losses 9 4,197 9,896 Premiums receivable 57,536 58,499 Home office and equipment, net 35,679 38,755 Deferred insurance policy acquisition costs 11,694 14,591 Deferred income taxes, net 12 69,875 79,782 Other assets 157,722 135,403 Total assets $ 6,547,235 $ 6,538,380 Liabilities and shareholders' equity Liabilities: Loss reserves 8 $ 462,662 $ 505,379 Unearned premiums 120,360 157,779 Senior notes 7 644,667 643,196 Other liabilities 147,171 160,009 Total liabilities 1,374,860 1,466,363 Contingencies 17 Shareholders' equity: 13 Common stock ($1.00 par value, shares authorized 1,000,000; shares issued 2024 - 248,449; 2023 - 371,353; shares outstanding 2024 - 248,449; 2023 - 272,494) 248,449 371,353 Paid-in capital 1,808,236 1,808,113 Treasury stock at cost (shares 2024 - 0; 2023 - 98,859) 13 — (1,384,293) Accumulated other comprehensive income (loss), net of tax 10 (288,162) (316,281) Retained earnings 3,403,852 4,593,125 Total shareholders' equity 5,172,375 5,072,017 Total liabilities and shareholders' equity $ 6,547,235 $ 6,538,380",,,No,,Not disclosed,,"As part of our business, we maintain large amounts of confidential and proprietary information both on our own servers and those of cloud computing services. This includes personal information of consumers and our employees. Personal information is subject to an increasing number of federal and state laws and regulations regarding privacy and data security, as well as contractual commitments. Any failure or perceived failure by us, or by the vendors with whom we share this information, to comply with such obligations may result in damage to our reputation, financial losses, litigation, increased costs, regulatory penalties or customer dissatisfaction.",,0,significant_accounting_policies,3. Year That the Rate Reaches the Ultimate Trend Rate,3,False,,"score=2,idx=18617,zone=15492",850,OK,
0000876523,EZPW,2013,0000876523_EZPW_FY2013_10K.html,,,"furniture, equipment","years for furniture, equipment and software development costs. We depreciate leasehold improvements over the shorter of their estimated useful life (typically",,,No,,Not disclosed,,Not disclosed,,0,significant_accounting_policies,NOTE 1: ORGANIZATION AND SUMMARY OF SIGNIFICANT ACCOUNTING POLICIES,3,True,2.0-7.0 ans | 10.0 ans,"score=7,idx=16458,zone=36607",1084,OK,
0000876523,EZPW,2014,0000876523_EZPW_FY2014_10K.html,,,"furniture, equipment","years for furniture, equipment and software development costs. We depreciate leasehold improvements over the shorter of their estimated useful life (typically",,,No,,Not disclosed,,Not disclosed,,0,significant_accounting_policies,NOTE 1: ORGANIZATION AND SUMMARY OF SIGNIFICANT ACCOUNTING POLICIES,3,True,2.0-7.0 ans | 10.0 ans,"score=7,idx=18383,zone=40384",1484,OK,
0000876523,EZPW,2015,0000876523_EZPW_FY2015_10K.html,,,buildings,"We depreciate these assets on a straight-line basis using estimated useful lives of 30 years for buildings and two to seven years for furniture, equipment and software development costs.",2.0,7.0,No,,Not disclosed,,"In April 2015, the FASB issued ASU 2015-05, Intangibles — Goodwill and Other — Internal-Use Software (Subtopic 350-40): Customer's Accounting for Fees Paid in a Cloud Computing Arrangement. This ASU provides guidance to customers about whether a cloud computing arrangement includes a software license. If a cloud computing arrangement includes a software license, then the customer should account for the software license element of the arrangement consistent with the acquisition of other software licenses. If a cloud computing arrangement does not include a software license, the customer should account for the arrangement as a service contract. The provisions of this ASU are effective for fiscal years, and interim periods within those fiscal years, beginning after December 15, 2015. Early adoption is permitted. A reporting entity may apply the amendment prospectively or retrospectively. We do not anticipate that the adoption of ASU 2015-05 will have a material effect on our financial position, results of operations or cash flows.",,0,ppe_note,NOTE 25: RESTATEMENT OF CONSOLIDATED FINANCIAL STATEMENTS,3,False,,"score=7,idx=19730,zone=41839",1502,OK,
0000876523,EZPW,2016,0000876523_EZPW_FY2016_10K.html,,,"furniture, equipment","years for furniture, equipment and software development costs. We depreciate leasehold improvements over the shorter of their estimated useful life (typically",,,No,,Not disclosed,,"In April 2015, the FASB issued ASU 2015-05, Intangibles — Goodwill and Other — Internal-Use Software (Subtopic 350-40): Customer's Accounting for Fees Paid in a Cloud Computing Arrangement. This ASU provides guidance to customers about whether a cloud computing arrangement includes a software license. If a cloud computing arrangement includes a software license, then the customer should account for the software license element of the arrangement consistent with the acquisition of other software licenses. If a cloud computing arrangement does not include a software license, the customer should account for the arrangement as a service contract. The provisions of this ASU are effective for fiscal years, and interim periods within those fiscal years, beginning after December 15, 2015. Early adoption is permitted. A reporting entity may apply the amendment prospectively or retrospectively. We are in the process of evaluating the impact of adopting FASB ASU 2015-05 on our consolidated financial position, results of operations and cash flows.",,0,significant_accounting_policies,Note 7,3,True,2.0-7.0 ans | 10.0 ans,"score=7,idx=20944,zone=44378",1479,OK,
0000876523,EZPW,2017,0000876523_EZPW_FY2017_10K.html,,,"furniture, equipment","years for furniture, equipment and software development costs. We depreciate leasehold improvements over the shorter of their estimated useful life (typically",,,No,,Not disclosed,,"Software Development Costs and Cloud Computing Arrangements ||| We adopted ASU 2015-05, Intangibles — Goodwill and Other — Internal-Use Software (Subtopic 350-40): Customer's Accounting for Fees Paid in a Cloud Computing Arrangement, during the first quarter of fiscal 2017 on a prospective basis for all arrangements entered into or materially modified after adoption of the ASU, and such adoption did not have a material impact on our consolidated financial position, results of operations or cash flows. We now consider whether cloud computing arrangements include a software license. In evaluating whether our arrangements include a software license, we consider whether we have the contractual right to take possession of the software at any time during the hosting period without significant penalty and whether it is feasible for us to either run the software on our own hardware or contract with another party unrelated to the vendor to host the software. If a cloud computing arrangement includes a software license, then we account for the software license element of the arrangement consistent with the acquisition of other software licenses. If a cloud computing arrangement does not include a software license, we account for the arrangement as a service contract.",,0,significant_accounting_policies,Note 5,3,True,2.0-7.0 ans | 10.0 ans,"score=7,idx=16691,zone=26213",1030,OK,
0000876523,EZPW,2018,0000876523_EZPW_FY2018_10K.html,,,"furniture, equipment","years for furniture, equipment and software development costs. We depreciate leasehold improvements over the shorter of their estimated useful life (typically",,,No,,Not disclosed,,"Software Development Costs and Cloud Computing Arrangements ||| We adopted ASU 2015-05, Intangibles — Goodwill and Other — Internal-Use Software (Subtopic 350-40): Customer's Accounting for Fees Paid in a Cloud Computing Arrangement, during the first quarter of fiscal 2017 on a prospective basis for all arrangements entered into or materially modified after adoption of the ASU, and such adoption did not have a material impact on our consolidated financial position, results of operations or cash flows. We now consider whether cloud computing arrangements include a software license. In evaluating whether our arrangements include a software license, we consider whether we have the contractual right to take possession of the software at any time during the hosting period without significant penalty and whether it is feasible for us to either run the software on our own hardware or contract with another party unrelated to the vendor to host the software. If a cloud computing arrangement includes a software license, then we account for the software license element of the arrangement consistent with the acquisition of other software licenses. If a cloud computing arrangement does not include a software license, we account for the arrangement as a service contract. ||| In August 2018, the FASB issued ASU 2018-15, Intangibles — Goodwill and Other — Internal-Use Software (Subtopic 350-40). This ASU provides guidance around accounting for implementation costs incurred in a cloud computing arrangement. The provisions of this ASU are effective for fiscal years, and interim periods within those fiscal years, beginning after December 15, 2019. Early adoption is permitted based upon guidance issued within the ASU. A reporting entity should apply the amendment either retrospectively or prospectively based on the specific guidance within the ASU. We are currently assessing the effect of adoption on our financial position, results of operations or cash flows.",,0,significant_accounting_policies,Note 15,3,True,2.0-7.0 ans | 10.0 ans,"score=7,idx=16096,zone=26586",1046,OK,
0000876523,EZPW,2019,0000876523_EZPW_FY2019_10K.html,,"September 30, 2019",buildings,"We depreciate these assets on a straight-line basis using estimated useful lives of 30 years for buildings and two to seven years for furniture, equipment and software development costs.",2.0,7.0,No,,Not disclosed,,"In August 2018, the Financial Accounting Standards Board (""FASB"") issued Accounting Standards Update (""ASU"") 2018-15, Intangibles — Goodwill and Other — Internal-Use Software (Subtopic 350-40): Customer’s Accounting for Implementation Costs Incurred in a Cloud Computing Arrangement That is a Service Contract, which requires a customer in a cloud computing arrangement that is a service contract to follow the internal-use software guidance in Accounting Standards Codification (""ASC"") 350-40 to determine which implementation costs to defer and recognize as an asset. This ASU generally aligns the guidance on recognizing implementation costs incurred in a cloud computing arrangement that is a service contract with that for implementation costs incurred to develop or obtain internal-use software, including hosting arrangements that include an internal-use software license. Our hosting arrangements that are service contracts include various third-party software applications. We adopted this ASU during the first quarter of fiscal 2019 on a prospective basis for all service contracts entered into after adoption, with no material impact upon adoption. ||| Software Development Costs and Cloud Computing Arrangements ||| We consider whether cloud computing arrangements include a software license. In evaluating whether our arrangements include a software license, we consider whether we have the contractual right to take possession of the software at any time during the hosting period without significant penalty and whether it is feasible for us to either run the software on our own hardware or contract with another party unrelated to the vendor to host the software. If a cloud computing arrangement includes a software license, then we account for the software license element of the arrangement consistent with the acquisition of other software licenses. If a cloud computing arrangement does not include a software license, we account for the arrangement as a service contract.",,0,significant_accounting_policies,Note 15,3,True,2.0-7.0 ans | 10.0 ans,"score=7,idx=20124,zone=30626",1021,OK,
0000876523,EZPW,2020,0000876523_EZPW_FY2020_10K.html,,2020-11-30,buildings,"We depreciate these assets on a straight-line basis using estimated useful lives of 30 years for buildings and two to seven years for furniture, equipment and software development costs.",2.0,7.0,No,,Not disclosed,,"Software Development Costs and Cloud Computing Arrangements ||| In evaluating whether our cloud computing arrangements include a software license, we consider whether we have the contractual right to take possession of the software at any time during the hosting period without significant penalty and whether it is feasible for us to either run the software on our own hardware or contract with another party unrelated to the vendor to host the software. If a cloud computing arrangement includes a software license, we account for the software license element of the arrangement consistent with the acquisition of other software licenses. If a cloud computing arrangement does not include a software license, we account for the arrangement as a service contract.",A100,1,significant_accounting_policies,NOTE 1: ORGANIZATION AND SUMMARY OF SIGNIFICANT ACCOUNTING POLICIES,3,True,2.0-7.0 ans | 5.0 ans | 10.0 ans,"score=5,idx=10127,zone=13049",626,OK,
0000876523,EZPW,2021,0000876523_EZPW_FY2021_10K.html,,2022-06-30,buildings,"We depreciate these assets on a straight-line basis using estimated useful lives of 30 years for buildings and two to seven years for furniture, equipment and software development costs.",2.0,7.0,No,,Not disclosed,,"Software Development Costs and Cloud Computing Arrangements ||| In evaluating whether our cloud computing arrangements include a software license, we consider whether we have the contractual right to take possession of the software at any time during the hosting period without significant penalty and whether it is feasible for us to either run the software on our own hardware or contract with another party unrelated to the vendor to host the software. If a cloud computing arrangement includes a software license, we account for the software license element of the arrangement consistent with the acquisition of other software licenses. If a cloud computing arrangement does not include a software license, we account for the arrangement as a service contract.",,0,significant_accounting_policies,NOTE 1: ORGANIZATION AND SUMMARY OF SIGNIFICANT ACCOUNTING POLICIES,3,True,2.0-7.0 ans | 5.0 ans | 10.0 ans,"score=5,idx=8762,zone=12726",670,OK,
0000876523,EZPW,2022,0000876523_EZPW_FY2022_10K.html,,2022-11-30,buildings,"We depreciate these assets on a straight-line basis using estimated useful lives of 30 years for buildings and two -to-seven years for furniture, equipment and software development costs.",7.0,,No,,Not disclosed,,"Software Development Costs and Cloud Computing Arrangements ||| In evaluating whether our cloud computing arrangements include a software license, we consider whether we have the contractual right to take possession of the software at any time during the hosting period without significant penalty and whether it is feasible for us to either run the software on our own hardware or contract with another party unrelated to the vendor to host the software. If a cloud computing arrangement includes a software license, we account for the software license element of the arrangement consistent with the acquisition of other software licenses. If a cloud computing arrangement does not include a software license, we account for the arrangement as a service contract.",A100,1,significant_accounting_policies,NOTE 1: ORGANIZATION AND SUMMARY OF SIGNIFICANT ACCOUNTING POLICIES,3,True,5.0 ans | 7.0 ans | 10.0 ans,"score=5,idx=8981,zone=12496",635,OK,
0000876523,EZPW,2023,0000876523_EZPW_FY2023_10K.html,,2023-10-31,buildings,"We depreciate these assets on a straight-line basis using estimated useful lives of 30 years for buildings and two -to-seven years for furniture, equipment and software development costs.",7.0,,No,,Not disclosed,,"Software Development Costs and Cloud Computing Arrangements ||| In evaluating whether our cloud computing arrangements include a software license, we consider whether we have the contractual right to take possession of the software at any time during the hosting period without significant penalty and whether it is feasible for us to either run the software on our own hardware or contract with another party unrelated to the vendor to host the software. If a cloud computing arrangement includes a software license, we account for the software license element of the arrangement consistent with the acquisition of other software licenses. If a cloud computing arrangement does not include a software license, we account for the arrangement as a service contract. For cloud computing arrangements that meet the definition of a service contract, the Company capitalizes implementation costs incurred during the application development stage and until the software is ready for its intended use within Other assets, net in our Consolidated Balance Sheets and then amortizes the costs on a straight-line basis over the term of the contract. The hosting service fees are not considered an implementation cost and are treated as a prepaid expense and then the Company amortizes the costs on a straight-line basis over the term of the contract. Costs related to data conversion, training and other maintenance activities are expensed as incurred.",,0,significant_accounting_policies,NOTE 1: ORGANIZATION AND SUMMARY OF SIGNIFICANT ACCOUNTING POLICIES,3,True,5.0 ans | 7.0 ans | 10.0 ans,"score=5,idx=9523,zone=13354",637,OK,
0000876523,EZPW,2024,0000876523_EZPW_FY2024_10K.html,,2024-10-31,buildings,"We depreciate these assets on a straight-line basis using estimated useful lives of 30 years for buildings and two -to-seven years for furniture, equipment and software development costs.",7.0,,No,,Not disclosed,,"Software Development Costs and Cloud Computing Arrangements ||| In evaluating whether our cloud computing arrangements include a software license, we consider whether we have the contractual right to take possession of the software at any time during the hosting period without significant penalty and whether it is feasible for us to either run the software on our own hardware or contract with another party unrelated to the vendor to host the software. If a cloud computing arrangement includes a software license, we account for the software license element of the arrangement consistent with the acquisition of other software licenses. If a cloud computing arrangement does not include a software license, we account for the arrangement as a service contract. For cloud computing arrangements that meet the definition of a service contract, the Company capitalizes implementation costs incurred during the application development stage and until the software is ready for its intended use within Other assets, net in our Consolidated Balance Sheets and then amortizes the costs on a straight-line basis over the term of the contract. The hosting service fees are not considered an implementation cost and are treated as a prepaid expense and then the Company amortizes the costs on a straight-line basis over the term of the contract. Costs related to data conversion, training and other maintenance activities are expensed as incurred.",,0,significant_accounting_policies,NOTE 1: ORGANIZATION AND SUMMARY OF SIGNIFICANT ACCOUNTING POLICIES,3,True,5.0 ans | 7.0 ans | 10.0 ans,"score=5,idx=9103,zone=12759",587,OK,
0000877212,ZBRA,2013,0000877212_ZBRA_FY2013_10K.html,,"December 31, 2013",Not disclosed,Not disclosed,,,No,,Not disclosed,,Not disclosed,,0,unknown,,0,False,,"score=4,idx=15916,zone=10",2,OK,
0000877212,ZBRA,2014,0000877212_ZBRA_FY2014_10K.html,,"December 31, 2014",Not disclosed,Not disclosed,,,No,,Not disclosed,,Not disclosed,,0,unknown,,0,False,,"score=4,idx=6543,zone=7",2,OK,
0000877212,ZBRA,2015,0000877212_ZBRA_FY2015_10K.html,,"December 31, 2015",Not disclosed,Not disclosed,,,No,,Not disclosed,,Not disclosed,,0,unknown,,0,False,,"score=3,idx=8473,zone=9",2,OK,
0000877212,ZBRA,2016,0000877212_ZBRA_FY2016_10K.html,,"December 31, 2016",Not disclosed,Not disclosed,,,No,,Not disclosed,,Not disclosed,,0,unknown,,0,False,,"score=3,idx=9148,zone=10",2,OK,
0000877212,ZBRA,2017,0000877212_ZBRA_FY2017_10K.html,,"December 31, 2017",Not disclosed,Not disclosed,,,No,,Not disclosed,,Not disclosed,,0,unknown,,0,False,,"score=3,idx=8612,zone=10",2,OK,
0000877212,ZBRA,2018,0000877212_ZBRA_FY2018_10K.html,,"December 31, 2018","Machinery and equipment, Furniture, office equipment, computer equipment","December 31, 2018 2017 Buildings $ 57 $ 54 Land 7 8 Machinery and equipment 204 233 Furniture and office equipment 18 19 Software and computer equipment 161 235 Leasehold improvements 75 69 Projects in progress 24 23 546 641 Less accumulated depreciation (297 ) (377 ) Property, plant and equipment, net $ 249 $ 264",,,No,,Not disclosed,,"Intangibles - Goodwill and Other - Internal-Use Software (Subtopic 350-40): Customer’s Accounting for Implementation Costs Incurred in a Cloud Computing Arrangement That Is a Service Contract ||| . This ASU clarifies existing guidance related to implementation costs incurred in cloud computing arrangements, including the recognition, subsequent measurement, and financial statement presentation of such costs. The standard will be effective for the Company in the first quarter of 2020, with earlier adoption permitted. Management is still assessing the impact of adoption on its consolidated financial statements. ||| In August 2018, the FASB issued ASU 2018-15, Intangibles - Goodwill and Other - Internal-Use Software (Subtopic 350-40): Customer’s Accounting for Implementation Costs Incurred in a Cloud Computing Arrangement That Is a Service Contract . This ASU clarifies existing guidance related to implementation costs incurred in cloud computing arrangements, including the recognition, subsequent measurement, and financial statement presentation of such costs. The standard will be effective for the Company in the first quarter of 2020, with earlier adoption permitted. Management is still assessing the impact of adoption on its consolidated financial statements.",,0,ppe_note,"Note 7 Property, Plant and Equipment",3,False,,"score=3,idx=8524,zone=20785",908,OK,
0000877212,ZBRA,2019,0000877212_ZBRA_FY2019_10K.html,,"December 31, 2019","Machinery and equipment, Furniture, office equipment, computer equipment","December 31, 2019 2018 Buildings $ 63 $ 57 Land 7 7 Machinery and equipment 232 204 Furniture and office equipment 20 18 Software and computer equipment 168 161 Leasehold improvements 84 75 Projects in progress 36 24 610 546 Less accumulated depreciation (351 ) (297 ) Property, plant and equipment, net $ 259 $ 249",,,No,,Not disclosed,,"Our customers have traditionally benefited from proven solutions that increase productivity and improve efficiency and asset utilization. The Company is poised to drive, and capitalize on, the evolution of the data capture industry into the broader EAI industry, based on important technology trends like the Internet of Things (“IoT”), ubiquitous mobility, automation and cloud computing. EAI solutions offer additional benefits to our customers including real-time, data-driven insights that improve operational visibility and drive workflow optimization.",,0,ppe_note,"Note 7 Property, Plant and Equipment",3,True,3.0-10.0 ans | 10.0 ans,"score=3,idx=12719,zone=22668",926,OK,
0000877212,ZBRA,2020,0000877212_ZBRA_FY2020_10K.html,,2020-12-31,"Machinery and equipment, Furniture, office equipment, computer equipment","December 31, 2020 2019 Buildings $ 68 $ 63 Land 7 7 Machinery and equipment 248 232 Furniture and office equipment 25 20 Software and computer equipment 162 168 Leasehold improvements 92 84 Projects in progress 41 36 643 610 Less accumulated depreciation (369) (351) Property, plant and equipment, net $ 274 $ 259",,,No,,Not disclosed,,"Our customers have traditionally benefited from proven solutions that increase productivity and improve asset efficiency and utilization. The Company is poised to drive, and capitalize on, the evolution of the data capture industry into the broader EAI industry, based on important technology trends like the Internet of Things (“IoT”), ubiquitous mobility, automation and cloud computing. EAI solutions offer additional benefits to our customers including real-time, data-driven insights that improve operational visibility and drive workflow optimization.",,0,ppe_note,"Note 7 Property, Plant and Equipment",3,True,3.0-10.0 ans | 10.0 ans,"score=2,idx=9638,zone=11650",703,OK,
0000877212,ZBRA,2021,0000877212_ZBRA_FY2021_10K.html,,2021-12-31,"Machinery and equipment, Furniture, office equipment, computer equipment","December 31, 2021 2020 Buildings $ 75 $ 68 Land 7 7 Machinery and equipment 276 248 Furniture and office equipment 26 25 Software and computer equipment 127 162 Leasehold improvements 94 92 Projects in progress 40 41 645 643 Less accumulated depreciation (373) (369) Property, plant and equipment, net $ 272 $ 274",,,No,,Not disclosed,,"Our customers have traditionally benefited from proven solutions that increase productivity and improve asset efficiency and utilization. The Company is poised to drive, and capitalize on, the evolution of the data capture industry into the broader EAI industry, supported by technology trends including the Internet of Things (“IoT”), ubiquitous mobility, automation, cloud computing, and the increasingly on-demand global economy. EAI solutions offer additional benefits to our customers including real-time, data-driven insights that improve operational visibility and drive workflow optimization.",B200,1,ppe_note,"Note 7 Property, Plant and Equipment",3,True,3.0-10.0 ans | 10.0 ans,"score=2,idx=8856,zone=11722",675,OK,
0000877212,ZBRA,2022,0000877212_ZBRA_FY2022_10K.html,,2022-12-31,"Machinery and equipment, Furniture, office equipment, computer equipment","December 31, 2022 2021 Buildings $ 75 $ 75 Land 7 7 Machinery and equipment 318 276 Furniture and office equipment 24 26 Software and computer equipment 125 127 Leasehold improvements 88 94 Projects in progress 48 40 685 645 Less accumulated depreciation (407) (373) Property, plant and equipment, net $ 278 $ 272",,,No,,Not disclosed,,Not disclosed,,0,ppe_note,"Note 7 Property, Plant and Equipment",3,True,3.0-10.0 ans | 10.0 ans,"score=2,idx=8730,zone=11473",648,OK,
0000877212,ZBRA,2023,0000877212_ZBRA_FY2023_10K.html,,2023-12-31,"Machinery and equipment, Furniture, office equipment, computer equipment","December 31, 2023 2022 Buildings $ 86 $ 75 Land 8 7 Machinery and equipment 343 318 Furniture and office equipment 34 24 Software and computer equipment 104 125 Leasehold improvements 112 88 Projects in progress 44 48 Property, plant and equipment, gross $ 731 $ 685 Less accumulated depreciation (422) (407) Property, plant and equipment, net $ 309 $ 278",,,No,,Not disclosed,,"• Purchase obligations — The Company has a limited number of multi-year purchase commitments, primarily related to semiconductors and cloud services, which contain minimum purchase requirements and are non-cancellable. As of December 31, 2023, these multi-year commitments were approximately $124 million. This amount excludes routine purchase orders for goods and services, as well as amounts already reflected within Current liabilities on the Consolidated Balance Sheet. See Note 14, Accrued Liabilities, Commitments and Contingencies in the Notes to Consolidated Financial Statements for additional details. ||| Purchase obligations — The Company has a limited number of multi-year purchase commitments, primarily related to semiconductors and cloud services, which contain minimum purchase requirements and are non-cancellable. As of December 31, 2023, these multi-year commitments were approximately $124 million. This amount excludes routine purchase orders for goods and services, as well as amounts already reflected within Current liabilities on the Consolidated Balance Sheet. See Note 14,",,0,ppe_note,"Note 7 Property, Plant and Equipment",3,True,3.0-10.0 ans | 10.0 ans,"score=2,idx=8659,zone=11264",635,OK,
0000877212,ZBRA,2024,0000877212_ZBRA_FY2024_10K.html,,2025-03-29,"Machinery and equipment, Furniture, office equipment, computer equipment","December 31, 2024 2023 Buildings $ 99 $ 86 Land 7 8 Machinery and equipment 377 343 Furniture and office equipment 33 34 Software and computer equipment 107 104 Leasehold improvements 115 112 Projects in progress 43 44 Property, plant and equipment, gross $ 781 $ 731 Less accumulated depreciation (476) (422) Property, plant and equipment, net $ 305 $ 309",,,No,,Not disclosed,,"• Purchase obligations — The Company has a limited number of multi-year purchase commitments, primarily related to semiconductors and cloud services, which contain minimum purchase requirements and are non-cancellable. As of December 31, 2024, these multi-year commitments were approximately $138 million. This amount excludes routine purchase orders for goods and services, as well as amounts already reflected within Current liabilities on the Consolidated Balance Sheet. See Note 14, Accrued Liabilities, Commitments and Contingencies in the Notes to Consolidated Financial Statements for additional details. ||| Purchase obligations — The Company has a limited number of multi-year purchase commitments, primarily related to semiconductors and cloud services, which contain minimum purchase requirements and are non-cancellable. As of December 31, 2024, these multi-year commitments were approximately $138 million. This amount excludes routine purchase orders for goods and services, as well as amounts already reflected within Current liabilities on the Consolidated Balance Sheet. See Note 14,",,0,ppe_note,"Note 7 Property, Plant and Equipment",3,False,,"score=2,idx=8367,zone=10825",606,OK,
0001127703,PRA,2013,0001127703_PRA_FY2013_10K.html,,,Not disclosed,Not disclosed,,,No,,Not disclosed,,Not disclosed,,0,unknown,,0,False,,"score=7,idx=31291,zone=117",10,OK,
0001127703,PRA,2014,0001127703_PRA_FY2014_10K.html,,,Not disclosed,Not disclosed,,,No,,Not disclosed,,Not disclosed,,0,unknown,,0,False,,"score=7,idx=36753,zone=109",10,OK,
0001127703,PRA,2015,0001127703_PRA_FY2015_10K.html,,,Not disclosed,Not disclosed,,,No,,Not disclosed,,Not disclosed,,0,unknown,,0,False,,"score=7,idx=41959,zone=111",12,OK,
0001127703,PRA,2016,0001127703_PRA_FY2016_10K.html,,,Not disclosed,Not disclosed,,,No,,Not disclosed,,Not disclosed,,0,unknown,,0,False,,"score=7,idx=44922,zone=112",12,OK,
0001127703,PRA,2017,0001127703_PRA_FY2017_10K.html,,,Not disclosed,Not disclosed,,,No,,Not disclosed,,Not disclosed,,0,unknown,,0,False,,"score=7,idx=49229,zone=112",12,OK,
0001127703,PRA,2018,0001127703_PRA_FY2018_10K.html,,,Not disclosed,Not disclosed,,,No,,Not disclosed,,Not disclosed,,0,unknown,,0,False,,"score=7,idx=53161,zone=112",12,OK,
0001127703,PRA,2019,0001127703_PRA_FY2019_10K.html,,2019-12-31,Not disclosed,Not disclosed,,,No,,Not disclosed,,Not disclosed,,0,unknown,,0,False,,"score=7,idx=46454,zone=112",12,OK,
0001127703,PRA,2020,0001127703_PRA_FY2020_10K.html,,2021-06-30,Not disclosed,Not disclosed,,,No,,Not disclosed,,Not disclosed,,0,unknown,,0,False,,"score=5,idx=30042,zone=92",9,OK,
0001127703,PRA,2021,0001127703_PRA_FY2021_10K.html,,2021-12-31,Not disclosed,Not disclosed,,,No,,Not disclosed,,Not disclosed,B200,1,unknown,,0,False,,"score=5,idx=29459,zone=88",10,OK,
0001127703,PRA,2022,0001127703_PRA_FY2022_10K.html,,2022-12-31,Not disclosed,Not disclosed,,,No,,Not disclosed,,Not disclosed,,0,unknown,,0,False,,"score=5,idx=28661,zone=88",10,OK,
0001127703,PRA,2023,0001127703_PRA_FY2023_10K.html,,2023-12-31,Not disclosed,Not disclosed,,,No,,Not disclosed,,Not disclosed,,0,unknown,,0,False,,"score=5,idx=31805,zone=88",10,OK,
0001127703,PRA,2024,0001127703_PRA_FY2024_10K.html,,2024-12-31,Not disclosed,Not disclosed,,,No,,Not disclosed,,Not disclosed,,0,unknown,,0,False,,"score=5,idx=27209,zone=88",10,OK,
0001520262,ALKS,2013,0001520262_ALKS_FY2013_10K.html,,"March 31, 2013",Not disclosed,Not disclosed,,,No,,Not disclosed,,Not disclosed,,0,unknown,,0,False,,"score=4,idx=11932,zone=1807",22,OK,
0001520262,ALKS,2014,0001520262_ALKS_FY2014_10K.html,,"December 31, 2014",Not disclosed,Not disclosed,,,No,,Not disclosed,,Not disclosed,,0,unknown,,0,False,,"score=4,idx=19902,zone=2910",25,OK,
0001520262,ALKS,2015,0001520262_ALKS_FY2015_10K.html,,,Not disclosed,Not disclosed,,,No,,Not disclosed,,Not disclosed,,0,unknown,,0,False,,"score=4,idx=18406,zone=1756",27,OK,
0001520262,ALKS,2016,0001520262_ALKS_FY2016_10K.html,,"December 31, 2016",Not disclosed,Not disclosed,,,No,,Not disclosed,,Not disclosed,,0,unknown,,0,False,,"score=4,idx=14904,zone=2006",21,OK,
0001520262,ALKS,2017,0001520262_ALKS_FY2017_10K.html,,"December 31, 2017",Not disclosed,Not disclosed,,,No,,Not disclosed,,Not disclosed,,0,unknown,,0,False,,"score=4,idx=14025,zone=2082",21,OK,
0001520262,ALKS,2018,0001520262_ALKS_FY2018_10K.html,,"December 31, 2018",Not disclosed,Not disclosed,,,No,,Not disclosed,,Not disclosed,,0,unknown,,0,False,,"score=4,idx=10425,zone=1717",22,OK,
0001520262,ALKS,2019,0001520262_ALKS_FY2019_10K.html,,2021-12-31,Not disclosed,Not disclosed,,,No,,Not disclosed,,Not disclosed,,0,unknown,,0,False,,"score=4,idx=12550,zone=1769",25,OK,
0001520262,ALKS,2020,0001520262_ALKS_FY2020_10K.html,,2020-12-31,Not disclosed,Not disclosed,,,No,,Not disclosed,,Not disclosed,,0,unknown,,0,False,,"score=4,idx=12657,zone=1772",26,OK,
0001520262,ALKS,2021,0001520262_ALKS_FY2021_10K.html,,2022-01-31,Not disclosed,Not disclosed,,,No,,Not disclosed,,Not disclosed,,0,unknown,,0,False,,"score=4,idx=10698,zone=4",3,OK,
0001520262,ALKS,2022,0001520262_ALKS_FY2022_10K.html,,2023-01-31,Not disclosed,Not disclosed,,,No,,Not disclosed,,Not disclosed,,0,unknown,,0,False,,"score=4,idx=11112,zone=4",3,OK,
0001520262,ALKS,2023,0001520262_ALKS_FY2023_10K.html,,2024-02-08,Not disclosed,Not disclosed,,,No,,Not disclosed,,Not disclosed,,0,unknown,,0,False,,"score=4,idx=12865,zone=2327",20,OK,
0001520262,ALKS,2024,0001520262_ALKS_FY2024_10K.html,,2024-12-31,Not disclosed,Not disclosed,,,No,,Not disclosed,,Not disclosed,,0,unknown,,0,False,,"score=4,idx=13172,zone=2326",21,OK,
