firm_cik,firm_ticker,fiscal_year,filename,filing_date,period_end_date,asset_category,useful_life_text,useful_life_min_years,useful_life_max_years,policy_change,policy_change_text,ai_infra_text,ai_infra_source,segment_ai_text,hardware_mentions,hardware_count,source_section,section_title,confidence,ambiguity_flag,ambiguity_detail,item8_method,item8_segment_count,extraction_status,error_message
0000868857,ACM,2013,0000868857_ACM_FY2013_10K.html,,"SEPTEMBER 30, 2013","equipment, furniture and fixtures","Typically, estimated useful lives range from three to ten years for equipment, furniture and fixtures.",3.0,10.0,No,,Not disclosed,,Not disclosed,,0,significant_accounting_policies,1. Significant Accounting Policies (Continued),3,False,,"score=7,idx=13156,zone=24064",713,OK,
0000868857,ACM,2014,0000868857_ACM_FY2014_10K.html,,"SEPTEMBER 30, 2014","equipment, furniture and fixtures","Typically, estimated useful lives range from three to ten years for equipment, furniture and fixtures.",3.0,10.0,No,,Not disclosed,,Not disclosed,,0,significant_accounting_policies,1. Significant Accounting Policies (Continued),3,False,,"score=7,idx=17670,zone=33954",730,OK,
0000868857,ACM,2015,0000868857_ACM_FY2015_10K.html,,"SEPTEMBER 30, 2015","equipment, furniture and fixtures","Property and Equipment —Property and equipment are recorded at cost and are depreciated over their estimated useful lives using the straight-line
method. Typically, estimated useful lives range from three to ten years for equipment, furniture and fixtures.",3.0,10.0,No,,Not disclosed,,Not disclosed,,0,significant_accounting_policies,1. Significant Accounting Policies (Continued),3,False,,"score=7,idx=16600,zone=45275",755,OK,
0000868857,ACM,2016,0000868857_ACM_FY2016_10K.html,,"SEPTEMBER 30, 2016","equipment, furniture and fixtures","Property and Equipment —Property and equipment are recorded at cost and are depreciated over their estimated useful lives using the straight-line
method. Typically, estimated useful lives range from three to ten years for equipment, furniture and fixtures.",3.0,10.0,No,,Not disclosed,,Not disclosed,,0,significant_accounting_policies,1. Significant Accounting Policies (Continued),3,False,,"score=7,idx=16863,zone=45585",769,OK,
0000868857,ACM,2017,0000868857_ACM_FY2017_10K.html,,"SEPTEMBER 30, 2017",computer systems and equipment,"Property and Equipment —Property and equipment are recorded at cost and are depreciated over their estimated useful lives using the straight-line
method. Typically, estimated useful lives range from ten to forty-five years for buildings, three to ten years for furniture and
fixtures and three to twelve years for computer systems and equipment.",3.0,12.0,No,,Not disclosed,,Not disclosed,,0,significant_accounting_policies,1. Significant Accounting Policies (Continued),3,True,3.0-10.0 ans | 3.0-12.0 ans,"score=7,idx=17025,zone=45007",774,OK,
0000868857,ACM,2018,0000868857_ACM_FY2018_10K.html,,"SEPTEMBER 30, 2018",computer systems and equipment,"Property and Equipment —Property and equipment are recorded at cost and are depreciated over their estimated useful lives using the straight-line
method. Typically, estimated useful lives range from ten to forty-five years for buildings, three to ten years for furniture and
fixtures and three to twelve years for computer systems and equipment.",3.0,12.0,No,,Not disclosed,,Not disclosed,,0,significant_accounting_policies,1. Significant Accounting Policies (Continued),3,True,3.0-10.0 ans | 3.0-12.0 ans,"score=7,idx=16887,zone=44547",777,OK,
0000868857,ACM,2019,0000868857_ACM_FY2019_10K.html,,"SEPTEMBER 30, 2019",computer systems and equipment,"Property and Equipment —Property and equipment are recorded at cost and are depreciated over their estimated useful lives using the straight-line method. Typically, estimated useful lives range from ten to forty-five years for buildings, three to ten years for furniture and fixtures and three to twelve years for computer systems and equipment.",3.0,12.0,No,,Not disclosed,,Not disclosed,,0,significant_accounting_policies,1. Significant Accounting Policies,3,True,3.0-10.0 ans | 3.0-12.0 ans,"score=9,idx=16175,zone=39217",634,OK,
0000868857,ACM,2020,0000868857_ACM_FY2020_10K.html,,"SEPTEMBER 30, 2020",computer systems and equipment,"Property and Equipment —Property and equipment are recorded at cost and are depreciated over their estimated useful lives using the straight-line method. Typically, estimated useful lives range from ten to forty-five years for buildings, three to ten years for furniture and fixtures and three to twelve years for computer systems and equipment.",3.0,12.0,No,,Not disclosed,,Not disclosed,,0,significant_accounting_policies,1. Significant Accounting Policies,3,True,3.0-10.0 ans | 3.0-12.0 ans,"score=9,idx=15991,zone=29418",637,OK,
0000868857,ACM,2021,0000868857_ACM_FY2021_10K.html,,"SEPTEMBER 30, 2021",computer systems and equipment,"Property and Equipment —Property and equipment are recorded at cost and are depreciated over their estimated useful lives using the straight-line method. Typically, estimated useful lives range from ten to forty-five years for buildings, three to ten years for furniture and fixtures and three to twelve years for computer systems and equipment.",3.0,12.0,No,,Not disclosed,,Not disclosed,,0,significant_accounting_policies,1. Significant Accounting Policies,3,True,3.0-10.0 ans | 3.0-12.0 ans,"score=9,idx=10373,zone=29921",608,OK,
0000868857,ACM,2022,0000868857_ACM_FY2022_10K.html,,"SEPTEMBER 30, 2022",computer systems and equipment,"Property and Equipment —Property and equipment are recorded at cost and are depreciated over their estimated useful lives using the straight-line method. Typically, estimated useful lives range from ten to forty-five years for buildings, three to ten years for furniture and fixtures and three to twelve years for computer systems and equipment.",3.0,12.0,No,,Not disclosed,,Not disclosed,,0,significant_accounting_policies,1. Significant Accounting Policies,3,True,3.0-10.0 ans | 3.0-12.0 ans,"score=9,idx=10531,zone=29977",599,OK,
0000868857,ACM,2023,0000868857_ACM_FY2023_10K.html,,"SEPTEMBER 30, 2023",computer systems and equipment,"Property and Equipment —Property and equipment are recorded at cost and are depreciated over their estimated useful lives using the straight-line method. Typically, estimated useful lives range from ten to forty-five years for buildings, three to ten years for furniture and fixtures and three to twelve years for computer systems and equipment.",3.0,12.0,No,,Not disclosed,,Not disclosed,,0,significant_accounting_policies,1. Significant Accounting Policies,3,True,3.0-10.0 ans | 3.0-12.0 ans,"score=9,idx=10460,zone=27052",582,OK,
0000868857,ACM,2024,0000868857_ACM_FY2024_10K.html,,"SEPTEMBER 30, 2024",computer systems and equipment,"Property and Equipment —Property and equipment are recorded at cost and are depreciated over their estimated useful lives using the straight-line method. Typically, estimated useful lives range from ten to forty-five years for buildings, three to ten years for furniture and fixtures and three to twelve years for computer systems and equipment.",3.0,12.0,No,,Not disclosed,,Not disclosed,,0,significant_accounting_policies,1. Significant Accounting Policies,3,True,3.0-10.0 ans | 3.0-12.0 ans,"score=9,idx=10803,zone=27366",576,OK,
0001039399,FORM,2013,0001039399_FORM_FY2013_10K.html,,,Not disclosed,Not disclosed,,,Not disclosed,,Not disclosed,,Not disclosed,,0,unknown,,0,False,,NO_ITEM8_FOUND,0,ITEM8_NOT_FOUND,Item 8 non trouvé (NO_ITEM8_FOUND).
0001039399,FORM,2014,0001039399_FORM_FY2014_10K.html,,,Not disclosed,Not disclosed,,,Not disclosed,,Not disclosed,,Not disclosed,,0,unknown,,0,False,,NO_ITEM8_FOUND,0,ITEM8_NOT_FOUND,Item 8 non trouvé (NO_ITEM8_FOUND).
0001039399,FORM,2015,0001039399_FORM_FY2015_10K.html,,,Not disclosed,Not disclosed,,,Not disclosed,,Not disclosed,,Not disclosed,,0,unknown,,0,False,,NO_ITEM8_FOUND,0,ITEM8_NOT_FOUND,Item 8 non trouvé (NO_ITEM8_FOUND).
0001039399,FORM,2016,0001039399_FORM_FY2016_10K.html,,,Not disclosed,Not disclosed,,,Not disclosed,,Not disclosed,,Not disclosed,,0,unknown,,0,False,,NO_ITEM8_FOUND,0,ITEM8_NOT_FOUND,Item 8 non trouvé (NO_ITEM8_FOUND).
0001039399,FORM,2017,0001039399_FORM_FY2017_10K.html,,,Not disclosed,Not disclosed,,,Not disclosed,,Not disclosed,,Not disclosed,,0,unknown,,0,False,,NO_ITEM8_FOUND,0,ITEM8_NOT_FOUND,Item 8 non trouvé (NO_ITEM8_FOUND).
0001039399,FORM,2018,0001039399_FORM_FY2018_10K.html,,,Not disclosed,Not disclosed,,,Not disclosed,,Not disclosed,,Not disclosed,,0,unknown,,0,False,,NO_ITEM8_FOUND,0,ITEM8_NOT_FOUND,Item 8 non trouvé (NO_ITEM8_FOUND).
0001039399,FORM,2019,0001039399_FORM_FY2019_10K.html,,"December 28, 2019",Not disclosed,Not disclosed,,,Not disclosed,,Not disclosed,,Not disclosed,,0,unknown,,0,False,,NO_ITEM8_FOUND,0,ITEM8_NOT_FOUND,Item 8 non trouvé (NO_ITEM8_FOUND).
0001039399,FORM,2020,0001039399_FORM_FY2020_10K.html,,2020-12-26,Not disclosed,Not disclosed,,,Not disclosed,,Not disclosed,,Not disclosed,,0,unknown,,0,False,,NO_ITEM8_FOUND,0,ITEM8_NOT_FOUND,Item 8 non trouvé (NO_ITEM8_FOUND).
0001039399,FORM,2021,0001039399_FORM_FY2021_10K.html,,2021-12-25,Not disclosed,Not disclosed,,,Not disclosed,,Not disclosed,,Not disclosed,,0,unknown,,0,False,,NO_ITEM8_FOUND,0,ITEM8_NOT_FOUND,Item 8 non trouvé (NO_ITEM8_FOUND).
0001039399,FORM,2022,0001039399_FORM_FY2022_10K.html,,2023-01-31,Not disclosed,Not disclosed,,,Not disclosed,,Not disclosed,,Not disclosed,,0,unknown,,0,False,,NO_ITEM8_FOUND,0,ITEM8_NOT_FOUND,Item 8 non trouvé (NO_ITEM8_FOUND).
0001039399,FORM,2023,0001039399_FORM_FY2023_10K.html,,2023-12-30,Not disclosed,Not disclosed,,,Not disclosed,,Not disclosed,,Not disclosed,,0,unknown,,0,False,,NO_ITEM8_FOUND,0,ITEM8_NOT_FOUND,Item 8 non trouvé (NO_ITEM8_FOUND).
0001039399,FORM,2024,0001039399_FORM_FY2024_10K.html,,2025-02-21,Not disclosed,Not disclosed,,,Not disclosed,,Not disclosed,,Not disclosed,,0,unknown,,0,False,,NO_ITEM8_FOUND,0,ITEM8_NOT_FOUND,Item 8 non trouvé (NO_ITEM8_FOUND).
0001065280,NFLX,2013,0001065280_NFLX_FY2013_10K.html,,"December 31, 2013",Not disclosed,Not disclosed,,,No,,Not disclosed,,Not disclosed,,0,unknown,,0,False,,"score=3,idx=9376,zone=10",2,OK,
0001065280,NFLX,2014,0001065280_NFLX_FY2014_10K.html,,"December 31, 2014",Not disclosed,Not disclosed,,,No,,Not disclosed,,Not disclosed,,0,unknown,,0,False,,"score=3,idx=10365,zone=20",2,OK,
0001065280,NFLX,2015,0001065280_NFLX_FY2015_10K.html,,"December 31, 2015",Not disclosed,Not disclosed,,,No,,Not disclosed,,"own global content delivery network (""Open Connect"") to help us efficiently stream a high volume of content to our members over the Internet. Streaming delivery expenses, therefore, also include equipment costs related to our content delivery network and all third-party costs, such as cloud computing costs, associated with delivering streaming content over the Internet. Cost of revenues in the Domestic DVD segment consist primarily of delivery expenses, content expenses, including amortization of DVD content assets and revenue sharing expenses, and other expenses associated with our DVD processing and customer service centers. Delivery expenses for the Domestic DVD segment consist of the postage costs to mail DVDs to and from our members and the packaging and label costs for the mailers. ||| The increase in technology and development expenses was primarily due to a $133.2 million increase in personnel-related costs resulting from an increase in compensation for existing employees and a 20% growth in average headcount supporting continued improvements in our streaming service and our international expansion. In addition, third party expenses, including costs associated with cloud computing, increased $23.8 million.",,0,unknown,,0,False,,"score=3,idx=9337,zone=10",2,OK,
0001065280,NFLX,2016,0001065280_NFLX_FY2016_10K.html,,,Not disclosed,Not disclosed,,,No,,Not disclosed,,"delivery expenses, therefore, include equipment costs related to Open Connect and all third-party costs, such as cloud computing costs, associated with delivering streaming content over the internet. Cost of revenues in the Domestic DVD segment consist primarily of delivery expenses, content expenses, including amortization of DVD content assets and revenue sharing expenses, and other expenses associated with our DVD processing and customer service centers. Delivery expenses for the Domestic DVD segment consist of the postage costs to mail DVDs to and from our members and the packaging and label costs for the mailers. ||| The increase in technology and development expenses was primarily due to a $162.3 million increase in personnel-related costs resulting from an increase in compensation for existing employees and a 20% growth in average headcount supporting continued improvements in our streaming service and our international expansion. In addition, third-party expenses, including costs associated with cloud computing, increased $27.3 million. ||| The increase in technology and development expenses was primarily due to a $133.2 million increase in personnel-related costs resulting from an increase in compensation for existing employees and a 20% growth in average headcount supporting continued improvements in our streaming service and our international expansion. In addition, third-party expenses, including costs associated with cloud computing, increased $23.8 million.",,0,unknown,,0,False,,"score=3,idx=9449,zone=11",2,OK,
0001065280,NFLX,2017,0001065280_NFLX_FY2017_10K.html,,,Not disclosed,Not disclosed,,,No,,Not disclosed,,"as cloud computing costs, associated with delivering streaming content over the internet. Other operations costs include customer service and payment processing fees, including those we pay to our integrated payment partners, as well as other costs incurred in making our content available to members. ||| growth in average headcount supporting continued improvements in our streaming service and our international expansion. In addition, third-party expenses, including costs associated with cloud computing, increased ||| The increase in technology and development expenses was primarily due to a $131.1 million increase in personnel-related costs, including stock-based compensation expense, resulting from an increase in compensation for existing employees and a 3% growth in average headcount supporting continued improvements in our streaming service and our international expansion. In addition, third-party expenses, including costs associated with cloud computing, increased $39.1 million and facilities-related costs increased $30.1 million , primarily driven by costs for our expanded Los Gatos, California headquarters.",,0,unknown,,0,False,,"score=3,idx=9674,zone=11",2,OK,
0001065280,NFLX,2018,0001065280_NFLX_FY2018_10K.html,,,Not disclosed,Not disclosed,,,No,,Not disclosed,,"Expenses associated with the acquisition, licensing and production of streaming content (such as payroll and related personnel expenses, costs associated with obtaining rights to music included in our content, overall deals with talent, miscellaneous production related costs and participations and residuals), streaming delivery costs and other operations costs, make up the remainder of cost of revenues. We have built our own global content delivery network (""Open Connect"") to help us efficiently stream a high volume of content to our members over the internet. Streaming delivery expenses, therefore, include equipment costs related to Open Connect, payroll and related personnel expenses and all third-party costs, such as cloud computing costs, associated with delivering streaming content over the internet. Other operations costs include customer service and payment processing fees, including those we pay to our integrated payment partners, as well as other costs incurred in making our content available to members. ||| Other purchase obligations include all other non-cancelable contractual obligations. These contracts are primarily related to streaming delivery and cloud computing costs, as well as other miscellaneous open purchase orders for which we have not received the related services or goods. ||| The increase in technology and development expenses was primarily due to a $120 million increase in personnel-related costs, including stock-based compensation expense, resulting from an increase in compensation for existing employees and growth in average headcount supporting continued improvements in our streaming service and our international expansion. In addition, third-party expenses, including costs associated with cloud computing, increased $25 million and facilities-related costs increased $24 million , primarily driven by costs for our expanded Los Gatos, California headquarters.",,0,unknown,,0,False,,"score=3,idx=9348,zone=11",2,OK,
0001065280,NFLX,2019,0001065280_NFLX_FY2019_10K.html,,"December 31, 2019",Not disclosed,Not disclosed,,,No,,Not disclosed,,"Other purchase obligations include all other non-cancelable contractual obligations. These contracts are primarily related to streaming delivery and cloud computing costs, as well as other miscellaneous open purchase orders for which we have not received the related services or goods. ||| Amortization of streaming content assets makes up the majority of cost of revenues. Expenses associated with the acquisition, licensing and production of streaming content (such as payroll and related personnel expenses, costs associated with obtaining rights to music included in our content, overall deals with talent, miscellaneous production related costs and participations and residuals), streaming delivery costs and other operations costs make up the remainder of cost of revenues. We have built our own global content delivery network (“Open Connect”) to help us efficiently stream a high volume of content to our members over the internet. Streaming delivery expenses, therefore, include equipment costs related to Open Connect, payroll and related personnel expenses and all third-party costs, such as cloud computing costs, associated with delivering streaming content over the internet. Other operations costs include customer service and payment processing fees, including those we pay to our integrated payment partners, as well as other costs incurred in making our content available to members. ||| The increase in technology and development expenses for the year ended December 31, 2019 as compared to the year ended December 31, 2018 was primarily due to a $305 million increase in personnel-related costs, including increases in compensation for existing employees and growth in average headcount to support the increase in our production activity and continued improvements in our streaming service. In addition, third-party expenses, including costs associated with cloud computing, increased $18 million .",,0,unknown,,0,False,,"score=3,idx=11522,zone=11",2,OK,
0001065280,NFLX,2020,0001065280_NFLX_FY2020_10K.html,,2020-12-31,Not disclosed,Not disclosed,,,No,,Not disclosed,,"Amortization of content assets makes up the majority of cost of revenues. Expenses associated with the acquisition, licensing and production of content (such as payroll and related personnel expenses, costs associated with obtaining rights to music included in our content, overall deals with talent, miscellaneous production related costs and participations and residuals), streaming delivery costs and other operations costs make up the remainder of cost of revenues. We have built our own global content delivery network (“Open Connect”) to help us efficiently stream a high volume of content to our members over the internet. Delivery expenses, therefore, include equipment costs related to Open Connect, payroll and related personnel expenses and all third-party costs, such as cloud computing costs, associated with delivering content over the internet. Other operations costs include customer service and payment processing fees, including those we pay to our integrated payment partners, as well as other costs incurred in making our content available to members. ||| (4) Other purchase obligations include all other non-cancelable contractual obligations. These contracts are primarily related to streaming delivery and cloud computing costs, as well as other miscellaneous open purchase orders for which we have not received the related services or goods. ||| Other purchase obligations include all other non-cancelable contractual obligations. These contracts are primarily related to streaming delivery and cloud computing costs, as well as other miscellaneous open purchase orders for which we have not received the related services or goods.",,0,unknown,,0,False,,"score=2,idx=6757,zone=8",2,OK,
0001065280,NFLX,2021,0001065280_NFLX_FY2021_10K.html,,2021-12-31,Not disclosed,Not disclosed,,,No,,Not disclosed,,"Amortization of content assets makes up the majority of cost of revenues. Expenses directly associated with the acquisition, licensing and production of content (such as payroll and related personnel expenses, costs associated with obtaining rights to music included in our content, overall deals with talent, miscellaneous production related costs and participations and residuals), streaming delivery costs and other operations costs make up the remainder of cost of revenues. We have built our own global content delivery network (“Open Connect”) to help us efficiently stream a high volume of content to our members over the internet. Delivery expenses, therefore, include equipment costs related to Open Connect, payroll and related personnel expenses and all third-party costs, such as cloud computing costs, associated with delivering content over the internet. Other operations costs include customer service and payment processing fees, including those we pay to our integrated payment partners, as well as other costs directly incurred in making our content available to members.",,0,unknown,,0,False,,"score=2,idx=5791,zone=8",2,OK,
0001065280,NFLX,2022,0001065280_NFLX_FY2022_10K.html,,2022-12-31,Not disclosed,Not disclosed,,,No,,Not disclosed,,"Amortization of content assets makes up the majority of cost of revenues. Expenses directly associated with the acquisition, licensing and production of content (such as payroll and related personnel expenses, costs associated with obtaining rights to music included in our content, overall deals with talent, miscellaneous production related costs and participations and residuals), streaming delivery costs and other operations costs make up the remainder of cost of revenues. We have built our own global content delivery network (“Open Connect”) to help us efficiently stream a high volume of content to our members over the internet. Delivery expenses, therefore, include equipment costs related to Open Connect, payroll and related personnel expenses and all third-party costs, such as cloud computing costs, associated with delivering content over the internet. Other operations costs include customer service and payment processing fees, including those we pay to our integrated payment partners, as well as other costs directly incurred in making our content available to members.",,0,unknown,,0,False,,"score=2,idx=5807,zone=8",2,OK,
0001065280,NFLX,2023,0001065280_NFLX_FY2023_10K.html,,2023-12-31,Not disclosed,Not disclosed,,,No,,Not disclosed,,"Amortization of content assets makes up the majority of cost of revenues. Expenses directly associated with the acquisition, licensing and production of content (such as payroll, stock-based compensation, facilities, and other related personnel expenses, costs associated with obtaining rights to music included in our content, overall deals with talent, miscellaneous production related costs and participations and residuals), streaming delivery costs and other operations costs make up the remainder of cost of revenues. We have built our own global content delivery network (“Open Connect”) to help us efficiently stream a high volume of content to our members over the internet. Delivery expenses, therefore, include equipment costs related to Open Connect, payroll and related personnel expenses and all third-party costs, such as cloud computing costs, associated with delivering content over the internet. Other operations costs include customer service and payment processing fees, including those we pay to our integrated payment partners, as well as other costs directly incurred in making our content available to members.",,0,unknown,,0,False,,"score=2,idx=6401,zone=8",2,OK,
0001065280,NFLX,2024,0001065280_NFLX_FY2024_10K.html,,2024-12-31,Not disclosed,Not disclosed,,,No,,Not disclosed,,"Expenses related to the acquisition, licensing and production of content not included in content amortization may include payroll, stock-based compensation, facilities, and other personnel-related expenses, costs associated with obtaining rights to music included in our content, overall deals with talent, miscellaneous production-related costs and participations and residuals. Streaming delivery costs are primarily related to our global content delivery network (“Open Connect”). We have built our own Open Connect network to help us efficiently stream a high volume of content to our members over the internet. Delivery expenses, therefore, include equipment costs related to Open Connect, payroll and related personnel expenses and all third-party costs, such as cloud computing costs, associated with delivering content over the internet. Other operating costs include customer service and payment processing fees, including those we pay to our integrated payment partners, as well as other costs directly incurred in making our content available to members.",,0,unknown,,0,False,,"score=2,idx=6944,zone=8",2,OK,
0001133470,CVGW,2013,0001133470_CVGW_FY2013_10K.html,,"October 31, 2013",equipment,"Property, plant, and equipment are stated at cost and depreciated over their estimated useful lives using the straight-line method. Useful lives are as follows: buildings and improvements—7 to 50 years; leasehold
improvements—the lesser of the term of the lease or 7 years; equipment—7 to 25 years; information systems hardware and software – 3 to 15 years.",7.0,25.0,Yes,"Property, plant, and equipment are stated at cost and depreciated over their estimated useful lives using the straight-line method. Useful lives are as follows: buildings and improvements—7 to 50 years; leasehold
improvements—the lesser of the term of the lease or 7 years; equipment—7 to 25 years; information systems hardware and software – 3 to 15 years.",Not disclosed,,Not disclosed,,0,significant_accounting_policies,2. Basis of Presentation and Significant Accounting Policies,3,True,3.0-15.0 ans | 7.0 ans,"score=4,idx=6477,zone=10540",410,OK,
0001133470,CVGW,2014,0001133470_CVGW_FY2014_10K.html,,"October 31, 2014",equipment,"Property, plant, and equipment are stated at cost and depreciated over their estimated useful lives using the straight-line method. Useful lives are as follows: buildings and improvements—7 to 50 years; leasehold
improvements—the lesser of the term of the lease or 7 years; equipment—7 to 25 years; information systems hardware and software – 3 to 15 years.",7.0,25.0,Yes,"Property, plant, and equipment are stated at cost and depreciated over their estimated useful lives using the straight-line method. Useful lives are as follows: buildings and improvements—7 to 50 years; leasehold
improvements—the lesser of the term of the lease or 7 years; equipment—7 to 25 years; information systems hardware and software – 3 to 15 years.",Not disclosed,,Not disclosed,,0,significant_accounting_policies,"2. Basis of
Presentation and Significant Accounting Policies",3,True,3.0-15.0 ans | 7.0 ans,"score=4,idx=5806,zone=32853",506,OK,
0001133470,CVGW,2015,0001133470_CVGW_FY2015_10K.html,,,equipment,years; leasehold improvements - the lesser of the term of the lease or 7 years; equipment - 7 to 25 years; information systems hardware and software – 3 to 15 years.,7.0,25.0,Yes,years; leasehold improvements - the lesser of the term of the lease or 7 years; equipment - 7 to 25 years; information systems hardware and software – 3 to 15 years.,Not disclosed,,Not disclosed,,0,significant_accounting_policies,2. Basis of Presentation and Significant Accounting Policies,3,True,3.0-15.0 ans | 7.0 ans,"score=4,idx=12414,zone=15958",708,OK,
0001133470,CVGW,2016,0001133470_CVGW_FY2016_10K.html,,"October 31, 2016",equipment,Useful lives are as follows: buildings and improvements - 7 to 50 years; leasehold improvements - the lesser of the term of the lease or 7 years; equipment - 7 to 25 years; information systems hardware and software – 3 to 10 years.,7.0,25.0,Yes,Useful lives are as follows: buildings and improvements - 7 to 50 years; leasehold improvements - the lesser of the term of the lease or 7 years; equipment - 7 to 25 years; information systems hardware and software – 3 to 10 years.,Not disclosed,,Not disclosed,,0,significant_accounting_policies,2. Basis of Presentation and Significant Accounting Policies,3,True,3.0-10.0 ans | 7.0 ans,"score=4,idx=12344,zone=17075",451,OK,
0001133470,CVGW,2017,0001133470_CVGW_FY2017_10K.html,,"October 31, 2017",Equipment,"Property, Plant, and Equipment Property, plant, and equipment consist of the following (in thousands): October 31, 2017 2016 Land $ 11,569 $ 7,023 Buildings and improvements 44,338 22,480 Leasehold improvements 25,030 8,918 Equipment 79,023 66,109 Information systems - hardware and software 10,264 8,089 Construction in progress 7,487 25,456 177,711 138,075 Less accumulated depreciation and amortization (57,639) (50,238) $ 120,072 $ 87,837 Depreciation expense was $9.5 million, $7.3 million and $6.4 million for fiscal years 2017, 2016, and 2015, of which $0.5 million was related to depreciation on capital leases for fiscal year 2017, 2016, and 2015. Property, plant, and equipment include various capital leases which total $3.4 million and $3.2 million, less accumulated depreciation of $3.0 million and $2.5 million as of October 31, 2017 and 2016.",,,Yes,systems hardware and software – 3 to 10 years.,Not disclosed,,Not disclosed,,0,ppe_note,"4. Property, Plant, and Equipment Property, plant, and equipment consist of the following (in thousands): October 31, 2017 2016 Land $ 11,569 $ 7,023 ",3,True,3.0-10.0 ans | 7.0 ans,"score=4,idx=13045,zone=17818",459,OK,
0001133470,CVGW,2018,0001133470_CVGW_FY2018_10K.html,,"October 31, 2018",equipment,"Property, plant, and equipment are stated at cost and depreciated over their estimated useful lives using the straight-line method. Useful lives are as follows: buildings and improvements - 7 to 50 years; leasehold improvements - the lesser of the term of the lease or 7 years; equipment - 7 to 25 years; information systems hardware and software – 3 to 10 years.",7.0,25.0,Yes,"Property, plant, and equipment are stated at cost and depreciated over their estimated useful lives using the straight-line method. Useful lives are as follows: buildings and improvements - 7 to 50 years; leasehold improvements - the lesser of the term of the lease or 7 years; equipment - 7 to 25 years; information systems hardware and software – 3 to 10 years.",Not disclosed,,Not disclosed,,0,significant_accounting_policies,2. Basis of Presentation and Significant Accounting Policies,3,True,3.0-10.0 ans | 7.0 ans,"score=4,idx=13877,zone=18295",478,OK,
0001133470,CVGW,2019,0001133470_CVGW_FY2019_10K.html,,"October 31, 2019",equipment,"Property, plant, and equipment are stated at cost and depreciated over their estimated useful lives using the straight-line method. Useful lives are as follows: buildings and improvements - 7 to 50 years ; leasehold improvements - the lesser of the term of the lease or 7 years ; equipment - 7 to 25 years ; information systems hardware and software – 3 to 10 years .",7.0,25.0,Yes,"Property, plant, and equipment are stated at cost and depreciated over their estimated useful lives using the straight-line method. Useful lives are as follows: buildings and improvements - 7 to 50 years ; leasehold improvements - the lesser of the term of the lease or 7 years ; equipment - 7 to 25 years ; information systems hardware and software – 3 to 10 years .",Not disclosed,,"In September 2018, the FASB issued and ASU, Intangibles-Goodwill and Other-Internal-Use Software (Subtopic 350-40), Customer’s Accounting for Implementation Costs Incurred in a Cloud Computing Arrangement That is a Service Contract. This ASU requires implementation costs incurred by customers in cloud computing arrangements (i.e., hosting arrangements) to be capitalized under the same premises of authoritative guidance for internal-use software and deferred over the non-cancellable term of the cloud computing arrangements plus any option renewal periods that are reasonably certain to be exercised by the customer or for which the exercise is controlled by the service provider. This ASU will be effective for us beginning the first day of our 2021 fiscal year. We are evaluating the impact of the adoption of this ASU on our financial condition, results of operations and cash flows, and, as such, we are not able to estimate the effect the adoption of the new standard will have on our financial statements.",,0,significant_accounting_policies,2. Basis of Presentation and Significant Accounting Policies,3,True,3.0-10.0 ans | 7.0 ans,"score=6,idx=15962,zone=17230",515,OK,
0001133470,CVGW,2020,0001133470_CVGW_FY2020_10K.html,,"October 31, 2020",equipment,"Property, plant, and equipment are stated at cost and depreciated over their estimated useful lives using the straight-line method. Useful lives are as follows: buildings and improvements - 7 to 50 years ; leasehold improvements - the lesser of the term of the lease or 7 years ; equipment - 7 to 25 years ; information systems hardware and software – 3 to 10 years .",7.0,25.0,Yes,"Property, plant, and equipment are stated at cost and depreciated over their estimated useful lives using the straight-line method. Useful lives are as follows: buildings and improvements - 7 to 50 years ; leasehold improvements - the lesser of the term of the lease or 7 years ; equipment - 7 to 25 years ; information systems hardware and software – 3 to 10 years .",Not disclosed,,"In September 2018, the FASB issued an ASU, Intangibles-Goodwill and Other-Internal-Use Software (Subtopic 350-40), Customer’s Accounting for Implementation Costs Incurred in a Cloud Computing Arrangement That is a Service Contract. This ASU requires implementation costs incurred by customers in cloud computing arrangements (i.e., hosting arrangements) to be capitalized under the same premises of authoritative guidance for internal-use software and deferred over the non-cancellable term of the cloud computing arrangements plus any option renewal periods that are reasonably certain to be exercised by the customer or for which the exercise is controlled by the service provider. This ASU will be effective for us beginning the first day of our 2021 fiscal year. We are evaluating the impact of the adoption of this ASU on our financial condition, results of operations and cash flows, and, as such, we are not able to estimate the effect the adoption of the new standard will have on our financial statements.",,0,significant_accounting_policies,2. Basis of Presentation and Significant Accounting Policies,3,True,3.0-10.0 ans | 7.0 ans | 7.9 ans | 10.0 ans,"score=6,idx=18260,zone=18105",607,OK,
0001133470,CVGW,2021,0001133470_CVGW_FY2021_10K.html,,"October 31, 2021",equipment,"Property, plant, and equipment are stated at cost and depreciated over their estimated useful lives using the straight-line method. Useful lives are as follows: buildings and improvements - 7 to 50 years ; leasehold improvements - the lesser of the term of the lease or 7 years ; equipment - 7 to 25 years ; information systems hardware and software – 3 to 10 years .",7.0,25.0,Yes,"Property, plant, and equipment are stated at cost and depreciated over their estimated useful lives using the straight-line method. Useful lives are as follows: buildings and improvements - 7 to 50 years ; leasehold improvements - the lesser of the term of the lease or 7 years ; equipment - 7 to 25 years ; information systems hardware and software – 3 to 10 years .",Not disclosed,,"On November 1, 2020, the Company adopted an ASU , Intangibles-Goodwill and Other-Internal-Use Software (Subtopic 350-40): Customer’s Accounting for Implementation Costs Incurred in a Cloud Computing Arrangement That Is a Service Contract. This update provides guidance regarding the capitalization of implementation costs incurred in a cloud computing arrangement that is a service contract. This ASU was adopted prospectively and cloud computing implementation costs incurred on November 1, 2020 or later are included in other noncurrent assets in the consolidated balance sheet and are presented within operating cash flows. As of October 31, 2021, capitalized implementation costs included in other noncurrent assets were less than $0.1 million and there was no accumulated amortization or amortization expense recorded during the year ended October 31, 2021.",,0,significant_accounting_policies,2. Basis of Presentation and Significant Accounting Policies,3,True,3.0-10.0 ans | 7.0 ans,"score=6,idx=15120,zone=17088",576,OK,
0001133470,CVGW,2022,0001133470_CVGW_FY2022_10K.html,,2022-12-31,equipment,"Property, plant, and equipment are stated at cost and depreciated over their estimated useful lives using the straight-line method. Useful lives are as follows: buildings and improvements - 7 to 50 years; leasehold improvements - the lesser of the term of the lease or 7 years; equipment - 7 to 25 years; information systems hardware and software – 3 to 10 years .",7.0,25.0,Yes,"Property, plant, and equipment are stated at cost and depreciated over their estimated useful lives using the straight-line method. Useful lives are as follows: buildings and improvements - 7 to 50 years; leasehold improvements - the lesser of the term of the lease or 7 years; equipment - 7 to 25 years; information systems hardware and software – 3 to 10 years .",Not disclosed,,Not disclosed,,0,significant_accounting_policies,2. Basis of Presentation and Significant Accounting Policies,3,True,3.0-10.0 ans | 7.0 ans,"score=6,idx=13944,zone=16450",633,OK,
0001133470,CVGW,2023,0001133470_CVGW_FY2023_10K.html,,2023-11-01,equipment,"Property, plant, and equipment are stated at cost and depreciated over their estimated useful lives using the straight-line method. Useful lives are as follows: buildings and improvements - 7 to 50 years; leasehold improvements - the lesser of the term of the lease or 7 years; equipment - 7 to 25 years; information systems hardware and software – 3 to 10 years .",7.0,25.0,Yes,"Property, plant, and equipment are stated at cost and depreciated over their estimated useful lives using the straight-line method. Useful lives are as follows: buildings and improvements - 7 to 50 years; leasehold improvements - the lesser of the term of the lease or 7 years; equipment - 7 to 25 years; information systems hardware and software – 3 to 10 years .",Not disclosed,,Not disclosed,,0,significant_accounting_policies,2. Basis of Presentation and Significant Accounting Policies,3,True,3.0-10.0 ans | 6.5 ans | 6.9 ans | 7.0 ans | 8.2 ans | 9.3 ans,"score=6,idx=13080,zone=15682",551,OK,
0001133470,CVGW,2024,0001133470_CVGW_FY2024_10K.html,,2025-01-31,equipment,"Property, plant, and equipment are stated at cost and depreciated over their estimated useful lives using the straight-line method. Useful lives are as follows: buildings and improvements - 7 to 50 years; leasehold improvements - the lesser of the term of the lease or 7 years; equipment - 7 to 25 years; information systems hardware and software – 3 to 10 years .",7.0,25.0,Yes,"Property, plant, and equipment are stated at cost and depreciated over their estimated useful lives using the straight-line method. Useful lives are as follows: buildings and improvements - 7 to 50 years; leasehold improvements - the lesser of the term of the lease or 7 years; equipment - 7 to 25 years; information systems hardware and software – 3 to 10 years .",Not disclosed,,Not disclosed,,0,significant_accounting_policies,2. Basis of Presentation and Significant Accounting Policies,3,True,3.0-10.0 ans | 7.0 ans,"score=6,idx=11233,zone=15859",524,OK,
0001142417,NXST,2013,0001142417_NXST_FY2013_10K.html,,"December 31, 2013",Not disclosed,Not disclosed,,,No,,Not disclosed,,Not disclosed,,0,unknown,,0,False,,"score=5,idx=491,zone=17",0,OK,
0001142417,NXST,2014,0001142417_NXST_FY2014_10K.html,,"December 31, 2014",Not disclosed,Not disclosed,,,No,,Not disclosed,,Not disclosed,,0,unknown,,0,False,,"score=5,idx=506,zone=23",0,OK,
0001142417,NXST,2015,0001142417_NXST_FY2015_10K.html,,"December 31, 2015",Not disclosed,Not disclosed,,,No,,Not disclosed,,Not disclosed,,0,unknown,,0,False,,"score=5,idx=524,zone=23",0,OK,
0001142417,NXST,2016,0001142417_NXST_FY2016_10K.html,,"December 31, 2016",Not disclosed,Not disclosed,,,No,,Not disclosed,,Not disclosed,,0,unknown,,0,False,,"score=5,idx=524,zone=23",0,OK,
0001142417,NXST,2017,0001142417_NXST_FY2017_10K.html,,"December 31, 2017",Not disclosed,Not disclosed,,,No,,Not disclosed,,Not disclosed,,0,unknown,,0,False,,"score=5,idx=544,zone=23",0,OK,
0001142417,NXST,2018,0001142417_NXST_FY2018_10K.html,,"December 31, 2018",Not disclosed,Not disclosed,,,No,,Not disclosed,,Not disclosed,,0,unknown,,0,False,,"score=5,idx=5035,zone=23",0,OK,
0001142417,NXST,2019,0001142417_NXST_FY2019_10K.html,,"December 31, 2019",Not disclosed,Not disclosed,,,No,,Not disclosed,,Not disclosed,,0,unknown,,0,False,,"score=5,idx=5350,zone=23",0,OK,
0001142417,NXST,2020,0001142417_NXST_FY2020_10K.html,,"December 31, 2020",Not disclosed,Not disclosed,,,No,,Not disclosed,,Not disclosed,,0,unknown,,0,False,,"score=5,idx=5345,zone=23",0,OK,
0001142417,NXST,2021,0001142417_NXST_FY2021_10K.html,,2022-12-31,Not disclosed,Not disclosed,,,No,,Not disclosed,,Not disclosed,,0,unknown,,0,False,,"score=5,idx=5355,zone=32",0,OK,
0001142417,NXST,2022,0001142417_NXST_FY2022_10K.html,,2023-12-31,Not disclosed,Not disclosed,,,No,,Not disclosed,,Not disclosed,,0,unknown,,0,False,,"score=5,idx=5102,zone=32",0,OK,
0001142417,NXST,2023,0001142417_NXST_FY2023_10K.html,,2024-12-31,Not disclosed,Not disclosed,,,No,,Not disclosed,,Not disclosed,,0,unknown,,0,False,,"score=5,idx=4877,zone=32",0,OK,
0001142417,NXST,2024,0001142417_NXST_FY2024_10K.html,,2025-12-31,Not disclosed,Not disclosed,,,No,,Not disclosed,,Not disclosed,B100,1,unknown,,0,False,,"score=5,idx=4770,zone=32",0,OK,
0001156375,CME,2013,0001156375_CME_FY2013_10K.html,,,"equipment, computer software","Property and equipment are depreciated over their estimated useful lives. Internal and external costs incurred in developing or obtaining computer software for internal use are capitalized and amortized on a straight-line basis over the estimated useful life of the software, generally",,,No,,"Future capital expenditures for technology are anticipated as we continue to support our growth through additional investment in our co-location program, increased system capacity and performance improvements. Each year, capital expenditures are incurred for improvements to and expansion of our offices, remote data centers, telecommunications network and other operating equipment. In",MD&A (Item 7),Not disclosed,,0,significant_accounting_policies,2. SUMMARY OF SIGNIFICANT ACCOUNTING POLICIES,3,True,2.0-4.0 ans | 2.0-7.0 ans | 30.0-9.0 ans,"score=6,idx=14620,zone=21368",869,OK,
0001156375,CME,2014,0001156375_CME_FY2014_10K.html,,,"equipment, computer software","Property and equipment are depreciated over their estimated useful lives. Internal and external costs incurred in developing or obtaining computer software for internal use are capitalized and amortized on a straight-line basis over the estimated useful life of the software, generally",,,No,,Not disclosed,,Not disclosed,,0,significant_accounting_policies,2. SUMMARY OF SIGNIFICANT ACCOUNTING POLICIES,3,True,2.0-4.0 ans | 2.0-7.0 ans | 30.0-9.0 ans,"score=6,idx=14643,zone=21003",834,OK,
0001156375,CME,2015,0001156375_CME_FY2015_10K.html,,,"equipment, computer software","Property and equipment are depreciated over their estimated useful lives. Internal and external costs incurred in developing or obtaining computer software for internal use are capitalized and amortized on a straight-line basis over the estimated useful life of the software, generally",,,No,,Data center depreciation,MD&A (Item 7),Not disclosed,,0,significant_accounting_policies,2. SUMMARY OF SIGNIFICANT ACCOUNTING POLICIES,3,True,2.0-4.0 ans | 2.0-7.0 ans | 30.0-9.0 ans,"score=6,idx=14850,zone=20348",806,OK,
0001156375,CME,2016,0001156375_CME_FY2016_10K.html,,,"equipment, computer software","Property and equipment are depreciated over their estimated useful lives. Internal and external costs incurred in developing or obtaining computer software for internal use which meet the requirements for capitalization are amortized on a straight-line basis over the estimated useful life of the software, generally",,,No,,Data center depreciation,MD&A (Item 7),Not disclosed,,0,significant_accounting_policies,2. SUMMARY OF SIGNIFICANT ACCOUNTING POLICIES Basis of Presentation.,3,True,2.0-4.0 ans | 2.0-7.0 ans | 30.0-9.0 ans,"score=6,idx=14677,zone=20101",811,OK,
0001156375,CME,2017,0001156375_CME_FY2017_10K.html,,,"equipment, computer software","Property and equipment are depreciated over their estimated useful lives. Internal and external costs incurred in developing or obtaining computer software for internal use which meet the requirements for capitalization are amortized on a straight-line basis over the estimated useful life of the software, generally",,,No,,"Future capital expenditures for technology are anticipated as we continue to support our growth through increased system capacity, performance improvements as well as improvements to some of our office spaces. Each year, capital expenditures are incurred for improvements to and expansion of our offices, remote data centers, telecommunications network and other operating equipment. In",MD&A (Item 7),Not disclosed,,0,significant_accounting_policies,2. SUMMARY OF SIGNIFICANT ACCOUNTING POLICIES,3,True,2.0-4.0 ans | 2.0-7.0 ans | 30.0-9.0 ans,"score=6,idx=14207,zone=18280",767,OK,
0001156375,CME,2018,0001156375_CME_FY2018_10K.html,,,"equipment, computer software","Property and equipment are depreciated over their estimated useful lives. Internal and external costs incurred in developing or obtaining computer software for internal use which meet the requirements for capitalization are amortized on a straight-line basis over the estimated useful life of the software, generally",,,No,,"Future capital expenditures for technology are anticipated as we continue to support our growth through increased system capacity, performance improvements as well as improvements to some of our office spaces. Each year, capital expenditures are incurred for improvements to and expansion of our offices, remote data centers, telecommunications network and other",MD&A (Item 7),Not disclosed,,0,significant_accounting_policies,2. SUMMARY OF SIGNIFICANT ACCOUNTING POLICIES,3,True,2.0-4.0 ans | 2.0-7.0 ans | 30.0-9.0 ans,"score=6,idx=13236,zone=21027",862,OK,
0001156375,CME,2019,0001156375_CME_FY2019_10K.html,,"December 31, 2019","equipment, computer software","Property and equipment are depreciated over their estimated useful lives. Internal and external costs incurred in developing or obtaining computer software for internal use which meet the requirements for capitalization are amortized on a straight-line basis over the estimated useful life of the software, generally two to four years.",2.0,4.0,No,,"Future capital expenditures for technology are anticipated as we continue to support our growth through increased system capacity, performance improvements, integration of acquired platforms as well as improvements to some of our office spaces. Each year, capital expenditures are incurred for improvements to and expansion of our offices, remote data centers, telecommunications network and other operating equipment. In 2020 , we expect capital expenditures to total approximately $180 million to $200 million, net of any leasehold improvement allowances and any one-time costs associated with the NEX integration. We continue to monitor our capital needs and may revise our forecasted expenditures as necessary in the future.",MD&A (Item 7),Not disclosed,,0,significant_accounting_policies,2. SUMMARY OF SIGNIFICANT ACCOUNTING POLICIES,3,True,2.0-4.0 ans | 2.0-7.0 ans | 30.0-9.0 ans,"score=6,idx=14530,zone=23228",866,OK,
0001156375,CME,2020,0001156375_CME_FY2020_10K.html,,2021-01-12,"certain trading and clearing applications, depending upon expected useful lives","Property and equipment are depreciated over their estimated useful lives. Internal and external costs incurred in developing or obtaining computer software for internal use which meet the requirements for capitalization are amortized on a straight-line basis over the estimated useful life of the software, generally two to four years, but up to eight years for certain trading and clearing applications, depending upon expected useful lives.",2.0,4.0,No,,"Future capital expenditures for technology are anticipated as we continue to support our growth through increased system capacity, performance improvements, integration of acquired platforms as well as improvements to some of our office spaces. Each year, capital expenditures are incurred for improvements to and modification of our offices, remote data centers, telecommunications network and other operating equipment. In 2021, we expect capital expenditures to total approximately $180.0 million to $190.0 million, net of any leasehold improvement allowances and any one-time costs associated with the NEX integration. We continue to monitor our capital needs and may revise our forecasted expenditures as necessary in the future.",MD&A (Item 7),Not disclosed,,0,significant_accounting_policies,2. SUMMARY OF SIGNIFICANT ACCOUNTING POLICIES,3,True,2.0-4.0 ans | 2.0-7.0 ans | 8.0 ans | 30.0-9.0 ans,"score=5,idx=9843,zone=11250",677,OK,
0001156375,CME,2021,0001156375_CME_FY2021_10K.html,,2022-01-31,"certain trading and clearing applications, depending upon expected useful lives","Property and equipment are depreciated over their estimated useful lives. Internal and external costs incurred in developing or obtaining computer software for internal use which meet the requirements for capitalization are amortized on a straight-line basis over the estimated useful life of the software, generally two to four years, but up to eight years for certain trading and clearing applications, depending upon expected useful lives.",2.0,4.0,No,,"Future capital expenditures for technology are anticipated as we continue to support our growth through increased system capacity, performance improvements, integration of acquired platforms and improvements to some of our office spaces. Each year, capital expenditures are incurred for improvements to and modification of our offices, remote data centers, telecommunications network and other operating equipment. In 2022, we expect capital expenditures to total approximately $140.0 million to $150.0 million, net of any leasehold improvement allowances. We continue to monitor our capital needs and may revise our forecasted expenditures as necessary in the future.",MD&A (Item 7),"Our strategy focuses on maximizing futures and options growth globally, diversifying our business and revenues and delivering unparalleled customer efficiencies and operational excellence, including through our partnership with Google Cloud. This strategy allows us to continue to develop into a more broadly diversified financial exchange that provides trading and clearing solutions across a wide range of products and asset classes. Our strategic initiatives are discussed in ""Item 1. Business"" on page 7 . ||| preferred shares in connection with our partnership with Google Cloud. The increase in cash provided by financing activities was partially offset by a reduction in the amount of outstanding commercial paper in 2020. For discussion regarding the revision of the presentation of the consolidated statements of cash flow to include cash performance bonds and guaranty fund contributions, see note 2. Summary of Significant Accounting Policies to the consolidated financial statements.",,0,significant_accounting_policies,2. SUMMARY OF SIGNIFICANT ACCOUNTING POLICIES,3,True,1.0-10.0 ans | 2.0-4.0 ans | 2.0-7.0 ans | 8.0 ans,"score=5,idx=9147,zone=10605",661,OK,
0001156375,CME,2022,0001156375_CME_FY2022_10K.html,,2022-12-31,"certain trading and clearing applications, depending upon expected useful lives","Property and equipment are depreciated over their estimated useful lives. Internal and external costs incurred in developing, obtaining, or implementing computer software for internal use which meet the requirements for capitalization are amortized on a straight-line basis over the estimated useful life of the software, generally two to four years, but up to eight years for certain trading and clearing applications, depending upon expected useful lives.",2.0,4.0,No,,"Future capital expenditures for technology are anticipated as we continue to support our growth through increased system capacity, performance improvements, integration of acquired platforms and improvements to some of our office spaces. Each year, capital expenditures are incurred for improvements to and modification of our offices, remote data centers, telecommunications network and other operating equipment. In 2023, we expect capital expenditures to total approximately $100.0 million, net of any leasehold improvement allowances. We continue to monitor our capital needs and may revise our forecasted expenditures as necessary in the future.",MD&A (Item 7),"Our strategy focuses on maximizing futures and options growth globally, diversifying our business and revenues and delivering unparalleled customer efficiencies and operational excellence, including through our partnership with Google Cloud. This strategy allows us to continue to develop into a more broadly diversified financial exchange that provides trading and clearing solutions across a wide range of products and asset classes. Our strategic initiatives are discussed in ""Item 1 - Business"" beginning on page 7 . ||| • Professional fees and outside services expense decreased due to one-time legal and other professional fees incurred in 2021 related to our joint venture with IHS Markit. The decrease in professional fees was partially offset by an increase in consulting fees attributable to CME Group's partnership with Google Cloud, which was signed in November 2021. ||| Professional fees and outside services expense decreased due to one-time legal and other professional fees incurred in 2021 related to our joint venture with IHS Markit. The decrease in professional fees was partially offset by an increase in consulting fees attributable to CME Group's partnership with Google Cloud, which was signed in November 2021.",B200,1,significant_accounting_policies,2. SUMMARY OF SIGNIFICANT ACCOUNTING POLICIES,3,True,1.0-10.0 ans | 2.0-4.0 ans | 2.0-7.0 ans | 8.0 ans,"score=5,idx=9044,zone=10318",642,OK,
0001156375,CME,2023,0001156375_CME_FY2023_10K.html,,2023-12-31,"certain trading and clearing applications, depending upon expected useful lives","Property and equipment are depreciated over their estimated useful lives. Internal and external costs incurred in developing, obtaining, or implementing computer software for internal use which meet the requirements for capitalization are amortized on a straight-line basis over the estimated useful life of the software, generally two to four years, but up to eight years for certain trading and clearing applications, depending upon expected useful lives.",2.0,4.0,No,,"Future capital expenditures for technology are anticipated as we continue to support our growth through increased system capacity, performance improvements, integration of acquired platforms and improvements to some of our office spaces. Each year, capital expenditures are incurred for improvements to and modification of our offices, remote data centers, telecommunications network and other operating equipment. In 2024, we expect capital expenditures to total approximately $85 million, net of any leasehold improvement allowances. We continue to monitor our capital needs and may revise our forecasted expenditures as necessary in the future.",MD&A (Item 7),"Our strategy focuses on maximizing futures and options growth globally, diversifying our business and revenues and delivering unparalleled customer efficiencies and operational excellence, including through our partnership with Google Cloud. This strategy allows us to continue to develop into a more broadly diversified financial exchange that provides trading and clearing solutions across a wide range of products and asset classes. Our strategic initiatives are discussed in ""Item 1 - Business"" beginning on page 7 . ||| • The increases in expenses related to technology support services were primarily driven by higher software license fees and third party services to support the ongoing Google Cloud transformation project. ||| The increases in expenses related to technology support services were primarily driven by higher software license fees and third party services to support the ongoing Google Cloud transformation project.",,0,significant_accounting_policies,2. SUMMARY OF SIGNIFICANT ACCOUNTING POLICIES,3,True,1.0-10.0 ans | 2.0-4.0 ans | 2.0-7.0 ans | 8.0 ans,"score=5,idx=8935,zone=9902",631,OK,
0001156375,CME,2024,0001156375_CME_FY2024_10K.html,,2024-12-31,"certain trading and clearing applications, depending upon expected useful lives","Property and equipment are depreciated over their estimated useful lives. Internal and external costs incurred in developing, obtaining, or implementing computer software for internal use which meet the requirements for capitalization are amortized on a straight-line basis over the estimated useful life of the software, generally two to four years, but up to eight years for certain trading and clearing applications, depending upon expected useful lives.",2.0,4.0,No,,"Future capital expenditures for technology are anticipated as we continue to support our growth through increased system capacity, performance improvements, integration of acquired platforms and improvements to some of our office spaces. Each year, capital expenditures are incurred for improvements to and modification of our offices, remote data centers, telecommunications network and other operating equipment. In 2025, we expect capital expenditures to total approximately $90.0 million, n et of any leasehold improvement allowances. We continue to monitor our capital needs and may revise our forecasted expenditures as necessary in the future.",MD&A (Item 7),"Our strategy focuses on maximizing futures and options growth globally, diversifying our business and revenues and delivering unparalleled customer efficiencies and operational excellence, including through our partnership with Google Cloud. This strategy allows us to continue to develop into a more broadly diversified financial exchange that provides trading and clearing solutions across a wide range of products and asset classes. Our strategic initiatives are discussed in ""Item 1 - Business"" beginning o n page 7 . ||| • The increase in expenses related to technology support services was primarily driven by higher software license fees and third party services to support the ongoing Google Cloud transformation project. ||| The increase in expenses related to technology support services was primarily driven by higher software license fees and third party services to support the ongoing Google Cloud transformation project.",,0,significant_accounting_policies,2. SUMMARY OF SIGNIFICANT ACCOUNTING POLICIES,3,True,1.0-7.0 ans | 1.0-10.0 ans | 2.0-4.0 ans | 2.0-8.0 ans | 8.0 ans,"score=5,idx=8731,zone=9535",626,OK,
0001158324,CCOI,2013,0001158324_CCOI_FY2013_10K.html,,"December 31, 2013",Software,Type of asset Depreciation or amortization period Indefeasible rights of use (IRUs) Shorter of useful life or the IRU lease agreement; generally 15 to 20 years Network equipment 3 to 8 years Leasehold improvements Shorter of lease term or useful life Software 5 years Owned buildings 40 years Office and other equipment 3 to 7 years System infrastructure 5 to 10 years,3.0,8.0,Not disclosed,,Not disclosed,,Not disclosed,,0,ppe_note,11. Quarterly financial information (unaudited): (Continued),3,False,,"score=7,idx=7350,zone=13366",367,ERROR,'<' not supported between instances of 'NoneType' and 'float'
0001158324,CCOI,2014,0001158324_CCOI_FY2014_10K.html,,"December 31, 2014",Software,"Type of asset Depreciation or amortization period Indefeasible rights of use (IRUs) Shorter of useful life or the IRU lease agreement; generally 15 to 20 years Network equipment 3 to 8 years Leasehold improvements Shorter of lease term, including reasonably assured renewal periods, or useful life Software 5 years Owned buildings 40 years Office and other equipment 3 to 7 years System infrastructure 5 to 10 years",3.0,8.0,Not disclosed,,Not disclosed,,Not disclosed,,0,ppe_note,12. Subsequent Events: (Continued),3,False,,"score=7,idx=7686,zone=13297",376,ERROR,'<' not supported between instances of 'NoneType' and 'float'
0001158324,CCOI,2015,0001158324_CCOI_FY2015_10K.html,,"December 31, 2015","network equipment, equipment","In January 2015, the Company entered into a purchase agreement with a vendor. Under the purchase agreement the Company is required to
purchase a total of $28.9 million of network equipment during the eighteen month term. As of December 31, 2015, the Company was required to make an additional $3.0 million of
purchases under the purchase agreement. In March 2015, the Company entered into an installment payment agreement (""IPA"") with this vendor. Under the IPA the Company may purchase up to
$25.0 million of network equipment in exchange for interest free note obligations each with a twenty-four month term. There are no payments under each note obligation for the first six months
followed by eighteen equal installment payments for the remaining eighteen month term. As of December 31, 2015, there was $21.2 million of note obligations outstanding under the IPA,
secured by the related equipment. The Company recorded the assets purchased and the present value of the note obligation utilizing an imputed interest rate. The resulting discount totaling
$0.8 million as of December 31, 2015, under the note obligations is being amortized over the note term using the effective interest rate method.",,,Not disclosed,,Not disclosed,,Not disclosed,,0,ppe_note,2. Property and equipment: (Continued),3,False,,"score=7,idx=7642,zone=13687",402,ERROR,'<' not supported between instances of 'NoneType' and 'float'
0001158324,CCOI,2016,0001158324_CCOI_FY2016_10K.html,,"December 31, 2016",Software,"Type of asset Depreciation or amortization period Indefeasible rights of use (IRUs) Shorter of useful life or the IRU lease agreement; generally 15 to 20 years Network equipment 3 to 8 years Leasehold improvements Shorter of lease term, including reasonably assured renewal periods, or useful life Software 5 years Owned buildings 40 years Office and other equipment 3 to 7 years System infrastructure 5 to 10 years",3.0,8.0,Not disclosed,,Not disclosed,,Not disclosed,,0,ppe_note,12. Subsequent Events:,3,False,,"score=7,idx=7643,zone=12557",371,ERROR,'<' not supported between instances of 'NoneType' and 'float'
0001158324,CCOI,2017,0001158324_CCOI_FY2017_10K.html,,"December 31, 2017",Software,"Type of asset Depreciation or amortization period Indefeasible rights of use (IRUs) Shorter of useful life or the IRU lease agreement; generally 15 to 20 years Network equipment 3 to 8 years Leasehold improvements Shorter of lease term, including reasonably assured renewal periods, or useful life Software 5 years Owned buildings 40 years Office and other equipment 3 to 7 years System infrastructure 5 to 10 years",3.0,8.0,Not disclosed,,Not disclosed,,Not disclosed,,0,ppe_note,12. Subsequent Events:,3,False,,"score=7,idx=7414,zone=12307",366,ERROR,'<' not supported between instances of 'NoneType' and 'float'
0001158324,CCOI,2018,0001158324_CCOI_FY2018_10K.html,,"December 31, 2018",Software,"Type of asset Depreciation or amortization period Indefeasible rights of use (IRUs) Shorter of useful life or the IRU lease agreement; generally 15 to 20 years Network equipment 3 to 8 years Leasehold improvements Shorter of lease term, including reasonably assured renewal periods, or useful life Software 5 years Owned buildings 40 years Office and other equipment 3 to 7 years System infrastructure 5 to 10 years",3.0,8.0,Not disclosed,,Not disclosed,,Not disclosed,,0,ppe_note,12. Subsequent Events:,3,False,,"score=7,idx=7137,zone=13101",376,ERROR,'<' not supported between instances of 'NoneType' and 'float'
0001158324,CCOI,2019,0001158324_CCOI_FY2019_10K.html,,2020-03-27,"network equipment, equipment","The Company has entered into an installment payment agreement (“IPA”) with a vendor. Under the IPA the Company may purchase network equipment in exchange for interest free note obligations each with a twenty-four month term. There are no payments under each note obligation for the first six months followed by eighteen equal installment payments for the remaining eighteen month term. As of December 31, 2019 and December 31, 2018, there was $12.5 million and $11.2 million, respectively, of note obligations outstanding under the IPA, secured by the related equipment. The Company recorded the assets purchased and the present value of the note obligation utilizing an imputed interest rate. The resulting discounts totaling $0.4 million and $0.4 million as of December 31, 2019 and December 31, 2018, respectively, under the note obligations are being amortized over the note term using the effective interest rate method.",,,No,,"The Company is a Delaware corporation and is headquartered in Washington, DC. The Company is a facilities-based provider of low-cost, high-speed Internet access services, private network services and data center colocation space. The Company’s network is specifically designed and optimized to transmit packet routed data. The Company delivers its services primarily to small and medium-sized businesses, communications service providers and other bandwidth-intensive organizations in North America, Europe, Asia, Latin America and Australia.",Item 8,Not disclosed,,0,ppe_note,2. Property and equipment: (Continued),3,False,,"score=9,idx=7375,zone=10683",363,OK,
0001158324,CCOI,2020,0001158324_CCOI_FY2020_10K.html,,"December 31, 2020","network equipment, equipment","The Company has entered into an installment payment agreement (“IPA”) with a vendor. Under the IPA the Company was able to purchase network equipment in exchange for interest free note obligations each with a twenty-four month term. There are no payments under each note obligation for the first six months followed by eighteen equal installment payments for the remaining eighteen month term. As of December 31, 2020 and December 31, 2019, there was $7.7 million and $12.5 million, respectively, of note obligations outstanding under the IPA, secured by the related equipment. The Company recorded the assets purchased and the present value of the note obligation utilizing an imputed interest rate. The resulting discounts totaling $0.1 million and $0.4 million as of December 31, 2020 and December 31, 2019, respectively, under the note obligations are being amortized over the note term using the effective interest rate method.",,,No,,"The Company is a facilities-based provider of low-cost, high-speed Internet access, private network services, and data center colocation space. The Company’s network is specifically designed and optimized to transmit packet switched data. The Company delivers its services primarily to small and medium-sized businesses, communications service providers and other bandwidth-intensive organizations in 47 countries across North America, Europe, Asia, South America, Australia and Africa. The Company is a Delaware corporation and is headquartered in Washington, DC.",Item 8,Not disclosed,,0,ppe_note,2. Property and equipment: (Continued),3,False,,"score=9,idx=5306,zone=11595",378,OK,
0001158324,CCOI,2021,0001158324_CCOI_FY2021_10K.html,,"December 31, 2021","network equipment, equipment","The Company has entered into an installment payment agreement (“IPA”) with a vendor. Under the IPA the Company was able to purchase network equipment in exchange for interest free note obligations each with a twenty-four month term. There are no payments under each note obligation for the first six months followed by eighteen equal installment payments for the remaining eighteen month term. As of December 31, 2021 and December 31, 2020, there was $0.8 million and $7.7 million, respectively, of note obligations outstanding under the IPA, secured by the related equipment. The Company recorded the assets purchased and the present value of the note obligation utilizing an imputed interest rate. The resulting discounts under the note obligations are being amortized over the note term using the effective interest rate method.",,,No,,"The Company is a facilities-based provider of low-cost, high-speed Internet access, private network services, and data center colocation space and power. The Company’s network is specifically designed and optimized to transmit packet switched data. The Company delivers its services primarily to small and medium-sized businesses, communications service providers and other bandwidth-intensive organizations in 50 countries across North America, Europe, Asia, South America, Australia and Africa. The Company is a Delaware corporation and is headquartered in Washington, DC.",Item 8,Not disclosed,,0,ppe_note,2. Property and equipment:,3,False,,"score=9,idx=5420,zone=11886",376,OK,
0001158324,CCOI,2022,0001158324_CCOI_FY2022_10K.html,,"December 31, 2022","network equipment, equipment","The Company had entered into an installment payment agreement (“IPA”) with a vendor. Under the IPA the Company was able to purchase network equipment in exchange for interest free note obligations each with a twenty-four month term. There were no payments under each note obligation for the first six months followed by eighteen equal installment payments for the remaining eighteen month term. As of December 31, 2021, there was $0.8 million of note obligations outstanding under the IPA, secured by the related equipment. The Company recorded the assets purchased and the present value of the note obligation utilizing an imputed interest rate. The resulting discounts under the note obligations were amortized over the note term using the effective interest rate method. The IPA was fully repaid in 2022.",,,No,,"The Company is a facilities-based provider of low-cost, high-speed Internet access, private network services, and data center colocation space and power. The Company’s network is specifically designed and optimized to transmit packet switched data. The Company delivers its services primarily to small and medium-sized businesses, communications service providers and other bandwidth-intensive organizations in 51 countries across North America, Europe, Asia, South America, Oceania and Africa. The Company is a Delaware corporation and is headquartered in Washington, DC.",Item 8,Not disclosed,,0,ppe_note,2. Property and equipment:,3,False,,"score=9,idx=5856,zone=11921",400,OK,
0001158324,CCOI,2023,0001158324_CCOI_FY2023_10K.html,,"December 31, 2023",equipment,"Network operations expenses include the costs of personnel and related operating expenses associated with service delivery, network management, and customer support, network facilities costs, fiber and equipment maintenance fees, leased circuit costs, access fees paid to building owners and certain excise taxes and surcharges recorded on a gross basis. The Company estimates its accruals for any disputed leased circuit obligations based upon the nature and age of the dispute. Network operations costs are impacted by the timing and amounts of disputed circuit costs. The Company generally records these disputed amounts when billed by the vendor and reverses these amounts when the vendor credit has been received or the dispute has otherwise been resolved. The Company does not allocate depreciation and amortization expense to its network operations expense.",,,No,,"The Company is a facilities-based provider of low-cost, high-speed Internet access, private network services, and data center colocation space and power. The Company’s network is specifically designed and optimized to transmit packet routed data. The Company delivers its services primarily to businesses, large and small, communications service providers and other bandwidth-intensive organizations in 54 countries across North America, Europe, South America, Oceania and Africa. The Company is a Delaware corporation and is headquartered in Washington, DC.",Item 8,Not disclosed,,0,significant_accounting_policies,1. Description of the business and summary of significant accounting policies:,3,False,,"score=9,idx=6690,zone=13030",479,OK,
0001158324,CCOI,2024,0001158324_CCOI_FY2024_10K.html,,"December 31, 2024",equipment,"A net increase to historical depreciation expense based on the fair value of property and equipment and the impact of the finance lease adjustment of $58.0 million,",,,Unclear,Change in estimated useful life - owned fiber,"The Company is a facilities-based provider of low-cost, high-speed Internet access, private network services, optical wavelength and optical transport services and data center colocation space and power. The Company’s network is specifically designed and optimized to transmit packet routed data. The Company delivers its services primarily to businesses, large and small, communications service providers and other bandwidth-intensive organizations in 56 countries across North America, Europe, South America, Oceania and Africa. The Company is a Delaware corporation and is headquartered in Washington, DC.",Item 8,Not disclosed,,0,significant_accounting_policies,1. Description of the business and summary of significant accounting policies:,3,False,,"score=9,idx=7696,zone=13256",577,OK,
0001158463,JBLU,2013,0001158463_JBLU_FY2013_10K.html,,,equipment,Estimated useful lives and residual values for our property and equipment are as follows:,,,Unclear,"Our intangible assets consist primarily of acquired take-off and landing slots, or Slots, at certain domestic airports. Slots are rights to take-off or land at a specific airport during a specific time period during the day and are a means by which airport capacity and congestion can be managed. The Federal government controls Slots at four domestic airports under the High Density rule, including Reagan National Airport in Washington D.C. and LaGuardia and JFK Airport in New York City. In December 2013, due to recent regulatory and market activities stemming from the auctioning of slots at LaGuardia and Reagan National airports, we reassessed the useful lives of these assets and concluded that Slots at High Density airports are indefinite lived intangible assets and will no longer amortize them, while Slots at other airports will continue to be amortized on a straight-line basis over their expected useful lives, up to",Not disclosed,,Not disclosed,,0,significant_accounting_policies,Note 1—Summary of Significant Accounting Policies,3,False,,"score=7,idx=15072,zone=17028",865,OK,
0001158463,JBLU,2014,0001158463_JBLU_FY2014_10K.html,,,equipment,Estimated useful lives and residual values for our property and equipment are as follows:,,,No,,Not disclosed,,Not disclosed,,0,significant_accounting_policies,Note 1—Summary of Significant Accounting Policies,3,False,,"score=7,idx=15731,zone=17609",909,OK,
0001158463,JBLU,2015,0001158463_JBLU_FY2015_10K.html,,,equipment,Estimated useful lives and residual values for our property and equipment are as follows:,,,No,,Not disclosed,,Not disclosed,,0,significant_accounting_policies,Note 1—Summary of Significant Accounting Policies,3,False,,"score=7,idx=15991,zone=16337",902,OK,
0001158463,JBLU,2016,0001158463_JBLU_FY2016_10K.html,,,equipment,Estimated useful lives and residual values for our property and equipment are as follows:,,,No,,Not disclosed,,"Intangibles - Goodwill and Other - Internal-Use Software (Subtopic 350-40), Customer’s Accounting for Fees Paid in a Cloud Computing Arrangement ||| topic of the Codification, which provides guidance to clarify customers' accounting for fees paid in a cloud computing arrangement. Customers' cloud computing arrangements which include a software license should account for the software license consistent with the acquisition of other software licenses. If a cloud computing arrangement does not include a software license, the customer should account for the arrangement as a service contract. We adopted ASU 2015-05 prospectively and the amendments did not have a significant impact on our consolidated financial statements. ||| Also during the first quarter of 2016, we adopted ASU 2015-05, Intangibles - Goodwill and Other - Internal-Use Software (Subtopic 350-40), Customer’s Accounting for Fees Paid in a Cloud Computing Arrangement topic of the Codification, which provides guidance to clarify customers' accounting for fees paid in a cloud computing arrangement. Customers' cloud computing arrangements which include a software license should account for the software license consistent with the acquisition of other software licenses. If a cloud computing arrangement does not include a software license, the customer should account for the arrangement as a service contract. We adopted ASU 2015-05 prospectively and the amendments did not have a significant impact on our consolidated financial statements.",,0,significant_accounting_policies,Note 1—Summary of Significant Accounting Policies,3,False,,"score=7,idx=13902,zone=15253",852,OK,
0001158463,JBLU,2017,0001158463_JBLU_FY2017_10K.html,,,equipment,Estimated useful lives and residual values for our property and equipment are as follows:,,,No,,Not disclosed,,Not disclosed,,0,significant_accounting_policies,Note 1—Summary of Significant Accounting Policies,3,False,,"score=7,idx=13473,zone=14088",747,OK,
0001158463,JBLU,2018,0001158463_JBLU_FY2018_10K.html,,,equipment,Estimated useful lives and residual values for our property and equipment are as follows:,,,No,,Not disclosed,,"Intangibles—Goodwill and Other— Internal-Use Software (Subtopic 350-40): Customer’s Accounting for Implementation Costs Incurred in a Cloud Computing Arrangement That Is a Service Contract. ||| The update provides guidance for determining if a cloud computing arrangement is within the scope of internal-use software guidance, and would require capitalization of certain implementation costs. ASU 2018-15 is effective for annual reporting periods beginning after December 15, 2019, with early adoption permitted. We are still evaluating the full impact of adopting the amendments on our consolidated financial statements. ||| In August 2018, the FASB issued ASU 2018-15, Intangibles—Goodwill and Other— Internal-Use Software (Subtopic 350-40): Customer’s Accounting for Implementation Costs Incurred in a Cloud Computing Arrangement That Is a Service Contract. The update provides guidance for determining if a cloud computing arrangement is within the scope of internal-use software guidance, and would require capitalization of certain implementation costs. ASU 2018-15 is effective for annual reporting periods beginning after December 15, 2019, with early adoption permitted. We are still evaluating the full impact of adopting the amendments on our consolidated financial statements.",,0,significant_accounting_policies,Note 1—Summary of Significant Accounting Policies,3,False,,"score=7,idx=14774,zone=14802",821,OK,
0001158463,JBLU,2019,0001158463_JBLU_FY2019_10K.html,,"December 31, 2019",equipment,Estimated useful lives and residual values for our property and equipment are as follows:,,,No,,Not disclosed,,"In August 2018, the FASB issued ASU 2018-15, Intangibles—Goodwill and Other— Internal-Use Software (Subtopic 350-40): Customer’s Accounting for Implementation Costs Incurred in a Cloud Computing Arrangement That Is a Service Contract . The update provides guidance for determining if a cloud computing arrangement is within the scope of internal-use software guidance, and would require capitalization of certain implementation costs. ASU 2018-15 is effective for annual reporting periods beginning after December 15, 2019, with early adoption permitted. We adopted the requirements of ASU 2018-15 on April 1, 2019 using the prospective transition method. The adoption of ASU 2018-15 did not have a material impact on our consolidated financial statements. ||| Intangibles—Goodwill and Other— Internal-Use Software (Subtopic 350-40): Customer’s Accounting for Implementation Costs Incurred in a Cloud Computing Arrangement That Is a Service Contract ||| . The update provides guidance for determining if a cloud computing arrangement is within the scope of internal-use software guidance, and would require capitalization of certain implementation costs. ASU 2018-15 is effective for annual reporting periods beginning after December 15, 2019, with early adoption permitted. We adopted the requirements of ASU 2018-15 on April 1, 2019 using the prospective transition method. The adoption of ASU 2018-15 did not have a material impact on our consolidated financial statements.",,0,significant_accounting_policies,Note 1—Summary of Significant Accounting Policies,3,False,,"score=7,idx=17426,zone=17251",838,OK,
0001158463,JBLU,2020,0001158463_JBLU_FY2020_10K.html,,2021-01-15,equipment,Estimated useful lives and residual values for our property and equipment are as follows:,,,No,,Not disclosed,,Not disclosed,A100;B100,2,significant_accounting_policies,Note 1—Summary of Significant Accounting Policies,3,False,,"score=5,idx=11230,zone=9585",865,OK,
0001158463,JBLU,2021,0001158463_JBLU_FY2021_10K.html,,2021-12-31,equipment,Estimated useful lives and residual values for our property and equipment are as follows:,,,No,,Not disclosed,,Not disclosed,,0,significant_accounting_policies,Note 1—Summary of Significant Accounting Policies,3,False,,"score=5,idx=9710,zone=9506",786,OK,
0001158463,JBLU,2022,0001158463_JBLU_FY2022_10K.html,,2023-09-30,equipment,Estimated useful lives and residual values for our property and equipment are as follows:,,,No,,Not disclosed,,Not disclosed,A100;B100,2,significant_accounting_policies,Note 1—Summary of Significant Accounting Policies,3,False,,"score=5,idx=10079,zone=9314",768,OK,
0001158463,JBLU,2023,0001158463_JBLU_FY2023_10K.html,,2024-02-12,equipment,Estimated useful lives and residual values for property and equipment are summarized as follows:,,,Unclear,"(1) The estimated remaining useful life of our Embraer E190 fleet ranges from 0-2 years with an average residual value of 12%. In addition, five Airbus A320 airframe were extended to an estimated useful life of between 26 to 27 years with an average residual value of $1.5 million.",Not disclosed,,Not disclosed,,0,significant_accounting_policies,Note 1 - Summary of Significant Accounting Policies,3,False,,"score=5,idx=11174,zone=9548",769,OK,
0001158463,JBLU,2024,0001158463_JBLU_FY2024_10K.html,,2024-12-31,equipment,Estimated useful lives and residual values for property and equipment are summarized as follows:,,,Unclear,"(1) The estimated remaining useful life of our Embraer E190 fleet is less than 1 year with an average residual value of 12%. In addition, the Company is pursuing capital-light growth and as a result certain Airbus A320 airframes were extended to an estimated useful life of between 33 to 35 years with an average residual value of $1.5 million.",Not disclosed,,Not disclosed,,0,significant_accounting_policies,Note 1 - Summary of Significant Accounting Policies,3,False,,"score=5,idx=10437,zone=9940",862,OK,
0001164863,NPO,2013,0001164863_NPO_FY2013_10K.html,,,Not disclosed,Not disclosed,,,No,,Not disclosed,,Not disclosed,,0,unknown,,0,False,,"fallback,idx=7343,zone=103",6,OK,
0001164863,NPO,2014,0001164863_NPO_FY2014_10K.html,,,Not disclosed,Not disclosed,,,No,,Not disclosed,,Not disclosed,,0,unknown,,0,False,,"fallback,idx=8001,zone=103",6,OK,
0001164863,NPO,2015,0001164863_NPO_FY2015_10K.html,,,Not disclosed,Not disclosed,,,No,,Not disclosed,,Not disclosed,,0,unknown,,0,False,,"score=6,idx=7816,zone=104",3,OK,
0001164863,NPO,2016,0001164863_NPO_FY2016_10K.html,,,Not disclosed,Not disclosed,,,No,,Not disclosed,,Not disclosed,,0,unknown,,0,False,,"fallback,idx=7979,zone=104",118,OK,
0001164863,NPO,2017,0001164863_NPO_FY2017_10K.html,,,Not disclosed,Not disclosed,,,No,,Not disclosed,,Not disclosed,,0,unknown,,0,False,,"fallback,idx=7709,zone=104",95,OK,
0001164863,NPO,2018,0001164863_NPO_FY2018_10K.html,,,Not disclosed,Not disclosed,,,No,,Not disclosed,,Not disclosed,,0,unknown,,0,False,,"fallback,idx=7339,zone=104",97,OK,
0001164863,NPO,2019,0001164863_NPO_FY2019_10K.html,,"December 31, 2019",Not disclosed,Not disclosed,,,No,,Not disclosed,,Not disclosed,,0,unknown,,0,False,,"fallback,idx=12288,zone=104",94,OK,
0001164863,NPO,2020,0001164863_NPO_FY2020_10K.html,,2021-03-17,Not disclosed,Not disclosed,,,No,,Not disclosed,,Not disclosed,,0,unknown,,0,False,,"score=5,idx=10948,zone=123",12,OK,
0001164863,NPO,2021,0001164863_NPO_FY2021_10K.html,,2022-02-28,Not disclosed,Not disclosed,,,No,,Not disclosed,,Not disclosed,B200,1,unknown,,0,False,,"score=5,idx=9953,zone=138",13,OK,
0001164863,NPO,2022,0001164863_NPO_FY2022_10K.html,,2023-12-31,Not disclosed,Not disclosed,,,No,,Not disclosed,,Not disclosed,,0,unknown,,0,False,,"score=5,idx=9654,zone=101",13,OK,
0001164863,NPO,2023,0001164863_NPO_FY2023_10K.html,,2024-03-31,Not disclosed,Not disclosed,,,No,,Not disclosed,,Not disclosed,,0,unknown,,0,False,,"score=5,idx=9114,zone=129",12,OK,
0001164863,NPO,2024,0001164863_NPO_FY2024_10K.html,,2025-03-31,Not disclosed,Not disclosed,,,No,,Not disclosed,,Not disclosed,,0,unknown,,0,False,,"score=5,idx=9266,zone=133",12,OK,
0001169445,TBRG,2013,0001169445_TBRG_FY2013_10K.html,,,"computer equipment, furniture, and fixtures","Depreciation expense is computed using the straight-line method over the asset’s useful life, which is generally 5 years for computer equipment, furniture, and fixtures and 30 years for buildings.",5.0,,No,,Not disclosed,,Not disclosed,,0,ppe_note,16. QUARTERLY FINANCIAL STATEMENTS (UNAUDITED),3,True,3.0-5.0 ans | 5.0 ans,"score=6,idx=9493,zone=12886",543,OK,
0001169445,TBRG,2014,0001169445_TBRG_FY2014_10K.html,,,"computer equipment, furniture, and fixtures","Depreciation expense is computed using the straight-line method over the asset’s useful life, which is generally 5 years for computer equipment, furniture, and fixtures and 30 years for buildings.",5.0,,No,,Not disclosed,,Not disclosed,,0,ppe_note,16. QUARTERLY FINANCIAL STATEMENTS (UNAUDITED),3,True,3.0-5.0 ans | 5.0 ans,"score=6,idx=9708,zone=13411",517,OK,
0001169445,TBRG,2015,0001169445_TBRG_FY2015_10K.html,,,"computer equipment, furniture, and fixtures","Depreciation expense is computed using the straight-line method over the asset’s useful life, which is generally 5 years for computer equipment, furniture, and fixtures and 30 years for buildings.",5.0,,No,,Not disclosed,,Not disclosed,,0,ppe_note,16. QUARTERLY FINANCIAL STATEMENTS (UNAUDITED),3,True,3.0-5.0 ans | 5.0 ans,"score=6,idx=9548,zone=13932",533,OK,
0001169445,TBRG,2016,0001169445_TBRG_FY2016_10K.html,,,"computer equipment, furniture, and fixtures","Depreciation expense is computed using the straight-line method over the asset’s useful life, which is generally 5 years for computer equipment, furniture, and fixtures and 30 years for buildings.",5.0,,No,,Not disclosed,,". The increase is primarily due to an expanded customer base for our private pay services (increasing 4.9%, or $0.6 million), accounts receivable management services (increasing 28.2%, or $4.6 million), revenue cycle management consulting services and health information management consulting services (increasing a combined 43.0%, or $0.7 million), and cloud computing services (a component of managed IT services, increasing 19.3%, or $0.3 million). Lastly, the continued maturation of medical coding services (a component of consulting services) resulted in revenues of $2.1 million during 2015 compared to only $0.9 million in 2014. ||| , as compared to 2014. The increase is primarily due to an expanded customer base for our private pay services (increasing 4.9%, or $0.6 million), accounts receivable management services (increasing 28.2%, or $4.6 million), revenue cycle management consulting services and health information management consulting services (increasing a combined 43.0%, or $0.7 million), and cloud computing services (a component of managed IT services, increasing 19.3%, or $0.3 million). Lastly, the continued maturation of medical coding services (a component of consulting services) resulted in revenues of $2.1 million during 2015 compared to only $0.9 million in 2014. ||| Business management, consulting and managed IT services revenues increased by 13.7% , or $7.7 million . The increase is primarily due to an expanded customer base for our private pay services (increasing 4.9%, or $0.6 million), accounts receivable management services (increasing 28.2%, or $4.6 million), revenue cycle management consulting services and health information management consulting services (increasing a combined 43.0%, or $0.7 million), and cloud computing services (a component of managed IT services, increasing 19.3%, or $0.3 million). Lastly, the continued maturation of medical coding services (a component of consulting services) resulted in revenues of $2.1 million during 2015 compared to only $0.9 million in 2014.",,0,ppe_note,20. QUARTERLY FINANCIAL STATEMENTS (UNAUDITED),3,True,3.0-5.0 ans | 5.0 ans,"score=6,idx=10229,zone=16330",655,OK,
0001169445,TBRG,2017,0001169445_TBRG_FY2017_10K.html,,,"computer equipment, furniture, and fixtures","Depreciation expense is computed using the straight-line method over the asset’s useful life, which is generally 5 years for computer equipment, furniture, and fixtures and 30 years for buildings.",5.0,,No,,Not disclosed,,Not disclosed,,0,ppe_note,19. QUARTERLY FINANCIAL STATEMENTS (UNAUDITED),3,False,,"score=6,idx=10214,zone=15280",686,OK,
0001169445,TBRG,2018,0001169445_TBRG_FY2018_10K.html,,"DECEMBER 31, 2018",Not disclosed,Not disclosed,,,No,,Not disclosed,,"• Cloud Electronic Health Record (Cloud EHR) . In some circumstances, we offer Cloud EHR services to customers via remote access telecommunications. Cloud EHR is a ""Software as a Service"" (or ""SaaS"") configuration and is in essence a subscription to access and use application software maintained by CPSI in a cloud environment for a monthly fee. Under this configuration, a customer is able to obtain access to an advanced EHR without a significant initial capital outlay. We store and maintain all Cloud EHR customers’ critical patient and administrative data using TruBridge Cloud Computing Services. These customers access this information remotely through direct telecommunications connections. ||| . In some circumstances, we offer Cloud EHR services to customers via remote access telecommunications. Cloud EHR is a ""Software as a Service"" (or ""SaaS"") configuration and is in essence a subscription to access and use application software maintained by CPSI in a cloud environment for a monthly fee. Under this configuration, a customer is able to obtain access to an advanced EHR without a significant initial capital outlay. We store and maintain all Cloud EHR customers’ critical patient and administrative data using TruBridge Cloud Computing Services. These customers access this information remotely through direct telecommunications connections. ||| • Managed IT Services . Our managed IT services provide a range of services designed to meet the IT needs of community healthcare enterprises. The pace of technological change can be overwhelming. Our services allow clients to affordably maintain an advanced IT infrastructure, meet regulatory requirements, and reduce risk. Our managed IT services include the following service offerings: Cloud Services, Backup and Recovery, Collaboration and Connectivity, Security Services, Systems Management, and Help Desk.",,0,unknown,,0,False,,"score=5,idx=7323,zone=7944",746,OK,
0001169445,TBRG,2019,0001169445_TBRG_FY2019_10K.html,,"December 31, 2019",Not disclosed,Not disclosed,,,No,,Not disclosed,,"• Cloud Electronic Health Record (Cloud EHR) . In some circumstances, we offer Cloud EHR services to customers via remote access telecommunications. Cloud EHR is a ""Software as a Service"" (or ""SaaS"") configuration and is in essence a subscription to access and use application software maintained by CPSI in a cloud environment for a monthly fee. Under this configuration, a customer is able to obtain access to an advanced EHR without a significant initial capital outlay. We store and maintain all Cloud EHR customers’ critical patient and administrative data using TruBridge Cloud Computing Services. These customers access this information remotely through direct telecommunications connections. ||| . In some circumstances, we offer Cloud EHR services to customers via remote access telecommunications. Cloud EHR is a ""Software as a Service"" (or ""SaaS"") configuration and is in essence a subscription to access and use application software maintained by CPSI in a cloud environment for a monthly fee. Under this configuration, a customer is able to obtain access to an advanced EHR without a significant initial capital outlay. We store and maintain all Cloud EHR customers’ critical patient and administrative data using TruBridge Cloud Computing Services. These customers access this information remotely through direct telecommunications connections. ||| • Managed IT Services . Our managed IT services provide a range of services designed to meet the IT needs of community healthcare enterprises. The pace of technological change can be overwhelming. Our services allow clients to affordably maintain an advanced IT infrastructure, meet regulatory requirements, and reduce risk. Our managed IT services include the following service offerings: Cloud Services, Backup and Recovery, Collaboration and Connectivity, Security Services, Systems Management, and Help Desk.",,0,unknown,,0,False,,"score=5,idx=6976,zone=9080",679,OK,
0001169445,TBRG,2020,0001169445_TBRG_FY2020_10K.html,,2025-03-31,"computer equipment, furniture, and fixtures","Depreciation expense is computed using the straight-line method over the asset’s useful life, which is generally 5 years for computer equipment, furniture, and fixtures and 30 years for buildings.",5.0,,No,,"Net cash used in investing activities decreased $5.8 million, with $6.7 million used during 2020 compared to $12.5 million used during 2019. Most notably, we used $10.7 million of cash during 2019 to fund our acquisition of Get Real Health, with no such acquisitions occurring during 2020. Conversely, our investing activities during 2020 included $3.3 million in capitalized software development costs compared to none during 2019. Lastly, cash outflows for purchases of property and equipment increased to $3.3 million during 2020 from $1.8 million during 2019, mostly due to the addition of a West Coast data center to enhance our remote hosting capabilities.",MD&A (Item 7),Not disclosed,,0,significant_accounting_policies,2. SUMMARY OF SIGNIFICANT ACCOUNTING POLICIES,3,False,,"score=5,idx=7243,zone=8412",537,OK,
0001169445,TBRG,2021,0001169445_TBRG_FY2021_10K.html,,2025-03-31,"computer equipment, furniture, and fixtures","Depreciation expense is computed using the straight-line method over the asset’s useful life, which is generally 5 years for computer equipment, furniture, and fixtures and 30 years for buildings.",5.0,,Yes,"During the second quarter of 2021, our ongoing monitoring activities associated with the capitalization of software development costs and the related correlation between capitalization rates and operational metrics designed to reflect the distribution of work revealed that our then-current labor capitalization methodology did not fully reflect all of the critical activities necessary to develop software assets. Consequently, during the second quarter of 2021, we elected to change our method of estimating the labor costs incurred in developing software assets. Prior to this change, we estimated the associated labor costs using an estimated time-equivalent for workload metrics commonly utilized within agile software development environments. With this change, we now estimate these labor costs using the distribution of these agile workload metrics between capitalizable and non-capitalizable units of work. We believe this change is preferable as the new methodology better estimates capitalizable labor costs and is consistent with industry best practices. We have determined that this change in accounting for software development costs is a change in accounting estimate effected by a change in accounting principle and, as such, has been accounted for on a prospective basis. In connection with this change, we capitalized software development costs of $8.8 million during the year ended December 31, 2021. We estimate that the effect of this change was to increase capitalized amounts by approximately $4.6 million for the year ended December 31, 2021, with a corresponding decrease to product development costs.","Net cash used in investing activities increased from $6.7 million in 2020 to $69.9 million during 2021. Most notably, we used $59.6 million of cash during 2021 to fund our acquisition of TruCode, with no such acquisitions occurring during 2020. Cash outflows for purchases of property and equipment decreased from $3.3 million in 2020 to $0.9 million during 2021. This decrease in cash outflows is mostly due to the addition of a West Coast data center to enhance our remote hosting capabilities in 2020 without similar capital expenditures during 2021. Lastly, cash outflows related to capitalized internal software development efforts increased by $6.0 million due to the aforementioned change in methodology for estimating labor costs eligible for capitalization.",MD&A (Item 7),Not disclosed,B100,1,significant_accounting_policies,2. SUMMARY OF SIGNIFICANT ACCOUNTING POLICIES,3,False,,"score=5,idx=6573,zone=8652",557,OK,
0001169445,TBRG,2022,0001169445_TBRG_FY2022_10K.html,,2022-12-31,"computer equipment, furniture, and fixtures","Depreciation expense is computed using the straight-line method over the asset’s useful life, which is generally 5 years for computer equipment, furniture, and fixtures and 30 years for buildings.",5.0,,Yes,"associated labor costs using an estimated time-equivalent for workload metrics commonly utilized within agile software development environments. With this change, we now estimate these labor costs using the distribution of these agile workload metrics between capitalizable and non-capitalizable units of work. We believe this change is preferable as the new methodology better estimates capitalizable labor costs and is consistent with industry best practices. We have determined that this change in accounting for software development costs is a change in accounting estimate effected by a change in accounting principle and, as such, has been accounted for on a prospective basis. In connection with this change, we capitalized software development costs of $8.8 million during the year ended December 31, 2021. We estimate that the effect of this change was to increase capitalized amounts by approximately $4.6 million for the year ended December 31, 2021, with a corresponding decrease to product development costs.",Not disclosed,,Refer to the corresponding discussion of revenues for each of our reportable segments previously provided under the Revenues heading of this Management's Discussion and Analysis. There are no intersegment revenues to be eliminated in computing segment revenue. ||| heading of this Management's Discussion and Analysis. There are no intersegment revenues to be eliminated in computing segment revenue.,,0,significant_accounting_policies,2. SUMMARY OF SIGNIFICANT ACCOUNTING POLICIES,3,False,,"score=5,idx=7501,zone=8773",561,OK,
0001169445,TBRG,2023,0001169445_TBRG_FY2023_10K.html,,2024-02-29,"computer equipment, furniture, and fixtures","Depreciation expense is computed using the straight-line method over the asset’s useful life, which is generally 5 years for computer equipment, furniture, and fixtures and 30 years for buildings.",5.0,,No,,Not disclosed,,Refer to the corresponding discussion of revenues for each of our reportable segments previously provided under the Revenues heading of this Management's Discussion and Analysis. There are no intersegment revenues to be eliminated in computing segment revenue. ||| heading of this Management's Discussion and Analysis. There are no intersegment revenues to be eliminated in computing segment revenue.,,0,significant_accounting_policies,2. SUMMARY OF SIGNIFICANT ACCOUNTING POLICIES,3,False,,"score=5,idx=8799,zone=10474",640,OK,
0001169445,TBRG,2024,0001169445_TBRG_FY2024_10K.html,,2024-12-31,"computer equipment, furniture, and fixtures","Depreciation expense is computed using the straight-line method over the asset’s useful life, which is generally 5 years for computer equipment, furniture, and fixtures and 30 years for buildings.",5.0,,No,,Not disclosed,,Refer to the corresponding discussion of revenues for each of our reportable segments previously provided under the Revenues heading of this Management's Discussion and Analysis. There are no intersegment revenues to be eliminated in computing segment revenue. ||| heading of this Management's Discussion and Analysis. There are no intersegment revenues to be eliminated in computing segment revenue.,,0,significant_accounting_policies,2. SUMMARY OF SIGNIFICANT ACCOUNTING POLICIES,3,False,,"score=5,idx=7391,zone=10662",667,OK,
0001171759,RRGB,2013,0001171759_RRGB_FY2013_10K.html,,,equipment,"—Property and equipment are recorded at cost. Expenditures for major additions and improvements are capitalized and minor replacements, maintenance, and repairs are expensed as incurred. Depreciation is computed on the straight-line method, based on the shorter of the estimated useful lives or the terms of the underlying leases of the related assets. Interest incurred on funds used to construct Company-owned restaurants is capitalized and amortized over the estimated useful life of the related assets. Capitalized interest totaled",,,No,,Not disclosed,,Not disclosed,,0,significant_accounting_policies,1. Description of Business and Summary of Significant Accounting Policies,3,False,,"score=7,idx=9093,zone=14968",700,OK,
0001171759,RRGB,2014,0001171759_RRGB_FY2014_10K.html,,,equipment,"—Property and equipment are recorded at cost. Expenditures for major additions and improvements are capitalized and minor replacements, maintenance, and repairs are expensed as incurred. Depreciation is computed on the straight-line method, based on the shorter of the estimated useful lives or the terms of the underlying leases of the related assets. Interest incurred on funds used to construct Company-owned restaurants is capitalized and amortized over the estimated useful life of the related assets. Capitalized interest totaled",,,No,,Not disclosed,,Not disclosed,,0,significant_accounting_policies,1. Description of Business and Summary of Significant Accounting Policies,3,False,,"score=7,idx=9525,zone=14454",781,OK,
0001171759,RRGB,2015,0001171759_RRGB_FY2015_10K.html,,,equipment,"—During the fourth quarter of 2015, the Company re-evaluated the estimated useful lives for certain property and equipment to align more closely with actual experience and expected results.",,,Yes,less depreciation in 2015 than it would have by using the previous estimated useful lives. This change in accounting estimate increased net income by,Not disclosed,,Not disclosed,,0,significant_accounting_policies,1. Description of Business and Summary of Significant Accounting Policies,3,False,,"score=7,idx=9569,zone=14815",717,OK,
0001171759,RRGB,2016,0001171759_RRGB_FY2016_10K.html,,,equipment,"—Property and equipment are recorded at cost. Expenditures for major additions and improvements are capitalized and minor replacements, maintenance, and repairs are expensed as incurred. Depreciation is computed on the straight-line method, based on the shorter of the estimated useful lives or the terms of the underlying leases of the related assets. Interest incurred on funds used to construct Company-owned restaurants is capitalized and amortized over the estimated useful life of the related assets. Capitalized interest totaled",,,No,,Not disclosed,,Not disclosed,,0,significant_accounting_policies,1. Description of Business and Summary of Significant Accounting Policies,3,False,,"score=7,idx=9597,zone=14270",708,OK,
0001171759,RRGB,2017,0001171759_RRGB_FY2017_10K.html,,,equipment,"—Property and equipment are recorded at cost. Expenditures for major additions and improvements are capitalized and minor replacements, maintenance, and repairs are expensed as incurred. Depreciation is computed on the straight-line method, based on the shorter of the estimated useful lives or the terms of the underlying leases of the related assets. Interest incurred on funds used to construct Company-owned restaurants is capitalized and amortized over the estimated useful life of the related assets. Capitalized interest totaled",,,No,,Not disclosed,,Not disclosed,,0,significant_accounting_policies,1. Description of Business and Summary of Significant Accounting Policies,3,False,,"score=7,idx=9289,zone=14269",690,OK,
0001171759,RRGB,2018,0001171759_RRGB_FY2018_10K.html,,,equipment,"—Property and equipment are recorded at cost. Expenditures for major additions and improvements are capitalized and minor replacements, maintenance, and repairs are expensed as incurred. Depreciation is computed on the straight-line method, based on the shorter of the estimated useful lives or the terms of the underlying leases of the related assets. Interest incurred on funds used to construct Company-owned restaurants is capitalized and amortized over the estimated useful life of the related assets. Capitalized interest totaled",,,No,,Not disclosed,,Not disclosed,,0,significant_accounting_policies,1. Description of Business and Summary of Significant Accounting Policies,3,False,,"score=7,idx=9218,zone=13995",666,OK,
0001171759,RRGB,2019,0001171759_RRGB_FY2019_10K.html,,,equipment,"- Property and equipment are recorded at cost. Expenditures for major additions and improvements are capitalized and minor replacements, maintenance, and repairs are expensed as incurred. Depreciation is computed on the straight-line method, based on the shorter of the estimated useful lives or the terms of the underlying leases of the related assets. Interest incurred on funds used to construct Company-owned restaurants is capitalized and amortized over the estimated useful life of the related assets.",,,No,,Not disclosed,,Not disclosed,,0,significant_accounting_policies,1. Description of Business and Summary of Significant Accounting Policies,3,False,,"score=7,idx=8783,zone=14842",656,OK,
0001171759,RRGB,2020,0001171759_RRGB_FY2020_10K.html,,2021-12-26,Equipment,"Property and Equipment - Property and equipment are recorded at cost. Expenditures for major additions and improvements are capitalized and minor replacements, maintenance, and repairs are expensed as incurred. Depreciation is computed on the straight-line method based on the shorter of the estimated useful lives or the terms of the underlying leases of the related assets. Interest incurred on funds used to construct Company-owned restaurants is capitalized and amortized over the estimated useful life of the related assets.",,,No,,Not disclosed,,Not disclosed,,0,significant_accounting_policies,1. Description of Business and Summary of Significant Accounting Policies,3,True,2.0 ans | 5.0 ans,"score=5,idx=6862,zone=7976",535,OK,
0001171759,RRGB,2021,0001171759_RRGB_FY2021_10K.html,,2022-04-17,Equipment,"Property and Equipment, Net - Property and equipment are recorded at cost. Expenditures for major additions and improvements are capitalized and minor replacements, maintenance, and repairs are expensed as incurred. Depreciation is computed on the straight-line method based on the shorter of the estimated useful lives or the terms of the underlying leases of the related assets. Interest incurred on funds used to construct Company-owned restaurants is capitalized and amortized over the estimated useful life of the related assets.",,,No,,Not disclosed,,Not disclosed,,0,significant_accounting_policies,1. Description of Business and Summary of Significant Accounting Policies,3,True,2.0 ans | 5.0 ans,"score=5,idx=7411,zone=7899",570,OK,
0001171759,RRGB,2022,0001171759_RRGB_FY2022_10K.html,,2022-12-31,Equipment,"Property and Equipment, Net - Property and equipment are recorded at cost. Expenditures for major additions and improvements are capitalized and minor replacements, maintenance, and repairs are expensed as incurred. Depreciation is computed on the straight-line method based on the shorter of the estimated useful lives or the terms of the underlying leases of the related assets. Interest incurred on funds used to construct Company-owned restaurants is capitalized and amortized over the estimated useful life of the related assets.",,,No,,Not disclosed,,Not disclosed,,0,significant_accounting_policies,1. Description of Business and Summary of Significant Accounting Policies,3,True,2.0 ans | 5.0 ans,"score=5,idx=7177,zone=7725",548,OK,
0001171759,RRGB,2023,0001171759_RRGB_FY2023_10K.html,,2023-12-31,Equipment,"Property and Equipment, Net - Property and equipment are recorded at cost. Expenditures for major additions and improvements are capitalized and minor replacements, maintenance, and repairs are expensed as incurred. Depreciation is computed on the straight-line method based on the shorter of the estimated useful lives or the terms of the underlying leases of the related assets. Interest incurred on funds used to construct Company-owned restaurants is capitalized and amortized over the estimated useful life of the related assets.",,,No,,Not disclosed,,Not disclosed,,0,significant_accounting_policies,1. Description of Business and Summary of Significant Accounting Policies,3,True,2.0 ans | 5.0 ans,"score=5,idx=8153,zone=8778",550,OK,
0001171759,RRGB,2024,0001171759_RRGB_FY2024_10K.html,,2024-12-29,Equipment,"Property and Equipment, Net - Property and equipment are recorded at cost. Expenditures for major additions and improvements are capitalized and minor replacements, maintenance, and repairs are expensed as incurred. Depreciation is computed on the straight-line method based on the shorter of the estimated useful lives or the terms of the underlying leases of the related assets. Interest incurred on funds used to construct Company-owned restaurants is capitalized and amortized over the estimated useful life of the related assets.",,,No,,Not disclosed,,"Cloud Computing Arrangements - The Company capitalizes cloud computing implementation costs and amortizes these costs on a straight-line basis over the term of the related service agreement, including renewal periods that are reasonably certain to be exercised. Capitalized cloud computing implementation costs were $1.2 million and $0.7 million, net of accumulated amortization, as of December 29, 2024 and December 31, 2023, respectively. These costs are included in prepaid expenses and other current assets and other assets in our consolidated balance sheets. Related amortization expense was $0.5 million, $0.4 million, and $0.1 million for the years ended December 29, 2024, December 31, 2023, and December 25, 2022, respectively, and is included in selling, general and administrative expenses in our consolidated statements of operations and comprehensive loss. ||| Cloud Computing Arrangements ||| - The Company capitalizes cloud computing implementation costs and amortizes these costs on a straight-line basis over the term of the related service agreement, including renewal periods that are reasonably certain to be exercised. Capitalized cloud computing implementation costs were $1.2 million and $0.7 million, net of accumulated amortization, as of December 29, 2024 and December 31, 2023, respectively. These costs are included in prepaid expenses and other current assets and other assets in our consolidated balance sheets. Related amortization expense was $0.5 million, $0.4 million, and $0.1 million for the years ended December 29, 2024, December 31, 2023, and December 25, 2022, respectively, and is included in selling, general and administrative expenses in our consolidated statements of operations and comprehensive loss.",,0,significant_accounting_policies,1. Description of Business and Summary of Significant Accounting Policies,3,True,2.0 ans | 5.0 ans,"score=5,idx=8052,zone=8152",536,OK,
0001172052,SAFT,2013,0001172052_SAFT_FY2013_10K.html,,"December 31, 2013","equipment, computer software","Property, equipment, leasehold improvements, and software are carried at cost less accumulated depreciation. The costs of computer software developed or obtained for internal use are capitalized and amortized over the",3.0,10.0,No,,Not disclosed,,Not disclosed,,0,significant_accounting_policies,2. Summary of Significant Accounting Policies,3,False,,"score=7,idx=29751,zone=20057",409,OK,
0001172052,SAFT,2014,0001172052_SAFT_FY2014_10K.html,,"December 31, 2014","equipment, computer software","Property, equipment, leasehold improvements, and software which are included in other assets are carried at cost less accumulated depreciation. The costs of computer software developed or obtained for internal use are capitalized and amortized over the estimated life of the business system, beginning when the software is ready for its intended use.",3.0,10.0,No,,Not disclosed,,Not disclosed,,0,significant_accounting_policies,2. Summary of Significant Accounting Policies,3,False,,"score=7,idx=22298,zone=14629",537,OK,
0001172052,SAFT,2015,0001172052_SAFT_FY2015_10K.html,,"December 31, 2015","equipment, computer software","Property, equipment, leasehold improvements, and software which are included in other assets are carried at cost less accumulated depreciation. The costs of computer software developed or obtained for internal use are capitalized and amortized over the estimated life of the business system, beginning when the software is ready for its intended use.",3.0,10.0,No,,Not disclosed,,Not disclosed,,0,significant_accounting_policies,2. Summary of Significant Accounting Policies,3,False,,"score=7,idx=23297,zone=15345",620,OK,
0001172052,SAFT,2016,0001172052_SAFT_FY2016_10K.html,,"December 31, 2016","equipment, computer software","Property, equipment, leasehold improvements, and software which are included in other assets are carried at cost less accumulated depreciation. The costs of computer software developed or obtained for internal use are capitalized and amortized over the estimated life of the business system, beginning when the software is ready for its intended use.",3.0,10.0,No,,Not disclosed,,Not disclosed,,0,significant_accounting_policies,2. Summary of Significant Accounting Policies,3,False,,"score=7,idx=26316,zone=24833",530,OK,
0001172052,SAFT,2017,0001172052_SAFT_FY2017_10K.html,,"December 31, 2017","equipment, computer software","Property, equipment, leasehold improvements, and software which are included in other assets are carried at cost less accumulated depreciation. The costs of computer software developed or obtained for internal use are capitalized and amortized over the estimated life of the business system, beginning when the software is ready for its intended use.",3.0,10.0,No,,Not disclosed,,Not disclosed,,0,significant_accounting_policies,2. Summary of Significant Accounting Policies,3,False,,"score=7,idx=27522,zone=32664",561,OK,
0001172052,SAFT,2018,0001172052_SAFT_FY2018_10K.html,,"December 31, 2018","equipment, computer software","Property, equipment, leasehold improvements, and software which are included in other assets are carried at cost less accumulated depreciation. The costs of computer software developed or obtained for internal use are capitalized and amortized over the estimated life of the business system, beginning when the software is ready for its intended use.",3.0,10.0,No,,Not disclosed,,Not disclosed,,0,significant_accounting_policies,2. Summary of Significant Accounting Policies,3,False,,"score=7,idx=27282,zone=32401",560,OK,
0001172052,SAFT,2019,0001172052_SAFT_FY2019_10K.html,,"December 31, 2019","equipment, computer software","Property, equipment, leasehold improvements, and software which are included in other assets are carried at cost less accumulated depreciation. The costs of computer software developed or obtained for internal use are capitalized and amortized over the estimated life of the business system, beginning when the software is ready for its intended use.",3.0,10.0,No,,Not disclosed,,Not disclosed,,0,item_8_other,,1,False,,"score=9,idx=27324,zone=31663",459,OK,
0001172052,SAFT,2020,0001172052_SAFT_FY2020_10K.html,,"December 31, 2020","equipment, computer software","Property, equipment, leasehold improvements, and software which are included in other assets are carried at cost less accumulated depreciation. The costs of computer software developed or obtained for internal use are capitalized and amortized over the estimated life of the business system, beginning when the software is ready for its intended use.",3.0,10.0,No,,Not disclosed,,Not disclosed,,0,item_8_other,,1,False,,"score=9,idx=27994,zone=31724",481,OK,
0001172052,SAFT,2021,0001172052_SAFT_FY2021_10K.html,,2021-12-31,"equipment, computer software","Property, equipment, leasehold improvements, and software which are included in other assets are carried at cost less accumulated depreciation. The costs of computer software developed or obtained for internal use are capitalized and amortized over the estimated life of the business system, beginning when the software is ready for its intended use.",3.0,10.0,No,,Not disclosed,,Not disclosed,,0,item_8_other,,1,False,,"score=9,idx=25424,zone=31447",495,OK,
0001172052,SAFT,2022,0001172052_SAFT_FY2022_10K.html,,2022-12-31,"equipment, computer software","Property, equipment, leasehold improvements, and software which are included in other assets are carried at cost less accumulated depreciation. The costs of computer software developed or obtained for internal use are capitalized and amortized over the estimated life of the business system, beginning when the software is ready for its intended use.",3.0,10.0,No,,Not disclosed,,Not disclosed,,0,item_8_other,,1,False,,"score=9,idx=24646,zone=31811",524,OK,
0001172052,SAFT,2023,0001172052_SAFT_FY2023_10K.html,,2023-12-31,equipment,"Property, equipment, leasehold improvements, and software which are included in other assets are carried at cost less accumulated depreciation.",,,No,,Not disclosed,,Not disclosed,,0,item_8_other,,1,False,,"score=9,idx=25090,zone=31210",495,OK,
0001172052,SAFT,2024,0001172052_SAFT_FY2024_10K.html,,2024-12-31,"equipment, computer software","Property, equipment, leasehold improvements, and software which are included in other assets are carried at cost less accumulated depreciation. The costs of computer software developed or obtained for internal use are capitalized and amortized over the estimated life of the business system, beginning when the software is ready for its intended use.",3.0,10.0,No,,Not disclosed,,Not disclosed,,0,item_8_other,,1,False,,"score=9,idx=25406,zone=31794",505,OK,
0001260221,TDG,2013,0001260221_TDG_FY2013_10K.html,,"September 30, 2013",Not disclosed,Not disclosed,,,No,,Not disclosed,,Not disclosed,,0,unknown,,0,False,,"score=7,idx=19882,zone=26943",481,OK,
0001260221,TDG,2014,0001260221_TDG_FY2014_10K.html,,"September 30, 2014",Not disclosed,Not disclosed,,,No,,Not disclosed,,Not disclosed,,0,unknown,,0,False,,"score=7,idx=19566,zone=26372",452,OK,
0001260221,TDG,2015,0001260221_TDG_FY2015_10K.html,,,equipment,"Property, plant and equipment is assessed for potential impairment whenever indicators of impairment are present by determining whether the carrying value of the property can be recovered through projected, undiscounted cash flows from future operations over the property’s remaining estimated useful life.",,,Yes,"—Property, plant and equipment are stated at cost and include improvements which significantly increase capacities or extend the useful lives of existing plant and equipment.",Not disclosed,,Not disclosed,,0,significant_accounting_policies,3. SUMMARY OF SIGNIFICANT ACCOUNTING POLICIES,3,False,,"score=7,idx=20407,zone=26997",811,OK,
0001260221,TDG,2016,0001260221_TDG_FY2016_10K.html,,,equipment,"Property, plant and equipment is assessed for potential impairment whenever indicators of impairment are present by determining whether the carrying value of the property can be recovered through projected, undiscounted cash flows from future operations over the property’s remaining estimated useful life.",,,Yes,"—Property, plant and equipment are stated at cost and include improvements which significantly increase capacities or extend the useful lives of existing plant and equipment.",Not disclosed,,Not disclosed,,0,significant_accounting_policies,3. SUMMARY OF SIGNIFICANT ACCOUNTING POLICIES,3,False,,"score=7,idx=20471,zone=28506",923,OK,
0001260221,TDG,2017,0001260221_TDG_FY2017_10K.html,,,equipment,"Property, plant and equipment is assessed for potential impairment whenever indicators of impairment are present by determining whether the carrying value of the property can be recovered through projected, undiscounted cash flows from future operations over the property’s remaining estimated useful life.",,,Yes,"—Property, plant and equipment are stated at cost and include improvements which significantly increase capacities or extend the useful lives of existing plant and equipment.",Not disclosed,,Not disclosed,,0,significant_accounting_policies,3. SUMMARY OF SIGNIFICANT ACCOUNTING POLICIES,3,False,,"score=7,idx=21418,zone=29516",891,OK,
0001260221,TDG,2018,0001260221_TDG_FY2018_10K.html,,,equipment,"Property, plant and equipment is assessed for potential impairment whenever indicators of impairment are present by determining whether the carrying value of the property can be recovered through projected, undiscounted cash flows from future operations over the property’s remaining estimated useful life.",,,Yes,"—Property, plant and equipment are stated at cost and include improvements which significantly increase capacities or extend the useful lives of existing plant and equipment.",Not disclosed,,Not disclosed,,0,significant_accounting_policies,3. SUMMARY OF SIGNIFICANT ACCOUNTING POLICIES,3,False,,"score=7,idx=22223,zone=32317",948,OK,
0001260221,TDG,2019,0001260221_TDG_FY2019_10K.html,,"September 30, 2019",equipment,"Property, plant and equipment is assessed for potential impairment whenever indicators of impairment are present by determining whether the carrying value of the property can be recovered through projected, undiscounted cash flows from future operations over the property’s remaining estimated useful life.",,,Yes,"Property, Plant and Equipment —Property, plant and equipment are stated at cost and include improvements which significantly increase capacities or extend the useful lives of existing plant and equipment. Depreciation is computed using the straight-line method over the following estimated useful lives: land improvements from 10 to 20 years, buildings and improvements from 5 to 30 years, machinery and equipment from 2 to 10 years and furniture and fixtures from 3 to 10 years.",Not disclosed,,Not disclosed,,0,significant_accounting_policies,3. SUMMARY OF SIGNIFICANT ACCOUNTING POLICIES,3,False,,"score=7,idx=25552,zone=45818",1227,OK,
0001260221,TDG,2020,0001260221_TDG_FY2020_10K.html,,"September 30, 2020",equipment,"Property, plant and equipment is assessed for potential impairment whenever indicators of impairment are present by determining whether the carrying value of the property can be recovered through projected, undiscounted cash flows from future operations over the property’s remaining estimated useful life.",,,Yes,"Property, Plant and Equipment —Property, plant and equipment are stated at cost and include improvements which significantly increase capacities or extend the useful lives of existing plant and equipment. Depreciation is computed using the straight-line method over the following estimated useful lives: land improvements from 10 to 20 years, buildings and improvements from 5 to 30 years, machinery and equipment from 2 to 10 years and furniture and fixtures from 3 to 10 years.",Not disclosed,,Not disclosed,,0,significant_accounting_policies,3. SUMMARY OF SIGNIFICANT ACCOUNTING POLICIES,3,False,,"score=5,idx=17408,zone=14749",904,OK,
0001260221,TDG,2021,0001260221_TDG_FY2021_10K.html,,"September 30, 2021",equipment,"Property, plant and equipment is assessed for potential impairment whenever indicators of impairment are present by determining whether the carrying value of the property can be recovered through projected, undiscounted cash flows from future operations over the property’s remaining estimated useful life.",,,Yes,"Property, Plant and Equipment —Property, plant and equipment are stated at cost and include improvements which significantly increase capacities or extend the useful lives of existing plant and equipment. Depreciation is computed using the straight-line method over the following estimated useful lives: land improvements from 10 to 20 years, buildings and improvements from 5 to 30 years, machinery and equipment from 2 to 10 years and furniture and fixtures from 3 to 10 years.",Not disclosed,,Not disclosed,A100,1,significant_accounting_policies,3. SUMMARY OF SIGNIFICANT ACCOUNTING POLICIES,3,False,,"score=5,idx=15950,zone=14991",910,OK,
0001260221,TDG,2022,0001260221_TDG_FY2022_10K.html,,2022-09-30,equipment,"Property, plant and equipment is assessed for potential impairment whenever indicators of impairment are present by determining whether the carrying value of the property can be recovered through projected, undiscounted cash flows from future operations over the property’s remaining estimated useful life.",,,Yes,"Property, Plant and Equipment – Property, plant and equipment are stated at cost and include improvements which significantly increase capacities or extend the useful lives of existing plant and equipment. Depreciation is computed using the straight-line method over the following estimated useful lives: land improvements from 10 to 20 years, buildings and improvements from 5 to 30 years, machinery and equipment from 2 to 10 years and furniture and fixtures from 3 to 10 years.",Not disclosed,,Not disclosed,A100;B100,2,significant_accounting_policies,3. SUMMARY OF SIGNIFICANT ACCOUNTING POLICIES,3,False,,"score=5,idx=16262,zone=14642",869,OK,
0001260221,TDG,2023,0001260221_TDG_FY2023_10K.html,,2024-09-30,equipment,"Property, plant and equipment is assessed for potential impairment whenever indicators of impairment are present by determining whether the carrying value of the property can be recovered through projected, undiscounted cash flows from future operations over the property’s remaining estimated useful life.",,,Yes,"Property, Plant and Equipment – Property, plant and equipment are stated at cost and include improvements which significantly increase capacities or extend the useful lives of existing plant and equipment. Depreciation is computed using the straight-line method over the following general estimated useful lives: land improvements from 10 to 20 years, buildings and improvements from 5 to 30 years, machinery and equipment from 2 to 10 years and furniture and fixtures from 3 to 10 years.",Not disclosed,,Not disclosed,,0,significant_accounting_policies,3. SUMMARY OF SIGNIFICANT ACCOUNTING POLICIES,3,False,,"score=5,idx=16997,zone=13761",890,OK,
0001260221,TDG,2024,0001260221_TDG_FY2024_10K.html,,2025-09-30,equipment,"Property, plant and equipment is assessed for potential impairment whenever indicators of impairment are present by determining whether the carrying value of the property can be recovered through projected, undiscounted cash flows from future operations over the property’s remaining estimated useful life.",,,Yes,"Property, Plant and Equipment – Property, plant and equipment are stated at cost and include improvements which significantly increase capacities or extend the useful lives of existing plant and equipment. Depreciation is computed using the straight-line method over the following general estimated useful lives: land improvements from 10 to 20 years, buildings and improvements from 5 to 30 years, machinery and equipment from 2 to 10 years and furniture and fixtures from 3 to 10 years.",Not disclosed,,Not disclosed,,0,significant_accounting_policies,1. SUMMARY OF SIGNIFICANT ACCOUNTING POLICIES,3,False,,"score=5,idx=17555,zone=14198",900,OK,
