firm_cik,firm_ticker,fiscal_year,filename,filing_date,period_end_date,asset_category,useful_life_text,useful_life_min_years,useful_life_max_years,policy_change,policy_change_text,ai_infra_text,ai_infra_source,segment_ai_text,hardware_mentions,hardware_count,source_section,section_title,confidence,ambiguity_flag,ambiguity_detail,item8_method,item8_segment_count,extraction_status,error_message
0000023194,CRK,2016,0000023194_CRK_FY2016_10K.html,,"December 31, 2016",Not disclosed,Not disclosed,,,Not disclosed,,Not disclosed,,Not disclosed,,0,unknown,,0,False,,NO_ITEM8_FOUND,0,ITEM8_NOT_FOUND,Item 8 non trouvé (NO_ITEM8_FOUND).
0000023194,CRK,2017,0000023194_CRK_FY2017_10K.html,,"December 31, 2017",Not disclosed,Not disclosed,,,No,,Not disclosed,,Not disclosed,,0,unknown,,0,False,,"score=7,idx=12117,zone=8",272,OK,
0000023194,CRK,2018,0000023194_CRK_FY2018_10K.html,,"December 31, 2018",Not disclosed,Not disclosed,,,Not disclosed,,Not disclosed,,Not disclosed,,0,unknown,,0,False,,NO_ITEM8_FOUND,0,ITEM8_NOT_FOUND,Item 8 non trouvé (NO_ITEM8_FOUND).
0000023194,CRK,2019,0000023194_CRK_FY2019_10K.html,,"December 31, 2019",Not disclosed,Not disclosed,,,Not disclosed,,Not disclosed,,Not disclosed,,0,unknown,,0,False,,NO_ITEM8_FOUND,0,ITEM8_NOT_FOUND,Item 8 non trouvé (NO_ITEM8_FOUND).
0000023194,CRK,2020,0000023194_CRK_FY2020_10K.html,,2021-02-17,Not disclosed,Not disclosed,,,No,,Not disclosed,,Not disclosed,B100,1,unknown,,0,False,,"score=5,idx=8981,zone=11",5,OK,
0000023194,CRK,2021,0000023194_CRK_FY2021_10K.html,,"December 31, 2021",Not disclosed,Not disclosed,,,No,,Not disclosed,,Not disclosed,,0,unknown,,0,False,,"score=5,idx=7300,zone=11",5,OK,
0000023194,CRK,2022,0000023194_CRK_FY2022_10K.html,,"December 31, 2022",Not disclosed,Not disclosed,,,No,,Not disclosed,,Not disclosed,,0,unknown,,0,False,,"score=5,idx=7064,zone=11",5,OK,
0000023194,CRK,2023,0000023194_CRK_FY2023_10K.html,,"December 31, 2023",Not disclosed,Not disclosed,,,No,,Not disclosed,,Not disclosed,B100,1,unknown,,0,False,,"score=7,idx=12328,zone=21",8,OK,
0000023194,CRK,2024,0000023194_CRK_FY2024_10K.html,,"December 31, 2024",Not disclosed,Not disclosed,,,No,,Not disclosed,,Not disclosed,,0,unknown,,0,False,,"score=7,idx=12236,zone=19",7,OK,
0001314727,SONO,2018,0001314727_SONO_FY2018_10K.html,,,"Computer hardware, Furniture and fixtures, equipment","2018 2017 (In thousands) Computer hardware and software $ 46,385 $ 42,928 Furniture and fixtures 9,696 9,840 Tooling and production line test equipment 47,297 42,368 Leasehold improvements 53,962 53,479 Product displays 40,265 55,855 Total property and equipment 197,605 204,470 Accumulated depreciation and amortization (112,234 ) (109,340 ) Property and equipment, net $ 85,371 $ 95,130",,,No,,Not disclosed,,"Our service revenue includes revenue allocated to (i) unspecified software upgrades and (ii) cloud services that enable products to access third-party music and voice assistant platforms, which are each distinct performance obligations and are provided to customers at no additional charge. Unspecified software upgrades are provided on a when-and-if-available basis and have historically included updates and enhancements such as bug fixes, feature enhancements and updates to the ability to connect to third-party music or voice assistant platforms. Service revenue is recognized ratably over the estimated service period. ||| Judgment is required to determine the standalone selling price (""SSP"") for each distinct performance obligation. We estimate SSP for items that are not sold separately, which include the products and related software, unspecified software upgrades and cloud services, using information that may include competitive pricing information, where available, as well as analyses of the cost of providing the products or services plus a reasonable margin. In developing SSP estimates, we also consider the nature of the products and services and the expected level of future services. ||| Determining the revenue recognition period for unspecified software upgrades and cloud services also requires judgment. We recognize revenue attributable to these performance obligations ratably over the best estimate of the period that the customer is expected to receive the services. In developing the estimated period of providing future services, we consider our past history, our plans to continue to provide services, including plans to continue to support updates and enhancements to prior versions of our products, expected technological developments, obsolescence, competition and other factors. The estimated service period may change in the future in response to competition, technology developments and our business strategy.",,0,significant_accounting_policies,12. Quarterly financial data (unaudited),3,False,,"score=4,idx=13899,zone=15540",554,OK,
0001314727,SONO,2019,0001314727_SONO_FY2019_10K.html,,,"Computer hardware, Furniture and fixtures, equipment","2019 2018 (In thousands) Computer hardware and software $ 47,775 $ 46,385 Furniture and fixtures 9,594 9,696 Tooling and production line test equipment 54,536 47,297 Leasehold improvements 58,944 53,962 Product displays 45,672 40,265 Total property and equipment 216,521 197,605 Accumulated depreciation and amortization (138,382 ) (112,234 ) Property and equipment, net $ 78,139 $ 85,371",,,No,,Not disclosed,,"Our service revenue includes revenue allocated to (i) unspecified software upgrades and (ii) cloud services that enable products to access third-party music and voice assistant platforms, which are each distinct performance obligations and are provided to customers at no additional charge. Unspecified software upgrades are provided on a when-and-if-available basis and have historically included updates and enhancements such as bug fixes, feature enhancements and updates to the ability to connect to third-party music or voice assistant platforms. Service revenue is recognized ratably over the estimated service period. ||| Judgment is required to determine the standalone selling price (""SSP"") for each distinct performance obligation. We estimate SSP for items that are not sold separately, which include the products and related software, unspecified software upgrades and cloud services, using information that may include competitive pricing information, where available, as well as analyses of the cost of providing the products or services plus a reasonable margin. In developing SSP estimates, we also consider the nature of the products and services and the expected level of future services. ||| Determining the revenue recognition period for unspecified software upgrades and cloud services also requires judgment. We recognize revenue attributable to these performance obligations ratably over the best estimate of the period that the customer is expected to receive the services. In developing the estimated period of providing future services, we consider our past history, our plans to continue to provide services, including plans to continue to support updates and enhancements to prior versions of our products, expected technological developments, obsolescence, competition and other factors. The estimated service period may change in the future in response to competition, technology developments and our business strategy.",,0,significant_accounting_policies,13. Subsequent event,3,False,,"score=4,idx=11307,zone=15006",580,OK,
0001314727,SONO,2020,0001314727_SONO_FY2020_10K.html,,"October 3, 2020","Computer hardware, Furniture and fixtures, equipment","October 3, 2020 September 28, 2019 (In thousands) Computer hardware and software $ 45,798 $ 47,775 Furniture and fixtures 8,239 9,594 Tooling and production line test equipment 67,495 54,536 Leasehold improvements 51,102 58,944 Product displays 48,925 45,672 Total property and equipment 221,559 216,521 Accumulated depreciation and amortization (160,775) (138,382) Property and equipment, net $ 60,784 $ 78,139",,,Yes,"In August 2018, the FASB issued ASU No. 2018-15, Intangibles - Goodwill and Other - Internal-Use Software (Subtopic 350-40): Customer's Accounting for Implementation Costs Incurred in a Cloud Computing Arrangement That is a Service Contract. The guidance aligns the requirements for capitalizing implementation costs incurred in a cloud computing arrangement that is a service contract with the requirements for capitalizing implementation costs incurred to develop or obtain internal-use software. In the first quarter of fiscal 2020, the Company prospectively adopted this standard. The adoption of this standard has not had a material impact on the Company’s consolidated financial statements or disclosures.",Not disclosed,,"Determining the standalone selling price (""SSP"") for each distinct performance obligation requires judgment. We estimate SSP for items that are not sold separately, which include the products and related software, unspecified software upgrades and cloud services, using information that may include competitive pricing information, where available, as well as analysis of the cost of providing the products or services plus a reasonable margin. In developing SSP estimates, we also consider the nature of the products and services and the expected level of future services. ||| Determining the revenue recognition period for unspecified software upgrades and cloud services requires judgment. We recognize revenue attributable to these performance obligations ratably over the best estimate of the period that the customer is expected to receive the services. In developing the estimated period of providing future services, we consider our past history, our plans to continue to provide services, including plans to continue to support updates and enhancements to prior versions of our products, expected technological developments, obsolescence, competition and other factors. The estimated service period may change in the future in response to competition, technology developments and our business strategy.",,0,significant_accounting_policies,5. Balance Sheet Components,3,False,,"score=2,idx=8979,zone=9510",517,OK,
0001314727,SONO,2021,0001314727_SONO_FY2021_10K.html,,2021-11-09,"Computer hardware, Furniture and fixtures, equipment","October 2, 2021 October 3, 2020 (In thousands) Computer hardware and software $ 40,098 $ 45,798 Furniture and fixtures 7,483 8,239 Tooling and production line test equipment 76,210 67,495 Leasehold improvements 49,846 51,102 Product displays 57,863 48,925 Total property and equipment 231,500 221,559 Accumulated depreciation and amortization (160,159) (160,775) Property and equipment, net $ 71,341 $ 60,784",,,No,,Not disclosed,,"Determining the standalone selling price (""SSP"") for each distinct performance obligation requires judgment. We estimate SSP for items that are not sold separately, which include the products and related software, unspecified software upgrades and cloud services, using information that may include competitive pricing information, where available, as well as analysis of the cost of providing the products or services plus a reasonable margin. In developing SSP estimates, we also consider the nature of the products and services and the expected level of future services. ||| Determining the revenue recognition period for unspecified software upgrades and cloud services requires judgment. We recognize revenue attributable to these performance obligations ratably over the best estimate of the period that the customer is expected to receive the services. In developing the estimated period of providing future services, we consider our past history, our plans to continue to provide services, including plans to continue to support updates and enhancements to prior versions of our products, expected technological developments, obsolescence, competition and other factors. The estimated service period may change in the future in response to competition, technology developments and our business strategy.",,0,significant_accounting_policies,5. Balance Sheet Components,3,False,,"score=2,idx=8495,zone=8983",475,OK,
0001314727,SONO,2022,0001314727_SONO_FY2022_10K.html,,"October 1, 2022",Computer hardware and software,"Property and Equipment, Net Property and equipment are stated at historical cost less accumulated depreciation. Depreciation is calculated using the straight-line method over the estimated useful lives of the related assets as follows: Computer hardware and software 1 - 5 years Furniture and fixtures 2 - 5 years Tooling and production line test equipment 2 - 4 years Leasehold improvements 1 - 15 years Product displays 1 - 3 years Costs incurred to improve leased office space are capitalized. Expenditures for major renewals and improvements that extend the useful lives of property and equipment are capitalized.",1.0,5.0,No,,Not disclosed,,"Determining the standalone selling price (""SSP"") for each distinct performance obligation requires judgment. We estimate SSP for items that are not sold separately, which include the products and related software, unspecified software upgrades and cloud services, using information that may include competitive pricing information, where available, as well as analysis of the cost of providing the products or services plus a reasonable margin. In developing SSP estimates, we also consider the nature of the products and services and the expected level of future services. ||| Determining the revenue recognition period for unspecified software upgrades and cloud services requires judgment. We recognize revenue attributable to these performance obligations ratably over the best estimate of the period that the customer is expected to receive the services. In developing the estimated period of providing future services, we consider our past history, our plans to continue to provide services, including plans to continue to support updates and enhancements to prior versions of our products, expected technological developments, obsolescence, competition and other factors. The estimated service period may change in the future in response to competition, technology developments and our business strategy.",B100,1,significant_accounting_policies,"2. Summary of Significant Accounting Policies Basis of Presentation and Preparation The consolidated financial statements, which include the accounts ",3,True,1.0-3.0 ans | 1.0-5.0 ans | 1.0-15.0 ans | 2.0-4.0 ans | 2.0-5.0 ans,"score=4,idx=10969,zone=18694",638,OK,
0001314727,SONO,2023,0001314727_SONO_FY2023_10K.html,,"September 30, 2023",Computer hardware and software,"Property and Equipment, Net Property and equipment are stated at historical cost less accumulated depreciation. Depreciation is calculated using the straight-line method over the estimated useful lives of the related assets as follows: Computer hardware and software 1 - 5 years Furniture and fixtures 2 - 5 years Tooling and production line test equipment 2 - 4 years Leasehold improvements 2 - 15 years Product displays 1 - 4 years Costs incurred to improve leased office space are capitalized. Expenditures for major renewals and improvements that extend the useful lives of property and equipment are capitalized.",1.0,5.0,No,,Not disclosed,,"We estimate SSP for items that are not sold separately, which include the products and related software, unspecified software upgrades and cloud services, using information that may include competitive pricing information, where available, as well as analysis of the cost of providing the products or services plus a reasonable margin. In developing SSP estimates, we also consider the nature of the products and services and the expected level of future services. ||| Revenue allocated to unspecified software upgrades and cloud-based services is deferred and recognized ratably over our best estimate of the period that the customer is expected to receive the services. Determining the revenue recognition period for unspecified software upgrades and cloud services requires judgment. In developing the estimated period of providing future services, we consider our past history, our plans to continue to provide services, including plans to continue to support updates and enhancements to prior versions of our products, expected technological developments, obsolescence, competition and other factors. The estimated service period may change in the future in response to competition, technology developments and our business strategy.",A100,1,significant_accounting_policies,"2. Summary of Significant Accounting Policies Basis of Presentation and Preparation The consolidated financial statements, which include the accounts ",3,True,1.0-4.0 ans | 1.0-5.0 ans | 2.0-4.0 ans | 2.0-5.0 ans | 2.0-15.0 ans,"score=4,idx=12009,zone=19105",643,OK,
0001314727,SONO,2024,0001314727_SONO_FY2024_10K.html,,2024-09-28,"equipment, Computer hardware, Furniture and fixtures","September 28, 2024 September 30, 2023 (In thousands) Tooling and production line test equipment $ 106,174 $ 108,693 Product displays 77,074 68,771 Leasehold improvements 52,112 53,648 Computer hardware, equipment, and software 39,163 41,679 Furniture and fixtures 5,724 6,971 Total property and equipment 280,247 279,762 Accumulated depreciation and amortization (178,099) (192,687) Property and equipment, net $ 102,148 $ 87,075",,,No,,Not disclosed,,"We estimate SSP for items that are not sold separately, which include the products and related software, unspecified software upgrades and cloud services, using information that may include competitive pricing information, where available, as well as analysis of the cost of providing the products or services plus a reasonable margin. In developing SSP estimates, we also consider the nature of the products and services and the expected level of future services. ||| Revenue allocated to unspecified software upgrades and cloud-based services is deferred and recognized ratably over our best estimate of the period that the customer is expected to receive the services. Determining the revenue recognition period for unspecified software upgrades and cloud services requires judgment. In developing the estimated period of providing future services, we consider our past history, our plans to continue to provide services, including plans to continue to support updates and enhancements to prior versions of our products, expected technological developments, obsolescence, competition and other factors. The estimated service period may change in the future in response to competition, technology developments and our business strategy.",,0,significant_accounting_policies,6. Balance Sheet Components,3,False,,"score=2,idx=5792,zone=7691",487,OK,
0001531152,BJ,2018,0001531152_BJ_FY2018_10K.html,,,"computer software, Capitalized software, furniture, equipment","Capitalized software costs are included in furniture, fixtures, and equipment and are amortized on a straight-line basis over the estimated useful life of the software, which is",,,Yes,Expenditures for betterments and major improvements that significantly enhance the value and increase the estimated useful life of the assets are capitalized and depreciated over the new estimated useful life. Repairs and maintenance costs on all assets are expensed as incurred.,Not disclosed,,"The update related to accounting for implementation costs incurred in a cloud computing arrangement that is a service contract. The update allows entities who are customers in hosting arrangements that are service contracts to apply the existing internal-use software guidance to determine which implementation costs to capitalize as an asset related to the service contract and which costs to expense. The update specifies classification for capitalizing implementation costs and related amortization expense within the financial statements and requires additional disclosures. The updated guidance is effective for fiscal reporting periods, including interim reporting within those periods, beginning after December 15, 2019. Early adoption is permitted and can be applied either retrospectively or prospectively. The Company is currently evaluating the transition methods and the impact of the adoption of this standard on its consolidated financial statements. ||| In August 2018, the FASB issued ASU 2018-15 Intangibles—Goodwill and Other—Internal-Use Software (Subtopic 350-40). The update related to accounting for implementation costs incurred in a cloud computing arrangement that is a service contract. The update allows entities who are customers in hosting arrangements that are service contracts to apply the existing internal-use software guidance to determine which implementation costs to capitalize as an asset related to the service contract and which costs to expense. The update specifies classification for capitalizing implementation costs and related amortization expense within the financial statements and requires additional disclosures. The updated guidance is effective for fiscal reporting periods, including interim reporting within those periods, beginning after December 15, 2019. Early adoption is permitted and can be applied either retrospectively or prospectively. The Company is currently evaluating the transition methods and the impact of the adoption of this standard on its consolidated financial statements.",,0,item_8_other,,1,False,,"score=4,idx=8158,zone=17923",886,OK,
0001531152,BJ,2019,0001531152_BJ_FY2019_10K.html,,,"computer software, Capitalized software, furniture, equipment","Capitalized software costs are included in furniture, fixtures, and equipment and are amortized on a straight-line basis over the estimated useful life of the software, which is",,,Yes,Expenditures for betterments and major improvements that significantly enhance the value and increase the estimated useful life of the assets are capitalized and depreciated over the new estimated useful life. Repairs and maintenance costs on all assets are expensed as incurred.,Not disclosed,,"In August 2018, the FASB issued ASU 2018-15, Intangibles—Goodwill and Other—Internal-Use Software (Subtopic 350-40). The update related to accounting for implementation costs incurred in a cloud computing arrangement that is a service contract. The update allows entities who are customers in hosting arrangements that are service contracts to apply the existing internal-use software guidance to determine which implementation costs to capitalize as an asset related to the service contract and which costs to expense. The update specifies classification for capitalizing implementation costs and related amortization expense within the financial statements and requires additional disclosures. The updated guidance is effective for fiscal reporting periods, including interim reporting within those periods, beginning after December 15, 2019. Early adoption is permitted and can be applied either retrospectively or prospectively. The Company adopted this standard on February 2, 2020 on a prospective basis. The adoption of this standard had no material impact on the Company's consolidated financial statements.",,0,item_8_other,,1,False,,"score=4,idx=8231,zone=17510",845,OK,
0001531152,BJ,2020,0001531152_BJ_FY2020_10K.html,,"February 1, 2020","software, which is","Capitalized software costs are included in furniture, fixtures, and equipment and are amortized on a straight-line basis over the estimated useful life of the software, which is three years.",3.0,,Yes,Expenditures for betterments and major improvements that significantly enhance the value and increase the estimated useful life of the assets are capitalized and depreciated over the new estimated useful life. Repairs and maintenance costs on all assets are expensed as incurred.,Not disclosed,,"In August 2018, the FASB issued ASU 2018 - 15, Intangibles—Goodwill and Other—Internal-Use Software (Subtopic 350 - 40 ). The update related to accounting for implementation costs incurred in a cloud computing arrangement that is a service contract. The update allows entities who are customers in hosting arrangements that are service contracts to apply the existing internal-use software guidance to determine which implementation costs to capitalize as an asset related to the service contract and which costs to expense. The update specifies classification for capitalizing implementation costs and related amortization expense within the financial statements and requires additional disclosures. The updated guidance is effective for fiscal reporting periods, including interim reporting within those periods, beginning after December 15, 2019. The Company adopted this standard at the beginning of fiscal year 2020 on a prospective basis. The adoption of this standard did not have a material impact on the Company's consolidated financial statements.",,0,item_8_other,,1,False,,"score=4,idx=6357,zone=10080",515,OK,
0001531152,BJ,2021,0001531152_BJ_FY2021_10K.html,,2022-01-29,"software, which is","Capitalized software costs are included in furniture, fixtures, and equipment and are amortized on a straight-line basis over the estimated useful life of the software, which is three years.",3.0,,Not disclosed,,Not disclosed,,Not disclosed,,0,significant_accounting_policies,2. Summary of Significant Accounting Policies,3,False,,"score=2,idx=5707,zone=7432",516,ERROR,'<' not supported between instances of 'NoneType' and 'float'
0001531152,BJ,2022,0001531152_BJ_FY2022_10K.html,,2023-01-28,"software, which is generally","Capitalized software costs are included in furniture, fixtures, and equipment and are amortized on a straight-line basis over the estimated useful life of the software, which is generally three years.",3.0,,Not disclosed,,Not disclosed,,Not disclosed,,0,significant_accounting_policies,2. Summary of Significant Accounting Policies,3,False,,"score=2,idx=5832,zone=7955",552,ERROR,'<' not supported between instances of 'NoneType' and 'float'
0001531152,BJ,2023,0001531152_BJ_FY2023_10K.html,,2024-02-03,"software, which is generally","Capitalized software costs are included in furniture, fixtures, and equipment and are amortized on a straight-line basis over the estimated useful life of the software, which is generally three years.",3.0,,Not disclosed,,Not disclosed,,Not disclosed,,0,significant_accounting_policies,Note 4,3,False,,"score=2,idx=5752,zone=7871",567,ERROR,'<' not supported between instances of 'NoneType' and 'float'
0001531152,BJ,2024,0001531152_BJ_FY2024_10K.html,,2025-02-01,"software, which is generally","Capitalized software costs are included in furniture, fixtures, and equipment and are amortized on a straight-line basis over the estimated useful life of the software, which is generally three years.",3.0,,Not disclosed,,Not disclosed,,Not disclosed,,0,significant_accounting_policies,2. Summary of Significant Accounting Policies,3,False,,"score=2,idx=5786,zone=7635",550,ERROR,'<' not supported between instances of 'NoneType' and 'float'
0001627475,UPWK,2018,0001627475_UPWK_FY2018_10K.html,,,"Computer equipment, furniture and fixtures, equipment","2018 2017 Computer equipment and software $ 3,189 $ 5,385 Internal-use software and platform development costs 6,287 2,318 Leasehold improvements 5,783 2,189 Office furniture and fixtures 2,545 1,550 Total property and equipment 17,804 11,442 Less: Accumulated depreciation (6,989 ) (7,928 ) Property and equipment, net $ 10,815 $ 3,514",,,No,,Not disclosed,,"Cost of revenue consists primarily of the cost of payment processing fees, amounts paid to freelancers to deliver services for clients under our managed services offering, personnel-related costs for our services and support personnel, third-party hosting fees for our use of AWS and the amortization expense associated with acquired intangibles and capitalized internal-use software and platform development. We define personnel-related costs as salaries, bonuses, benefits, travel and entertainment, and stock-based compensation costs for employees and the costs related to other service providers we engage. ||| Cost of revenue increased by $16.0 million, or 24%, in 2018 compared to 2017. The increase was primarily due to the increase in other components of cost of revenue, which included increases of $6.2 million in payment processing fees due to an increase in client spend on our platform, $2.4 million in third-party hosting costs directly related to increased usage of AWS, $1.1 million related to increased personnel-related costs, $1.0 million in costs directly associated with expanding our customer support team due to increased activity on our platform, and $0.8 million attributed to normal operating costs that increased due to the increase in revenue. Costs of freelancer services to deliver managed services increased by $4.5 million, or 23%, in 2018 compared to 2017, primarily due to a corresponding increase of $5.0 million in managed services revenue in 2018 as compared to 2017. In general, the cost of freelancer services to deliver managed services is directly correlated to our managed services revenue. ||| Cost of revenue increased by $2.9 million, or 5%, in 2017 as compared to 2016. This increase was primarily due to increases of $3.6 million in payment processing fees as a result of an increase in client spend on our platform, $0.9 million in third-party hosting costs as a result of our transition to AWS and increased transaction volume on our platform, and $2.9 million in personnel-related costs from an increase in personnel to support our growth, partially offset by a decrease of $2.6 million in amortization of intangibles that related to developed technology and $0.5 million in amortization that related to capitalized internal-use software and platform development. Costs of freelancer services to deliver managed services decreased by $1.1 million, or 5%, due to a decline in the amount of freelancer services used by a client using our managed services offering. In general, the cost of freelancer services to deliver managed services is directly correlated to our managed services revenue.",,0,significant_accounting_policies,Note 15—Subsequent Events,3,False,,"score=4,idx=13597,zone=12695",790,OK,
0001627475,UPWK,2019,0001627475_UPWK_FY2019_10K.html,,"December 31, 2019",Not disclosed,Not disclosed,,,No,,Not disclosed,,Not disclosed,,0,unknown,,0,False,,"score=2,idx=11820,zone=8814",161,OK,
0001627475,UPWK,2020,0001627475_UPWK_FY2020_10K.html,,"December 31, 2020","Computer equipment, furniture and fixtures, equipment","2020 2019 Computer equipment and software $ 4,819 $ 3,613 Internal-use software and platform development costs 20,727 12,726 Leasehold improvements 14,613 10,576 Office furniture and fixtures 3,354 2,454 Total property and equipment 43,513 29,369 Less: Accumulated depreciation (15,374) (7,915) Property and equipment, net $ 28,139 $ 21,454",,,Yes,"service contract with the requirements for capitalizing implementation costs incurred for an internal-use software license. ASU No. 2018-15 is effective for the Company beginning January 1, 2020. The Company adopted ASU No. 2018-15 on January 1, 2020 using the prospective adoption method. The adoption did not have a material impact on the Company’s consolidated financial statements.","We expect cost of revenue to increase in absolute dollars in future periods due to higher payment processing fees, third-party hosting fees, and personnel-related costs in order to support growth on our work marketplace. We expect third-party hosting fees to increase in 2021 as we complete our migration from the AWS data centers in California to the AWS data center in Oregon because we will need to use both AWS facilities during the migration period. We plan to complete this migration in the first quarter of 2021. Additionally, we are implementing disaster-relief protocols that will increase third-party hosting costs in future periods.",MD&A (Item 7),"Cost of Revenue. Cost of revenue consists primarily of the cost of payment processing fees, amounts paid to freelancers to deliver services for clients under our managed services offering, personnel-related costs for our services and support personnel, third-party hosting fees for our use of AWS, and the amortization expense associated with capitalized internal-use software and platform development costs. We define personnel-related costs as salaries, bonuses, benefits, travel and entertainment, and stock-based compensation costs for employees and the costs related to other service providers we engage. ||| Cost of revenue consists primarily of the cost of payment processing fees, amounts paid to freelancers to deliver services for clients under our managed services offering, personnel-related costs for our services and support personnel, third-party hosting fees for our use of AWS, and the amortization expense associated with capitalized internal-use software and platform development costs. We define personnel-related costs as salaries, bonuses, benefits, travel and entertainment, and stock-based compensation costs for employees and the costs related to other service providers we engage. ||| We expect cost of revenue to increase in absolute dollars in future periods due to higher payment processing fees, third-party hosting fees, and personnel-related costs in order to support growth on our work marketplace. We expect third-party hosting fees to increase in 2021 as we complete our migration from the AWS data centers in California to the AWS data center in Oregon because we will need to use both AWS facilities during the migration period. We plan to complete this migration in the first quarter of 2021. Additionally, we are implementing disaster-relief protocols that will increase third-party hosting costs in future periods.",,0,significant_accounting_policies,Note 5—Balance Sheet Components,3,True,2.0-3.0 ans | 2.0-5.0 ans,"score=2,idx=10593,zone=7237",567,OK,
0001627475,UPWK,2021,0001627475_UPWK_FY2021_10K.html,,2021-12-31,"Computer equipment, furniture and fixtures, equipment","(In thousands) 2021 2020 Computer equipment and software $ 5,493 $ 4,819 Internal-use software and platform development costs 25,738 20,727 Leasehold improvements 11,644 14,613 Office furniture and fixtures 3,365 3,354 Total property and equipment 46,240 43,513 Less: accumulated depreciation (24,911) (15,374) Property and equipment, net $ 21,329 $ 28,139",,,No,,"the year ended December 31, 2021, third-party hosting costs increased $2.4 million, as compared to the same period in 2020, driven by our use of two AWS data centers during the period in connection with our migration from the AWS facility in California to the AWS facility in Oregon.",MD&A (Item 7),"Cost of Revenue. Cost of revenue consists primarily of the cost of payment processing fees, amounts paid to talent to deliver services for clients under our managed services offering, personnel-related costs for our services and support personnel, third-party hosting fees for our use of AWS, and the amortization expense associated with capitalized internal-use software and platform development costs. We define personnel-related costs as salaries, bonuses, benefits, travel and entertainment, and stock-based compensation costs for employees and the costs related to other service providers we engage. ||| Cost of revenue consists primarily of the cost of payment processing fees, amounts paid to talent to deliver services for clients under our managed services offering, personnel-related costs for our services and support personnel, third-party hosting fees for our use of AWS, and the amortization expense associated with capitalized internal-use software and platform development costs. We define personnel-related costs as salaries, bonuses, benefits, travel and entertainment, and stock-based compensation costs for employees and the costs related to other service providers we engage. ||| the year ended December 31, 2021, third-party hosting costs increased $2.4 million, as compared to the same period in 2020, driven by our use of two AWS data centers during the period in connection with our migration from the AWS facility in California to the AWS facility in Oregon.",,0,significant_accounting_policies,Note 5—Balance Sheet Components,3,True,2.0-3.0 ans | 2.0-5.0 ans,"score=2,idx=6871,zone=7273",574,OK,
0001627475,UPWK,2022,0001627475_UPWK_FY2022_10K.html,,2022-12-31,equipment,"Goodwill represents the excess of the aggregate fair value of the consideration transferred over the fair value of the net tangible and identifiable intangible assets acquired in the Elance-oDesk Combination. As of December 31, 2022 and 2021, all of the Company’s intangible assets were fully amortized. Goodwill is not amortized, but rather is assessed for impairment at least annually, or more frequently if events and changes in circumstances indicate that its carrying amount may not be recoverable. The Company performs its annual impairment assessment during the fourth quarter of each calendar year based on a single reporting unit structure by comparing the carrying value of the reporting unit to its fair value. An impairment would occur if the carrying amount of a reporting unit exceeded the fair value of that reporting unit. There has been no impairment of goodwill for any of the periods presented. The Company’s long-lived assets consist of property and equipment and internal-use software and platform development costs. The Company evaluates the recoverability of its long-lived assets for possible impairment whenever events or circumstances indicate that the carrying amount of such assets may not be recoverable. Recoverability of these assets is measured by comparing the carrying amounts to the future undiscounted cash flows the assets are expected to generate. If it is determined that the asset group is not recoverable, an impairment loss is recorded in the amount by which the carrying amount of the asset group exceeds the aggregate future",,,No,,Not disclosed,,"Cost of Revenue. Cost of revenue consists primarily of the cost of payment processing fees, amounts paid to talent to deliver services for clients under our managed services offering, personnel-related costs for our services and support personnel, third-party hosting fees for our use of AWS, and the amortization expense associated with capitalized internal-use software and platform development costs. We define personnel-related costs as salaries, bonuses, benefits, travel and entertainment, and stock-based compensation costs for employees and the costs related to other service providers we engage. ||| Cost of revenue consists primarily of the cost of payment processing fees, amounts paid to talent to deliver services for clients under our managed services offering, personnel-related costs for our services and support personnel, third-party hosting fees for our use of AWS, and the amortization expense associated with capitalized internal-use software and platform development costs. We define personnel-related costs as salaries, bonuses, benefits, travel and entertainment, and stock-based compensation costs for employees and the costs related to other service providers we engage.",,0,significant_accounting_policies,Note 2—Basis of Presentation and Summary of Significant Accounting Policies,3,True,2.0-3.0 ans | 2.0-5.0 ans,"score=2,idx=6925,zone=7663",556,OK,
0001627475,UPWK,2023,0001627475_UPWK_FY2023_10K.html,,2023-12-31,"Computer equipment, furniture and fixtures, equipment","(In thousands) 2023 2022 Internal-use software and platform development $ 47,096 $ 33,273 Leasehold improvements 11,644 11,644 Computer equipment and software 6,605 6,514 Office furniture and fixtures 2,745 3,475 Total property and equipment 68,090 54,906 Less: accumulated depreciation (40,950) (32,843) Property and equipment, net $ 27,140 $ 22,063",,,No,,Not disclosed,,"Cost of Revenue. Cost of revenue consists primarily of the cost of payment processing fees, amounts paid to talent to deliver services for clients under our Managed Services offering, personnel-related costs for our services and support personnel, third-party hosting fees for our use of AWS, and the amortization expense associated with capitalized internal-use software and platform development costs. We define personnel-related costs as salaries, bonuses, benefits, travel and entertainment, and stock-based compensation costs for employees and the costs related to other service providers we engage. ||| Cost of revenue consists primarily of the cost of payment processing fees, amounts paid to talent to deliver services for clients under our Managed Services offering, personnel-related costs for our services and support personnel, third-party hosting fees for our use of AWS, and the amortization expense associated with capitalized internal-use software and platform development costs. We define personnel-related costs as salaries, bonuses, benefits, travel and entertainment, and stock-based compensation costs for employees and the costs related to other service providers we engage.",,0,significant_accounting_policies,Note 5—Balance Sheet Components,3,False,,"score=2,idx=6901,zone=8170",573,OK,
0001627475,UPWK,2024,0001627475_UPWK_FY2024_10K.html,,2024-12-31,"Computer equipment, furniture and fixtures, equipment","(In thousands) 2024 2023 Internal-use software and platform development $ 59,815 $ 47,096 Leasehold improvements 6,025 11,644 Computer equipment and software 6,817 6,605 Office furniture and fixtures 1,755 2,745 Total property and equipment 74,412 68,090 Less: accumulated depreciation (44,356) (40,950) Property and equipment, net $ 30,056 $ 27,140",,,No,,"Our principal commitments consist of the Notes, future purchase commitments for cloud infrastructure and other services, and obligations under our non-cancellable operating leases for office space. Assuming the outstanding Notes are not converted into our common stock, repurchased, or redeemed prior to maturity, (i) annual interest expense relating to the Notes will be $2.7 million in each fiscal year through 2025 and $1.8 million in 2026 and (ii) principal in the amount of $361.0 million will be payable upon the maturity of the Notes on August 15, 2026. For additional information about our Notes, see the section below titled “—Convertible Senior Notes Due 2026.”",MD&A (Item 7),"Cost of Revenue. Cost of revenue consists primarily of the cost of payment processing fees, amounts paid to talent to deliver services for clients under our Managed Services offering, personnel-related costs for our services and support personnel, third-party hosting fees for our use of AWS, and the amortization expense associated with capitalized internal-use software and platform development costs. We define personnel-related costs as salaries, bonuses, benefits, travel and entertainment, and stock-based compensation costs for employees and the costs related to other service providers we engage. ||| Cost of revenue consists primarily of the cost of payment processing fees, amounts paid to talent to deliver services for clients under our Managed Services offering, personnel-related costs for our services and support personnel, third-party hosting fees for our use of AWS, and the amortization expense associated with capitalized internal-use software and platform development costs. We define personnel-related costs as salaries, bonuses, benefits, travel and entertainment, and stock-based compensation costs for employees and the costs related to other service providers we engage.",,0,significant_accounting_policies,Note 5—Balance Sheet Components,3,False,,"score=2,idx=6902,zone=9348",675,OK,
0001628369,CWK,2018,0001628369_CWK_FY2018_10K.html,,"December 31, 2018",equipment,"Property and equipment is stated at cost, net of accumulated depreciation, or in the case of capital leases, at the present value of the future minimum lease payments. The costs capitalized include consulting, licensing and direct labor costs and are amortized upon implementation of the software in production over the useful life of the software.",,,No,,Not disclosed,,Not disclosed,,0,significant_accounting_policies,Note 17: Accounts Receivable Securitization,3,False,,"score=4,idx=11773,zone=30195",1166,OK,
0001628369,CWK,2019,0001628369_CWK_FY2019_10K.html,,"December 31, 2019",equipment,"Property and equipment is recorded at cost, net of accumulated depreciation, or in the case of finance leases, at the present value of the future minimum lease payments. The costs capitalized include consulting, licensing and direct labor costs and are amortized upon implementation of the software in production over the useful life of the software.",,,No,,Not disclosed,,Not disclosed,,0,significant_accounting_policies,Note 17: Accounts Receivable Securitization,3,True,1.0-10.0 ans | 1.0-15.0 ans,"score=4,idx=13049,zone=26692",1075,OK,
0001628369,CWK,2020,0001628369_CWK_FY2020_10K.html,,2020-12-31,equipment,"Property and equipment is recorded at cost, net of accumulated depreciation, or in the case of finance leases, at the present value of the future minimum lease payments. The costs capitalized include consulting, licensing and direct labor costs and are amortized upon implementation of the software in production over the useful life of the software.",,,No,,Not disclosed,,Not disclosed,,0,significant_accounting_policies,Note 2: Summary of Significant Accounting Policies,3,True,1.0-10.0 ans | 1.0-15.0 ans,"score=2,idx=9608,zone=14236",802,OK,
0001628369,CWK,2021,0001628369_CWK_FY2021_10K.html,,2021-12-31,equipment,"Property and equipment is recorded at cost, net of accumulated depreciation, or in the case of finance leases, at the present value of the future minimum lease payments. The costs capitalized include consulting, licensing and direct labor costs and are amortized upon implementation of the software in production over the useful life of the software.",,,No,,Not disclosed,,Not disclosed,,0,significant_accounting_policies,Note 2: Summary of Significant Accounting Policies,3,True,1.0-10.0 ans | 1.0-15.0 ans,"score=2,idx=8163,zone=12208",733,OK,
0001628369,CWK,2022,0001628369_CWK_FY2022_10K.html,,2023-01-31,equipment,"Property and equipment is recorded at cost, net of accumulated depreciation, or in the case of leased assets, at the present value of the future minimum lease payments. The costs capitalized include consulting, licensing and direct labor costs and are amortized upon implementation of the software in production over the useful life of the software.",,,No,,Not disclosed,,Not disclosed,,0,significant_accounting_policies,Note 2: Summary of Significant Accounting Policies,3,True,1.0-7.0 ans | 1.0-10.0 ans | 1.0-15.0 ans,"score=2,idx=7737,zone=10330",743,OK,
0001628369,CWK,2023,0001628369_CWK_FY2023_10K.html,,2024-01-01,equipment,"Property and equipment is recorded at cost, net of accumulated depreciation, or in the case of leased assets, at the present value of the future minimum lease payments. The costs capitalized include consulting, licensing and direct labor costs and are amortized upon implementation of the software in production over the useful life of the software.",,,No,,Not disclosed,,Not disclosed,,0,significant_accounting_policies,Note 2: Summary of Significant Accounting Policies,3,True,1.0-10.0 ans | 1.0-15.0 ans,"score=2,idx=7986,zone=10625",772,OK,
0001628369,CWK,2024,0001628369_CWK_FY2024_10K.html,,2024-12-31,equipment,"Property and equipment is recorded at cost, net of accumulated depreciation, or in the case of leased assets, at the present value of the future minimum lease payments. The costs capitalized include consulting, licensing and direct labor costs and are amortized upon implementation of the software in production over the useful life of the software.",,,Yes,"Adjusted earnings before interest, taxes, depreciation and amortization (“Adjusted EBITDA”) is the profitability metric reported to the chief operating decision maker (“CODM”), the Chief Executive Officer, for purposes of making decisions about allocation of resources to each segment and assessing performance of each segment. The Company does not use other measures of segment profit or loss. The CODM uses Adjusted EBITDA to evaluate operating performance, develop budgets and forecasts, and to assist our investors in analyzing the underlying performance of our business. Adjusted EBITDA is also used to determine future allocation of financial and capital resources, including compensation.",Not disclosed,,Not disclosed,,0,significant_accounting_policies,Note 2: Summary of Significant Accounting Policies,3,True,1.0-10.0 ans | 1.0-15.0 ans,"score=2,idx=7670,zone=10801",792,OK,
0001661181,ORGO,2018,0001661181_ORGO_FY2018_10K.html,,"December 31, 2018",Not disclosed,Not disclosed,,,No,,Not disclosed,,Not disclosed,,0,unknown,,0,False,,"score=7,idx=9563,zone=11",2,OK,
0001661181,ORGO,2019,0001661181_ORGO_FY2019_10K.html,,"December 31, 2019",Not disclosed,Not disclosed,,,No,,Not disclosed,,Not disclosed,,0,unknown,,0,False,,"score=7,idx=7874,zone=10",2,OK,
0001661181,ORGO,2020,0001661181_ORGO_FY2020_10K.html,,"December 31, 2020",Not disclosed,Not disclosed,,,No,,Not disclosed,,Not disclosed,,0,unknown,,0,False,,"score=7,idx=8169,zone=11",2,OK,
0001661181,ORGO,2021,0001661181_ORGO_FY2021_10K.html,,2022-03-31,Not disclosed,Not disclosed,,,No,,Not disclosed,,Not disclosed,,0,unknown,,0,False,,"score=6,idx=11836,zone=12",2,OK,
0001661181,ORGO,2022,0001661181_ORGO_FY2022_10K.html,,2027-12-31,Not disclosed,Not disclosed,,,No,,Not disclosed,,Not disclosed,,0,unknown,,0,False,,"score=7,idx=10761,zone=6",3,OK,
0001661181,ORGO,2023,0001661181_ORGO_FY2023_10K.html,,2027-12-31,Not disclosed,Not disclosed,,,No,,Not disclosed,,Not disclosed,,0,unknown,,0,False,,"score=7,idx=10560,zone=6",3,OK,
0001661181,ORGO,2024,0001661181_ORGO_FY2024_10K.html,,2027-12-31,Not disclosed,Not disclosed,,,No,,Not disclosed,,Not disclosed,B200,1,unknown,,0,False,,"score=7,idx=9287,zone=6",3,OK,
0001682745,VRRM,2017,0001682745_VRRM_FY2017_10K.html,,"December 31, 2017",Not disclosed,Not disclosed,,,No,,Not disclosed,,Not disclosed,,0,unknown,,0,False,,"score=4,idx=4136,zone=5404",221,OK,
0001682745,VRRM,2018,0001682745_VRRM_FY2018_10K.html,,"December 31, 2018",Not disclosed,Not disclosed,,,No,,Not disclosed,,Not disclosed,,0,unknown,,0,False,,"score=4,idx=9276,zone=23332",366,OK,
0001682745,VRRM,2019,0001682745_VRRM_FY2019_10K.html,,2020-02-20,"Equipment, Computer equipment, Furniture","($ in thousands) 2019 2018 Equipment installed at customer sites $ 71,464 $ 70,164 Software 13,839 11,189 Leasehold improvements 8,809 7,899 Computer equipment 8,882 5,758 Furniture 1,681 1,826 Automobiles 2,128 1,289 Construction in progress 4,773 2,097 Property and equipment 111,576 100,222 Less: accumulated depreciation (39,310 ) (30,979 ) Property and equipment, net $ 72,266 $ 69,243",,,Unclear,"In June 2016, the FASB issued ASU 2016-13, Financial Instruments—Credit Losses (Topic 326), and issued certain amendments within ASU 2019-04, ASU 2019-05 and ASU 2019-11, respectively and collectively Topic 326, which require companies to present assets held at amortized cost and available for sale debt securities net of the amount expected to be collected. The guidance requires the measurement of expected credit losses to be based on relevant information from past events, including historical experiences, current conditions and reasonable and supportable forecasts that affect collectability. The guidance will be effective for the Company beginning January 1, 2020. Different components of the guidance require modified retrospective or prospective adoption. The impact of the implementation of this standard is still being determined by the Company.",leases of office and data center space. The Company initially recognizes and measures contracts containing a lease and determine lease classification at commencement. ROU,Item 8,Not disclosed,,0,ppe_note,"5. Property and Equipment, Net",3,False,,"score=4,idx=12725,zone=23075",672,OK,
0001682745,VRRM,2020,0001682745_VRRM_FY2020_10K.html,,2021-03-31,"Equipment, Computer equipment, Furniture","($ in thousands) 2020 2019 Equipment installed at customer sites $ 80,880 $ 71,464 Software 19,202 13,839 Leasehold improvements 9,938 8,809 Computer equipment 10,974 8,882 Furniture 2,079 1,681 Automobiles 2,899 2,128 Construction in progress 4,876 4,773 Property and equipment 130,848 111,576 Less: accumulated depreciation (60,564 ) (39,310 ) Property and equipment, net $ 70,284 $ 72,266",,,No,,"The Company adopted the leases guidance under ASC 842, Leases , as of January 1, 2019. The Company’s operating leases primarily consist of office and data center space expiring at various dates through April 2035 . The Company has lease agreements with lease and non-lease components and has elected to account for such components as a single lease component. The Company recognizes and measures contracts containing a lease and determines lease classification at commencement. Right of use operating assets and lease liabilities are measured based on the estimated present value of lease payments over the lease term. In determining the present value of lease payments, the Company used its estimated incremental borrowing rate when the rate implicit in the lease cannot be readily determined. The estimated incremental borrowing rate is based upon information available at lease commencement including publicly available data for debt instruments. The lease term includes periods covered by options to extend when it is reasonably certain the Company will exercise such options as well as periods subsequent to an option to terminate the lease if it is reasonably certain the Company will not exercise the termination option. Operating lease costs are recognized on a straight-line basis over the lease term. Variable lease costs are recognized as incurred. The Company’s lease agreements do not contain any material residual value guarantees or material restrictive covenants. The Company does not have material short-term leases and does not engage in subleasing activities.",Item 8,Not disclosed,,0,ppe_note,"5. Property and Equipment, Net",3,False,,"score=4,idx=13603,zone=18539",657,OK,
0001682745,VRRM,2021,0001682745_VRRM_FY2021_10K.html,,2021-12-31,Equipment installed at customer sites,Property and Equipment Property and equipment is stated at cost less accumulated depreciation. Depreciation is recorded on a straight-line basis over the estimated useful lives of the related assets as follo ws: Building 39 years Equipment installed at customer sites 3 - 7 years Computer equipment 3 - 5 years Furniture 3 - 10 years Automobiles 3 - 7 years Software 3 - 7 years Leasehold improvements Shorter of lease term or estimated useful life Equipment installed at customer sites includes certain installation costs that qualify for capitalization.,3.0,7.0,No,,Not disclosed,,Not disclosed,,0,significant_accounting_policies,2. Significant Accounting Policies,3,True,3.0-5.0 ans | 3.0-7.0 ans | 3.0-10.0 ans,"score=4,idx=13849,zone=31108",1025,OK,
0001682745,VRRM,2022,0001682745_VRRM_FY2022_10K.html,,2023-03-31,Equipment installed at customer sites,Property and Equipment Property and equipment is stated at cost less accumulated depreciation. Depreciation is recorded on a straight-line basis over the estimated useful lives of the related assets as follo ws: Equipment installed at customer sites 3 - 7 years Computer equipment 3 - 5 years Furniture 3 - 10 years Automobiles 3 - 7 years Software 3 - 7 years Leasehold improvements Shorter of lease term or estimated useful life Equipment installed at customer sites includes certain installation costs that qualify for capitalization.,3.0,7.0,No,,Not disclosed,,Not disclosed,B200,1,significant_accounting_policies,2. Significant Accounting Policies,3,True,3.0-5.0 ans | 3.0-7.0 ans | 3.0-10.0 ans,"score=4,idx=14325,zone=32200",1045,OK,
0001682745,VRRM,2023,0001682745_VRRM_FY2023_10K.html,,2024-03-31,Equipment installed at customer sites,Property and Equipment Property and equipment is stated at cost less accumulated depreciation. Depreciation is recorded on a straight-line basis over the estimated useful lives of the related assets as follows: Equipment installed at customer sites 3 - 7 years Computer equipment 3 - 5 years Furniture 3 - 10 years Automobiles 3 - 7 years Software 3 - 7 years Leasehold improvements Shorter of lease term or estimated useful life Equipment installed at customer sites includes certain installation costs that qualify for capitalization.,3.0,7.0,No,,Not disclosed,,Not disclosed,B100,1,significant_accounting_policies,2. Significant Accounting Policies,3,True,3.0-5.0 ans | 3.0-7.0 ans | 3.0-10.0 ans,"score=4,idx=10112,zone=25351",1032,OK,
0001682745,VRRM,2024,0001682745_VRRM_FY2024_10K.html,,2024-12-31,Equipment,Property and Equipment Property and equipment is stated at cost less accumulated depreciation. Depreciation is recorded on a straight-line basis over the estimated useful lives of the related assets as follows: Equipment 3 - 7 years Computer equipment 3 - 5 years Furniture 3 - 10 years Automobiles 3 - 7 years Software 3 - 7 years Leasehold improvements Shorter of lease term or estimated useful life Equipment relates to equipment installed at customer sites and certain installation costs that qualify for capitalization.,3.0,7.0,No,,Not disclosed,,Not disclosed,A100,1,significant_accounting_policies,2. Significant Accounting Policies,3,True,3.0-5.0 ans | 3.0-7.0 ans | 3.0-10.0 ans,"score=4,idx=9886,zone=22446",949,OK,
0001682852,MRNA,2018,0001682852_MRNA_FY2018_10K.html,,"December 31, 2018","Capitalized software, equipment",Capitalized software costs are included in property and equipment and we begin amortization of those costs when the software will be used to perform the function intended. Capitalized software costs associated with projects are amortized over,,,Yes,"of current year taxable income and elimination of net operating loss carrybacks, one time taxation of offshore earnings at reduced rates regardless of whether they are repatriated, elimination of U.S. tax on foreign earnings (subject to certain important exceptions), immediate deductions for certain new investments instead of deductions for depreciation expense over time, and modifying or repealing many business deductions and credits.",Not disclosed,,"Intangibles—Goodwill and Other—Internal-Use Software (Topic 350): Customer’s Accounting for Implementation Costs Incurred in a Cloud Computing Arrangement That Is a Service Contract. ||| In August 2018, the FASB issued ASU 2018-15, Intangibles—Goodwill and Other—Internal-Use Software (Topic 350): Customer’s Accounting for Implementation Costs Incurred in a Cloud Computing Arrangement That Is a Service Contract. This standard requires capitalizing implementation costs incurred to develop or obtain internal-use software (and hosting arrangements that include an internal-use software license). This standard should be applied either retrospectively or prospectively, and will be effective for us on January 2021, with early adoption permitted. We are currently evaluating the potential impact this standard may have on our consolidated financial statements and results of operations upon adoption.",,0,significant_accounting_policies,2. Summary of Significant Accounting Policies,3,False,,"score=4,idx=21842,zone=20746",1141,OK,
0001682852,MRNA,2019,0001682852_MRNA_FY2019_10K.html,,"December 31, 2019","equipment, Furniture, Computer equipment","December 31, 2019 2018 Building (1) $ — $ 140,442 Laboratory equipment 108,257 96,907 Leasehold improvements (1) 152,426 13,741 Furniture, fixtures and other 3,316 2,122 Computer equipment and software 11,985 11,513 Internally developed software 7,020 7,020 Right-of-use asset, financing 9,853 — Construction in progress 3,222 4,688 296,079 276,433 Less: Accumulated depreciation (94,584 ) (64,456 ) Property and equipment, net $ 201,495 $ 211,977",,,Yes,"capitalizing implementation costs incurred to develop or obtain internal-use software (and hosting arrangements that include an internal-use software license). This standard should be applied either retrospectively or prospectively, and will be effective for us on January 2020. We will adopt this standard in the first quarter of 2020 using the prospective adoption method. The adoption of this standard is not expected to have a material impact on our consolidated financial statements and disclosure.",Not disclosed,,"Intangibles—Goodwill and Other—Internal-Use Software (Topic 350): Customer’s Accounting for Implementation Costs Incurred in a Cloud Computing Arrangement That Is a Service Contract. ||| In August 2018, the FASB issued ASU 2018-15, Intangibles—Goodwill and Other—Internal-Use Software (Topic 350): Customer’s Accounting for Implementation Costs Incurred in a Cloud Computing Arrangement That Is a Service Contract. This standard requires",,0,significant_accounting_policies,16. Subsequent Event,3,False,,"score=4,idx=21364,zone=21650",1171,OK,
0001682852,MRNA,2020,0001682852_MRNA_FY2020_10K.html,,2021-02-26,"equipment, Furniture, Computer equipment","December 31, 2020 2019 Laboratory equipment $ 120,714 $ 108,257 Leasehold improvements 179,901 152,426 Furniture, fixtures and other 4,662 3,316 Computer equipment and software 13,398 11,985 Internally developed software 7,020 7,020 Right-of-use asset, financing 56,348 9,853 Construction in progress 34,507 3,222 416,550 296,079 Less: Accumulated depreciation (119,661) (94,584) Property and equipment, net $ 296,889 $ 201,495",,,No,,Not disclosed,,"In August 2018, the FASB issued ASU 2018-15, Intangibles—Goodwill and Other—Internal-Use Software (Topic 350): Customer’s Accounting for Implementation Costs Incurred in a Cloud Computing Arrangement That Is a Service Contract . This standard requires capitalizing implementation costs incurred to develop or obtain internal-use software (and hosting arrangements that include an internal-use software license). We adopted this standard in the first quarter of 2020 using the prospective method. The adoption of this standard did not have a material impact on our consolidated financial statements and disclosures. ||| Intangibles—Goodwill and Other—Internal-Use Software (Topic 350): Customer’s Accounting for Implementation Costs Incurred in a Cloud Computing Arrangement That Is a Service Contract",A100,1,ppe_note,9. Property and Equipment,3,False,,"score=2,idx=17323,zone=13130",765,OK,
0001682852,MRNA,2021,0001682852_MRNA_FY2021_10K.html,,2022-02-25,"equipment, Furniture, Computer equipment","Property and equipment, net as of December 31, 2021 and 2020 consisted of the following (in millions): December 31, 2021 2020 Laboratory equipment $ 175 $ 121 Leasehold improvements 313 180 Furniture, fixtures and other 11 5 Computer equipment and software 16 13 Internally developed software 9 7 Right-of-use asset, financing 857 56 Construction in progress 212 35 1,593 417 Less: Accumulated depreciation (352) (120) Property and equipment, net $ 1,241 $ 297",,,No,,Not disclosed,,Not disclosed,,0,ppe_note,9. Property and Equipment,3,False,,"score=2,idx=12804,zone=11459",589,OK,
0001682852,MRNA,2022,0001682852_MRNA_FY2022_10K.html,,2022-12-31,equipment,"Estimated Useful Life Land and land improvements Not depreciated Manufacturing and laboratory equipment 5 years Leasehold improvements Lesser of estimated useful life of improvement or remaining life of related lease Computer equipment and software 3 to 5 years Furniture and fixtures 5 years Right-of-use asset, financing Lease term",3.0,5.0,No,,Not disclosed,,Not disclosed,,0,significant_accounting_policies,Note 7,3,True,3.0-5.0 ans | 5.0 ans,"score=2,idx=12764,zone=12180",615,OK,
0001682852,MRNA,2023,0001682852_MRNA_FY2023_10K.html,,2023-12-31,equipment,"Estimated Useful Life Land and land improvements Not depreciated Manufacturing and laboratory equipment 5 years Leasehold improvements Lesser of estimated useful life of improvement or remaining life of related lease Computer equipment and software 3 to 5 years Furniture and fixtures 5 years Right-of-use asset, financing Lease term",3.0,5.0,No,,Not disclosed,,Not disclosed,,0,significant_accounting_policies,Note 6,3,True,3.0-5.0 ans | 5.0 ans,"score=2,idx=11871,zone=12391",646,OK,
0001682852,MRNA,2024,0001682852_MRNA_FY2024_10K.html,,2025-01-31,equipment,"Estimated Useful Life Land and land improvements Not depreciated Buildings and building improvements Up to 40 years Manufacturing and laboratory equipment 5 years Leasehold improvements Lesser of estimated useful life of improvement or remaining life of related lease Computer equipment and software 3 to 5 years Furniture, fixtures and other 5 years Right-of-use asset, financing Lease term",3.0,5.0,No,,"We have significant future capital requirements including expected operating expenses to conduct research and development activities, operate our organization, and meet capital expenditure needs. We anticipate maintaining substantial expenses across all areas of our ongoing activities, particularly as we continue research and development of our development candidates and clinical activities for our investigational medicines. This also extends to our manufacturing costs, including our arrangements with our supply and manufacturing partners. Our ongoing work on our norovirus, flu+COVID combination, CMV, RSV, and next-generation COVID vaccine candidates, INT, development of any new COVID vaccines against variants of SARS-CoV-2, late-stage clinical development, investments in digital capabilities and artificial intelligence technologies, and buildout of global commercial, regulatory, sales and marketing infrastructure and manufacturing facilities will require significant cash outflows in future periods, most of which may not be reimbursed or otherwise paid for by our partners or collaborators. In addition, we have substantial facility, lease and purchase obligations. We have also entered into various collaboration and licensing agreements, as well as a research and development funding arrangement with a third party. These arrangements collectively encompass the funding of specific research and development activities, with the distinction that under the research and development funding arrangement, we receive funding. However, for all these arrangements, we may be obligated to make potential future milestone and royalty payments.",MD&A (Item 7),Not disclosed,,0,significant_accounting_policies,Note 6,3,True,3.0-5.0 ans | 5.0 ans,"score=2,idx=12171,zone=12881",670,OK,
0001692787,KNTK,2019,0001692787_KNTK_FY2019_10K.html,,"December 31, 2019",Not disclosed,Not disclosed,,,No,,Not disclosed,,Not disclosed,,0,unknown,,0,False,,"score=7,idx=10243,zone=5",2,OK,
0001692787,KNTK,2020,0001692787_KNTK_FY2020_10K.html,,2022-01-01,Not disclosed,Not disclosed,,,No,,Not disclosed,,Not disclosed,B200,1,unknown,,0,False,,"score=5,idx=6153,zone=4",2,OK,
0001692787,KNTK,2021,0001692787_KNTK_FY2021_10K.html,,2022-12-31,Not disclosed,Not disclosed,,,No,,Not disclosed,,Not disclosed,,0,unknown,,0,False,,"score=5,idx=6378,zone=4",2,OK,
0001692787,KNTK,2022,0001692787_KNTK_FY2022_10K.html,,2027-06-15,Not disclosed,Not disclosed,,,No,,Not disclosed,,Not disclosed,,0,unknown,,0,False,,"score=5,idx=7163,zone=7",2,OK,
0001692787,KNTK,2023,0001692787_KNTK_FY2023_10K.html,,2027-06-15,Not disclosed,Not disclosed,,,No,,Not disclosed,,Not disclosed,,0,unknown,,0,False,,"score=5,idx=7293,zone=7",2,OK,
0001692787,KNTK,2024,0001692787_KNTK_FY2024_10K.html,,2025-02-12,Not disclosed,Not disclosed,,,No,,Not disclosed,,Not disclosed,,0,unknown,,0,False,,"score=5,idx=7488,zone=7",2,OK,
0001727263,FTDR,2018,0001727263_FTDR_FY2018_10K.html,,"December 31, 2018","Technology, Office equipment, furniture and fixtures, equipment","﻿ ﻿ ﻿ As of Estimated ﻿ December 31, Useful Lives (In millions) 2018 2017 (Years) Buildings and improvements $ 20 $ 19 10 - 40 Technology and communications 78 51 3 - 7 Office equipment, furniture and fixtures, and vehicles 8 6 5 - 7 ﻿ 107 77 Less accumulated depreciation (59) (46) Net property and equipment $ 47 $ 31",,,No,,Not disclosed,,Not disclosed,,0,significant_accounting_policies,Note 20. Earnings Per Share,3,False,,"score=7,idx=11635,zone=12852",840,OK,
0001727263,FTDR,2019,0001727263_FTDR_FY2019_10K.html,,2020-03-31,Not disclosed,Not disclosed,,,No,,Not disclosed,,Not disclosed,,0,unknown,,0,False,,"score=7,idx=11037,zone=17065",2,OK,
0001727263,FTDR,2020,0001727263_FTDR_FY2020_10K.html,,2021-02-17,Not disclosed,Not disclosed,,,No,,Not disclosed,,Not disclosed,,0,unknown,,0,False,,"score=7,idx=10880,zone=16611",2,OK,
0001727263,FTDR,2021,0001727263_FTDR_FY2021_10K.html,,2021-12-31,Not disclosed,Not disclosed,,,No,,Not disclosed,,Not disclosed,,0,unknown,,0,False,,"score=7,idx=8766,zone=14578",2,OK,
0001727263,FTDR,2022,0001727263_FTDR_FY2022_10K.html,,2022-12-31,Not disclosed,Not disclosed,,,No,,Not disclosed,,Not disclosed,,0,unknown,,0,False,,"score=7,idx=8545,zone=13833",2,OK,
0001727263,FTDR,2023,0001727263_FTDR_FY2023_10K.html,,2023-12-31,Not disclosed,Not disclosed,,,No,,Not disclosed,,Not disclosed,,0,unknown,,0,False,,"score=7,idx=8849,zone=14245",2,OK,
0001727263,FTDR,2024,0001727263_FTDR_FY2024_10K.html,,2024-12-31,"Equipment, Technology, Office equipment, furniture and fixtures","Property and Equipment, Goodwill and Intangible Assets Property and equipment consist of the following: As of December 31, Estimated Useful Lives (In millions) 2024 2023 (Years) Land $ 2 $ — Buildings and improvements 11 4 10 - 40 Technology and communications 139 159 3 - 7 Office equipment, furniture and fixtures, and vehicles 5 3 5 - 7 Property and equipment, gross 157 166 Less accumulated depreciation ( 84 ) ( 105 ) Property and equipment, net $ 73 $ 60",,,No,,Not disclosed,,Not disclosed,,0,significant_accounting_policies,Note 2. Significant Accounting Policies Consolidation Our consolidated financial statements include all of our wholly-owned subsidiaries. All intercom,3,False,,"score=7,idx=9800,zone=19230",747,OK,
0001735707,GTX,2018,0001735707_GTX_FY2018_10K.html,,"December 31, 2018",Not disclosed,Not disclosed,,,No,,"We are in the process of installing and implementing information technology infrastructure to support certain of our business functions, including accounting and reporting, manufacturing process control, customer service, inventory control and distribution. We may incur substantially higher costs than currently anticipated as we transition from the existing transactional and operational systems and data centers we currently use as part of Honeywell. If we are unable to transition effectively, we may incur temporary interruptions in business operations. Any delay in implementing, or operational interruptions suffered while implementing, our new information technology infrastructure could disrupt our business and have a material adverse effect on our results of operations.",Item 8,Not disclosed,,0,unknown,,0,False,,"score=4,idx=17801,zone=20084",390,OK,
0001735707,GTX,2019,0001735707_GTX_FY2019_10K.html,,"December 31, 2019",software,"Property, Plant and Equipment —Property, plant and equipment are recorded at cost less accumulated depreciation and amortization. For financial reporting, the straight-line method of depreciation is used over the estimated useful lives of 10 to 50 years for buildings and improvements, 2 to 16 years for machinery and equipment, 3 to 10 years for tooling equipment and 5 to 7 years for software.",5.0,7.0,No,,"We are in the process of installing and implementing information technology infrastructure to support certain of our business functions, including accounting and reporting, manufacturing process control, customer service, inventory control and distribution. We may incur substantially higher costs than currently anticipated as we transition from the existing transactional and operational systems and data centers we previously used as part of Honeywell. If we are unable to transition effectively, we may incur temporary interruptions in business operations. Any delay in implementing, or operational interruptions suffered while implementing, our new information technology infrastructure could disrupt our business and have a material adverse effect on our results of operations.",Item 8,Not disclosed,,0,significant_accounting_policies,Note 2. Summary of Significant Accounting Policies,3,True,3.0-10.0 ans | 5.0-7.0 ans,"score=4,idx=16109,zone=22998",1550,OK,
0001735707,GTX,2020,0001735707_GTX_FY2020_10K.html,,2021-02-15,software,"Property, Plant and Equipment —Property, plant and equipment are recorded at cost less accumulated depreciation and amortization. For financial reporting, the straight-line method of depreciation is used over the estimated useful lives of 10 to 50 years for buildings and improvements, 2 to 16 years for machinery and equipment, 3 to 10 years for tooling equipment and 5 to 7 years for software.",5.0,7.0,No,,Not disclosed,,Not disclosed,,0,significant_accounting_policies,Note 3. Summary of Significant Accounting Policies,3,True,3.0-10.0 ans | 5.0-7.0 ans,"score=4,idx=18787,zone=22728",984,OK,
0001735707,GTX,2021,0001735707_GTX_FY2021_10K.html,,2022-02-18,software,"Property, plant and equipment are recorded at cost less accumulated depreciation and amortization. For financial reporting, the straight-line method of depreciation is used over the estimated useful lives of 10 to 50 years for buildings and improvements, 2 to 16 years for machinery and equipment, 3 to 10 years for tooling equipment and 5 to 7 years for software.",5.0,7.0,No,,Not disclosed,,Not disclosed,,0,significant_accounting_policies,Note 3. Summary of Significant Accounting Policies,3,True,3.0-10.0 ans | 5.0-7.0 ans,"score=2,idx=10563,zone=14449",1006,OK,
0001735707,GTX,2022,0001735707_GTX_FY2022_10K.html,,2022-12-31,software. Maintenance and repairs are expensed as incurred,"Property, plant and equipment are recorded at cost less accumulated depreciation and amortization. Depreciation is calculated using the straight-line method over the estimated useful lives assets, which are 10 to 50 years for buildings and improvements, 2 to 16 years for machinery and equipment, 3 to 10 years for tooling equipment, and 5 to 7 years for software.",5.0,7.0,No,,Not disclosed,,Not disclosed,,0,significant_accounting_policies,Note 3. Summary of Significant Accounting Policies,3,True,3.0-10.0 ans | 5.0-7.0 ans,"score=2,idx=8591,zone=13283",845,OK,
0001735707,GTX,2023,0001735707_GTX_FY2023_10K.html,,2023-12-31,software. Maintenance and repairs are expensed as incurred,"Property, plant and equipment are recorded at cost less accumulated depreciation and amortization. Depreciation is calculated using the straight-line method over the estimated useful lives of assets, which are 10 to 50 years for buildings and improvements, 2 to 16 years for machinery and equipment, 3 to 10 years for tooling equipment, and 5 to 7 years for software.",5.0,7.0,No,,Not disclosed,,Not disclosed,,0,significant_accounting_policies,Note 3. Summary of Significant Accounting Policies,3,True,3.0-10.0 ans | 5.0-7.0 ans,"score=2,idx=9469,zone=13578",867,OK,
0001735707,GTX,2024,0001735707_GTX_FY2024_10K.html,,2027-04-03,software. Maintenance and repairs are expensed as incurred,"Property, plant and equipment are recorded at cost less accumulated depreciation and amortization. Depreciation is calculated using the straight-line method over the estimated useful lives of assets, which are 10 to 50 years for buildings and improvements, 2 to 16 years for machinery and equipment, 3 to 10 years for tooling equipment, and 5 to 7 years for software.",5.0,7.0,No,,Not disclosed,,Not disclosed,,0,significant_accounting_policies,Note 3. Summary of Significant Accounting Policies,3,True,3.0-10.0 ans | 5.0-7.0 ans,"score=2,idx=9487,zone=14361",860,OK,
0001736946,ARLO,2018,0001736946_ARLO_FY2018_10K.html,,,Not disclosed,Not disclosed,,,No,,"Arlo combines an intelligent cloud infrastructure and mobile app with a variety of smart connected devices that transform the way people experience the connected lifestyle. Our cloud-based platform creates a seamless, end-to-end connected lifestyle solution that provides customers with visibility, insight, and a powerful means to help them protect and connect with the people and things that matter most to them. Arlo enables users to monitor their environments and engage in real-time with their families and businesses from any location with a Wi-Fi or a cellular network internet connection. Since the launch of our first product in December 2014, we have shipped over 11.7 million smart connected devices, and, as of December 31, 2018, our smart platform had approximately 2.85 million cumulative registered users across more than 100 countries around the world.",MD&A (Item 7),"Our cost of revenue as a percentage of revenue can vary based upon a number of factors, including those that may affect our revenue set forth above and factors that may affect our cost of revenue, including, without limitation: product mix, sales channel mix, registered user acceptance of paid subscription service offerings, fluctuation in foreign exchange rates and changes in our cost of goods sold due to fluctuations in prices paid for components, net of vendor rebates, cloud platform costs, warranty and overhead costs, inbound freight and duty product conversion costs, charges for excess or obsolete ||| in transition services agreement-related expense. The increased expenditures on personnel-related expense, engineering projects and outside professional services were due to continuous investment in strategic focus areas, principally the expansion of our Arlo product and service offerings and the growth of our cloud platform capabilities. We expect our research and development expense will increase as we continue to invest in and expand our Arlo product and service offerings. ||| Research and development expense increased for the year ended December 31, 2017 compared to the prior year due to increases of $5.2 million in allocated personnel-related expense, $3.5 million in corporate IT and facility overhead and $1.6 million in engineering projects and outside professional services. The increased expenditures on personnel-related expense, engineering projects and outside professional services were due to continuous investment in strategic focus areas, such as expanding our Arlo product offerings and services and growing our cloud platform capabilities.",,0,unknown,,0,False,,"score=3,idx=10302,zone=21138",80,OK,
0001736946,ARLO,2019,0001736946_ARLO_FY2019_10K.html,,"December 31, 2019",Not disclosed,Not disclosed,,,No,,"Arlo combines an intelligent cloud infrastructure and mobile app with a variety of smart connected devices that transform the way people experience the connected lifestyle. Our cloud-based platform provides users with visibility, insight and a powerful means to help protect and connect in real-time with the people and things that matter most, from any location with a Wi-Fi or a cellular connection. Since the launch of our first product in December 2014, we have shipped over 15.8 million smart connected devices, and, as of December 31, 2019 , our smart platform had approximately 4.02 million cumulative registered accounts across more than 100 countries around the world.",MD&A (Item 7),"Our cost of revenue as a percentage of revenue can vary based upon a number of factors, including those that may affect our revenue set forth above and factors that may affect our cost of revenue, including, without limitation: product mix, sales channel mix, registered user acceptance of paid subscription service offerings, fluctuation in foreign exchange rates and changes in our cost of goods sold due to fluctuations in prices paid for components, net of vendor rebates, cloud platform costs, warranty and overhead costs, inbound freight and duty product conversion costs, charges for excess or obsolete inventory, and amortization of acquired intangibles. We outsource our manufacturing, warehousing, and distribution logistics. We also outsource certain components of the required infrastructure to support our cloud-based back-end IT infrastructure. We believe this outsourcing strategy allows us to better manage our product and services costs and gross margin. ||| Research and development expense increased for the year ended December 31, 2019 compared to the prior year due to increases of $2.5 million in personnel-related expenses and $8.3 million in corporate IT and facilities overhead. The increased expenditures on personnel-related expense and engineering projects were due to continuous investment in strategic focus areas, principally the expansion of our Arlo product and service offerings and the growth of our cloud platform capabilities. The increase in corporate IT and facilities overhead is due to the fact that starting in late 2018 Arlo moved to separate facilities globally and for the whole of 2019 Arlo maintained its own facilities and IT infrastructures and systems globally as a standalone public company. ||| compared to the prior year due to increases of $2.5 million in personnel-related expenses and $8.3 million in corporate IT and facilities overhead. The increased expenditures on personnel-related expense and engineering projects were due to continuous investment in strategic focus areas, principally the expansion of our Arlo product and service offerings and the growth of our cloud platform capabilities. The increase in corporate IT and facilities overhead is due to the fact that starting in late 2018 Arlo moved to separate facilities globally and for the whole of 2019 Arlo maintained its own facilities and IT infrastructures and systems globally as a standalone public company.",,0,unknown,,0,False,,"score=3,idx=15245,zone=25768",77,OK,
0001736946,ARLO,2020,0001736946_ARLO_FY2020_10K.html,,2020-12-31,Computer equipment,Asset Category: Range of Useful Lives Computer equipment 2 years Furniture and fixtures 5 years Software 2-5 years Machinery and equipment 2-3 years Leasehold improvements Shorter of remaining lease term or 7 years,2.0,5.0,Not disclosed,,Not disclosed,,Not disclosed,,0,significant_accounting_policies,Note 2. Summary of Significant Accounting Policies,3,False,,"score=2,idx=11604,zone=14130",735,ERROR,'<' not supported between instances of 'float' and 'NoneType'
0001736946,ARLO,2021,0001736946_ARLO_FY2021_10K.html,,2021-12-31,Computer equipment,Asset Category: Range of Useful Lives Computer equipment 2 years Furniture and fixtures 5 years Software 2-5 years Machinery and equipment 2-3 years Leasehold improvements Shorter of remaining lease term or 7 years,2.0,5.0,Not disclosed,,Not disclosed,,Not disclosed,,0,significant_accounting_policies,Note 2. Summary of Significant Accounting Policies,3,False,,"score=2,idx=9693,zone=13631",673,ERROR,'<' not supported between instances of 'float' and 'NoneType'
0001736946,ARLO,2022,0001736946_ARLO_FY2022_10K.html,,"December 31, 2022",Computer equipment,Asset Category: Range of Useful Lives Computer equipment 2 years Furniture and fixtures 5 years Software 2-5 years Machinery and equipment 2-3 years Leasehold improvements Shorter of remaining lease term or 7 years,2.0,5.0,Not disclosed,,Not disclosed,,Not disclosed,,0,significant_accounting_policies,Note 2. Summary of Significant Accounting Policies,3,False,,"score=2,idx=8130,zone=8329",463,ERROR,'<' not supported between instances of 'float' and 'NoneType'
0001736946,ARLO,2023,0001736946_ARLO_FY2023_10K.html,,"December 31, 2023",Computer equipment,Asset Category: Range of Useful Lives Computer equipment 2 years Furniture and fixtures 5 years Software 2-5 years Machinery and equipment 2-3 years Leasehold improvements Shorter of remaining lease term or 7 years,2.0,5.0,Not disclosed,,Not disclosed,,Not disclosed,,0,significant_accounting_policies,Note 2. Summary of Significant Accounting Policies,3,False,,"score=2,idx=8173,zone=7878",447,ERROR,'<' not supported between instances of 'float' and 'NoneType'
0001736946,ARLO,2024,0001736946_ARLO_FY2024_10K.html,,"December 31, 2024",Computer equipment,Asset Category: Range of Useful Lives Computer equipment 2 years Furniture and fixtures 5 years Software 2-5 years Machinery and equipment 2-3 years Leasehold improvements Shorter of remaining lease term or 7 years,2.0,5.0,Not disclosed,,Not disclosed,,Not disclosed,,0,significant_accounting_policies,Note 2. Summary of Significant Accounting Policies,3,False,,"score=2,idx=8266,zone=7985",463,ERROR,'<' not supported between instances of 'float' and 'NoneType'
0001738827,KLXE,2018,0001738827_KLXE_FY2018_10K.html,,,Not disclosed,Not disclosed,,,No,,Not disclosed,,Not disclosed,,0,unknown,,0,False,,"score=7,idx=7450,zone=23",2,OK,
0001738827,KLXE,2019,0001738827_KLXE_FY2019_10K.html,,,Not disclosed,Not disclosed,,,No,,Not disclosed,,Not disclosed,,0,unknown,,0,False,,"score=7,idx=8014,zone=4",2,OK,
0001738827,KLXE,2020,0001738827_KLXE_FY2020_10K.html,,2021-04-15,equipment,"Property and equipment are stated at cost and depreciated generally under the straight-line method over their estimated useful lives of one to forty years (or the lesser of the term of the lease for leasehold improvements, as appropriate).",1.0,40.0,No,,Not disclosed,,Not disclosed,,0,significant_accounting_policies,NOTE 1 - Description of Business and Significant Accounting Policies,3,False,,"score=2,idx=6131,zone=6202",420,OK,
0001738827,KLXE,2021,0001738827_KLXE_FY2021_10K.html,,2021-04-15,equipment,"Property and equipment are stated at cost and depreciated generally under the straight-line method over their estimated useful lives of one to forty years (or the lesser of the term of the lease for leasehold improvements, as appropriate).",1.0,40.0,No,,Not disclosed,,Not disclosed,,0,significant_accounting_policies,NOTE 1 - Description of Business and Significant Accounting Policies,3,False,,"score=2,idx=6131,zone=6202",420,OK,
0001738827,KLXE,2022,0001738827_KLXE_FY2022_10K.html,,2023-03-08,equipment,"Property and equipment are stated at cost and depreciated generally under the straight-line method over their estimated useful lives of one to forty years (or the lesser of the term of the lease for leasehold improvements, as appropriate).",1.0,3.0,No,,Not disclosed,,Not disclosed,A100,1,significant_accounting_policies,NOTE 1 - Description of Business and Significant Accounting Policies,3,False,,"score=2,idx=6636,zone=5887",367,OK,
0001738827,KLXE,2023,0001738827_KLXE_FY2023_10K.html,,2023-12-31,equipment,"Property and equipment are stated at cost and depreciated generally under the straight-line method over their estimated useful lives of one to forty years (or the lesser of the term of the lease for leasehold improvements, as appropriate).",1.0,40.0,No,,Not disclosed,,Not disclosed,,0,significant_accounting_policies,NOTE 1 - Description of Business and Significant Accounting Policies,3,False,,"score=2,idx=6330,zone=6094",376,OK,
0001738827,KLXE,2024,0001738827_KLXE_FY2024_10K.html,,2025-03-11,equipment,Property and equipment is stated at cost and depreciated under the straight-line method over the estimated useful life of the asset.,,,No,,Not disclosed,,Not disclosed,,0,significant_accounting_policies,NOTE 1 - Description of Business and Significant Accounting Policies,3,False,,"score=2,idx=6487,zone=6595",392,OK,
0001739104,ELAN,2018,0001739104_ELAN_FY2018_10K.html,,,equipment,Provisions for depreciation of buildings and equipment are computed generally by the straight-line method at rates based on their estimated useful lives (,,,No,,Not disclosed,,Not disclosed,,0,ppe_note,Note 12. Property and Equipment,3,False,,"score=4,idx=8971,zone=16373",783,OK,
0001739104,ELAN,2019,0001739104_ELAN_FY2019_10K.html,,"December 31, 2019",Not disclosed,"These costs include software classified as ""in process"" until the project is substantially complete and the software is ready for its intended purpose, at which point the costs are amortized on a straight-line basis over the estimated useful life. Depreciation expense includes $20.4 million in 2019, $18.4 million in 2018, and $17.4 million in 2017 for amortization of software.",,,No,,Not disclosed,,"Accounting Standards Update 2018-15, Intangibles - Goodwill and Other Internal-Use Software (Subtopic 350-40): Customer's Accounting for Implementation Costs Incurred in a Cloud Computing Arrangement that is a Service Contract ||| Intangibles - Goodwill and Other Internal-Use Software (Subtopic 350-40): Customer's Accounting for Implementation Costs Incurred in a Cloud Computing Arrangement that is a Service Contract",B100,1,significant_accounting_policies,Note 11. Goodwill and Intangibles,3,False,,"score=2,idx=10087,zone=12677",774,OK,
0001739104,ELAN,2020,0001739104_ELAN_FY2020_10K.html,,2021-02-26,Not disclosed,"These costs include software classified as ""in process"" until the project is substantially complete and the software is ready for its intended purpose, at which point the costs are amortized on a straight-line basis over the estimated useful life. Depreciation expense includes $35.0 million in 2020, $20.4 million in 2019, and $18.4 million in 2018 for amortization of software.",,,No,,Not disclosed,,"Accounting Standards Update 2018-15, Intangibles - Goodwill and Other Internal-Use Software (Subtopic 350-40): Customer's Accounting for Implementation Costs Incurred in a Cloud Computing Arrangement that is a Service Contract ||| Standard Description Effect on the financial statements or other significant matters Accounting Standards Update 2018-15, Intangibles - Goodwill and Other Internal-Use Software (Subtopic 350-40): Customer's Accounting for Implementation Costs Incurred in a Cloud Computing Arrangement that is a Service Contract This guidance aligns the requirements for capitalizing implementation costs incurred in a cloud-based hosting arrangement that is a service contract with the requirements for capitalizing implementation costs incurred to develop or obtain internal-use software. On January 1, 2020, we implemented the guidance on a prospective basis. The adoption did not have a significant impact on the consolidated and combined financial statements. ||| Intangibles - Goodwill and Other Internal-Use Software (Subtopic 350-40): Customer's Accounting for Implementation Costs Incurred in a Cloud Computing Arrangement that is a Service Contract",,0,significant_accounting_policies,Note 12. Goodwill and Intangibles,3,False,,"score=5,idx=10621,zone=13709",936,OK,
0001739104,ELAN,2021,0001739104_ELAN_FY2021_10K.html,,2022-02-25,Not disclosed,"These costs include software classified as ""in process"" until the project is substantially complete and the software is ready for its intended purpose, at which point the costs are amortized on a straight-line basis over the estimated useful life. Depreciation expense includes $52 million in 2021, $35 million in 2020, and $20 million in 2019 for amortization of software.",,,No,,Not disclosed,,Not disclosed,,0,significant_accounting_policies,Note 11. Goodwill and Intangibles,3,False,,"score=5,idx=10813,zone=12668",823,OK,
0001739104,ELAN,2022,0001739104_ELAN_FY2022_10K.html,,2023-12-31,Not disclosed,"These costs include software classified as ""in process"" until the project is substantially complete and the software is ready for its intended purpose, at which point the costs are amortized on a straight-line basis over the estimated useful life. For the years ended December 31, 2022, 2021 and 2020, depreciation expense included software amortization of $65 million, $52 million, and $35 million, respectively.",,,No,,Not disclosed,,Not disclosed,A100;B200,2,significant_accounting_policies,Note 12. Goodwill and Intangibles,3,False,,"score=5,idx=11277,zone=19656",854,OK,
0001739104,ELAN,2023,0001739104_ELAN_FY2023_10K.html,,2024-12-31,"equipment), except for","• Property and equipment assets are stated at cost less accumulated depreciation. Assets placed in service are recorded at cost and depreciated using the straight-line method over the estimated useful life of the asset (12 to 50 years for buildings and 3 to 25 years for equipment), except for leasehold improvements, which are depreciated over the shorter of their economic useful life, or their remaining lease term.",3.0,25.0,Yes,"• Property and equipment assets are stated at cost less accumulated depreciation. Assets placed in service are recorded at cost and depreciated using the straight-line method over the estimated useful life of the asset (12 to 50 years for buildings and 3 to 25 years for equipment), except for leasehold improvements, which are depreciated over the shorter of their economic useful life, or their remaining lease term.",Not disclosed,,Not disclosed,,0,significant_accounting_policies,Note 2. Summary of Significant Accounting Policies,3,False,,"score=5,idx=8919,zone=11837",710,OK,
0001739104,ELAN,2024,0001739104_ELAN_FY2024_10K.html,,2025-02-25,"equipment), except for","• Property and equipment assets are stated at cost less accumulated depreciation. Assets placed in service are recorded at cost and depreciated using the straight-line method over the estimated useful life of the asset (12 to 50 years for buildings and 3 to 25 years for equipment), except for leasehold improvements, which are depreciated over the shorter of their economic useful life or their remaining lease term.",3.0,25.0,Yes,"• Property and equipment assets are stated at cost less accumulated depreciation. Assets placed in service are recorded at cost and depreciated using the straight-line method over the estimated useful life of the asset (12 to 50 years for buildings and 3 to 25 years for equipment), except for leasehold improvements, which are depreciated over the shorter of their economic useful life or their remaining lease term.",Not disclosed,,Not disclosed,,0,significant_accounting_policies,Note 2. Summary of Significant Accounting Policies,3,False,,"score=5,idx=8772,zone=11148",719,OK,
0001740332,REZI,2018,0001740332_REZI_FY2018_10K.html,,"December 31, 2018",buildings and improvements,"Property, Plant and Equipment —Property, plant and equipment are recorded at cost, less accumulated depreciation. For financial reporting, the straight-line method of depreciation is used over the estimated useful lives of 10 to 50 years for buildings and improvements, 3 to 16 years for machinery and equipment and 3 to 10 years for tooling equipment.",3.0,10.0,No,,"We are a leading global provider of critical comfort, residential and thermal solutions and security solutions primarily in residential environments. Our products consist of solutions in Comfort, Residential Thermal Solutions and Security categories and include temperature and humidity control, thermal, water and air solutions and remote patient monitoring software solutions as well as security panels, sensors, peripherals, wire and cable, communications devices, video cameras, awareness solutions, cloud infrastructure, installation and maintenance tools and related software. Our ADI Global Distribution business is the leading wholesale distributor of security and low voltage electronic products which include video surveillance, intrusion, access control, fire and life safety, wire, networking and professional audio visual systems. We manage our business operations through two segments, Products and Solutions and Global Distribution. The Products and Solutions segment offerings include our Comfort, Residential Thermal Solutions and Security products, which, consistent with our industry, has a higher gross and operating margin profile in comparison to the Global Distribution segment.",MD&A (Item 7),Not disclosed,,0,significant_accounting_policies,Note 2. Summary of Significant Accounting Policies.,3,False,,"score=3,idx=7297,zone=14948",784,OK,
0001740332,REZI,2019,0001740332_REZI_FY2019_10K.html,,"December 31, 2019",equipment,"Years Ended December 31, 2019 2018 2017 Cash flows provided by operating activities: Net income (loss) $ 36 $ 405 $ (394 ) Adjustments to reconcile net income (loss) to net cash provided by operating activities: Depreciation and amortization 80 66 67 Restructuring charges, net of payments 6 (4 ) 6 Stock compensation expense 25 20 16 Deferred income taxes (25 ) (323 ) 297 Other 18 22 19 Changes in assets and liabilities: Accounts receivables 7 (62 ) (31 ) Inventories – net (44 ) (172 ) (17 ) Other current assets (53 ) (27 ) (17 ) Other assets (15 ) (4 ) - Accounts payable (38 ) 231 11 Accrued liabilities 22 65 (5 ) Obligations payable to Honeywell (35 ) 24 - Other liabilities 39 221 85 Net cash provided by operating activities 23 462 37 Cash flows used for investing activities: Expenditures for property, plant, equipment and software (95 ) (81 ) (51 ) Cash paid for acquisitions, net of cash acquired (17 ) - - Other - 7 - Net cash used for investing activities (112 ) (74 ) (51 ) Cash flows (used for) provided by financing activities: Proceeds from long-term debt - 1,225 - Payment of debt facility issuance and modification costs (4 ) (29 ) - Repayment of long-term debt (22 ) - - Distribution to Honeywell in connection with Spin-Off - (1,415 ) - Net increase in invested equity - 39 19 Non-operating obligations from Honeywell, net (24 ) 26 - Other (3 ) (13 ) 2 Net cash (used for) provided by financing activities (53 ) (167 ) 21 Effect of foreign exchange rate changes on cash and cash equivalents (1 ) (12 ) 2 Net (decrease) increase in cash and cash equivalents (143 ) 209 9 Cash and cash equivalents at beginning of period 265 56 47 Cash and cash equivalents at end of period $ 122 $ 265 $ 56 Supplemental cash flow information: Interest paid $ 72 $ - $ - Income taxes paid (net of refunds) $ 86 $ 28 $ 261 Capital expenditures in accounts payable $ 16 $ 23 $ 14",,,No,,"We are a leading global provider of products, software solutions and technologies that help homeowners stay connected and in control of their comfort, security and energy use. We manage our business operations through two segments, Products & Solutions and ADI Global Distribution. Our Products & Solutions segment consists of solutions in Comfort, Residential Thermal Solutions (“RTS”) and Security categories and includes temperature and humidity control, thermal, water and air solutions as well as security panels, sensors, peripherals, wire and cable, communications devices, video cameras, awareness solutions, cloud infrastructure, installation and maintenance tools and related software. Our ADI Global Distribution business is the leading wholesale distributor of low-voltage electronic and security products which include intrusion and smart home, fire, video surveillance, access control, power, audio and video, Pro AV, networking, communications, wire and cable, enterprise connectivity and structured wiring.",MD&A (Item 7),Not disclosed,,0,ppe_note,Note 23. Unaudited Quarterly Financial Information,3,False,,"score=3,idx=6277,zone=15148",801,OK,
0001740332,REZI,2020,0001740332_REZI_FY2020_10K.html,,2022-12-31,buildings and improvements,"Property, Plant and Equipment —Property, plant and equipment are recorded at cost, less accumulated depreciation. For financial reporting, the straight-line method of depreciation is used over the estimated useful lives of 10 to 50 years for buildings and improvements, 3 to 16 years for machinery and equipment and 3 to 10 years for tooling equipment.",3.0,10.0,No,,"We are a leading global manufacturer and distributor of technology driven products and solutions that help homeowners and businesses stay connected and in control of their comfort, security and energy use. We are a leader in the home heating, ventilation and air conditioning controls and security markets. We have a global footprint serving commercial and residential end-markets. We manage our business operations through two segments, Products & Solutions and ADI Global Distribution. Our Products & Solutions segment consists of comfort, security, residential thermal (“RTS”) products and solutions. Our offerings include temperature and humidity control, thermal and combustion solutions, water and air solutions, as well as security panels, sensors, peripherals, wire and cable, communications devices, video cameras, awareness solutions, cloud infrastructure, installation and maintenance tools and related software. Our ADI Global Distribution business is the leading wholesale distributor of low-voltage security products including intrusion, access control and video products and participates significantly in the broader related markets of smart home, fire, power, audio, ProAV, networking, communications, wire and cable, enterprise connectivity, and structured wiring products. The Products & Solutions segment, consistent with our industry, has a higher gross and operating profit margin profile in comparison to the ADI Global Distribution segment.",MD&A (Item 7),Not disclosed,,0,significant_accounting_policies,Note 2. Summary of Significant Accounting Policies,3,False,,"score=3,idx=7989,zone=16512",726,OK,
0001740332,REZI,2021,0001740332_REZI_FY2021_10K.html,,2022-04-02,buildings and improvements,"Property, Plant and Equipment —Property, plant and equipment are recorded at cost, less accumulated depreciation. For financial reporting, the straight-line method of depreciation is used over the estimated useful lives of 10 to 50 years for buildings and improvements, 3 to 16 years for machinery and equipment and 3 to 10 years for tooling equipment.",3.0,10.0,No,,"We are a leading global manufacturer and distributor of technology driven products and solutions that help homeowners and businesses stay connected and in control of their comfort, security and energy use. We are a leader in the home heating, ventilation and air conditioning controls and security markets. We have a global footprint serving commercial and residential end-markets. We manage our business operations through two operating segments, Products & Solutions and ADI Global Distribution. Our Products & Solutions segment offerings include temperature and humidity control, thermal and combustion solutions, water and air solutions, as well as security panels, sensors, peripherals, wire and cable, communications devices, video cameras, awareness solutions, cloud infrastructure, installation and maintenance tools and related software. Our ADI Global Distribution business is the leading wholesale distributor of low-voltage security products including intrusion, access control and video products and participates significantly in the broader related markets of smart home, fire, power, audio, ProAV, networking, communications, wire and cable, and data communications. The Products & Solutions segment, consistent with our industry, has a higher gross and operating profit margin profile in comparison to the ADI Global Distribution segment.",MD&A (Item 7),Not disclosed,,0,significant_accounting_policies,Note 2. Summary of Significant Accounting Policies,3,False,,"score=4,idx=7523,zone=23872",828,OK,
0001740332,REZI,2022,0001740332_REZI_FY2022_10K.html,,2022-12-31,Equipment,"(e) Property, Plant and Equipment —Property, plant and equipment are stated at cost, less accumulated depreciation.",,,No,,"Products and Solutions —The Products and Solutions business is a leading global manufacturer and developer of technology-driven products and components that provide critical comfort, energy management, and safety and security solutions to over 150 million homes globally. Our offerings include temperature and humidity control, thermal water and air solutions, as well as security panels, sensors, peripherals, wire and cable, communications devices, video cameras, other home-related lifestyle convenience solutions, cloud infrastructure, installation and maintenance tools, and related software.",Item 8,Not disclosed,,0,significant_accounting_policies,Note 2. Summary of Significant Accounting Policies,3,False,,"score=2,idx=6099,zone=13228",736,OK,
0001740332,REZI,2023,0001740332_REZI_FY2023_10K.html,,2023-12-31,Equipment,"(e) Property, Plant and Equipment —Property, plant and equipment are stated at cost, less accumulated depreciation.",,,No,,"Products and Solutions —The Products and Solutions business is a leading global manufacturer and developer of technology-driven products and components that provide critical comfort, energy management, and safety and security solutions to over 150 million homes globally. Our offerings include temperature and humidity control, thermal water and air solutions, as well as security panels, sensors, peripherals, communications devices, video cameras, other home-related lifestyle convenience solutions, cloud infrastructure, installation and maintenance tools, and related software.",Item 8,Not disclosed,,0,significant_accounting_policies,Note 2. Summary of Significant Accounting Policies,3,False,,"score=2,idx=6124,zone=12853",727,OK,
0001740332,REZI,2024,0001740332_REZI_FY2024_10K.html,,2024-12-31,Equipment,"(g) Property, Plant and Equipment —Property, plant and equipment are stated at cost, less accumulated depreciation.",,,No,,"home safety products, residential and small business security products, video cameras, other home-related lifestyle convenience solutions, cloud infrastructure, installation and maintenance tools, and related software.",Item 8,Not disclosed,,0,significant_accounting_policies,Note 2. Summary of Significant Accounting Policies,3,False,,"score=2,idx=6300,zone=13710",793,OK,
0001751788,DOW,2019,0001751788_DOW_FY2019_10K.html,,2019-12-31,equipment,"The Company has lease agreements with lease and non-lease components, which are accounted for as a single lease component for all classes of leased assets for which the Company is the lessee. Additionally, for certain equipment leases, the portfolio approach is applied to account for the operating lease ROU assets and lease liabilities. In the consolidated statements of income, lease expense for operating lease payments is recognized on a straight-line basis over the lease term. For finance leases, interest expense is recognized on the lease liability and the ROU asset is amortized over the lease term.",,,Yes,"The Company tests goodwill for impairment annually (in the fourth quarter), or more frequently when events or changes in circumstances indicate it is more likely than not that the fair value of a reporting unit has declined below its carrying value. The Company utilizes a discounted cash flow methodology to calculate the fair value of its reporting units, which requires management to make significant estimates and assumptions related to projected revenue growth rates, discount rates, and earnings before interest, taxes, depreciation and amortization (“EBITDA”). Changes in these assumptions could have a significant impact on the fair value","for other miscellaneous asset write-downs and write-offs, including the shutdown of several small manufacturing facilities and the write-off of non-manufacturing assets, certain corporate facilities and data centers. The charge related to Packaging & Specialty Plastics (",Item 8,"In August 2018, the FASB issued ASU 2018-15, ""Intangibles - Goodwill and Other - Internal-Use Software (Subtopic 350-40): Customer's Accounting for Implementation Costs Incurred in a Cloud Computing Arrangement That is a Service Contract,"" which requires a customer in a cloud computing arrangement that is a service contract to follow the internal-use software guidance in Topic 350, ""Intangibles - Goodwill and Other"" to determine which implementation costs to capitalize as assets or expense as incurred. The new standard is effective for fiscal years, and interim periods within those fiscal years, beginning after December 15, 2019. Early adoption is permitted and an entity can elect to apply the new guidance on a prospective or retrospective basis. The Company expects to adopt the new guidance in the first quarter of 2020 and the adoption of this guidance is not expected to have a material impact on the consolidated financial statements.",,0,significant_accounting_policies,NOTE 1 – SUMMARY OF SIGNIFICANT ACCOUNTING POLICIES,3,False,,"score=7,idx=25892,zone=53026",2076,OK,
0001751788,DOW,2020,0001751788_DOW_FY2020_10K.html,,2020-12-31,Not disclosed,Not disclosed,,,No,,Not disclosed,,Not disclosed,A100,1,unknown,,0,False,,"score=5,idx=22159,zone=27263",10,OK,
0001751788,DOW,2021,0001751788_DOW_FY2021_10K.html,,2021-12-31,Not disclosed,Not disclosed,,,No,,Not disclosed,,Not disclosed,A100,1,unknown,,0,False,,"score=5,idx=20203,zone=25338",19,OK,
0001751788,DOW,2022,0001751788_DOW_FY2022_10K.html,,2023-03-31,Not disclosed,Not disclosed,,,No,,Not disclosed,,Not disclosed,,0,unknown,,0,False,,"score=5,idx=17564,zone=23634",19,OK,
0001751788,DOW,2023,0001751788_DOW_FY2023_10K.html,,2023-12-31,Not disclosed,Not disclosed,,,No,,Not disclosed,,Not disclosed,,0,unknown,,0,False,,"score=5,idx=16414,zone=22665",19,OK,
0001751788,DOW,2024,0001751788_DOW_FY2024_10K.html,,2025-03-31,Not disclosed,Not disclosed,,,No,,Not disclosed,,Not disclosed,,0,unknown,,0,False,,"score=5,idx=17207,zone=23805",19,OK,
0001754301,FOXA,2019,0001754301_FOXA_FY2019_10K.html,,"June 30, 2019",Not disclosed,Not disclosed,,,No,,Not disclosed,,Not disclosed,,0,unknown,,0,False,,"score=6,idx=455,zone=15",0,OK,
0001754301,FOXA,2020,0001754301_FOXA_FY2020_10K.html,,2020-08-31,equipment,"In those cases where the Company determines that the estimated useful life of property, plant and equipment should be shortened, the Company depreciates the asset over its revised remaining useful life, thereby increasing depreciation expense.",3.0,40.0,No,,Not disclosed,,"In August 2018, the FASB issued ASU 2018-15, “Intangibles—Goodwill and Other—Internal-Use Software (Subtopic 350-40): Customer’s Accounting for Implementation Costs Incurred in a Cloud Computing Arrangement That Is a Service Contract” (“ASU 2018-15”). The amendments in ASU 2018-15 require implementation costs incurred in a hosting arrangement that is a service contract to be capitalized using the same guidance for capitalizing implementation costs incurred to develop or obtain internal-use software. In addition, ASU 2018-15 provides guidance over the term to amortize the capitalized implementation costs and requires specific financial statement presentation and disclosures. ASU 2018-15 is effective for the Company beginning July 1, 2020 on a prospective basis. The Company does not expect the adoption of ASU 2018-15 to have a material impact on its financial statements.",,0,significant_accounting_policies,NOTE 2. SUMMARY OF SIGNIFICANT ACCOUNTING POLICIES,3,False,,"score=6,idx=15170,zone=21842",971,OK,
0001754301,FOXA,2021,0001754301_FOXA_FY2021_10K.html,,2021-07-01,buildings and leaseholds,"Depreciation is provided using the straight-line method over an estimated useful life of three to 40 years for buildings and leaseholds and three to 10 years for machinery and equipment. In those cases where the Company determines that the estimated useful life of property, plant and equipment should be shortened, the Company depreciates the asset over its revised remaining useful life, thereby increasing depreciation expense.",3.0,10.0,No,,Not disclosed,,"In August 2018, the FASB issued ASU 2018-15, “Intangibles—Goodwill and Other—Internal-Use Software (Subtopic 350-40): Customer’s Accounting for Implementation Costs Incurred in a Cloud Computing Arrangement That Is a Service Contract” (“ASU 2018-15”). On July 1, 2020, the Company adopted ASU 2018-15 on a prospective basis. The amendments in ASU 2018-15 require implementation costs incurred in a hosting arrangement that is a service contract to be capitalized using the same guidance for capitalizing implementation costs incurred to develop or obtain internal-use software. In addition, ASU 2018-15 provides guidance regarding the term over which capitalized implementation costs are to be amortized and requires specific financial statement presentation and disclosures. The adoption of ASU 2018-15 did not have a material impact on the Company’s Financial Statements.",,0,significant_accounting_policies,NOTE 2. SUMMARY OF SIGNIFICANT ACCOUNTING POLICIES,3,False,,"score=6,idx=15976,zone=21767",965,OK,
0001754301,FOXA,2022,0001754301_FOXA_FY2022_10K.html,,2022-08-10,buildings and leaseholds,"Depreciation is provided using the straight-line method over an estimated useful life of three to 40 years for buildings and leaseholds and three to 10 years for machinery and equipment. In those cases where the Company determines that the estimated useful life of property, plant and equipment should be shortened, the Company depreciates the asset over its revised remaining useful life, thereby increasing depreciation expense.",3.0,10.0,No,,Not disclosed,,Not disclosed,,0,significant_accounting_policies,NOTE 2. SUMMARY OF SIGNIFICANT ACCOUNTING POLICIES,3,False,,"score=5,idx=11330,zone=13655",794,OK,
0001754301,FOXA,2023,0001754301_FOXA_FY2023_10K.html,,2023-08-31,buildings and leaseholds,"Depreciation is provided using the straight-line method over an estimated useful life of three to 40 years for buildings and leaseholds and three to 10 years for machinery and equipment. In those cases where the Company determines that the estimated useful life of property, plant and equipment should be shortened, the Company depreciates the asset over its revised remaining useful life, thereby increasing depreciation expense.",3.0,10.0,No,,Not disclosed,,Not disclosed,,0,significant_accounting_policies,NOTE 2. SUMMARY OF SIGNIFICANT ACCOUNTING POLICIES,3,False,,"score=5,idx=10742,zone=13383",791,OK,
0001754301,FOXA,2024,0001754301_FOXA_FY2024_10K.html,,2024-08-08,buildings and leaseholds,"Depreciation is provided using the straight-line method over an estimated useful life of three to 40 years for buildings and leaseholds and three to 10 years for machinery and equipment. In those cases where the Company determines that the estimated useful life of property, plant and equipment should be shortened, the Company depreciates the asset over its revised remaining useful life, thereby increasing depreciation expense.",3.0,10.0,No,,Not disclosed,,Not disclosed,,0,significant_accounting_policies,NOTE 2. SUMMARY OF SIGNIFICANT ACCOUNTING POLICIES,3,False,,"score=5,idx=10896,zone=13358",787,OK,
