firm_cik,firm_ticker,fiscal_year,filename,filing_date,period_end_date,asset_category,useful_life_text,useful_life_min_years,useful_life_max_years,policy_change,policy_change_text,ai_infra_text,ai_infra_source,segment_ai_text,hardware_mentions,hardware_count,source_section,section_title,confidence,ambiguity_flag,ambiguity_detail,item8_method,item8_segment_count,extraction_status,error_message
0000036377,FHB,2016,0000036377_FHB_FY2016_10K.html,,"December 31, 2016",equipment and the shorter of the lease term or remaining useful life for,"Premises and equipment, including leasehold improvements, are stated at cost less accumulated depreciation and amortization. Depreciation and amortization are computed on a straight‑line basis over the estimated useful lives of 10 to 39 years for premises, 4 to 10 years for equipment and the shorter of the lease term or remaining useful life for leasehold improvements.",4.0,10.0,No,,Not disclosed,,Not disclosed,,0,significant_accounting_policies,1. Organization and Summary of Significant Accounting Policies,3,False,,"score=7,idx=31495,zone=51163",1021,OK,
0000036377,FHB,2017,0000036377_FHB_FY2017_10K.html,,"December 31, 2017",equipment and the shorter of the lease term or remaining useful life for,"Premises and equipment, including leasehold improvements, are stated at cost less accumulated depreciation and amortization. Depreciation and amortization are computed on a straight‑line basis over the estimated useful lives of 10 to 39 years for premises, 4 to 10 years for equipment and the shorter of the lease term or remaining useful life for leasehold improvements.",4.0,10.0,No,,Not disclosed,,Not disclosed,,0,significant_accounting_policies,1. Organization and Summary of Significant Accounting Policies,3,False,,"score=7,idx=35428,zone=49810",1059,OK,
0000036377,FHB,2018,0000036377_FHB_FY2018_10K.html,,"December 31, 2018",equipment and the shorter of the lease term or remaining useful life for,"Premises and equipment, including leasehold improvements, are stated at cost less accumulated depreciation and amortization. Depreciation and amortization are computed on a straight‑line basis over the estimated useful lives of 10 to 39 years for premises, 4 to 20 years for equipment and the shorter of the lease term or remaining useful life for leasehold improvements.",4.0,20.0,No,,Not disclosed,,"In August 2018, the FASB issued ASU No. 2018-15, Customer’s Accounting for Implementation Costs Incurred in a Cloud Computing Arrangement That is a Service Contract . This guidance aligns the accounting for implementation costs related to a hosting arrangement that is a service contract with the guidance on capitalizing costs associated with developing or obtaining internal-use software. Common examples of hosting arrangements include software as a service, platform or infrastructure as a service and other similar types of hosting arrangements. While capitalized costs related to internal-use software is generally considered an intangible asset, costs incurred to implement a cloud computing arrangement that is a service contract would typically be characterized in the company’s financial statements in the same manner as other service costs (e.g., prepaid expense). The new guidance provides that an entity would be required to amortize capitalized implementation costs over the term of the hosting arrangement on a straight-line basis unless another systematic and rational basis is more representative of the pattern in which the entity expects to benefit from access to the hosted software. This update is effective for fiscal years, and interim periods within those fiscal years, beginning after December 15, 2019, with earlier adoption permitted in any annual or interim period for which financial statements have not yet been issued or made available for issuance. The Company early adopted the provisions of ASU No. 2018-15 on January 1, 2019 due to the Company’s shift towards utilizing more hosting arrangements that are service contracts. The adoption of ASU No. 2018-15 did not have a material impact on the Company’s consolidated financial statements. ||| Customer’s Accounting for Implementation Costs Incurred in a Cloud Computing Arrangement That is a Service Contract ||| . This guidance aligns the accounting for implementation costs related to a hosting arrangement that is a service contract with the guidance on capitalizing costs associated with developing or obtaining internal-use software. Common examples of hosting arrangements include software as a service, platform or infrastructure as a service and other similar types of hosting arrangements. While capitalized costs related to internal-use software is generally considered an intangible asset, costs incurred to implement a cloud computing arrangement that is a service contract would typically be characterized in the company’s financial statements in the same manner as other service costs (e.g., prepaid expense). The new guidance provides that an entity would be required to amortize capitalized implementation costs over the term of the hosting arrangement on a straight-line basis unless another systematic and rational basis is more representative of the pattern in which the entity expects to benefit from access to the hosted software. This update is effective for fiscal years, and interim periods within those fiscal years, beginning after December 15, 2019, with earlier adoption permitted in any annual or interim period for which financial statements have not yet been issued or made available for issuance. The Company early adopted the provisions of ASU No. 2018-15 on January 1, 2019 due to the Company’s shift towards utilizing more hosting arrangements that are service contracts. The adoption of ASU No. 2018-15 did not have a material impact on the Company’s consolidated financial statements.",,0,significant_accounting_policies,1. Organization and Summary of Significant Accounting Policies,3,False,,"score=7,idx=35279,zone=51893",1084,OK,
0000036377,FHB,2019,0000036377_FHB_FY2019_10K.html,,2019-12-31,equipment and the shorter of the lease term or remaining useful life for,"Premises and equipment, including leasehold improvements, are stated at cost less accumulated depreciation and amortization. Depreciation and amortization are computed on a straight-line basis over the estimated useful lives of 10 to 39 years for premises, 4 to 20 years for equipment and the shorter of the lease term or remaining useful life for leasehold improvements.",4.0,20.0,No,,Not disclosed,,"In August 2018, the FASB issued ASU No. 2018-15, Customer’s Accounting for Implementation Costs Incurred in a Cloud Computing Arrangement That is a Service Contract. This guidance aligns the accounting for implementation costs related to a hosting arrangement that is a service contract with the guidance on capitalizing costs associated with developing or obtaining internal-use software. Common examples of hosting arrangements include software as a service, platform or infrastructure as a service and other similar types of hosting arrangements. While capitalized costs related to internal-use software is generally considered an intangible asset, costs incurred to implement a cloud computing arrangement that is a service contract would typically be characterized in the company’s financial statements in the same manner as other service costs (e.g., other assets). The new guidance provided that an entity would be required to amortize capitalized implementation costs over the term of the hosting arrangement on a straight-line basis unless another systematic and rational basis was more representative of the pattern in which the entity expected to benefit from access to the hosted software. This guidance is effective for fiscal years, and interim periods within those fiscal years, beginning after December 15, 2019, with earlier adoption permitted in any annual or interim period for which financial statements have not yet been issued or made available for issuance. The Company early adopted the provisions of ASU No. 2018-15 prospectively on January 1, 2019 due to the Company’s shift towards utilizing more hosting arrangements that are service contracts. For the year ended December 31, 2019, the Company capitalized $10.6 million related to hosting arrangements that are service contracts.",,0,significant_accounting_policies,1. Organization and Summary of Significant Accounting Policies,3,False,,"score=9,idx=40941,zone=53539",935,OK,
0000036377,FHB,2020,0000036377_FHB_FY2020_10K.html,,2020-12-31,equipment and the shorter of the lease term or remaining useful life for,"Premises and equipment, including leasehold improvements, are stated at cost less accumulated depreciation and amortization. Depreciation and amortization are computed on a straight-line basis over the estimated useful lives of 7 to 39 years for premises, 3 to 20 years for equipment and the shorter of the lease term or remaining useful life for leasehold improvements.",3.0,20.0,No,,Not disclosed,,Not disclosed,,0,significant_accounting_policies,1. Organization and Summary of Significant Accounting Policies,3,False,,"score=9,idx=43498,zone=58617",943,OK,
0000036377,FHB,2021,0000036377_FHB_FY2021_10K.html,,2021-12-31,equipment and the shorter of the lease term or remaining useful life for,"Premises and equipment, including leasehold improvements, are stated at cost less accumulated depreciation and amortization. Depreciation and amortization are computed on a straight-line basis over the estimated useful lives of 7 to 39 years for premises, 3 to 20 years for equipment and the shorter of the lease term or remaining useful life for leasehold improvements.",3.0,20.0,No,,Not disclosed,,Not disclosed,,0,significant_accounting_policies,1. Organization and Summary of Significant Accounting Policies,3,False,,"score=9,idx=36100,zone=61774",877,OK,
0000036377,FHB,2022,0000036377_FHB_FY2022_10K.html,,2022-12-31,equipment and the shorter of the lease term or remaining useful life for,"Premises and equipment, including leasehold improvements, are stated at cost less accumulated depreciation and amortization. Depreciation and amortization are computed on a straight-line basis over the estimated useful lives of 7 to 39 years for premises, 3 to 20 years for equipment and the shorter of the lease term or remaining useful life for leasehold improvements.",3.0,20.0,No,,Not disclosed,,Not disclosed,,0,significant_accounting_policies,1. Organization and Summary of Significant Accounting Policies,3,False,,"score=9,idx=35875,zone=64413",896,OK,
0000036377,FHB,2023,0000036377_FHB_FY2023_10K.html,,2023-12-31,equipment and the shorter of the lease term or remaining useful life for,"Premises and equipment, including leasehold improvements, are stated at cost less accumulated depreciation and amortization. Depreciation and amortization are computed on a straight-line basis over the estimated useful lives of 7 to 39 years for premises, 3 to 20 years for equipment and the shorter of the lease term or remaining useful life for leasehold improvements.",3.0,20.0,No,,Not disclosed,,Not disclosed,,0,significant_accounting_policies,1. Organization and Summary of Significant Accounting Policies,3,False,,"score=9,idx=35408,zone=66497",935,OK,
0000036377,FHB,2024,0000036377_FHB_FY2024_10K.html,,2025-01-31,equipment and the shorter of the lease term or remaining useful life for,"Premises and equipment, including leasehold improvements, are stated at cost less accumulated depreciation and amortization. Depreciation and amortization are computed on a straight-line basis over the estimated useful lives of 7 to 39 years for premises, 3 to 20 years for equipment and the shorter of the lease term or remaining useful life for leasehold improvements.",3.0,20.0,No,,Not disclosed,,Not disclosed,,0,significant_accounting_policies,1. Organization and Summary of Significant Accounting Policies,3,False,,"score=9,idx=35940,zone=71052",924,OK,
0000894315,SITC,2013,0000894315_SITC_FY2013_10K.html,,"DECEMBER 31, 2013",Not disclosed,Not disclosed,,,No,,Not disclosed,,Not disclosed,,0,unknown,,0,False,,"score=4,idx=55941,zone=10",2,OK,
0000894315,SITC,2014,0000894315_SITC_FY2014_10K.html,,"December 31, 2014",Not disclosed,Not disclosed,,,Not disclosed,,Not disclosed,,Not disclosed,,0,unknown,,0,False,,NO_ITEM8_FOUND,0,ITEM8_NOT_FOUND,Item 8 non trouvé (NO_ITEM8_FOUND).
0000894315,SITC,2015,0000894315_SITC_FY2015_10K.html,,"DECEMBER 31, 2015",Not disclosed,Not disclosed,,,Not disclosed,,Not disclosed,,Not disclosed,,0,unknown,,0,False,,NO_ITEM8_FOUND,0,ITEM8_NOT_FOUND,Item 8 non trouvé (NO_ITEM8_FOUND).
0000894315,SITC,2016,0000894315_SITC_FY2016_10K.html,,"DECEMBER 31, 2016",Not disclosed,Not disclosed,,,Not disclosed,,Not disclosed,,Not disclosed,,0,unknown,,0,False,,NO_ITEM8_FOUND,0,ITEM8_NOT_FOUND,Item 8 non trouvé (NO_ITEM8_FOUND).
0000894315,SITC,2017,0000894315_SITC_FY2017_10K.html,,"DECEMBER 31, 2017",Not disclosed,Not disclosed,,,Not disclosed,,Not disclosed,,Not disclosed,,0,unknown,,0,False,,NO_ITEM8_FOUND,0,ITEM8_NOT_FOUND,Item 8 non trouvé (NO_ITEM8_FOUND).
0000894315,SITC,2018,0000894315_SITC_FY2018_10K.html,,"December 31, 2018",Not disclosed,Not disclosed,,,Not disclosed,,Not disclosed,,Not disclosed,,0,unknown,,0,False,,NO_ITEM8_FOUND,0,ITEM8_NOT_FOUND,Item 8 non trouvé (NO_ITEM8_FOUND).
0000894315,SITC,2019,0000894315_SITC_FY2019_10K.html,,2019-12-31,Not disclosed,Not disclosed,,,No,,Not disclosed,,Not disclosed,,0,unknown,,0,False,,"score=4,idx=28625,zone=28626",1124,OK,
0000894315,SITC,2020,0000894315_SITC_FY2020_10K.html,,2021-01-01,Not disclosed,Not disclosed,,,Not disclosed,,Not disclosed,,Not disclosed,,0,unknown,,0,False,,NO_ITEM8_FOUND,0,ITEM8_NOT_FOUND,Item 8 non trouvé (NO_ITEM8_FOUND).
0000894315,SITC,2021,0000894315_SITC_FY2021_10K.html,,2022-03-31,Not disclosed,Not disclosed,,,Not disclosed,,Not disclosed,,Not disclosed,,0,unknown,,0,False,,NO_ITEM8_FOUND,0,ITEM8_NOT_FOUND,Item 8 non trouvé (NO_ITEM8_FOUND).
0000894315,SITC,2022,0000894315_SITC_FY2022_10K.html,,2023-02-15,Not disclosed,Not disclosed,,,Not disclosed,,Not disclosed,,Not disclosed,,0,unknown,,0,False,,NO_ITEM8_FOUND,0,ITEM8_NOT_FOUND,Item 8 non trouvé (NO_ITEM8_FOUND).
0000894315,SITC,2023,0000894315_SITC_FY2023_10K.html,,2024-02-21,Not disclosed,Not disclosed,,,Not disclosed,,Not disclosed,,Not disclosed,,0,unknown,,0,False,,NO_ITEM8_FOUND,0,ITEM8_NOT_FOUND,Item 8 non trouvé (NO_ITEM8_FOUND).
0000894315,SITC,2024,0000894315_SITC_FY2024_10K.html,,2024-12-31,Not disclosed,Not disclosed,,,Not disclosed,,Not disclosed,,Not disclosed,,0,unknown,,0,False,,NO_ITEM8_FOUND,0,ITEM8_NOT_FOUND,Item 8 non trouvé (NO_ITEM8_FOUND).
0000895126,EXE,2013,0000895126_EXE_FY2013_10K.html,,,Not disclosed,Not disclosed,,,No,,Not disclosed,,Not disclosed,,0,unknown,,0,False,,"score=6,idx=25490,zone=55587",1837,OK,
0000895126,EXE,2014,0000895126_EXE_FY2014_10K.html,,,Not disclosed,Not disclosed,,,No,,Not disclosed,,Not disclosed,,0,unknown,,0,False,,"score=6,idx=25048,zone=53348",1782,OK,
0000895126,EXE,2015,0000895126_EXE_FY2015_10K.html,,,equipment,A summary of other property and equipment held for use and the estimated useful lives thereof is as follows:,,,No,,Not disclosed,,Not disclosed,,0,significant_accounting_policies,10. Employee Benefit Plans,3,False,,"score=6,idx=21523,zone=54701",1772,OK,
0000895126,EXE,2016,0000895126_EXE_FY2016_10K.html,,,equipment,A summary of other property and equipment held for use and the estimated useful lives thereof is as follows:,,,No,,Not disclosed,,Not disclosed,,0,ppe_note,13. Spin-Off of Oilfield Services Business,3,False,,"score=6,idx=21894,zone=40320",1613,OK,
0000895126,EXE,2017,0000895126_EXE_FY2017_10K.html,,,equipment,A summary of other property and equipment held for use and the estimated useful lives thereof is as follows:,,,No,,Not disclosed,,Not disclosed,,0,ppe_note,10. Employee Benefit Plans,3,False,,"score=7,idx=24984,zone=34409",1343,OK,
0000895126,EXE,2018,0000895126_EXE_FY2018_10K.html,,,equipment,A summary of other property and equipment held for use and the estimated useful lives thereof is as follows:,,,No,,Not disclosed,,Not disclosed,,0,ppe_note,12. Employee Benefit Plans,3,False,,"score=7,idx=22861,zone=38207",1365,OK,
0000895126,EXE,2019,0000895126_EXE_FY2019_10K.html,,2019-12-31,EQUIPMENT,"December 31, 2019 2018 ($ in millions) CURRENT ASSETS: Cash and cash equivalents ($2 and $1 attributable to our VIE) $ 6 $ 4 Accounts receivable, net 990 1,247 Short-term derivative assets 134 209 Other current assets 121 138 Total Current Assets 1,251 1,598 PROPERTY AND EQUIPMENT: Oil and natural gas properties, at cost based on successful efforts accounting: Proved oil and natural gas properties ($755 and $755 attributable to our VIE) 30,765 25,407 Unproved properties 2,173 1,561 Other property and equipment 1,810 1,721 Total Property and Equipment, at Cost 34,748 28,689 Less: accumulated depreciation, depletion and amortization (($713) and ($707) attributable to our VIE) (20,002 ) (17,886 ) Property and equipment held for sale, net 10 15 Total Property and Equipment, Net 14,756 10,818 LONG-TERM ASSETS: Long-term derivative assets — 76 Other long-term assets 186 243 TOTAL ASSETS $ 16,193 $ 12,735",,,No,,Not disclosed,,Not disclosed,,0,ppe_note,"Note 26. Subsequent Events 137 Supplementary Information: Quarterly Financial Data (unaudited) 138 Supplemental Disclosures About Oil, Natural Gas and",3,False,,"score=7,idx=30908,zone=55782",1578,OK,
0000895126,EXE,2020,0000895126_EXE_FY2020_10K.html,,2021-03-01,equipment,"As described in Note 1 to the consolidated financial statements, the Company’s property and equipment, net balance was $5.2 billion as of December 31, 2020, and depreciation, depletion, and amortization (DD&A) expense for the year ended December 31, 2020 was $1.1 billion, both of which substantially related to proved oil and natural gas properties.",,,No,,Not disclosed,,Not disclosed,,0,ppe_note,Note 2 5 . Subsequent Events,3,False,,"score=5,idx=15649,zone=18570",1210,OK,
0000895126,EXE,2021,0000895126_EXE_FY2021_10K.html,,2022-01-31,equipment,"As described in Note 1 to the consolidated financial statements, the Company’s property and equipment, net balance was approximately $8.8 billion as of December 31, 2021, and depreciation, depletion, and amortization (DD&A) expense for the period from February 10, 2021 through December 31, 2021 was approximately $919 million, both of which substantially related to proved oil and natural gas properties.",,,No,,Not disclosed,,Not disclosed,A100;B200,2,ppe_note,Note 2 2 . Separation and Other Termination Costs 138 Note 2 3 . Asset Retirement Obligations 138 Note 2 4 . Major Customers 139 Note 2 5 . Subsequent,3,False,,"score=2,idx=15223,zone=20789",1208,OK,
0000895126,EXE,2022,0000895126_EXE_FY2022_10K.html,,2023-06-30,equipment,"As described in Note 1 to the consolidated financial statements, the Company’s property and equipment, net balance was approximately $11.2 billion as of December 31, 2022, and depreciation, depletion, and amortization (DD&A) expense for the year ended December 31, 2022 was approximately $1.8 billion, both of which substantially related to proved natural gas and oil properties.",,,No,,Not disclosed,,Not disclosed,,0,ppe_note,Note 2 3 . Subsequent Events,3,False,,"score=2,idx=14586,zone=18308",1157,OK,
0000895126,EXE,2023,0000895126_EXE_FY2023_10K.html,,2024-01-10,equipment,"As described in Note 1 to the consolidated financial statements, the Company’s property and equipment, net balance was approximately $10.1 billion as of December 31, 2023, and depreciation, depletion, and amortization (DD&A) expense for the year ended December 31, 2023 was approximately $1.5 billion, both of which substantially related to proved natural gas and oil properties.",,,No,,Not disclosed,,Not disclosed,,0,ppe_note,Note 2 1 . Subsequent Events,3,False,,"score=2,idx=16431,zone=17161",1060,OK,
0000895126,EXE,2024,0000895126_EXE_FY2024_10K.html,,2025-12-31,Not disclosed,Not disclosed,,,No,,Not disclosed,,Not disclosed,,0,unknown,,0,False,,"score=2,idx=25566,zone=2810",103,OK,
0000895419,WOLF,2013,0000895419_WOLF_FY2013_10K.html,,"June 30, 2013","Furniture and fixtures, Machinery and equipment, Computer hardware, equipment","June 30, 2013 June 24, 2012 Furniture and fixtures $11,268 $11,499 Land and buildings 333,761 289,163 Machinery and equipment 924,076 856,733 Aircraft and vehicles 16,250 15,912 Computer hardware/software 32,405 29,510 Leasehold improvements and other 18,566 19,082 Construction in progress 54,447 108,986 1,390,773 1,330,885 Accumulated depreciation (847,940 ) (748,424 ) Property and equipment, net $542,833 $582,461",,,No,,Not disclosed,,Not disclosed,,0,significant_accounting_policies,Note 17 – Quarterly Results of Operations - Unaudited,3,True,3.0 ans | 5.0 ans,"score=4,idx=12591,zone=20325",770,OK,
0000895419,WOLF,2014,0000895419_WOLF_FY2014_10K.html,,"June 29, 2014","Furniture and fixtures, Machinery and equipment, Computer hardware, equipment","June 29, 2014 June 30, 2013 Furniture and fixtures $12,822 $11,268 Land and buildings 355,044 333,761 Machinery and equipment 1,046,878 924,076 Aircraft and vehicles 16,292 16,250 Computer hardware/software 35,446 32,405 Leasehold improvements and other 18,890 18,566 Construction in progress 85,068 54,447 1,570,440 1,390,773 Accumulated depreciation (964,727 ) (847,940 ) Property and equipment, net $605,713 $542,833",,,No,,Not disclosed,,Not disclosed,,0,significant_accounting_policies,Note 18 - Subsequent Events,3,False,,"score=4,idx=12319,zone=20088",786,OK,
0000895419,WOLF,2015,0000895419_WOLF_FY2015_10K.html,,"June 28, 2015","Furniture and fixtures, Machinery and equipment, Computer hardware, equipment","June 28, 2015 June 29, 2014 Furniture and fixtures $12,525 $12,822 Land and buildings 367,519 355,044 Machinery and equipment 1,060,599 1,046,878 Aircraft and vehicles 10,489 16,292 Computer hardware/software 38,366 35,446 Leasehold improvements and other 6,698 18,890 Construction in progress 178,757 85,068 1,674,953 1,570,440 Accumulated depreciation (1,039,881 ) (964,727 ) Property and equipment, net $635,072 $605,713",,,No,,Not disclosed,,Not disclosed,,0,significant_accounting_policies,Note 19 – Quarterly Results of Operations - Unaudited,3,False,,"score=4,idx=12949,zone=20301",801,OK,
0000895419,WOLF,2016,0000895419_WOLF_FY2016_10K.html,,"June 26, 2016","Furniture and fixtures, Machinery and equipment, Computer hardware, equipment","June 26, 2016 June 28, 2015 Furniture and fixtures $14,280 $12,525 Land and buildings 386,573 367,519 Machinery and equipment 1,126,936 1,060,599 Aircraft and vehicles 10,455 10,489 Computer hardware/software 44,095 38,366 Leasehold improvements and other 6,497 6,698 Construction in progress 150,114 178,757 1,738,950 1,674,953 Accumulated depreciation (1,139,227 ) (1,039,881 ) Property and equipment, net $599,723 $635,072",,,No,,Not disclosed,,Not disclosed,,0,significant_accounting_policies,Note 4 – Financial Statement Details,3,False,,"score=4,idx=12883,zone=22178",867,OK,
0000895419,WOLF,2017,0000895419_WOLF_FY2017_10K.html,,"June 25, 2017","Furniture and fixtures, Machinery and equipment, Computer hardware, equipment","June 25, 2017 June 26, 2016 Furniture and fixtures $14,567 $14,280 Land and buildings 399,305 386,573 Machinery and equipment 1,185,119 1,126,936 Aircraft and vehicles 11,138 10,455 Computer hardware/software 46,677 44,095 Leasehold improvements and other 6,972 6,497 Construction in progress 162,450 150,114 1,826,228 1,738,950 Accumulated depreciation (1,244,965 ) (1,139,227 ) Property and equipment, net $581,263 $599,723",,,No,,Not disclosed,,Not disclosed,,0,significant_accounting_policies,Note 4 – Financial Statement Details,3,False,,"score=4,idx=12750,zone=21031",821,OK,
0000895419,WOLF,2018,0000895419_WOLF_FY2018_10K.html,,"June 24, 2018","Furniture and fixtures, Machinery and equipment, Computer hardware, equipment","June 24, 2018 June 25, 2017 Furniture and fixtures $14,175 $14,567 Land and buildings 439,534 399,305 Machinery and equipment 1,229,857 1,185,119 Aircraft and vehicles 2,013 11,138 Computer hardware/software 54,024 46,677 Leasehold improvements and other 8,171 6,972 Construction in progress 211,758 162,450 Property and equipment, gross 1,959,532 1,826,228 Accumulated depreciation (1,298,213 ) (1,244,965 ) Property and equipment, net $661,319 $581,263",,,No,,Not disclosed,,Not disclosed,,0,significant_accounting_policies,Note 5 – Financial Statement Details,3,False,,"score=4,idx=13083,zone=23251",884,OK,
0000895419,WOLF,2019,0000895419_WOLF_FY2019_10K.html,,"June 30, 2019","Furniture and fixtures, Machinery and equipment, Computer hardware, equipment","Dollars) June 30, 2019 June 24, 2018 Furniture and fixtures $9.7 $11.9 Land and buildings 416.5 389.5 Machinery and equipment 1,110.3 1,140.6 Vehicles 0.9 0.9 Computer hardware/software 48.6 42.5 Leasehold improvements and other 4.2 5.5 Construction in progress 231.7 207.2 Property and equipment, gross 1,821.9 1,798.1 Accumulated depreciation (1,196.7 ) (1,209.0 ) Property and equipment, net $625.2 $589.1",,,No,,Not disclosed,,"Cloud Computing Arrangements ||| In August 2018, the FASB issued ASU 2018-15: Intangibles - Goodwill and Other - Internal-Use Software (Topic 350-40): Customer's Accounting for Implementation Costs Incurred in a Cloud Computing Arrangement that is a Service Contract. The ASU allows companies to capitalize implementation costs incurred in a hosting arrangement that is a service contract over the term of the hosting arrangement, including periods covered by renewal options that are reasonably certain to be exercised. The Company early adopted this standard in the first quarter of fiscal 2019. There was no significant impact on the financial statements.",,0,significant_accounting_policies,Note 7 – Financial Statement Details,3,False,,"score=4,idx=15361,zone=28057",990,OK,
0000895419,WOLF,2020,0000895419_WOLF_FY2020_10K.html,,"June 28, 2020",Not disclosed,Not disclosed,,,No,,Not disclosed,,Not disclosed,B200,1,unknown,,0,False,,"score=2,idx=10027,zone=14703",206,OK,
0000895419,WOLF,2021,0000895419_WOLF_FY2021_10K.html,,2021-06-27,"Machinery and equipment, Computer hardware, Furniture and fixtures, equipment","Dollars) June 27, 2021 June 28, 2020 Machinery and equipment $988.6 $859.9 Land and buildings 383.9 363.1 Computer hardware/software 51.5 46.8 Furniture and fixtures 8.0 8.1 Leasehold improvements and other 9.6 9.7 Vehicles 0.7 0.6 Finance lease assets 15.5 15.4 Construction in progress 767.8 366.8 Property and equipment, gross 2,225.6 1,670.4 Accumulated depreciation (933.3) (899.6) Property and equipment, net $1,292.3 $770.8",,,No,,Not disclosed,,Not disclosed,A100;B100,2,significant_accounting_policies,Note 6 – Financial Statement Details,3,False,,"score=2,idx=9316,zone=13181",795,OK,
0000895419,WOLF,2022,0000895419_WOLF_FY2022_10K.html,,2022-08-30,"Machinery and equipment, Computer hardware, Furniture and fixtures, equipment","Dollars) June 26, 2022 June 27, 2021 Machinery and equipment $1,167.3 $988.6 Land and buildings 407.4 383.9 Computer hardware/software 61.9 51.5 Furniture and fixtures 8.0 8.0 Leasehold improvements and other 11.0 9.6 Vehicles 0.6 0.7 Finance lease assets 10.3 15.5 Construction in progress 802.3 767.8 Property and equipment, gross 2,468.8 2,225.6 Accumulated depreciation (987.7) (933.3) Property and equipment, net $1,481.1 $1,292.3",,,Yes,"As a result of the LED Business Divestiture and the Company's continued investment in 200mm technology, the Company evaluated the useful lives applied to certain machinery and equipment assets by considering industry standards and reviewing the assets' historical and estimated future use.",Not disclosed,,Not disclosed,B200,1,significant_accounting_policies,Note 6 – Financial Statement Details,3,False,,"score=2,idx=8400,zone=11876",761,OK,
0000895419,WOLF,2023,0000895419_WOLF_FY2023_10K.html,,2023-07-31,"Machinery and equipment, Computer hardware, Furniture and fixtures, equipment","Dollars) June 25, 2023 June 26, 2022 Machinery and equipment $1,333.4 $1,167.3 Land and buildings 966.4 407.4 Computer hardware/software 76.5 61.9 Furniture and fixtures 8.1 8.0 Leasehold improvements and other 14.5 11.0 Vehicles 0.6 0.6 Finance lease assets 9.6 10.3 Construction in progress 873.5 802.3 Property and equipment, gross 3,282.6 2,468.8 Accumulated depreciation (1,091.2) (987.7) Property and equipment, net $2,191.4 $1,481.1",,,No,,Not disclosed,,Not disclosed,,0,significant_accounting_policies,Note 6 – Financial Statement Details,3,False,,"score=2,idx=8428,zone=11974",778,OK,
0000895419,WOLF,2024,0000895419_WOLF_FY2024_10K.html,,2024-06-30,"Machinery and equipment, Computer hardware, Furniture and fixtures, equipment","Dollars) June 30, 2024 June 25, 2023 Machinery and equipment $1,500.9 $1,275.3 Land and buildings 997.3 966.4 Computer hardware/software 67.8 72.3 Furniture and fixtures 8.3 7.9 Leasehold improvements and other 148.9 11.6 Vehicles 0.7 0.6 Finance lease assets 9.1 9.5 Construction in progress 2,092.1 873.1 Property and equipment, gross 4,825.1 3,216.7 Accumulated depreciation (1,172.8) (1,051.2) Property and equipment, net $3,652.3 $2,165.5",,,Yes,"The Company receives, or expects to receive in the future, various types of government assistance, primarily in the form of grants, refundable tax credits, property tax reimbursements and sales tax exemptions. Government assistance is recognized when there is reasonable assurance that: (1) the Company will comply with the relevant conditions and (2) the assistance will be received. Government assistance related to reimbursing fixed asset purchases, such as reimbursement grants and refundable federal investment tax credits, are recorded as a reduction to the related asset(s), which then reduces depreciation expense over the expected useful life of the asset on a straight-line basis. If some, or all, of the amount of government assistance becomes repayable (e.g. due to non-fulfillment of the grant conditions) or there is no longer reasonable assurance the amount will be received (e.g. due to additional interpretive guidance) then the adjustment is accounted for prospectively as a change in accounting estimate. The effect of the change in estimate is recognized in the period in which management concludes that it is no longer reasonably assured that all of the grant conditions will be met. A corresponding financial liability is recognized for the amount of the repayment, if any.",Not disclosed,,"Cloud computing assets, net ||| (in millions of U.S. Dollars) June 30, 2024 June 25, 2023 Investment tax credit receivable (1) $641.8 $167.4 Right-of-use assets 99.2 98.0 Long-term advances to suppliers 50.1 8.7 Cloud computing assets, net 13.5 17.6 Other 62.3 11.6 Other assets $866.9 $303.3",,0,significant_accounting_policies,Note 6 – Financial Statement Details,3,False,,"score=2,idx=8205,zone=11724",748,OK,
0001114995,PI,2016,0001114995_PI_FY2016_10K.html,,"December 31, 2016",equipment,"We record property and equipment at cost, determine depreciation using the straight-line method over the estimated useful lives of the assets, capitalize additions and improvements that increase the value or extend the life of an asset, expense ordinary repairs and maintenance as incurred, and amortize leasehold improvements over the shorter of the term of the lease or the estimated useful lives of the assets.",,,No,,Not disclosed,,Not disclosed,,0,significant_accounting_policies,Note 2. Summary of Significant Accounting Policies,3,False,,"score=4,idx=13642,zone=11104",289,OK,
0001114995,PI,2017,0001114995_PI_FY2017_10K.html,,"December 31, 2017","equipment, Computer equipment, Furniture and fixtures",Category Useful Life Laboratory equipment 3 to 5 years Computer equipment and software 2 to 5 years Furniture and fixtures 3 to 7 years Equipment acquired under capital leases 3 to 7 years Leasehold improvements Shorter of remaining lease term or expected useful life,3.0,5.0,No,,Not disclosed,,Not disclosed,,0,significant_accounting_policies,Note 5. Inventory,3,True,1.0-3.0 ans | 2.0-5.0 ans | 3.0-5.0 ans | 3.0-7.0 ans,"score=4,idx=12787,zone=10438",296,OK,
0001114995,PI,2018,0001114995_PI_FY2018_10K.html,,"December 31, 2018","equipment, Computer equipment, Furniture and fixtures",Category Useful Life Laboratory equipment 2 to 5 years Computer equipment and software 2 to 5 years Furniture and fixtures 3 to 7 years Equipment acquired under capital leases 3 to 7 years Leasehold improvements Shorter of lease term or expected useful life,2.0,5.0,Yes,"In August 2018, the FASB issued guidance to align the requirements for capitalizing implementation costs incurred in a hosting arrangement that is a service contract with the requirements for capitalizing implementation costs incurred to develop or obtain internal-use software. This guidance is effective for fiscal years beginning after December 15, 2019, including the interim periods within those fiscal years. Early adoption of this guidance is permitted. We plan to early adopt this guidance prospectively effective January 1, 2019 and do not expect the adoption of this guidance to impact our financial positions, results of operations or cash flows.",Not disclosed,,Not disclosed,,0,ppe_note,Note 15. Retirement Plans,3,True,1.0-3.0 ans | 2.0-5.0 ans | 3.0-7.0 ans,"score=4,idx=9731,zone=9931",501,OK,
0001114995,PI,2019,0001114995_PI_FY2019_10K.html,,"December 31, 2019","equipment, Computer equipment, Furniture and fixtures",Category Useful Life Laboratory equipment 3 to 10 years Computer equipment and software 2 to 5 years Furniture and fixtures 3 to 7 years Equipment acquired under finance leases 3 to 7 years Leasehold improvements Shorter of remaining lease term or expected useful life,3.0,10.0,No,,Not disclosed,,Not disclosed,,0,ppe_note,Note 9. Stock-Based Awards,3,True,1.0-3.0 ans | 2.0-5.0 ans | 3.0-7.0 ans | 3.0-10.0 ans,"score=4,idx=10392,zone=10034",430,OK,
0001114995,PI,2020,0001114995_PI_FY2020_10K.html,,2021-03-31,"equipment, Computer equipment, Furniture and fixtures",Category Useful Life Laboratory equipment 3 to 10 years Computer equipment and software 3 to 5 years Furniture and fixtures 3 to 7 years Equipment acquired under finance leases 3 to 7 years Leasehold improvements Shorter of remaining lease term or expected useful life,3.0,10.0,No,,Not disclosed,,"Other assets primarily comprise capitalized implementation costs from cloud computing arrangements and security deposits. We capitalize eligible costs associated with cloud computing arrangements over the term of the arrangement, plus reasonably certain renewals, and recognize those costs on a straight-line basis in the same line item in the consolidated statement of operations as the expense for fees associated with the cloud computing arrangement. Cloud computing arrangement costs, included in prepaid expenses and other current assets were $228,000 and other non-current assets were $1.8 million as of December 31, 2020. Amortization expense associated with the cloud computing arrangements was not material for 2020. Cash flows related to capitalized implementation costs are presented in cash flows used in operating activities.",,0,ppe_note,Note 17. Subsequent Events,3,True,1.0-3.0 ans | 3.0-5.0 ans | 3.0-7.0 ans | 3.0-10.0 ans,"score=4,idx=12296,zone=9472",492,OK,
0001114995,PI,2021,0001114995_PI_FY2021_10K.html,,2022-03-31,"equipment, Computer equipment, Furniture and fixtures",Category Useful Life Laboratory equipment 3 to 10 years Computer equipment and software 3 to 5 years Furniture and fixtures 5 to 7 years Equipment acquired under finance leases 6 to 7 years Leasehold improvements Shorter of remaining lease term or expected useful life,3.0,10.0,No,,Not disclosed,,"Other assets primarily comprise capitalized implementation costs from cloud computing arrangements and security deposits. We capitalize eligible costs associated with cloud computing arrangements over the term of the arrangement, plus reasonably certain renewals, and recognize those costs on a straight-line basis in the same line item in the consolidated statement of operations as the expense for fees associated with the cloud computing arrangement. Cloud computing arrangement costs, included in prepaid expenses and other current assets were $413,000 and $228,000 and other non-current assets were $2.3 million and $1.8 million as of December 31, 2021 and December 31, 2020, respectively. Amortization expense associated with the cloud computing arrangements was $215,000 for 2021 and not material for 2020. Cash flows related to capitalized implementation costs are presented in cash flows used in operating activities.",,0,ppe_note,Note 17. Restructuring,3,True,1.0-3.0 ans | 3.0-5.0 ans | 3.0-10.0 ans | 5.0-7.0 ans | 6.0-7.0 ans,"score=4,idx=11788,zone=11121",590,OK,
0001114995,PI,2022,0001114995_PI_FY2022_10K.html,,2023-03-31,"Equipment, Machinery and equipment, Computer equipment, Furniture and fixtures",Property and Equipment We record property and equipment at cost and depreciate it using the straight-line method over the estimated useful lives of the related assets. The useful lives are as follows: Category Useful Life Machinery and equipment 2 to 10 years Computer equipment and software 3 to 5 years Furniture and fixtures 3 to 7 years Equipment acquired under finance leases 3 to 7 years Leasehold improvements Shorter of remaining lease term or expected useful life,2.0,10.0,No,,Not disclosed,,"Other assets primarily comprise capitalized implementation costs from cloud computing arrangements and security deposits. We capitalize eligible costs associated with cloud computing arrangements over the term of the arrangement, plus reasonably certain renewals, and recognize those costs on a straight-line basis in the same line item in the consolidated statement of operations as the expense for fees associated with the cloud computing arrangement. Cloud computing arrangement costs, included in prepaid expenses and other current assets, were $ 413,000 and $ 413,000 , and other non-current assets w ere $ 1.8 million and $ 2.3 million, as of December 31, 2022 and 2021, respectively. Amortization expense associated with the cloud computing arrangements was $ 413,000 for 2022, $ 215,000 for 2021 and not material for 2020. We present cash flows related to capitalized implementation costs in cash flows used in operating activities. ||| Other Assets Other assets primarily comprise capitalized implementation costs from cloud computing arrangements and security deposits. We capitalize eligible costs associated with cloud computing arrangements over the term of the arrangement, plus reasonably certain renewals, and recognize those costs on a straight-line basis in the same line item in the consolidated statement of operations as the expense for fees associated with the cloud computing arrangement. Cloud computing arrangement costs, included in prepaid expenses and other current assets, were $ 413,000 and $ 413,000 , and other non-current assets w ere $ 1.8 million and $ 2.3 million, as of December 31, 2022 and 2021, respectively. Amortization expense associated with the cloud computing arrangements was $ 413,000 for 2022, $ 215,000 for 2021 and not material for 2020. We present cash flows related to capitalized implementation costs in cash flows used in operating activities. ||| million, as of December 31, 2022 and 2021, respectively. Amortization expense associated with the cloud computing arrangements was $",,0,significant_accounting_policies,Note 2. Summary of Significant Accounting Policies Basis of Presentation and Principles of Consolidation The accompanying consolidated financial state,3,True,2.0-10.0 ans | 3.0-5.0 ans | 3.0-7.0 ans,"score=4,idx=10645,zone=18294",777,OK,
0001114995,PI,2023,0001114995_PI_FY2023_10K.html,,2024-02-07,"Equipment, Machinery and equipment, Computer equipment, Furniture and fixtures",Property and Equipment We record property and equipment at cost and depreciate it using the straight-line method over the estimated useful lives of the related assets. The useful lives are as follows: Category Useful Life Machinery and equipment 1 to 10 years Computer equipment and software 3 to 5 years Furniture and fixtures 3 to 7 years Equipment acquired under finance leases 3 to 7 years Leasehold improvements Shorter of remaining lease term or expected useful life,1.0,10.0,No,,Not disclosed,,"We and our partner ecosystem build item-visibility solutions using products that we design and either sell or license, including silicon RAIN radios; manufacturing, test, encoding and reading systems; and software and cloud services. Our platform comprises our products and supporting partner ecosystem. Our products include endpoint ICs that store a serialized number to wirelessly identify an item; reader ICs that our partners use in finished readers to wirelessly discover, inventory and engage endpoint ICs; manufacturing, test and encoding systems that enable partner products and facilitate enterprise deployments; finished readers and gateways for autonomous reading solutions; and software and cloud services for solutions enablement. We sell our products, either individually or as a whole platform offering, primarily with or through our partner ecosystem.",B100,1,significant_accounting_policies,Note 2. Summary of Significant Accounting Policies Basis of Presentation and Principles of Consolidation The accompanying consolidated financial state,3,True,1.0-10.0 ans | 3.0-5.0 ans | 3.0-7.0 ans,"score=4,idx=10922,zone=19599",813,OK,
0001114995,PI,2024,0001114995_PI_FY2024_10K.html,,2024-12-31,"Equipment, Machinery and equipment, Computer equipment, Furniture and fixtures",Property and Equipment We record property and equipment at cost and depreciate it using the straight-line method over the estimated useful lives of the related assets. The useful lives are as follows: Category Useful Life Machinery and equipment 1 to 10 years Computer equipment and software 3 to 5 years Furniture and fixtures 3 to 7 years Equipment acquired under finance leases 3 to 7 years Leasehold improvements Shorter of remaining lease term or expected useful life,1.0,10.0,No,,Not disclosed,,"We and our partner ecosystem build item-visibility solutions using products that we design and either sell or license, including silicon RAIN radios; manufacturing, test, encoding and reading systems, software and cloud services that encapsulate our solutions know-how and intellectual property. We sell two types of silicon IC radios. The first are endpoint ICs that store a serialized number to wirelessly identify an item. Our partners embed endpoint ICs into an item or its packaging. The ICs may also contain a cryptographic key to authenticate the item. The second are reader ICs that our partners use in finished readers to wirelessly discover, inventory and engage the endpoint ICs. Those readers may also protect an item or consumer, for example by authenticating the item as genuine or privatizing the item by rendering the endpoint IC unresponsive without the consumer first providing a password. Our manufacturing, test and encoding systems enable partner products and facilitate enterprise deployments. Our reading systems comprise high-performance finished readers and gateways for autonomous reading solutions. Our software and cloud services focus on solutions enablement.",,0,significant_accounting_policies,Note 2. Summary of Significant Accounting Policies Basis of Presentation and Principles of Consolidation The accompanying consolidated financial state,3,True,1.0-10.0 ans | 3.0-5.0 ans | 3.0-7.0 ans,"score=4,idx=9083,zone=19217",775,OK,
0001377121,PTGX,2016,0001377121_PTGX_FY2016_10K.html,,"December 31, 2016",equipment,"Property
and equipment are stated at cost, net of accumulated depreciation.",3.0,5.0,No,,Not disclosed,,Not disclosed,,0,significant_accounting_policies,2. Summary of Significant Accounting Policies,3,False,,"score=4,idx=6094,zone=8072",346,OK,
0001377121,PTGX,2017,0001377121_PTGX_FY2017_10K.html,,"December 31, 2017",equipment,"Property and equipment are stated at cost, net of accumulated depreciation.",3.0,5.0,No,,Not disclosed,,Not disclosed,,0,significant_accounting_policies,2. Summary of Significant Accounting Policies,3,False,,"score=4,idx=11265,zone=12773",454,OK,
0001377121,PTGX,2018,0001377121_PTGX_FY2018_10K.html,,"December 31, 2018",equipment,"Property and equipment are stated at cost, net of accumulated depreciation.",3.0,5.0,No,,Not disclosed,,Not disclosed,,0,significant_accounting_policies,2. Summary of Significant Accounting Policies,3,False,,"score=4,idx=10599,zone=13495",472,OK,
0001377121,PTGX,2019,0001377121_PTGX_FY2019_10K.html,,"December 31, 2019",equipment,"Property and equipment are stated at cost, net of accumulated depreciation.",3.0,5.0,No,,Not disclosed,,Not disclosed,,0,significant_accounting_policies,2. Summary of Significant Accounting Policies Basis of Presentation and Consolidation,3,False,,"score=4,idx=9543,zone=13285",504,OK,
0001377121,PTGX,2020,0001377121_PTGX_FY2020_10K.html,,"December 31, 2020",Not disclosed,Not disclosed,,,No,,Not disclosed,,"performance of adequate and well-controlled human clinical trials in accordance with good clinical practice (“GCP”) requirements to establish the safety and efficacy of the proposed drug product for each indication; ||| satisfactory completion of an FDA inspection of one or more clinical trial sites to assure compliance with GCP requirements and the clinical protocol; and ||| Clinical trials involve the administration of the investigational new drug to human subjects under the supervision of qualified investigators in accordance with GCP requirements, which include the requirement that all research subjects provide their informed consent in writing before their participation in any clinical trial. Clinical trials are conducted under protocols detailing, among other things, the objectives of the trial, the parameters to be used in monitoring safety, and the effectiveness criteria to be evaluated. A protocol for each clinical trial and any subsequent protocol amendments must be submitted to the FDA as part of the IND (or equivalent submission ex-US). In addition, an IRB or ethics committee (“EC”) must review and approve the plan for any clinical trial at each institution participating in the clinical trial before it commences at that site. Information about certain clinical trials must be submitted within specific timeframes to the National Institutes of Health (“NIH”) for public dissemination on their www.clinicaltrials.gov website.",,0,unknown,,0,False,,"score=8,idx=7539,zone=12094",431,OK,
0001377121,PTGX,2021,0001377121_PTGX_FY2021_10K.html,,2021-12-31,equipment,"Property and equipment are stated at cost, net of accumulated depreciation.",3.0,5.0,No,,Not disclosed,,Not disclosed,,0,significant_accounting_policies,Note 2. Summary of Significant Accounting Policies,3,False,,"score=8,idx=8190,zone=12331",468,OK,
0001377121,PTGX,2022,0001377121_PTGX_FY2022_10K.html,,2023-08-31,equipment,"Property and equipment are stated at cost, net of accumulated depreciation.",3.0,5.0,No,,Not disclosed,,Not disclosed,,0,significant_accounting_policies,Note 2. Summary of Significant Accounting Policies,3,False,,"score=6,idx=8015,zone=12101",433,OK,
0001377121,PTGX,2023,0001377121_PTGX_FY2023_10K.html,,2024-01-31,equipment,"Property and equipment are stated at cost, net of accumulated depreciation.",3.0,5.0,No,,Not disclosed,,Not disclosed,,0,significant_accounting_policies,Note 2. Summary of Significant Accounting Policies,3,False,,"score=6,idx=6607,zone=12053",424,OK,
0001377121,PTGX,2024,0001377121_PTGX_FY2024_10K.html,,2024-12-31,equipment,"Property and equipment are stated at cost, net of accumulated depreciation.",3.0,5.0,No,,Not disclosed,,Not disclosed,,0,significant_accounting_policies,Note 2. Summary of Significant Accounting Policies,3,False,,"score=6,idx=7035,zone=12607",464,OK,
0001447669,TWLO,2016,0001447669_TWLO_FY2016_10K.html,,"December 31, 2016",Not disclosed,"Cost of revenue also includes
fees to support the Company's cloud infrastructure, personnel costs, such as salaries and stock-based compensation for the customer care and support services employees, and non-personnel costs, such
as amortization of capitalized internal-use software development costs.",,,No,,"Cost of revenue consists primarily of costs of communications services purchased from network service providers. Cost of revenue also includes
fees to support the Company's cloud infrastructure, personnel costs, such as salaries and stock-based compensation for the customer care and support services employees, and non-personnel costs, such
as amortization of capitalized internal-use software development costs.",Item 8,"The Company derives its revenue primarily from usage-based fees earned from customers accessing the Company's enterprise cloud computing
services invoiced or paid monthly. The Company also earns subscription fees from certain term-based contracts. The Company provides services to its customers under pay-as-you-go contracts and
term-based contracts ranging in duration from one month to 48 months. Customers that pay via credit card are either billed in advance or as they use service. Larger customers are billed in
arrears via invoices for services used. Certain customers have contracts that provide for a minimum monthly commitment and some customers have contracts that provide for a commitment that may be of a
quarterly, annual or other specific durations.",,0,significant_accounting_policies,2. Summary of Significant Accounting Policies (Continued),3,False,,"score=4,idx=18034,zone=18580",562,OK,
0001447669,TWLO,2017,0001447669_TWLO_FY2017_10K.html,,"December 31, 2017",Not disclosed,"Research
and development expenses consist primarily of personnel costs, cloud infrastructure fees for staging and development, outsourced engineering services, amortization of
capitalized internal-use software development costs and an allocation of general overhead expenses.",,,No,,"Research
and development expenses consist primarily of personnel costs, cloud infrastructure fees for staging and development, outsourced engineering services, amortization of
capitalized internal-use software development costs and an allocation of general overhead expenses. The Company capitalizes
the portion of its software development costs that meets the criteria for capitalization.",Item 8,"The
Company derives its revenue primarily from usage-based fees earned from customers accessing the Company's enterprise cloud computing services invoiced or paid monthly. The Company
provides services to its customers under pay-as-you-go contracts and term-based contracts ranging in duration from one month to 48 months. Customers that pay via credit card are either billed
in advance or as they use service. Larger customers are billed in arrears via invoices for services used. Certain customers have contracts that provide for a minimum monthly commitment and some
customers have contracts that provide for a commitment that may be of a quarterly, annual or other specific durations.",,0,significant_accounting_policies,2. Summary of Significant Accounting Policies (Continued),3,False,,"score=4,idx=19830,zone=22219",626,OK,
0001447669,TWLO,2018,0001447669_TWLO_FY2018_10K.html,,"December 31, 2018",Not disclosed,"Research and development expenses consist primarily of personnel costs, cloud infrastructure fees for staging and development, outsourced
engineering services, amortization of capitalized internal-use software development costs and an allocation of general overhead expenses.",,,No,,"Cost of revenue consists primarily of costs of communications services purchased from network service providers. Cost of revenue also includes
fees to support the Company's cloud infrastructure, personnel costs, such as salaries and stock-based compensation for the customer care and support services employees, and non-personnel costs, such
as amortization of capitalized internal-use software development costs and amortization of acquired intangibles.",Item 8,"Our
revenue is primarily derived from usage-based fees earned from customers accessing our enterprise cloud computing services. Platform access is considered a monthly series comprising
one performance obligation and usage-based fees are recognized as revenue in the period in which the usage occurs.",,0,significant_accounting_policies,2. Summary of Significant Accounting Policies (Continued),3,False,,"score=4,idx=19794,zone=24760",686,OK,
0001447669,TWLO,2019,0001447669_TWLO_FY2019_10K.html,,"December 31, 2019",Not disclosed,"Research and development expenses consist primarily of personnel costs, cloud infrastructure fees for staging and development, outsourced engineering services, amortization of capitalized internal-use software development costs and an allocation of general overhead expenses.",,,No,,"Cost of revenue consists primarily of costs of communications services purchased from network service providers. Cost of revenue also includes fees to support the Company's cloud infrastructure, direct costs of personnel, such as salaries and stock-based compensation for the customer care and support services employees, and non-personnel costs, such as amortization of capitalized internal-use software development costs and amortization of acquired intangibles.",Item 8,Our revenue is primarily derived from usage-based fees earned from customers accessing our enterprise cloud computing services. Platform access is considered a monthly series comprising one performance obligation and usage-based fees are recognized as revenue in the period in which the usage occurs.,,0,significant_accounting_policies,2. Summary of Significant Accounting Policies,3,False,,"score=4,idx=20180,zone=24691",1019,OK,
0001447669,TWLO,2020,0001447669_TWLO_FY2020_10K.html,,2021-02-22,Not disclosed,"Research and development expenses consist primarily of personnel costs, cloud infrastructure fees for staging and development, outsourced engineering services, amortization of capitalized internal-use software development costs and an allocation of general overhead expenses.",,,No,,"Cost of revenue consists primarily of costs of communications services purchased from network service providers. Cost of revenue also includes fees to support the Company's cloud infrastructure, direct costs of personnel, such as salaries and stock-based compensation for the customer care and support services employees, and non-personnel costs, such as amortization of capitalized internal-use software development costs and amortization of acquired intangibles.",Item 8,Our revenue is primarily derived from usage-based fees earned from customers accessing our enterprise cloud computing services. Platform access is considered a monthly series comprising one performance obligation and usage-based fees are recognized as revenue in the period in which the usage occurs.,,0,significant_accounting_policies,2. Summary of Significant Accounting Policies (a) Basis of Presentation,3,False,,"score=2,idx=12521,zone=13049",787,OK,
0001447669,TWLO,2021,0001447669_TWLO_FY2021_10K.html,,2021-12-31,Not disclosed,"Research and development expenses consist primarily of personnel costs, cloud infrastructure fees for staging and development, outsourced engineering services, amortization of capitalized internal-use software development costs and an allocation of general overhead expenses.",,,No,,"Cost of revenue consists primarily of costs of communications services purchased from network service providers. Cost of revenue also includes fees to support the Company's cloud infrastructure, direct costs of personnel, such as salaries and stock-based compensation for the customer care and support services employees, and non-personnel costs, such as amortization of capitalized internal-use software development costs and amortization of acquired intangibles.",Item 8,Our revenue is primarily derived from usage-based fees earned from customers accessing our enterprise cloud computing services. Platform access is considered a monthly series comprising one performance obligation and usage-based fees are recognized as revenue in the period in which the usage occurs.,,0,significant_accounting_policies,2. Summary of Significant Accounting Policies,3,False,,"score=2,idx=8679,zone=11683",728,OK,
0001447669,TWLO,2022,0001447669_TWLO_FY2022_10K.html,,2022-12-31,Not disclosed,"Research and development expenses consist primarily of personnel costs, cloud infrastructure fees for staging and development of the Company’s products, outsourced engineering services, amortization of capitalized internal-use software development costs and an allocation of general overhead expenses.",,,No,,"Cost of revenue consists primarily of costs of communications services purchased from network service providers. Cost of revenue also includes fees to support the Company's cloud infrastructure, direct costs of personnel, such as salaries and stock-based compensation for the customer care and support services employees, and non-personnel costs, such as amortization of capitalized internal-use software development costs and amortization of acquired intangibles.",Item 8,Not disclosed,,0,significant_accounting_policies,2. Summary of Significant Accounting Policies,3,False,,"score=2,idx=8868,zone=12135",723,OK,
0001447669,TWLO,2023,0001447669_TWLO_FY2023_10K.html,,2023-12-31,equipment,"Cost of revenue also includes cloud infrastructure fees, direct costs of personnel, such as salaries and stock‑based compensation for our customer support employees, and other non‑personnel costs, such as depreciation and amortization expense related to data centers and hosting equipment, amortization of capitalized internal-use software development costs and acquired intangible assets.",,,No,,"Cost of revenue consists primarily of fees paid to network service providers. Cost of revenue also includes cloud infrastructure fees, direct costs of personnel, such as salaries and stock‑based compensation for our customer support employees, and other non‑personnel costs, such as depreciation and amortization expense related to data centers and hosting equipment, amortization of capitalized internal-use software development costs and acquired intangible assets. Costs of revenue are generally directly attributable to each segment. Certain costs of revenue are allocated to segments based on methodologies that best reflect the patterns of consumptions of these costs.",Item 8,Not disclosed,,0,significant_accounting_policies,2. Summary of Significant Accounting Policies,3,False,,"score=2,idx=10291,zone=12922",754,OK,
0001447669,TWLO,2024,0001447669_TWLO_FY2024_10K.html,,2024-12-31,equipment,"Cost of revenue also includes cloud infrastructure fees, direct costs of personnel, such as salaries and stock‑based compensation for customer support employees, and other non‑personnel costs, such as depreciation and amortization expense related to data centers and hosting equipment, amortization of capitalized internal-use software development costs and acquired intangible assets.",,,No,,"Cost of revenue consists primarily of fees paid to network service providers. Cost of revenue also includes cloud infrastructure fees, direct costs of personnel, such as salaries and stock‑based compensation for customer support employees, and other non‑personnel costs, such as depreciation and amortization expense related to data centers and hosting equipment, amortization of capitalized internal-use software development costs and acquired intangible assets. Costs of revenue are generally directly attributable to each segment. Certain costs of revenue are allocated to segments based on methodologies that best reflect the patterns of consumptions of these costs.",Item 8,Not disclosed,,0,significant_accounting_policies,2. Summary of Significant Accounting Policies,3,False,,"score=2,idx=10106,zone=13142",714,OK,
0001617406,PK,2016,0001617406_PK_FY2016_10K.html,,,"furniture, equipment, computer equipment","Depreciation is recorded using the straight-line method over the assets’ estimated useful lives, which are generally as follows: buildings and improvements (8 to 40 years); furniture and equipment (3 to 8 years); and computer equipment and acquired software (3 years).",3.0,8.0,Not disclosed,,Not disclosed,,Not disclosed,,0,significant_accounting_policies,Note 2: Basis of Presentation and Summary of Significant Accounting Policies,3,False,,"score=4,idx=16812,zone=16697",555,ERROR,'<' not supported between instances of 'NoneType' and 'float'
0001617406,PK,2017,0001617406_PK_FY2017_10K.html,,"December 31, 2017","furniture, equipment, computer equipment","Depreciation is recorded using the straight-line method over the assets’ estimated useful lives, which are generally as follows: buildings and improvements (8 to 40 years); furniture and equipment (3 to 8 years); and computer equipment and acquired software (3 years).",3.0,8.0,Not disclosed,,Not disclosed,,Not disclosed,,0,significant_accounting_policies,Note 2: Basis of Presentation and Summary of Significant Accounting Policies,3,False,,"score=4,idx=16093,zone=19305",428,ERROR,'<' not supported between instances of 'NoneType' and 'float'
0001617406,PK,2018,0001617406_PK_FY2018_10K.html,,"December 31, 2018","furniture, equipment, computer equipment","Depreciation is recorded using the straight-line method over the assets’ estimated useful lives, which are generally as follows: buildings and improvements (8 to 40 years); furniture and equipment (3 to 8 years); and computer equipment and acquired software (3 years).",3.0,8.0,Not disclosed,,Not disclosed,,Not disclosed,,0,significant_accounting_policies,Note 2: Basis of Presentation and Summary of Significant Accounting Policies Basis of Presentation,3,False,,"score=4,idx=15270,zone=18088",337,ERROR,'<' not supported between instances of 'NoneType' and 'float'
0001617406,PK,2019,0001617406_PK_FY2019_10K.html,,2020-02-19,"furniture, equipment, computer equipment","Depreciation is recorded using the straight-line method over the assets’ estimated useful lives, which are generally as follows: buildings and improvements (8 to 40 years); furniture and equipment (3 to 8 years); and computer equipment and acquired software (3 years).",3.0,8.0,Not disclosed,,Not disclosed,,Not disclosed,,0,significant_accounting_policies,Note 2: Basis of Presentation and Summary of Significant Accounting Policies Basis of Presentation,3,False,,"score=4,idx=14982,zone=18887",697,ERROR,'<' not supported between instances of 'NoneType' and 'float'
0001617406,PK,2020,0001617406_PK_FY2020_10K.html,,2021-01-31,"furniture, equipment, computer equipment","Depreciation is recorded using the straight-line method over the assets’ estimated useful lives, which are generally as follows: buildings and improvements (8 to 40 years); furniture and equipment (3 to 8 years); and computer equipment and acquired software (3 years).",3.0,8.0,Not disclosed,,Not disclosed,,Not disclosed,,0,significant_accounting_policies,Note 2: Basis of Presentation and Summary of Significant Accounting Policies,3,False,,"score=4,idx=14251,zone=18059",715,ERROR,'<' not supported between instances of 'NoneType' and 'float'
0001617406,PK,2021,0001617406_PK_FY2021_10K.html,,2022-02-28,"furniture, equipment, computer equipment","Depreciation is recorded using the straight-line method over the assets’ estimated useful lives, which are generally as follows: buildings and improvements ( 8 to 40 years ); furniture and equipment ( 3 to 8 years ); and computer equipment and acquired software ( 3 years).",3.0,8.0,Not disclosed,,Not disclosed,,Not disclosed,,0,significant_accounting_policies,Note 2: Basis of Presentation and Summary of Significant Accounting Policies,3,False,,"score=4,idx=16881,zone=26317",981,ERROR,'<' not supported between instances of 'NoneType' and 'float'
0001617406,PK,2022,0001617406_PK_FY2022_10K.html,,2023-02-28,"furniture, equipment, computer equipment","Depreciation is recorded using the straight-line method over the assets’ estimated useful lives, which are generally as follows: buildings and improvements ( 8 to 40 years ); furniture and equipment ( 3 to 8 years ); and computer equipment and acquired software ( 3 years).",3.0,8.0,Not disclosed,,Not disclosed,,Not disclosed,,0,significant_accounting_policies,Note 2: Basis of Presentation and Summary of Significant Accounting Policies Basis of Presentation,3,False,,"score=4,idx=14232,zone=24142",859,ERROR,'<' not supported between instances of 'NoneType' and 'float'
0001617406,PK,2023,0001617406_PK_FY2023_10K.html,,2023-12-31,"furniture, equipment, computer equipment","Depreciation is recorded using the straight-line method over the assets’ estimated useful lives, which are generally as follows: buildings and improvements (8 to 40 years); furniture and equipment (3 to 8 years); and computer equipment and acquired software (3 years).",3.0,8.0,Not disclosed,,Not disclosed,,Not disclosed,,0,significant_accounting_policies,Note 2: Basis of Presentation and Summary of Significant Accounting Policies Basis of Presentation,3,False,,"score=2,idx=8454,zone=9621",576,ERROR,'<' not supported between instances of 'NoneType' and 'float'
0001617406,PK,2024,0001617406_PK_FY2024_10K.html,,2025-01-31,"furniture, equipment, computer equipment","Depreciation is recorded using the straight-line method over the assets’ estimated useful lives, which are generally as follows: buildings and improvements (8 to 40 years); furniture and equipment (3 to 8 years); and computer equipment and acquired software (3 years).",3.0,8.0,Not disclosed,,Not disclosed,,Not disclosed,,0,significant_accounting_policies,Note 2: Basis of Presentation and Summary of Significant Accounting Policies Basis of Presentation,3,False,,"score=2,idx=8425,zone=9595",570,ERROR,'<' not supported between instances of 'NoneType' and 'float'
0001669162,KNSL,2016,0001669162_KNSL_FY2016_10K.html,,"December 31, 2016",furniture and equipment,"from seven to ten years for furniture and equipment, three to seven years for electronic data processing hardware and software, and from two to six years for leasehold improvements, which is the shorter of the estimated useful life or the lease term.",3.0,7.0,No,,Not disclosed,,Not disclosed,,0,significant_accounting_policies,1. Accounting policies Basis of presentation,3,True,2.0-6.0 ans | 3.0-7.0 ans | 7.0-10.0 ans,"score=4,idx=20472,zone=26952",720,OK,
0001669162,KNSL,2017,0001669162_KNSL_FY2017_10K.html,,"December 31, 2017",Not disclosed,Not disclosed,,,No,,Not disclosed,,Not disclosed,,0,unknown,,0,False,,"score=4,idx=21995,zone=27477",757,OK,
0001669162,KNSL,2018,0001669162_KNSL_FY2018_10K.html,,"December 31, 2018",Not disclosed,Not disclosed,,,No,,Not disclosed,,Not disclosed,,0,unknown,,0,False,,"score=4,idx=21509,zone=28061",811,OK,
0001669162,KNSL,2019,0001669162_KNSL_FY2019_10K.html,,"December 31, 2019",furniture and equipment,"Property and equipment are stated at cost less accumulated depreciation. Depreciation of property and equipment is calculated using the straight-line method over the estimated useful lives of the assets. The estimated useful lives range from 7 to 10 years for furniture and equipment, 3 to 7 years for electronic data processing hardware and software, and from 2 to 6 years for leasehold improvements, which is the shorter of the estimated useful life or the lease term.",3.0,7.0,No,,Not disclosed,,"ASU 2018-15, Customer’s Accounting for Implementation Costs Incurred in a Cloud Computing Arrangement That Is a Service Contract ||| On August 29, 2018, the FASB issued new guidance on a customer's accounting for implementation, set-up and other up-front costs incurred in a cloud computing arrangement hosted by the vendor. The new guidance requires an entity to determine the stage of a project that the implementation activity relates to and the nature of the associated costs in order to determine whether those costs should be expensed as incurred or capitalized. The new guidance also requires the entity to amortize the capitalized implementation costs as an expense over the term of the hosting arrangement. This guidance is",,0,item_8_other,,1,True,2.0-6.0 ans | 3.0-7.0 ans | 7.0-10.0 ans,"score=4,idx=22072,zone=28255",716,OK,
0001669162,KNSL,2020,0001669162_KNSL_FY2020_10K.html,,2021-02-11,the parking deck and building,"Property and equipment are stated at cost less accumulated depreciation. Depreciation of property and equipment is calculated using the straight-line method over the estimated useful lives of the assets. The estimated useful lives range from 39 years for the parking deck and building, 15 to 20 years for land improvements, 7 to 10 years for furniture and equipment, 3 to 7 years for electronic data processing hardware and software, and from 2 to 5 years for leasehold improvements, which is the shorter of the estimated useful life or the lease term.",3.0,7.0,No,,Not disclosed,,"ASU 2018-15, Customer’s Accounting for Implementation Costs Incurred in a Cloud Computing Arrangement That Is a Service Contract ||| On August 29, 2018, the FASB issued new guidance on a customer's accounting for implementation, set-up and other up-front costs incurred in a cloud computing arrangement hosted by the vendor. The new guidance requires an entity to determine the stage of a project that the implementation activity relates to and the nature of the associated costs in order to determine whether those costs should be expensed as incurred or capitalized. The new guidance also requires the entity to amortize the capitalized implementation costs as an expense over the term of the hosting arrangement. Effective January 1, 2020, the Company adopted ASU 2018-15 using a modified-retrospective approach. The adoption of ASU 2018-15 did not have a material impact on the Company's consolidated financial statements.",,0,significant_accounting_policies,1. Summary of significant accounting policies,3,True,2.0-5.0 ans | 3.0-7.0 ans | 7.0-10.0 ans,"score=2,idx=13736,zone=13883",594,OK,
0001669162,KNSL,2021,0001669162_KNSL_FY2021_10K.html,,2022-02-14,the building and parking deck,"Property and equipment are stated at cost less accumulated depreciation. Depreciation of property and equipment is calculated using the straight-line method over the estimated useful lives of the assets. The estimated useful lives range from 39 years for the building and parking deck, 15 to 20 years for land improvements, 7 to 10 years for furniture and equipment, and 3 to 7 years for electronic data processing hardware and software.",3.0,7.0,No,,Not disclosed,,Not disclosed,,0,significant_accounting_policies,1. Summary of significant accounting policies,3,True,3.0-7.0 ans | 7.0-10.0 ans,"score=2,idx=11687,zone=13285",574,OK,
0001669162,KNSL,2022,0001669162_KNSL_FY2022_10K.html,,2023-02-15,the building and parking deck,"Property and equipment are stated at cost less accumulated depreciation. Depreciation of property and equipment is calculated using the straight-line method over the estimated useful lives of the assets. The estimated useful lives range from 39 years for the building and parking deck, 15 to 20 years for land improvements, 7 to 10 years for furniture and equipment, and 3 to 7 years for electronic data processing hardware and software.",3.0,7.0,No,,Not disclosed,,Not disclosed,,0,significant_accounting_policies,1. Summary of significant accounting policies,3,True,3.0-7.0 ans | 7.0-10.0 ans,"score=2,idx=12483,zone=14239",617,OK,
0001669162,KNSL,2023,0001669162_KNSL_FY2023_10K.html,,2024-02-12,the building and parking deck,"Property and equipment are stated at cost less accumulated depreciation. Depreciation of property and equipment is calculated using the straight-line method over the estimated useful lives of the assets. The estimated useful lives range from 39 years for the building and parking deck, 15 to 20 years for land improvements, 7 to 10 years for furniture and equipment, and 3 to 7 years for electronic data processing hardware and software.",3.0,7.0,No,,Not disclosed,,Not disclosed,,0,significant_accounting_policies,1. Summary of significant accounting policies,3,True,3.0-7.0 ans | 7.0-10.0 ans,"score=2,idx=12953,zone=14705",631,OK,
0001669162,KNSL,2024,0001669162_KNSL_FY2024_10K.html,,2025-03-31,the building and parking deck,"Property and equipment are stated at cost less accumulated depreciation. Depreciation of property and equipment is calculated using the straight-line method over the estimated useful lives of the assets. The estimated useful lives range from 39 years for the building and parking deck, 15 to 20 years for land improvements, 7 to 10 years for furniture and equipment, and 3 to 7 years for electronic data processing hardware and software.",3.0,7.0,Yes,(2) Excludes depreciation expense allocated to loss adjustment expenses and investment expenses,Not disclosed,,Not disclosed,,0,significant_accounting_policies,1. Summary of significant accounting policies,3,True,3.0-7.0 ans | 7.0-10.0 ans,"score=2,idx=13277,zone=15304",652,OK,
0001670541,ADNT,2016,0001670541_ADNT_FY2016_10K.html,,,equipment,"Costs for molds, dies and other tools used to make products that will be sold under long-term supply arrangements are capitalized within property, plant and equipment if the Company has title to the assets or has the non-cancelable right to use the assets during the term of the supply arrangement. Capitalized items, if specifically designed for a supply arrangement, are amortized over the term of the arrangement; otherwise, amounts are amortized over the estimated useful lives of the assets. The carrying values of assets capitalized in accordance with the foregoing policy are periodically reviewed for impairment whenever events or changes in circumstances indicate that its carrying amount may not be recoverable. At September 30, 2016 and 2015, approximately $62 million and $60 million, respectively, of costs for molds, dies and other tools were capitalized within property, plant and equipment which represented assets to which the Company had title. In addition, at September 30, 2016 and 2015, the Company recorded within the combined statements of financial position in other current assets $203 million and $134 million, respectively, of costs for molds, dies and other tools for which customer reimbursement is contractually assured.",,,No,,Not disclosed,,Not disclosed,,0,significant_accounting_policies,Note 1. BASIS OF PRESENTATION AND SUMMARY OF SIGNIFICANT ACCOUNTING POLICIES,3,False,,"fallback,idx=11729,zone=27894",850,OK,
0001670541,ADNT,2017,0001670541_ADNT_FY2017_10K.html,,,equipment,"Costs for molds, dies and other tools used to make products that will be sold under long-term supply arrangements are capitalized within property, plant and equipment if Adient has title to the assets or has the non-cancelable right to use the assets during the term of the supply arrangement. Capitalized items, if specifically designed for a supply arrangement, are amortized over the term of the arrangement; otherwise, amounts are amortized over the estimated useful lives of the assets. The carrying values of assets capitalized in accordance with the foregoing policy are periodically reviewed for impairment whenever events or changes in circumstances indicate that its carrying amount may not be recoverable. At September 30, 2017 and 2016, approximately",,,No,,Not disclosed,,Not disclosed,,0,significant_accounting_policies,Note 8,3,False,,"fallback,idx=12126,zone=32780",1012,OK,
0001670541,ADNT,2018,0001670541_ADNT_FY2018_10K.html,,,equipment,"Costs for molds, dies and other tools used to make products that will be sold under long-term supply arrangements are capitalized within property, plant and equipment if Adient has title to the assets or has the non-cancelable right to use the assets during the term of the supply arrangement. Capitalized items, if specifically designed for a supply arrangement, are amortized over the term of the arrangement; otherwise, amounts are amortized over the estimated useful lives of the assets. The carrying values of assets capitalized in accordance with the foregoing policy are periodically reviewed for impairment whenever events or changes in circumstances indicate that its carrying amount may not be recoverable. At September 30, 2018 and 2017, approximately",,,No,,Not disclosed,,"In August 2018, the FASB issued ASU 2018-15, ""Intangibles-Goodwill and Other-Internal Use Software (Subtopic 350-40): Customer's Accounting for Implementation Costs Incurred in a Cloud Computing Arrangement That is a Service Contract."" The amendments in ASU 2018-15 require implementation costs incurred by customers in cloud computing arrangements to be deferred and recognized over the term of the arrangement, if those costs would be capitalized by the customer in a software licensing arrangement under the internal-use software guidance. The amendments also require an entity to disclose the nature of its hosting arrangements and adhere to certain presentation requirements in its balance sheet, income statement and statement of cash flows. ASU No. 2018-15 is effective for Adient for the quarter ending December 31, 2019, with early adoption permitted. The guidance can be applied either prospectively to all implementation costs incurred after the date of adoption. Adient is currently assessing the potential impact of adopting this guidance on its consolidated financial statements.",,0,significant_accounting_policies,Note 8,3,False,,"fallback,idx=12067,zone=29389",1069,OK,
0001670541,ADNT,2019,0001670541_ADNT_FY2019_10K.html,,2019-10-01,equipment,"Costs for molds, dies and other tools used to make products that will be sold under long-term supply arrangements are capitalized within property, plant and equipment if Adient has title to the assets or has the non-cancelable right to use the assets during the term of the supply arrangement. Capitalized items, if specifically designed for a supply arrangement, are amortized over the term of the arrangement; otherwise, amounts are amortized over the estimated useful lives of the assets. The carrying values of assets capitalized in accordance with the foregoing policy are periodically reviewed for impairment whenever events or changes in circumstances indicate that its carrying amount may not be recoverable. At September 30, 2019 and 2018, approximately $60 million and $54 million, respectively, of costs for molds, dies and other tools were capitalized within property, plant and equipment which represented assets to which Adient had title. In addition, at September 30, 2019, Adient recorded within the consolidated statements of financial position in other current and noncurrent assets $101 million and $28 million, respectively, of costs for molds, dies and other tools for which customer reimbursement is contractually assured. At September 30, 2018, Adient recorded within the consolidated statements of financial position in other current and noncurrent assets $208 million and $17 million, respectively, of costs for molds, dies and other tools for which customer reimbursement is contractually assured.",,,No,,Not disclosed,,"ASU 2018-15, Intangibles-Goodwill and Other-Internal Use Software: Customer's Accounting for Implementation Costs Incurred in a Cloud Computing Arrangement That is a Service Contract ||| The amendments in ASU 2018-15 require implementation costs incurred by customers in cloud computing arrangements to be deferred and recognized over the term of the arrangement, if those costs would be capitalized by the customer in a software licensing arrangement under the internal-use software guidance. The amendments also require an entity to disclose the nature of its hosting arrangements and adhere to certain presentation requirements in its balance sheet, income statement and statement of cash flows.",,0,significant_accounting_policies,1. Basis of Presentation and Summary of Significant Accounting Policies,3,False,,"fallback,idx=15821,zone=19328",828,OK,
0001670541,ADNT,2020,0001670541_ADNT_FY2020_10K.html,,2021-03-31,equipment,"Costs for molds, dies and other tools used to make products that will be sold under long-term supply arrangements are capitalized within property, plant and equipment if Adient has title to the assets or has the non-cancelable right to use the assets during the term of the supply arrangement. Capitalized items, if specifically designed for a supply arrangement, are amortized over the term of the arrangement; otherwise, amounts are amortized over the estimated useful lives of the assets. The carrying values of assets capitalized in accordance with the foregoing policy are periodically reviewed for impairment whenever events or changes in circumstances indicate that its carrying amount may not be recoverable. At September 30, 2020 and 2019, approximately $51 million and $60 million, respectively, of costs for molds, dies and other tools were capitalized within property, plant and equipment which represented assets to which Adient had title. In addition, at September 30, 2020, Adient recorded within the consolidated statements of financial position in other current and noncurrent assets $78 million and $6 million, respectively, of costs for molds, dies and other tools for which customer reimbursement is contractually assured. At September 30, 2019, Adient recorded within the consolidated statements of financial position in other current and noncurrent assets $101 million and $28 million, respectively, of costs for molds, dies and other tools for which customer reimbursement is contractually assured.",,,No,,Not disclosed,,Not disclosed,,0,significant_accounting_policies,1. Basis of Presentation and Summary of Significant Accounting Policies,3,False,,"fallback,idx=14012,zone=16181",800,OK,
0001670541,ADNT,2021,0001670541_ADNT_FY2021_10K.html,,2021-12-31,equipment,"Costs for molds, dies and other tools used to make products that will be sold under long-term supply arrangements are capitalized within property, plant and equipment if Adient has title to the assets or has the non-cancelable right to use the assets during the term of the supply arrangement. Capitalized items, if specifically designed for a supply arrangement, are amortized over the term of the arrangement; otherwise, amounts are amortized over the estimated useful lives of the assets. The carrying values of assets capitalized in accordance with the foregoing policy are periodically reviewed for impairment whenever events or changes in circumstances indicate that its carrying amount may not be recoverable. At September 30, 2021 and 2020, approximately $62 million and $51 million, respectively, of costs for molds, dies and other tools were capitalized within property, plant and equipment which represented assets to which Adient had title. In addition, at September 30, 2021, Adient recorded within the consolidated statements of financial position in other current and noncurrent assets $77 million and $8 million, respectively, of costs for molds, dies and other tools for which customer reimbursement is contractually assured. At September 30, 2020, Adient recorded within the consolidated statements of financial position in other current and noncurrent assets $78 million and $6 million, respectively, of costs for molds, dies and other tools for which customer reimbursement is contractually assured.",,,No,,Not disclosed,,Not disclosed,A100;B200,2,significant_accounting_policies,1. Basis of Presentation and Summary of Significant Accounting Policies,3,False,,"fallback,idx=13088,zone=16896",839,OK,
0001670541,ADNT,2022,0001670541_ADNT_FY2022_10K.html,,2022-09-30,equipment,"Costs for molds, dies and other tools used to make products that will be sold under long-term supply arrangements are capitalized within property, plant and equipment if Adient has title to the assets or has the non-cancelable right to use the assets during the term of the supply arrangement. Capitalized items, if specifically designed for a supply arrangement, are amortized over the term of the arrangement; otherwise, amounts are amortized over the estimated useful lives of the assets. The carrying values of assets capitalized in accordance with the foregoing policy are periodically reviewed for impairment whenever events or changes in circumstances indicate that its carrying amount may not be recoverable. At September 30, 2022 and 2021, approximately $53 million and $62 million, respectively, of costs for molds, dies and other tools were capitalized within property, plant and equipment which represented assets to which Adient had title. In addition, at September 30, 2022, Adient recorded within the consolidated statements of financial position in other current and noncurrent assets $74 million and $15 million, respectively, of costs for molds, dies and other tools for which customer reimbursement is contractually assured. At September 30, 2021, Adient recorded within the consolidated statements of financial position in other current and noncurrent assets $77 million and $8 million, respectively, of costs for molds, dies and other tools for which customer reimbursement is contractually assured.",,,No,,Not disclosed,,Not disclosed,,0,significant_accounting_policies,1. Basis of Presentation and Summary of Significant Accounting Policies,3,False,,"fallback,idx=12553,zone=16681",770,OK,
0001670541,ADNT,2023,0001670541_ADNT_FY2023_10K.html,,2023-09-30,equipment,"Costs for molds, dies and other tools used to make products that will be sold under long-term supply arrangements are capitalized within property, plant and equipment if Adient has title to the assets or has the non-cancelable right to use the assets during the term of the supply arrangement. Capitalized items, if specifically designed for a supply arrangement, are amortized over the term of the arrangement; otherwise, amounts are amortized over the estimated useful lives of the assets. At September 30, 2023 and 2022, approximately $53 million and $53 million, respectively, of costs for molds, dies and other tools were capitalized within property, plant and equipment which represented assets to which Adient had title. In addition, at September 30, 2023, Adient recorded within the consolidated statements of financial position in other current and noncurrent assets $151 million and $11 million, respectively, of costs for molds, dies and other tools for which customer reimbursement is contractually assured. At September 30, 2022, Adient recorded within the consolidated statements of financial position in other current and noncurrent assets $74 million and $15 million, respectively, of costs for molds, dies and other tools for which customer reimbursement is contractually assured.",,,No,,Not disclosed,,Not disclosed,,0,significant_accounting_policies,1. Organization and Summary of Significant Accounting Policies,3,False,,"fallback,idx=11901,zone=14969",715,OK,
0001670541,ADNT,2024,0001670541_ADNT_FY2024_10K.html,,2024-09-30,equipment,"Costs for molds, dies and other tools used to make products that will be sold under long-term supply arrangements are capitalized within property, plant and equipment if Adient has title to the assets or has the non-cancelable right to use the assets during the term of the supply arrangement. Capitalized items, if specifically designed for a supply arrangement, are amortized over the term of the arrangement; otherwise, amounts are amortized over the estimated useful lives of the assets. At September 30, 2024 and 2023, approximately $50 million and $53 million, respectively, of costs for molds, dies and other tools were capitalized within property, plant and equipment which represented assets to which Adient had title. In addition, at September 30, 2024, Adient recorded within the consolidated statements of financial position in other current and noncurrent assets $156 million and $25 million, respectively, of costs for molds, dies and other tools for which customer reimbursement is contractually assured. At September 30, 2023, Adient recorded within the consolidated statements of financial position in other current and noncurrent assets $151 million and $11 million, respectively, of costs for molds, dies and other tools for which customer reimbursement is contractually assured.",,,No,,Not disclosed,,Not disclosed,,0,significant_accounting_policies,1. Organization and Summary of Significant Accounting Policies,3,False,,"fallback,idx=12066,zone=14777",703,OK,
0001670592,YETI,2018,0001670592_YETI_FY2018_10K.html,,"December 29, 2018",equipment,"Leasehold improvements lesser of 10 years, remaining lease term, or estimated useful life of the asset Molds and tooling 3 - 5 years Furniture and equipment 3 - 7 years Computers and software 3 - 7 years",3.0,7.0,No,,Not disclosed,,Not disclosed,Hopper,1,ppe_note,15. SUBSEQUENT EVENTS,3,True,3.0-5.0 ans | 3.0-7.0 ans | 10.0 ans,"score=4,idx=9966,zone=13936",421,OK,
0001670592,YETI,2019,0001670592_YETI_FY2019_10K.html,,"December 28, 2019",Not disclosed,Not disclosed,,,No,,Not disclosed,,Not disclosed,B100;B200;Hopper,3,unknown,,0,False,,"score=2,idx=6970,zone=10321",174,OK,
0001670592,YETI,2020,0001670592_YETI_FY2020_10K.html,,2021-01-02,equipment,"Leasehold improvements lesser of 10 years, remaining lease term, or estimated useful life of the asset Molds and tooling 3 - 5 years Furniture and equipment 3 - 7 years Computers and software 3 - 7 years",3.0,7.0,No,,Not disclosed,,Not disclosed,A100;Hopper,2,significant_accounting_policies,1. ORGANIZATION AND SIGNIFICANT ACCOUNTING POLICIES,3,True,3.0-5.0 ans | 3.0-7.0 ans | 10.0 ans,"score=2,idx=6545,zone=8305",505,OK,
0001670592,YETI,2021,0001670592_YETI_FY2021_10K.html,,2022-01-01,equipment,We record property and equipment at their original acquisition costs and we depreciate them based on a straight-line method over their estimated useful lives. The useful lives for property and equipment are as follows:,,,No,,Not disclosed,,Not disclosed,Hopper,1,significant_accounting_policies,1. ORGANIZATION AND SIGNIFICANT ACCOUNTING POLICIES,3,True,3.0-5.0 ans | 3.0-7.0 ans | 10.0 ans,"score=2,idx=6052,zone=8002",455,OK,
0001670592,YETI,2022,0001670592_YETI_FY2022_10K.html,,2022-12-31,equipment,We record property and equipment at their original acquisition costs and we depreciate them based on a straight-line method over their estimated useful lives. The useful lives for property and equipment are as follows:,,,No,,Not disclosed,,Not disclosed,Hopper,1,significant_accounting_policies,1. ORGANIZATION AND SIGNIFICANT ACCOUNTING POLICIES,3,True,3.0-5.0 ans | 3.0-7.0 ans | 10.0 ans,"score=2,idx=6125,zone=8106",454,OK,
0001670592,YETI,2023,0001670592_YETI_FY2023_10K.html,,2028-03-31,equipment,We record property and equipment at their original acquisition costs and we depreciate them based on a straight-line method over their estimated useful lives. The useful lives for property and equipment are as follows:,,,No,,Not disclosed,,Not disclosed,Hopper,1,significant_accounting_policies,1. ORGANIZATION AND SIGNIFICANT ACCOUNTING POLICIES,3,True,3.0-5.0 ans | 3.0-7.0 ans | 10.0 ans,"score=2,idx=5922,zone=8144",445,OK,
0001670592,YETI,2024,0001670592_YETI_FY2024_10K.html,,2028-03-31,equipment,We record property and equipment at their original acquisition costs and we depreciate them based on a straight-line method over their estimated useful lives. The useful lives for property and equipment are as follows:,,,No,,Not disclosed,,Not disclosed,Hopper,1,significant_accounting_policies,1. ORGANIZATION AND SIGNIFICANT ACCOUNTING POLICIES,3,True,3.0-5.0 ans | 3.0-7.0 ans | 10.0 ans,"score=2,idx=6303,zone=8761",529,OK,
0001672013,GOLF,2016,0001672013_GOLF_FY2016_10K.html,,"December 31, 2016",Not disclosed,Not disclosed,,,No,,Not disclosed,,Not disclosed,,0,unknown,,0,False,,"score=7,idx=20877,zone=4",2,OK,
0001672013,GOLF,2017,0001672013_GOLF_FY2017_10K.html,,"December 31, 2017",Not disclosed,Not disclosed,,,No,,Not disclosed,,Not disclosed,,0,unknown,,0,False,,"score=7,idx=12074,zone=4",2,OK,
0001672013,GOLF,2018,0001672013_GOLF_FY2018_10K.html,,,Not disclosed,Not disclosed,,,No,,Not disclosed,,Not disclosed,,0,unknown,,0,False,,"score=7,idx=11651,zone=5",2,OK,
0001672013,GOLF,2019,0001672013_GOLF_FY2019_10K.html,,"December 31, 2019",Not disclosed,Not disclosed,,,No,,Not disclosed,,Not disclosed,,0,unknown,,0,False,,"score=7,idx=15523,zone=5",2,OK,
0001672013,GOLF,2020,0001672013_GOLF_FY2020_10K.html,,2020-12-31,Not disclosed,Not disclosed,,,No,,Not disclosed,,Not disclosed,A100;B100,2,unknown,,0,False,,"score=5,idx=9582,zone=4",2,OK,
0001672013,GOLF,2021,0001672013_GOLF_FY2021_10K.html,,2022-01-24,Not disclosed,Not disclosed,,,No,,Not disclosed,,Not disclosed,B100,1,unknown,,0,False,,"score=5,idx=9065,zone=4",2,OK,
0001672013,GOLF,2022,0001672013_GOLF_FY2022_10K.html,,2023-02-28,Not disclosed,Not disclosed,,,No,,Not disclosed,,Not disclosed,B100;B200,2,unknown,,0,False,,"score=5,idx=8976,zone=4",2,OK,
0001672013,GOLF,2023,0001672013_GOLF_FY2023_10K.html,,2023-12-31,Not disclosed,Not disclosed,,,No,,Not disclosed,,Not disclosed,,0,unknown,,0,False,,"score=5,idx=9378,zone=4",2,OK,
0001672013,GOLF,2024,0001672013_GOLF_FY2024_10K.html,,2025-02-27,Not disclosed,Not disclosed,,,No,,Not disclosed,,Not disclosed,,0,unknown,,0,False,,"score=5,idx=9907,zone=4",2,OK,
0001674168,HGV,2016,0001674168_HGV_FY2016_10K.html,,"December 31, 2016","furniture, equipment, computer equipment","Depreciation is recorded using the straight-line method over the assets’
estimated useful lives, which are generally as follows: buildings and improvements (eight to 40 years); furniture and equipment (three to eight years); and computer equipment and acquired software (three years).",3.0,8.0,Not disclosed,,Not disclosed,,Not disclosed,,0,significant_accounting_policies,Note 2: Basis of Presentation and Summary of Significant Accounting Policies,3,False,,"score=7,idx=10970,zone=10569",453,ERROR,'<' not supported between instances of 'NoneType' and 'float'
0001674168,HGV,2017,0001674168_HGV_FY2017_10K.html,,"December 31, 2017","furniture, equipment, computer equipment","Depreciation is recorded using the straight-line method over the assets’ estimated useful lives, which are generally as follows: buildings and improvements (eight to 40 years); furniture and equipment (three to eight years); and computer equipment and acquired software (three years).",3.0,8.0,Not disclosed,,Not disclosed,,Not disclosed,,0,significant_accounting_policies,Note 2: Basis of Presentation and Summary of Significant Accounting Policies,3,False,,"score=3,idx=14549,zone=22067",712,ERROR,'<' not supported between instances of 'NoneType' and 'float'
0001674168,HGV,2018,0001674168_HGV_FY2018_10K.html,,"December 31, 2018","furniture, equipment, computer equipment","Depreciation is recorded using the straight-line method over the assets’ estimated useful lives, which are generally as follows: buildings and improvements (eight to 40 years); furniture and equipment (three to eight years); and computer equipment and acquired software (three years).",3.0,8.0,Not disclosed,,Not disclosed,,Not disclosed,,0,significant_accounting_policies,Note 2: Basis of Presentation and Summary of Significant Accounting Policies,3,False,,"score=3,idx=13769,zone=26493",830,ERROR,'<' not supported between instances of 'NoneType' and 'float'
0001674168,HGV,2019,0001674168_HGV_FY2019_10K.html,,2020-01-31,"furniture, equipment, computer equipment","Depreciation is recorded using the straight-line method over the assets’ estimated useful lives, which are generally as follows: buildings and improvements (eight to 40 years); furniture and equipment (three to eight years); and computer equipment and acquired software (three years).",3.0,8.0,Not disclosed,,Not disclosed,,Not disclosed,,0,significant_accounting_policies,Note 2: Basis of Presentation and Summary of Significant Accounting Policies Basis of Presentation,3,False,,"score=3,idx=16064,zone=24060",757,ERROR,'<' not supported between instances of 'NoneType' and 'float'
0001674168,HGV,2020,0001674168_HGV_FY2020_10K.html,,2020-12-31,"furniture, equipment, computer equipment","Depreciation is recorded using the straight-line method over the assets’ estimated useful lives, which are generally as follows: buildings and improvements (eight to 40 years); furniture and equipment (three to eight years); and computer equipment and acquired software (three years).",3.0,8.0,Not disclosed,,Not disclosed,,Not disclosed,,0,significant_accounting_policies,Note 2: Basis of Presentation and Summary of Significant Accounting Policies Basis of Presentation,3,False,,"score=3,idx=17323,zone=14778",746,ERROR,'<' not supported between instances of 'NoneType' and 'float'
0001674168,HGV,2021,0001674168_HGV_FY2021_10K.html,,2021-12-31,"furniture, equipment, computer equipment","Depreciation is recorded using the straight-line method over the assets’ estimated useful lives, which are generally as follows: buildings and improvements ( eight to 40 years ); furniture and equipment ( three to eight years ); and computer equipment and acquired software ( three years ).",3.0,8.0,Not disclosed,,Not disclosed,,Not disclosed,,0,significant_accounting_policies,Note 2: Summa ry of Significant Accounting Policies,3,False,,"score=4,idx=24414,zone=26654",1276,ERROR,'<' not supported between instances of 'NoneType' and 'float'
0001674168,HGV,2022,0001674168_HGV_FY2022_10K.html,,2022-12-31,"furniture, equipment, computer equipment","Depreciation is recorded using the straight-line method over the assets’ estimated useful lives, which are generally as follows: buildings and improvements ( eight to forty years); furniture and equipment ( three to fifteen years, including our corporate jet); and computer equipment and acquired software (three years).",3.0,15.0,Not disclosed,,Not disclosed,,Not disclosed,,0,significant_accounting_policies,Note 2: Summary of Significant Accounting Policies,3,False,,"score=5,idx=13383,zone=12254",906,ERROR,'<' not supported between instances of 'NoneType' and 'float'
0001674168,HGV,2023,0001674168_HGV_FY2023_10K.html,,2024-01-17,"furniture, equipment, computer equipment","Depreciation is recorded using the straight-line method over the assets’ estimated useful lives, which are generally as follows: buildings and improvements ( eight to forty years); furniture and equipment ( three to fifteen years, including our corporate jet); and computer equipment and acquired software (three years).",3.0,15.0,Not disclosed,,Not disclosed,,Not disclosed,,0,significant_accounting_policies,NOTE 2: SUMMARY OF SIGNIFICANT ACCOUNTING POLICIES,3,False,,"score=5,idx=12380,zone=13672",954,ERROR,'<' not supported between instances of 'NoneType' and 'float'
0001674168,HGV,2024,0001674168_HGV_FY2024_10K.html,,2025-01-31,"furniture, equipment, computer equipment","Depreciation is recorded using the straight-line method over the assets’ estimated useful lives, which are generally as follows: buildings and improvements ( eight to forty years); furniture and equipment ( three to fifteen years, including our corporate jet); and computer equipment and acquired software (three years).",3.0,15.0,Not disclosed,,Not disclosed,,Not disclosed,,0,significant_accounting_policies,NOTE 2: SUMMARY OF SIGNIFICANT ACCOUNTING POLICIES,3,False,,"score=5,idx=14951,zone=15676",1006,ERROR,'<' not supported between instances of 'NoneType' and 'float'
0001674910,VVV,2016,0001674910_VVV_FY2016_10K.html,,"September 30, 2016",Not disclosed,Not disclosed,,,No,,Not disclosed,,Not disclosed,,0,unknown,,0,False,,"score=7,idx=13688,zone=11",2,OK,
0001674910,VVV,2017,0001674910_VVV_FY2017_10K.html,,"September 30, 2017",equipment,"The cost of property, plant and equipment is depreciated by the straight-line method over the estimated useful lives of the assets.",,,No,,Not disclosed,,"In April 2015, the Financial Accounting Standards Board (the “FASB”) issued accounting guidance to help entities evaluate the accounting for fees paid by a customer in a cloud computing arrangement. Cloud computing arrangements represent the delivery of hosted services over the internet which includes software, platforms, infrastructure and other hosting arrangements. Under the guidance, customers that gain access to software in a cloud computing arrangement account for the software as internal-use software only if the arrangement includes a software license. Valvoline adopted this standard on a prospective basis on October 1, 2016, and as a result, certain costs related to these arrangements will be expensed when incurred. The adoption of this guidance did not have a material impact on the Company's financial condition, results of operations or cash flows.",,0,significant_accounting_policies,NOTE 2 – SIGNIFICANT ACCOUNTING POLICIES,3,False,,"score=7,idx=15554,zone=32917",998,OK,
0001674910,VVV,2018,0001674910_VVV_FY2018_10K.html,,"September 30, 2018",equipment,"Property, plant and equipment is recorded at cost and is depreciated using the straight-line method over the estimated useful lives of the assets.",,,No,,Not disclosed,,"In August 2018, the FASB issued new accounting guidance related to fees paid by a customer in a cloud computing arrangement, which aligns the accounting for implementation costs incurred in a cloud computing arrangement that is a service arrangement with the existing capitalization guidance for implementation costs incurred to develop or obtain internal-use software. Valvoline will early adopt this guidance on a prospective basis on October 1, 2018, and as a result, certain relevant costs related to these arrangements may be capitalized. The adoption of this guidance is not expected to have a material impact on the Company's financial condition, results of operations or cash flows.",,0,significant_accounting_policies,NOTE 2 – SIGNIFICANT ACCOUNTING POLICIES,3,False,,"score=7,idx=12241,zone=35503",1119,OK,
0001674910,VVV,2019,0001674910_VVV_FY2019_10K.html,,"September 30, 2019",equipment,"Valvoline Inc. and Consolidated Subsidiaries Consolidated Statements of Cash Flows Years ended September 30 (In millions) 2019 2018 2017 Cash flows from operating activities Net income $ 208 $ 166 $ 304 Adjustments to reconcile to cash flows from operations Depreciation and amortization 61 54 42 Deferred income taxes 23 145 117 Equity income from unconsolidated affiliates, net of distributions (3) (4) (4) Pension contributions (10) (16) (412) Loss (gain) on pension and other postretirement plan remeasurements 69 38 (68) Stock-based compensation expense 9 12 9 Other, net (2) 4 3 Change in assets and liabilities (a) Accounts receivable (30) (38) (22) Inventories (10) (4) (35) Payables and accrued liabilities 37 (2) — Other assets and liabilities (27) (35) (64) Total cash provided by (used in) operating activities 325 320 (130) Cash flows from investing activities Additions to property, plant and equipment (108) (93) (68) Acquisitions, net of cash acquired (78) (125) (68) Other investing activities, net (2) 5 1 Total cash used in investing activities (188) (213) (135) Cash flows from financing activities Net transfers from Ashland — — 5 Proceeds from borrowings, net of issuance costs 750 304 470 Repayments on borrowings (734) (108) (90) Repurchases of common stock — (325) (50) Purchase of additional ownership in subsidiary (1) (15) — Cash dividends paid (80) (58) (40) Other financing activities (6) (7) — Total cash (used in) provided by financing activities (71) (209) 295 Effect of currency exchange rate changes on cash, cash equivalents, and restricted cash (3) (3) (1) Increase (decrease) in cash, cash equivalents, and restricted cash 63 (105) 29 Cash, cash equivalents, and restricted cash - beginning of year 96 201 172 Cash, cash equivalents, and restricted cash - end of year $ 159 $ 96 $ 201 Supplemental disclosures Interest paid $ 67 $ 53 $ 35 Income taxes paid $ 25 $ 26 $ 26",,,No,,Not disclosed,,"• In August 2018, the FASB issued new accounting guidance related to fees paid by a customer in a cloud computing arrangement, which aligns the accounting for implementation costs incurred in a cloud computing arrangement that is a service arrangement with the existing capitalization guidance for implementation costs incurred to develop or obtain internal-use software. Valvoline adopted this guidance prospectively on October 1, 2018 and capitalized approximately $4 million of cloud computing arrangement implementation costs during fiscal 2019. The adoption of this guidance did not have a material impact on the Company’s consolidated financial statements. ||| In August 2018, the FASB issued new accounting guidance related to fees paid by a customer in a cloud computing arrangement, which aligns the accounting for implementation costs incurred in a cloud computing arrangement that is a service arrangement with the existing capitalization guidance for implementation costs incurred to develop or obtain internal-use software. Valvoline adopted this guidance prospectively on October 1, 2018 and capitalized approximately $4 million of cloud computing arrangement implementation costs during fiscal 2019. The adoption of this guidance did not have a material impact on the Company’s consolidated financial statements.",,0,ppe_note,Note 2 4 - Subsequent Events,3,False,,"score=5,idx=12479,zone=22836",914,OK,
0001674910,VVV,2020,0001674910_VVV_FY2020_10K.html,,"September 30, 2020","equipment, machinery and equipment","Property, plant and equipment is recorded at cost and is depreciated using the straight-line method over the estimated useful lives of the assets. Buildings are depreciated principally over 10 to 25 years and machinery and equipment is generally depreciated over 5 to 30 years. Property, plant and equipment is relieved of the cost and related accumulated depreciation when assets are disposed of or otherwise retired.",5.0,30.0,No,,Not disclosed,,Not disclosed,,0,significant_accounting_policies,NOTE 2 – SIGNIFICANT ACCOUNTING POLICIES,3,False,,"score=5,idx=13211,zone=16377",896,OK,
0001674910,VVV,2021,0001674910_VVV_FY2021_10K.html,,2022-06-30,equipment,"Valvoline Inc. and Consolidated Subsidiaries Consolidated Statements of Cash Flows Years ended September 30 (In millions) 2021 2020 2019 Cash flows from operating activities Net income $ 420 $ 317 $ 208 Adjustments to reconcile to cash flows from operations Loss on extinguishment of debt 36 19 — Depreciation and amortization 92 66 61 Deferred income taxes 48 92 23 Pension contributions (5) (11) (10) (Gain) loss on pension and other postretirement plan remeasurements (72) (22) 69 Stock-based compensation expense 14 12 9 Other, net 4 (5) (5) Change in assets and liabilities Receivables (65) (11) (30) Inventories (53) (1) (10) Payables and accrued liabilities 95 (3) 37 Other assets and liabilities (110) (81) (27) Total cash provided by operating activities 404 372 325 Cash flows from investing activities Additions to property, plant and equipment (144) (151) (108) Notes receivable, net of repayments of $3 million in 2020 17 (31) (2) Acquisitions of businesses, net of cash acquired (282) (40) (78) Other investing activities, net 9 — — Total cash used in investing activities (400) (222) (188) Cash flows from financing activities Proceeds from borrowings 555 1,558 752 Payments of debt issuance costs and discounts (7) (16) (2) Repayments on borrowings (829) (929) (734) Premium paid to extinguish debt (26) (15) — Repurchases of common stock (127) (60) — Cash dividends paid (91) (84) (80) Other financing activities (11) (4) (7) Total cash (used in) provided by financing activities (536) 450 (71) Effect of currency exchange rate changes on cash, cash equivalents, and restricted cash 2 2 (3) (Decrease) increase in cash, cash equivalents and restricted cash (530) 602 63 Cash, cash equivalents and restricted cash - beginning of year 761 159 96 Cash, cash equivalents and restricted cash - end of year $ 231 $ 761 $ 159 Supplemental disclosures Interest paid $ 62 $ 65 $ 67 Income taxes paid $ 72 $ 44 $ 25",,,No,,Not disclosed,,Not disclosed,,0,significant_accounting_policies,Note 1 7 - Subsequent Events,3,False,,"score=5,idx=12140,zone=17241",872,OK,
0001674910,VVV,2022,0001674910_VVV_FY2022_10K.html,,"September 30, 2022","equipment, machinery and equipment","Property, plant and equipment is recorded at cost and is depreciated using the straight-line method over the estimated useful lives of the assets. Buildings generally have useful lives of seven to twenty years and machinery and equipment typically have five to seven year useful lives, dependent on the nature and utility of the assets. Property, plant and equipment is relieved of the cost and related accumulated depreciation when assets are disposed of or otherwise retired.",5.0,7.0,No,,Not disclosed,,"The decrease in cash flows from continuing operations provided by operating activities during fiscal 2022 compared to 2021 was largely driven by spend related to evaluating and planning for the separation of the businesses, in addition to unfavorable changes in other assets and liabilities primarily due to cloud computing investments and the timing of certain prepayments.",,0,significant_accounting_policies,NOTE 2 – SIGNIFICANT ACCOUNTING POLICIES,3,False,,"score=5,idx=7940,zone=16863",789,OK,
0001674910,VVV,2023,0001674910_VVV_FY2023_10K.html,,2023-11-15,"equipment, machinery and equipment","Property, plant and equipment is recorded at cost and is depreciated using the straight-line method over the estimated useful lives of the assets. Buildings generally have useful lives of seven to 20 years and machinery and equipment typically have five to seven year useful lives, dependent on the nature and utility of the assets. Property, plant and equipment is relieved of the cost and related accumulated depreciation when assets are disposed of or otherwise retired.",5.0,7.0,No,,(d) Consists of redundant expenses incurred from duplicative technology platforms required while implementing the Company’s stand-alone enterprise resource planning software system during fiscal 2023 and transitioning its data centers during fiscal 2022. These expenses are reflective of incremental costs directly associated with technology transitions and are not considered to be reflective of the ongoing expenses of operating the Company’s technology platforms.,MD&A (Item 7),"Cloud computing arrangements ||| The Company periodically enters into cloud computing arrangements to access and use third-party software in support of its operations. The Company assesses its cloud computing arrangements to determine whether the contract meets the definition of a service contract or conveys a software license. For cloud computing arrangements that meet the definition of a service contract, the Company capitalizes implementation costs incurred during the application development stage and amortizes the costs on a straight-line basis over the term of the service contract.",,0,significant_accounting_policies,NOTE 2 – SIGNIFICANT ACCOUNTING POLICIES,3,False,,"score=5,idx=10054,zone=15041",812,OK,
0001674910,VVV,2024,0001674910_VVV_FY2024_10K.html,,2024-10-31,"equipment, machinery and equipment","Property, plant and equipment is recorded at cost and is depreciated using the straight-line method over the estimated useful lives of the assets. Buildings generally have useful lives of seven to 20 years and machinery and equipment typically have five to seven year useful lives, dependent on the nature and utility of the assets. Property, plant and equipment is relieved of the cost and related accumulated depreciation when assets are disposed of or otherwise retired.",5.0,7.0,No,,Not disclosed,,"Cloud computing arrangements ||| The Company periodically enters into cloud computing arrangements to access and use third-party software in support of its operations. The Company assesses its cloud computing arrangements to determine whether the contract meets the definition of a service contract or conveys a software license. For cloud computing arrangements that meet the definition of a service contract, the Company capitalizes implementation costs incurred during the application development stage and amortizes the costs on a straight-line basis over the term of the service contract.",,0,significant_accounting_policies,NOTE 2 – SIGNIFICANT ACCOUNTING POLICIES,3,False,,"score=5,idx=8989,zone=14382",770,OK,
0001675149,AA,2016,0001675149_AA_FY2016_10K.html,,"December 31, 2016",Not disclosed,Not disclosed,,,No,,Not disclosed,,Not disclosed,,0,unknown,,0,False,,"score=4,idx=13378,zone=32359",839,OK,
0001675149,AA,2017,0001675149_AA_FY2017_10K.html,,"December 31,
2017",Not disclosed,Not disclosed,,,No,,Not disclosed,,Not disclosed,,0,unknown,,0,False,,"score=4,idx=12070,zone=30342",894,OK,
0001675149,AA,2018,0001675149_AA_FY2018_10K.html,,"December 31, 2018",Not disclosed,Not disclosed,,,No,,Not disclosed,,Not disclosed,,0,unknown,,0,False,,"score=4,idx=11236,zone=29780",198,OK,
0001675149,AA,2019,0001675149_AA_FY2019_10K.html,,2020-12-31,Not disclosed,Not disclosed,,,No,,Not disclosed,,"In August 2018, the FASB issued ASU No. 2018-15, Intangibles – Goodwill and Other – Internal-Use Software. This ASU aligns the accounting for cloud computing implementation costs with that of costs to develop or obtain internal-use software, meaning such costs that are part of the application development stage are capitalized as an asset and amortized over the term of the arrangement, otherwise, such costs are expensed as incurred. It also clarifies the classification of amounts related to capitalized implementation costs in the financial statements. This guidance becomes effective for the Company on January 1, 2020, with early adoption permitted. Management has completed our assessment of the impact related to this guidance and concluded that the adoption of this guidance will not have a material impact on the Company’s Consolidated Financial Statements.",,0,unknown,,0,False,,"score=4,idx=15912,zone=28419",1225,OK,
0001675149,AA,2020,0001675149_AA_FY2020_10K.html,,2021-12-31,Not disclosed,Not disclosed,,,No,,Not disclosed,,Not disclosed,,0,unknown,,0,False,,"score=4,idx=16154,zone=27035",1215,OK,
0001675149,AA,2021,0001675149_AA_FY2021_10K.html,,2022-12-31,Not disclosed,Not disclosed,,,No,,Not disclosed,,Not disclosed,,0,unknown,,0,False,,"score=4,idx=17256,zone=27518",1300,OK,
0001675149,AA,2022,0001675149_AA_FY2022_10K.html,,2023-12-31,Not disclosed,Not disclosed,,,No,,Not disclosed,,Not disclosed,,0,unknown,,0,False,,"score=4,idx=17993,zone=28097",1370,OK,
0001675149,AA,2023,0001675149_AA_FY2023_10K.html,,2025-01-01,Not disclosed,Not disclosed,,,No,,Not disclosed,,Not disclosed,B200,1,unknown,,0,False,,"score=4,idx=18971,zone=40833",1821,OK,
0001675149,AA,2024,0001675149_AA_FY2024_10K.html,,2025-12-31,Not disclosed,Not disclosed,,,No,,Not disclosed,,Not disclosed,,0,unknown,,0,False,,"score=4,idx=18613,zone=41713",1840,OK,
0001679049,INSW,2016,0001679049_INSW_FY2016_10K.html,,"December 31, 2016",Not disclosed,Not disclosed,,,No,,Not disclosed,,Not disclosed,,0,unknown,,0,False,,"score=7,idx=7585,zone=13209",705,OK,
0001679049,INSW,2017,0001679049_INSW_FY2017_10K.html,,"December 31, 2017",Not disclosed,Not disclosed,,,No,,Not disclosed,,Not disclosed,,0,unknown,,0,False,,"score=7,idx=7919,zone=10144",645,OK,
0001679049,INSW,2018,0001679049_INSW_FY2018_10K.html,,"December 31, 2018",Not disclosed,Not disclosed,,,No,,Not disclosed,,Not disclosed,,0,unknown,,0,False,,"score=7,idx=8689,zone=11290",748,OK,
0001679049,INSW,2019,0001679049_INSW_FY2019_10K.html,,"December 31, 2019",Not disclosed,Not disclosed,,,No,,Not disclosed,,"In August 2018, the FASB issued ASU No. 2018-15, Intangibles—Goodwill and Other— Internal-Use Software (Subtopic 350-40) - Customer’s Accounting for Implementation Costs Incurred in a Cloud Computing Arrangement That Is a Service Contract (""ASU 2018-15""), which aligns the accounting for implementation costs incurred in a hosting arrangement that is a service contract with the accounting for implementation costs incurred to develop or obtain internal-use software, in order to determine the applicable costs to capitalize and the applicable costs to expense as incurred. This pronouncement is effective for fiscal years, and for interim periods within those fiscal years, beginning after December 15, 2019. The standard can be applied either prospectively to implementation costs incurred after the date of adoption or retrospectively to all arrangements. The Company intends to adopt ASU 2018-15 using the prospective approach and the adoption is not expected to have a material impact on the Company’s consolidated financial statements. ||| Intangibles—Goodwill and Other— Internal-Use Software (Subtopic 350-40) - Customer’s Accounting for Implementation Costs Incurred in a Cloud Computing Arrangement That Is a Service Contract",,0,unknown,,0,False,,"score=7,idx=16669,zone=31134",984,OK,
0001679049,INSW,2020,0001679049_INSW_FY2020_10K.html,,2021-03-11,Not disclosed,Not disclosed,,,No,,Not disclosed,,Not disclosed,,0,unknown,,0,False,,"score=9,idx=19540,zone=24423",847,OK,
0001679049,INSW,2021,0001679049_INSW_FY2021_10K.html,,2022-02-28,Not disclosed,Not disclosed,,,No,,Not disclosed,,Not disclosed,,0,unknown,,0,False,,"score=9,idx=19918,zone=26242",1036,OK,
0001679049,INSW,2022,0001679049_INSW_FY2022_10K.html,,2023-12-31,Not disclosed,Not disclosed,,,No,,Not disclosed,,Not disclosed,,0,unknown,,0,False,,"score=9,idx=18714,zone=25547",1054,OK,
0001679049,INSW,2023,0001679049_INSW_FY2023_10K.html,,2024-12-31,Not disclosed,Not disclosed,,,No,,Not disclosed,,Not disclosed,,0,unknown,,0,False,,"score=9,idx=17898,zone=24964",981,OK,
0001679049,INSW,2024,0001679049_INSW_FY2024_10K.html,,2025-02-28,Not disclosed,Not disclosed,,,No,,Not disclosed,,Not disclosed,,0,unknown,,0,False,,"score=9,idx=16957,zone=23530",846,OK,
0001702744,SMPL,2017,0001702744_SMPL_FY2017_10K.html,,"August 26, 2017","Furniture and fixtures, Computer equipment, Machinery and equipment","August 26, 2017 August 27, 2016 (Successor) (Predecessor) Furniture and fixtures $ 69 $ 917 Computer equipment and software 161 717 Machinery and equipment 289 638 Website development costs 899 2,063 Leasehold improvements 310 958 Construction in progress 525 256 2,253 5,549 Less: accumulated depreciation and amortization (148 ) (3,276 ) Total $ 2,105 $ 2,273",,,No,,Not disclosed,,Not disclosed,,0,significant_accounting_policies,Note 5. Goodwill and Intangibles,3,False,,"score=4,idx=18289,zone=19244",834,OK,
0001702744,SMPL,2018,0001702744_SMPL_FY2018_10K.html,,"August 25, 2018","Furniture and fixtures, Computer equipment, Machinery and equipment, equipment","August 25, 2018 August 26, 2017 (In thousands) (Successor) (Successor) Furniture and fixtures $ 638 $ 69 Computer equipment and software 305 161 Machinery and equipment 233 289 Website development costs 1,746 899 Leasehold improvements 337 310 Construction in progress 507 525 Property and equipment, gross 3,766 2,253 Less: accumulated depreciation and amortization (1,201 ) (148 ) Property and equipment, net $ 2,565 $ 2,105",,,No,,Not disclosed,,Not disclosed,,0,significant_accounting_policies,Note 5,3,False,,"score=4,idx=17403,zone=19013",819,OK,
0001702744,SMPL,2020,0001702744_SMPL_FY2020_10K.html,,"August 29, 2020","Furniture and fixtures, Computer equipment, Machinery and equipment, equipment","(In thousands) August 29, 2020 August 31, 2019 Furniture and fixtures $ 3,197 $ 715 Computer equipment and software 1,062 956 Machinery and equipment 1,135 385 Website development costs — 2,237 Leasehold improvements 8,137 361 Finance lease right-of-use-assets 1,185 — Construction in progress — 139 Property and equipment, gross 14,716 4,793 Less: accumulated depreciation (2,866 ) (2,337 ) Property and equipment, net $ 11,850 $ 2,456",,,No,,Not disclosed,,"In August 2018, the FASB issued ASU No. 2018-15, Intangibles-Goodwill and Other-Internal-Use Software (Subtopic 350-40), Customer's Accounting for Implementation Costs Incurred in a Cloud Computing Arrangement that is a Service Contract, which aligns the requirements for capitalizing implementation costs incurred in a hosting arrangement that is a service contract with the requirements for capitalizing implementation costs incurred to develop or obtain internal-use software. The Company adopted this ASU as of the first day of fiscal 2020. The adoption of this ASU did not have a material effect on the consolidated financial statements.",,0,significant_accounting_policies,Note 6,3,False,,"score=4,idx=13947,zone=20402",847,OK,
0001702744,SMPL,2021,0001702744_SMPL_FY2021_10K.html,,2021-08-28,"Furniture and fixtures, Computer equipment, Machinery and equipment, equipment","(In thousands) August 28, 2021 August 29, 2020 Furniture and fixtures $ 3,100 $ 3,197 Computer equipment and software 1,093 1,062 Machinery and equipment 1,934 1,135 Leasehold improvements 8,219 8,137 Finance lease right-of-use-assets 1,185 1,185 Construction in progress 6,189 — Property and equipment, gross 21,720 14,716 Less: accumulated depreciation (5,136) (2,866) Property and equipment, net $ 16,584 $ 11,850",,,No,,Not disclosed,,Not disclosed,,0,ppe_note,"4. Property and Equipment, Net",3,False,,"score=2,idx=6625,zone=10456",613,OK,
0001702744,SMPL,2022,0001702744_SMPL_FY2022_10K.html,,2022-08-27,"Furniture and fixtures, Computer equipment, Machinery and equipment, equipment","(In thousands) August 27, 2022 August 28, 2021 Furniture and fixtures $ 7,232 $ 3,100 Computer equipment and software 1,432 1,093 Machinery and equipment 6,292 1,934 Leasehold improvements 9,883 8,219 Finance lease right-of-use-assets 1,185 1,185 Construction in progress 137 6,189 Property and equipment, gross 26,161 21,720 Less: accumulated depreciation (8,004) (5,136) Property and equipment, net $ 18,157 $ 16,584",,,No,,Not disclosed,,Not disclosed,,0,ppe_note,"4. Property and Equipment, Net",3,False,,"score=2,idx=7006,zone=10157",590,OK,
0001702744,SMPL,2023,0001702744_SMPL_FY2023_10K.html,,2023-08-26,"Furniture and fixtures, Computer equipment, Machinery and equipment, equipment","(In thousands) August 26, 2023 August 27, 2022 Furniture and fixtures $ 7,291 $ 7,232 Computer equipment and software 1,570 1,432 Machinery and equipment 16,944 6,292 Leasehold improvements 9,747 9,883 Finance lease right-of-use-assets 968 1,185 Construction in progress 221 137 Property and equipment, gross 36,741 26,161 Less: accumulated depreciation (11,880) (8,004) Property and equipment, net $ 24,861 $ 18,157",,,No,,Not disclosed,,Not disclosed,,0,ppe_note,"3. Property and Equipment, Net",3,False,,"score=2,idx=6131,zone=9341",541,OK,
0001702744,SMPL,2024,0001702744_SMPL_FY2024_10K.html,,2024-08-31,"Furniture and fixtures, Computer equipment, Machinery and equipment, equipment","(In thousands) August 31, 2024 August 26, 2023 Furniture and fixtures $ 7,463 $ 7,291 Computer equipment and software 1,869 1,570 Machinery and equipment 17,803 16,944 Leasehold improvements 10,632 9,747 Finance lease right-of-use-assets — 968 Construction in progress 3,713 221 Property and equipment, gross 41,480 36,741 Less: accumulated depreciation (16,650) (11,880) Property and equipment, net $ 24,830 $ 24,861",,,No,,Not disclosed,,Not disclosed,,0,ppe_note,"4. Property and Equipment, Net",3,False,,"score=2,idx=6722,zone=9713",596,OK,
