firm_cik,firm_ticker,fiscal_year,filename,filing_date,period_end_date,asset_category,useful_life_text,useful_life_min_years,useful_life_max_years,policy_change,policy_change_text,ai_infra_text,ai_infra_source,segment_ai_text,hardware_mentions,hardware_count,source_section,section_title,confidence,ambiguity_flag,ambiguity_detail,item8_method,item8_segment_count,extraction_status,error_message
0000833640,POWI,2013,0000833640_POWI_FY2013_10K.html,,"December 31, 2013",Not disclosed,Not disclosed,,,No,,Not disclosed,,Not disclosed,,0,unknown,,0,False,,"score=5,idx=493,zone=10",0,OK,
0000833640,POWI,2014,0000833640_POWI_FY2014_10K.html,,"December 31, 2014",Not disclosed,Not disclosed,,,No,,Not disclosed,,Not disclosed,,0,unknown,,0,False,,"score=5,idx=493,zone=10",0,OK,
0000833640,POWI,2015,0000833640_POWI_FY2015_10K.html,,"December 31, 2015",Not disclosed,Not disclosed,,,No,,Not disclosed,,Not disclosed,,0,unknown,,0,False,,"score=5,idx=439,zone=10",0,OK,
0000833640,POWI,2016,0000833640_POWI_FY2016_10K.html,,,Not disclosed,Not disclosed,,,No,,Not disclosed,,Not disclosed,,0,unknown,,0,False,,"score=5,idx=448,zone=10",0,OK,
0000833640,POWI,2017,0000833640_POWI_FY2017_10K.html,,,"Machinery and equipment, Computer software, furniture and fixtures","(in thousands) December 31, 2017 December 31, 2016 Land $ 20,288 $ 20,288 Construction-in-progress 15,353 6,880 Building and improvements 52,655 52,156 Machinery and equipment 151,269 132,162 Computer software and hardware and office furniture and fixtures 50,440 45,951 290,005 257,437 Accumulated depreciation (178,300 ) (162,141 ) Total $ 111,705 $ 95,296",,,No,,Not disclosed,,Not disclosed,,0,significant_accounting_policies,16. BANK LINE OF CREDIT:,3,False,,"fallback,idx=7246,zone=18460",752,OK,
0000833640,POWI,2018,0000833640_POWI_FY2018_10K.html,,,"Machinery and equipment, Computer software, furniture and fixtures","(in thousands) December 31, 2018 December 31, 2017 Land $ 20,288 $ 20,288 Construction-in-progress 21,696 15,353 Building and improvements 53,610 52,655 Machinery and equipment 160,028 151,269 Computer software and hardware and office furniture and fixtures 53,681 50,440 309,303 290,005 Accumulated depreciation (195,186 ) (178,300 ) Total $ 114,117 $ 111,705",,,No,,Not disclosed,,Not disclosed,,0,significant_accounting_policies,15. BANK LINE OF CREDIT:,3,False,,"fallback,idx=6747,zone=16385",686,OK,
0000833640,POWI,2019,0000833640_POWI_FY2019_10K.html,,"December 31, 2019","Machinery and equipment, Computer software, furniture and fixtures","(in thousands) December 31, 2019 December 31, 2018 Land $ 21,790 $ 20,288 Construction-in-progress 18,604 21,696 Building and improvements 55,785 53,610 Machinery and equipment 168,576 160,028 Computer software and hardware and office furniture and fixtures 52,265 53,681 317,020 309,303 Accumulated depreciation (200,401 ) (195,186 ) Total $ 116,619 $ 114,117",,,No,,Not disclosed,,Not disclosed,,0,significant_accounting_policies,3. COMPONENTS OF THE COMPANY’S CONSOLIDATED BALANCE SHEETS:,3,False,,"fallback,idx=8797,zone=17453",663,OK,
0000833640,POWI,2020,0000833640_POWI_FY2020_10K.html,,2021-01-31,equipment,"Depreciation expense for property and equipment for fiscal years ended December 31, 2020, 2019 and 2018, was approximately $23.7 million, $19.2 million and $18.9 million, respectively, and was determined using the straight-line method over the following useful lives:",,,No,,Not disclosed,,Not disclosed,,0,significant_accounting_policies,3. COMPONENTS OF THE COMPANY’S CONSOLIDATED BALANCE SHEETS:,3,False,,"score=6,idx=8072,zone=17134",441,OK,
0000833640,POWI,2021,0000833640_POWI_FY2021_10K.html,,2022-01-31,equipment,"Depreciation expense for property and equipment for fiscal years ended December 31, 2021, 2020 and 2019, was approximately $31.5 million, $23.7 million and $19.2 million, respectively, and was determined using the straight-line method over the following useful lives:",,,No,,Not disclosed,,Not disclosed,,0,significant_accounting_policies,3. COMPONENTS OF THE COMPANY’S CONSOLIDATED BALANCE SHEETS:,3,False,,"score=6,idx=7279,zone=16311",421,OK,
0000833640,POWI,2022,0000833640_POWI_FY2022_10K.html,,2023-02-07,equipment,"Depreciation expense for property and equipment for fiscal years ended December 31, 2022, 2021 and 2020, was approximately $34.9 million, $31.5 million and $23.7 million, respectively, and was determined using the straight-line method over the following useful lives:",,,No,,Not disclosed,,Not disclosed,,0,significant_accounting_policies,3. COMPONENTS OF THE COMPANY’S CONSOLIDATED BALANCE SHEETS:,3,False,,"score=6,idx=7221,zone=15476",391,OK,
0000833640,POWI,2023,0000833640_POWI_FY2023_10K.html,,2023-12-31,equipment,"Depreciation expense for property and equipment for fiscal years ended December 31, 2023, 2022 and 2021, was approximately $35.2 million, $34.9 million and $31.5 million, respectively, and was determined using the straight-line method over the following useful lives:",,,No,,Not disclosed,,Not disclosed,,0,significant_accounting_policies,3. COMPONENTS OF THE COMPANY’S CONSOLIDATED BALANCE SHEETS:,3,False,,"score=6,idx=7333,zone=15875",410,OK,
0000833640,POWI,2024,0000833640_POWI_FY2024_10K.html,,2024-12-31,equipment,"Depreciation expense for property and equipment for fiscal years ended December 31, 2024, 2023 and 2022, was approximately $33.3 million, $35.2 million and $34.9 million, respectively, and was determined using the straight-line method over the following useful lives:",,,No,,Not disclosed,,Not disclosed,,0,significant_accounting_policies,3. COMPONENTS OF THE COMPANY’S CONSOLIDATED BALANCE SHEETS:,3,False,,"score=6,idx=7488,zone=16986",461,OK,
0001014473,VRSN,2013,0001014473_VRSN_FY2013_10K.html,,"December 31, 2013",Not disclosed,Not disclosed,,,No,,Not disclosed,,Not disclosed,,0,unknown,,0,False,,"score=7,idx=9444,zone=1116",20,OK,
0001014473,VRSN,2014,0001014473_VRSN_FY2014_10K.html,,"December 31, 2014",Not disclosed,Not disclosed,,,No,,Not disclosed,,Not disclosed,,0,unknown,,0,False,,"score=7,idx=8974,zone=1148",22,OK,
0001014473,VRSN,2015,0001014473_VRSN_FY2015_10K.html,,"December 31, 2015",Not disclosed,Not disclosed,,,No,,Not disclosed,,Not disclosed,,0,unknown,,0,False,,"score=7,idx=7569,zone=1166",29,OK,
0001014473,VRSN,2016,0001014473_VRSN_FY2016_10K.html,,,Not disclosed,Not disclosed,,,No,,Not disclosed,,Not disclosed,,0,unknown,,0,False,,"score=7,idx=7614,zone=1068",12,OK,
0001014473,VRSN,2017,0001014473_VRSN_FY2017_10K.html,,,Not disclosed,Not disclosed,,,No,,Not disclosed,,Not disclosed,,0,unknown,,0,False,,"score=7,idx=7595,zone=1087",13,OK,
0001014473,VRSN,2018,0001014473_VRSN_FY2018_10K.html,,,Not disclosed,Not disclosed,,,No,,Not disclosed,,Not disclosed,,0,unknown,,0,False,,"score=7,idx=7178,zone=1098",14,OK,
0001014473,VRSN,2019,0001014473_VRSN_FY2019_10K.html,,"December 31, 2019","computer equipment, software, office equipment, and furniture and fixtures","Property and equipment are stated at cost less accumulated depreciation. Depreciation is calculated using the straight-line method over the estimated useful lives of the assets of 35 to 47 years for buildings, 10 years for building improvements and three years to five years for computer equipment, software, office equipment, and furniture and fixtures.",5.0,,No,,"Verisign leases a small portion of its office space and a portion of its data center facilities under operating leases, the longest of which extends into 2024. Rental expenses under operating leases were not material in any period presented.",Item 8,Not disclosed,,0,significant_accounting_policies,Note 1. Description of Business and Summary of Significant Accounting Policies,3,True,3.0 ans | 5.0 ans | 10.0 ans,"score=7,idx=7830,zone=12205",528,OK,
0001014473,VRSN,2020,0001014473_VRSN_FY2020_10K.html,,"December 31, 2020","computer equipment, software, office equipment, and furniture and fixtures","Property and equipment are stated at cost less accumulated depreciation. Depreciation is calculated using the straight-line method over the estimated useful lives of the assets of 35 to 47 years for buildings, 10 years for building improvements and three years to five years for computer equipment, software, office equipment, and furniture and fixtures.",5.0,,No,,"Verisign leases a small portion of its office space and a portion of its data center facilities under operating leases, the longest of which extends into 2025. Rental expenses under operating leases were not material in any period presented.",Item 8,Not disclosed,,0,significant_accounting_policies,Note 1. Description of Business and Summary of Significant Accounting Policies,3,True,3.0 ans | 5.0 ans | 10.0 ans,"score=5,idx=5235,zone=5989",405,OK,
0001014473,VRSN,2021,0001014473_VRSN_FY2021_10K.html,,"December 31, 2021","computer equipment, software, office equipment, and furniture and fixtures","Property and equipment are stated at cost less accumulated depreciation. Depreciation is calculated using the straight-line method over the estimated useful lives of the assets of 35 to 47 years for buildings, 10 years for building improvements and three years to five years for computer equipment, software, office equipment, and furniture and fixtures.",5.0,,No,,"Verisign leases a small portion of its office space and a portion of its data center facilities under operating leases, the longest of which extends into 2025. Rental expenses under operating leases were not material in any period presented.",Item 8,Not disclosed,,0,significant_accounting_policies,Note 1. Description of Business and Summary of Significant Accounting Policies,3,True,3.0 ans | 5.0 ans | 10.0 ans,"score=5,idx=4766,zone=5250",374,OK,
0001014473,VRSN,2022,0001014473_VRSN_FY2022_10K.html,,"December 31, 2022","computer equipment, software, office equipment, and furniture and fixtures","Property and equipment are stated at cost less accumulated depreciation. Depreciation is calculated using the straight-line method over the estimated useful lives of the assets of 35 to 47 years for buildings, 10 years for building improvements and three years to five years for computer equipment, software, office equipment, and furniture and fixtures.",5.0,,No,,"Verisign leases a small portion of its office space and a portion of its data center facilities under operating leases, the longest of which extends into 2025. Rental expenses under operating leases were not material in any period presented.",Item 8,Not disclosed,,0,significant_accounting_policies,Note 1. Description of Business and Summary of Significant Accounting Policies,3,True,3.0 ans | 5.0 ans | 10.0 ans | 15.0 ans,"score=5,idx=4482,zone=5074",358,OK,
0001014473,VRSN,2023,0001014473_VRSN_FY2023_10K.html,,"December 31, 2023","computer equipment, software, office equipment, and furniture and fixtures","Property and equipment are stated at cost less accumulated depreciation. Depreciation is calculated using the straight-line method over the estimated useful lives of the assets of 35 to 47 years for buildings, 10 years for building improvements and three years to five years for computer equipment, software, office equipment, and furniture and fixtures.",5.0,,No,,"Verisign leases a small portion of its office space and a portion of its data center facilities under operating leases, the longest of which extends into 2026. Rental expenses under operating leases were not material in any period presented. Operating lease obligations for 2024 through 2026 are included in Purchase obligations in the table above.",Item 8,Not disclosed,,0,significant_accounting_policies,Note 1. Description of Business and Summary of Significant Accounting Policies,3,True,3.0 ans | 5.0 ans | 10.0 ans | 15.0 ans,"score=5,idx=4588,zone=4978",364,OK,
0001014473,VRSN,2024,0001014473_VRSN_FY2024_10K.html,,"December 31, 2024","computer equipment, software, office equipment, and furniture and fixtures","Property and equipment are stated at cost less accumulated depreciation. Depreciation is calculated using the straight-line method over the estimated useful lives of the assets of 35 to 47 years for buildings, 10 years for building improvements and three years to six years for computer equipment, software, office equipment, and furniture and fixtures.",6.0,,No,,"Verisign leases a small portion of its office space and a portion of its data center facilities under operating leases, the longest of which extends into 2029. Rental expenses under operating leases were not material in any period presented. Operating lease obligations for 2025 through 2029 are included in Purchase obligations in the table above.",Item 8,Not disclosed,,0,significant_accounting_policies,Note 1. Description of Business and Summary of Significant Accounting Policies,3,True,3.0 ans | 6.0 ans | 10.0 ans,"score=5,idx=4550,zone=5291",385,OK,
0001025378,WPC,2013,0001025378_WPC_FY2013_10K.html,,,Not disclosed,"Capitalized costs are amortized on a straight-line basis over the software’s estimated useful life, which is",,,Yes,"We carry land and buildings and personal property at cost less accumulated depreciation. We capitalize improvements and significant renovations that increase the useful life of the properties, while we expense replacements, maintenance and repairs that do not improve or extend the lives of the respective assets as incurred.",Not disclosed,,Not disclosed,,0,significant_accounting_policies,Note 17,3,False,,"score=4,idx=23322,zone=58893",2451,OK,
0001025378,WPC,2014,0001025378_WPC_FY2014_10K.html,,,Not disclosed,"Capitalized costs are amortized on a straight-line basis over the software’s estimated useful life, which is",,,Yes,"We carry land, buildings, and personal property at cost less accumulated depreciation. We capitalize improvements and significant renovations that increase the useful life of the properties, while we expense replacements, maintenance, and repairs that do not improve or extend the lives of the respective assets as incurred.",Not disclosed,,Not disclosed,,0,significant_accounting_policies,Note 16,3,False,,"score=4,idx=28574,zone=76540",2701,OK,
0001025378,WPC,2015,0001025378_WPC_FY2015_10K.html,,"December 31, 2015",Not disclosed,"Capitalized costs are amortized on a straight-line basis over the software’s estimated useful life, which is",,,Yes,". Periodically, we reassess the useful life considering technology, obsolescence, and other factors.",Not disclosed,,Not disclosed,,0,significant_accounting_policies,Note 16,3,True,3.0-7.0 ans | 7.0 ans,"score=4,idx=29231,zone=74329",2383,OK,
0001025378,WPC,2016,0001025378_WPC_FY2016_10K.html,,"December 31, 2016",Not disclosed,"Capitalized costs are amortized on a straight-line basis over the software’s estimated useful life, which is",,,Yes,". Periodically, we reassess the useful life considering technology, obsolescence, and other factors.",Not disclosed,,Not disclosed,,0,significant_accounting_policies,Note 17,3,False,,"score=4,idx=32467,zone=73972",2501,OK,
0001025378,WPC,2017,0001025378_WPC_FY2017_10K.html,,"December 31, 2017",Not disclosed,"Capitalized costs are amortized on a straight-line basis over the software’s estimated useful life, which is",,,Yes,". Periodically, we reassess the useful life considering technology, obsolescence, and other factors.",Not disclosed,,Not disclosed,,0,significant_accounting_policies,Note 1,3,True,3.0-7.0 ans | 7.0 ans,"score=4,idx=29340,zone=68963",2097,OK,
0001025378,WPC,2018,0001025378_WPC_FY2018_10K.html,,"December 31, 2018",Not disclosed,"Capitalized costs are amortized on a straight-line basis over the software’s estimated useful life, which is",,,Yes,". Periodically, we reassess the useful life considering technology, obsolescence, and other factors.",Not disclosed,,"ASU 2018-15, Intangibles — Goodwill and Other — Internal-Use Software (Subtopic 350-40): Customer’s Accounting for Implementation Costs Incurred in a Cloud Computing Arrangement That Is a Service Contract (a consensus of the FASB Emerging Issues Task Force) ||| . ASU 2018-15 aligns the requirements for capitalizing implementation costs in a cloud computing arrangement service contract with the requirements for capitalizing implementation costs incurred for an internal-use software license. We adopted this guidance for our interim period beginning October 1, 2018. The adoption of this standard did not have a material impact on our consolidated financial statements. ||| In August 2018, the FASB issued ASU 2018-15, Intangibles — Goodwill and Other — Internal-Use Software (Subtopic 350-40): Customer’s Accounting for Implementation Costs Incurred in a Cloud Computing Arrangement That Is a Service Contract (a consensus of the FASB Emerging Issues Task Force) . ASU 2018-15 aligns the requirements for capitalizing implementation costs in a cloud computing arrangement service contract with the requirements for capitalizing implementation costs incurred for an internal-use software license. We adopted this guidance for our interim period beginning October 1, 2018. The adoption of this standard did not have a material impact on our consolidated financial statements.",,0,significant_accounting_policies,Note 17,3,False,,"score=4,idx=28799,zone=89275",2371,OK,
0001025378,WPC,2019,0001025378_WPC_FY2019_10K.html,,2020-06-30,technology,"Capitalized costs are amortized on a straight-line basis over the software’s estimated useful life, which is three to seven years .",3.0,7.0,Yes,"Capitalized costs are amortized on a straight-line basis over the software’s estimated useful life, which is three to seven years .",Not disclosed,,Not disclosed,,0,significant_accounting_policies,Note 2. Summary of Significant Accounting Policies,3,False,,"score=4,idx=40578,zone=93592",2368,OK,
0001025378,WPC,2020,0001025378_WPC_FY2020_10K.html,,2021-02-12,technology,"Capitalized costs are amortized on a straight-line basis over the software’s estimated useful life, which is three to seven years .",3.0,7.0,Yes,"Capitalized costs are amortized on a straight-line basis over the software’s estimated useful life, which is three to seven years .",Not disclosed,,Not disclosed,B100;B200,2,significant_accounting_policies,Note 2. Summary of Significant Accounting Policies,3,False,,"score=2,idx=26878,zone=43032",1864,OK,
0001025378,WPC,2021,0001025378_WPC_FY2021_10K.html,,2022-02-11,technology,"Capitalized internal-use software development costs are amortized on a straight-line basis over the software’s estimated useful life, which is three to seven years .",3.0,7.0,Yes,"Capitalized internal-use software development costs are amortized on a straight-line basis over the software’s estimated useful life, which is three to seven years .",Not disclosed,,"Internal-Use Software Development Costs and Cloud Computing Arrangements — We expense costs associated with the assessment stage of software development projects. Upon completion of the preliminary project assessment stage, we capitalize internal and external costs associated with the application development stage. We expense the personnel-related costs of training and data conversion. We also expense costs associated with the post-implementation and operation stage, including maintenance and specified upgrades; however, we capitalize internal and external costs associated with significant upgrades to existing systems that result in additional functionality. Cloud computing arrangement costs follow the internal-use software accounting guidance to determine which implementation costs to capitalize as assets or expense as incurred. Capitalized internal-use software development costs are amortized on a straight-line basis over the software’s estimated useful life, which is three to seven years . Capitalized implementation costs related to a service contract will be amortized over the term of the hosting arrangement beginning when the component of the hosting arrangement is ready for its intended use. Periodically, we reassess the useful life considering technology, obsolescence, and other factors. ||| Internal-Use Software Development Costs and Cloud Computing Arrangements ||| We expense costs associated with the assessment stage of software development projects. Upon completion of the preliminary project assessment stage, we capitalize internal and external costs associated with the application development stage. We expense the personnel-related costs of training and data conversion. We also expense costs associated with the post-implementation and operation stage, including maintenance and specified upgrades; however, we capitalize internal and external costs associated with significant upgrades to existing systems that result in additional functionality. Cloud computing arrangement costs follow the internal-use software accounting guidance to determine which implementation costs to capitalize as assets or expense as incurred. Capitalized internal-use software development costs are amortized on a straight-line basis over the software’s estimated useful life, which is",B100,1,significant_accounting_policies,Note 4,3,False,,"score=2,idx=24080,zone=42333",1812,OK,
0001025378,WPC,2022,0001025378_WPC_FY2022_10K.html,,2023-01-31,technology,"Capitalized internal-use software development costs are amortized on a straight-line basis over the software’s estimated useful life, which is three to seven years .",3.0,7.0,Yes,"Capitalized internal-use software development costs are amortized on a straight-line basis over the software’s estimated useful life, which is three to seven years .",Not disclosed,,"Internal-Use Software Development Costs and Cloud Computing Arrangements — We expense costs associated with the assessment stage of software development projects. Upon completion of the preliminary project assessment stage, we capitalize internal and external costs associated with the application development stage. We expense the personnel-related costs of training and data conversion. We also expense costs associated with the post-implementation and operation stage, including maintenance and specified upgrades; however, we capitalize internal and external costs associated with significant upgrades to existing systems that result in additional functionality. Cloud computing arrangement costs follow the internal-use software accounting guidance to determine which implementation costs to capitalize as assets or expense as incurred. Capitalized internal-use software development costs are amortized on a straight-line basis over the software’s estimated useful life, which is three to seven years . Capitalized implementation costs related to a service contract will be amortized over the term of the hosting arrangement beginning when the component of the hosting arrangement is ready for its intended use. Periodically, we reassess the useful life considering technology, obsolescence, and other factors. ||| Internal-Use Software Development Costs and Cloud Computing Arrangements ||| We expense costs associated with the assessment stage of software development projects. Upon completion of the preliminary project assessment stage, we capitalize internal and external costs associated with the application development stage. We expense the personnel-related costs of training and data conversion. We also expense costs associated with the post-implementation and operation stage, including maintenance and specified upgrades; however, we capitalize internal and external costs associated with significant upgrades to existing systems that result in additional functionality. Cloud computing arrangement costs follow the internal-use software accounting guidance to determine which implementation costs to capitalize as assets or expense as incurred. Capitalized internal-use software development costs are amortized on a straight-line basis over the software’s estimated useful life, which is",B100,1,significant_accounting_policies,Note 5,3,False,,"score=2,idx=26191,zone=50055",1902,OK,
0001025378,WPC,2023,0001025378_WPC_FY2023_10K.html,,2024-02-09,technology,"Capitalized internal-use software development costs are amortized on a straight-line basis over the software’s estimated useful life, which is three to seven years .",3.0,7.0,Yes,"Capitalized internal-use software development costs are amortized on a straight-line basis over the software’s estimated useful life, which is three to seven years .",Not disclosed,,"Internal-Use Software Development Costs and Cloud Computing Arrangements — We expense costs associated with the assessment stage of software development projects. Upon completion of the preliminary project assessment stage, we capitalize internal and external costs associated with the application development stage. We expense the personnel-related costs of training and data conversion. We also expense costs associated with the post-implementation and operation stage, including maintenance and specified upgrades; however, we capitalize internal and external costs associated with significant upgrades to existing systems that result in additional functionality. Cloud computing arrangement costs follow the internal-use software accounting guidance to determine which implementation costs to capitalize as assets or expense as incurred. Capitalized internal-use software development costs are amortized on a straight-line basis over the software’s estimated useful life, which is three to seven years . Capitalized implementation costs related to a service contract will be amortized over the term of the hosting arrangement beginning when the component of the hosting arrangement is ready for its intended use. Periodically, we reassess the useful life considering technology, obsolescence, and other factors. ||| Internal-Use Software Development Costs and Cloud Computing Arrangements ||| We expense costs associated with the assessment stage of software development projects. Upon completion of the preliminary project assessment stage, we capitalize internal and external costs associated with the application development stage. We expense the personnel-related costs of training and data conversion. We also expense costs associated with the post-implementation and operation stage, including maintenance and specified upgrades; however, we capitalize internal and external costs associated with significant upgrades to existing systems that result in additional functionality. Cloud computing arrangement costs follow the internal-use software accounting guidance to determine which implementation costs to capitalize as assets or expense as incurred. Capitalized internal-use software development costs are amortized on a straight-line basis over the software’s estimated useful life, which is",,0,significant_accounting_policies,Note 6,3,False,,"score=2,idx=25596,zone=47284",1819,OK,
0001025378,WPC,2024,0001025378_WPC_FY2024_10K.html,,2025-02-28,technology,"Capitalized internal-use software development costs are amortized on a straight-line basis over the software’s estimated useful life, which is three to seven years .",3.0,7.0,Yes,"Capitalized internal-use software development costs are amortized on a straight-line basis over the software’s estimated useful life, which is three to seven years .",Not disclosed,,"Internal-Use Software Development Costs and Cloud Computing Arrangements — We expense costs associated with the assessment stage of software development projects. Upon completion of the preliminary project assessment stage, we capitalize internal and external costs associated with the application development stage. We expense the personnel-related costs of training and data conversion. We also expense costs associated with the post-implementation and operation stage, including maintenance and specified upgrades; however, we capitalize internal and external costs associated with significant upgrades to existing systems that result in additional functionality. Cloud computing arrangement costs follow the internal-use software accounting guidance to determine which implementation costs to capitalize as assets or expense as incurred. Capitalized internal-use software development costs are amortized on a straight-line basis over the software’s estimated useful life, which is three to seven years . Capitalized implementation costs related to a service contract will be amortized over the term of the hosting arrangement beginning when the component of the hosting arrangement is ready for its intended use. Periodically, we reassess the useful life considering technology, obsolescence, and other factors. ||| Internal-Use Software Development Costs and Cloud Computing Arrangements ||| We expense costs associated with the assessment stage of software development projects. Upon completion of the preliminary project assessment stage, we capitalize internal and external costs associated with the application development stage. We expense the personnel-related costs of training and data conversion. We also expense costs associated with the post-implementation and operation stage, including maintenance and specified upgrades; however, we capitalize internal and external costs associated with significant upgrades to existing systems that result in additional functionality. Cloud computing arrangement costs follow the internal-use software accounting guidance to determine which implementation costs to capitalize as assets or expense as incurred. Capitalized internal-use software development costs are amortized on a straight-line basis over the software’s estimated useful life, which is",,0,significant_accounting_policies,Note 6,3,False,,"score=2,idx=24218,zone=47291",1832,OK,
0001044777,OSPN,2013,0001044777_OSPN_FY2013_10K.html,,,Not disclosed,Not disclosed,,,No,,Not disclosed,,Not disclosed,,0,unknown,,0,False,,"score=4,idx=7370,zone=6",1,OK,
0001044777,OSPN,2014,0001044777_OSPN_FY2014_10K.html,,,Not disclosed,Not disclosed,,,No,,Not disclosed,,Not disclosed,,0,unknown,,0,False,,"score=4,idx=7060,zone=15",1,OK,
0001044777,OSPN,2015,0001044777_OSPN_FY2015_10K.html,,,Not disclosed,Not disclosed,,,No,,Not disclosed,,Not disclosed,,0,unknown,,0,False,,"score=4,idx=7120,zone=5",1,OK,
0001044777,OSPN,2016,0001044777_OSPN_FY2016_10K.html,,,Not disclosed,Not disclosed,,,No,,Not disclosed,,"SaaS: We generate SaaS revenues from our cloud services offerings. SaaS revenues include fees from customers for access to the eSignLive suite of
solutions. Our standard customer arrangements generally do not provide the customer with the right to take possession of the software supporting the cloud-based application service at any time. As such, these arrangements are considered service
contracts and revenue is recognized ratably over the service period of the contract. ||| We generate subscription services revenues primarily from our cloud services offerings. Subscription
services revenues include subscription fees from customers for access to the eSignLive suite of solutions. Our standard customer arrangements generally do not provide the customer with the right to take possession of the software supporting the
cloud-based application service at any time. As such, these arrangements are considered service contracts and revenue is recognized ratably over the service period of the contract.",,0,unknown,,0,False,,"score=4,idx=6949,zone=7",1,OK,
0001044777,OSPN,2017,0001044777_OSPN_FY2017_10K.html,,"DECEMBER 31, 2017",Not disclosed,Not disclosed,,,No,,Not disclosed,,"SaaS: We generate SaaS revenues from our cloud services offerings. SaaS revenues include fees from customers for access to the eSignLive suite of solutions. Our standard customer arrangements generally do not provide the customer with the right to take possession of the software supporting the cloud-based application service at any time. As such, these arrangements are considered service contracts and revenue is recognized ratably over the service period of the contract. ||| We generate SaaS revenues from our cloud services offerings. SaaS revenues include fees from customers for access to the eSignLive suite of solutions. Our standard customer arrangements generally do not provide the customer with the right to take possession of the software supporting the cloud-based application service at any time. As such, these arrangements are considered service contracts and revenue is recognized ratably over the service period of the contract. ||| We generate subscription services revenues primarily from our cloud services offerings. Subscription services revenues include subscription fees from customers for access to the eSignLive suite of solutions. Our standard customer arrangements generally do not provide the customer with the right to take possession of the software supporting the cloud-based application service at any time. As such, these arrangements are considered service contracts and revenue is recognized ratably over the service period of the contract.",,0,unknown,,0,False,,"score=4,idx=10735,zone=5",2,OK,
0001044777,OSPN,2018,0001044777_OSPN_FY2018_10K.html,,"DECEMBER 31, 2018",Not disclosed,Not disclosed,,,No,,Not disclosed,,"Sales and marketing expenses increased $4.8 million, or 8% during the year ended December 31, 2018 compared to the year ended December 31, 2017, primarily due to increased headcount, higher commissions associated with increased sales, and expenses incurred as a result of the Company rebranding. Average full-time sales and marketing employee headcount for year ended December 31, 2018 was 330, compared to 308 for year ended December 31, 2017. Average headcount in 2018 was 7% higher than in 2017. Research and Development Expenses Research and development expenses increased $9.1 million, or 39% during the year ended December 31, 2018 compared to the year ended December 31, 2017. Additional investment in research and development from Dealflo accounted for $4.7 million of costs during the year ended December 31, 2018. The increase in expense was also driven by higher cloud services costs for our test environment and overall increased headcount. Average full-time research and development employee headcount for year ended December 31, 2018 was 250, compared to 215 for year ended December 31, 2017. Average headcount in 2018 was 16% higher than in 2017. ||| Research and development expenses increased $9.1 million, or 39% during the year ended December 31, 2018 compared to the year ended December 31, 2017. Additional investment in research and development from Dealflo accounted for $4.7 million of costs during the year ended December 31, 2018. The increase in expense was also driven by higher cloud services costs for our test environment and overall increased headcount. Average full-time research and development employee headcount for year ended December 31, 2018 was 250, compared to 215 for year ended December 31, 2017. Average headcount in 2018 was 16% higher than in 2017. ||| 2. SaaS : We generate SaaS revenues from our cloud services offerings. SaaS revenues include fees from customers for access to the OneSpan Sign (formerly eSignLive) suite of solutions. Our standard customer arrangements generally do not provide the customer with the right to take possession of the software supporting the cloud-based application service at any time. As such, these arrangements are considered service contracts and revenue is recognized ratably over the service period of the contract.",,0,unknown,,0,False,,"score=4,idx=9268,zone=6",3,OK,
0001044777,OSPN,2019,0001044777_OSPN_FY2019_10K.html,,"DECEMBER 31, 2019",Not disclosed,Not disclosed,,,No,,Not disclosed,,"2. SaaS : We generate SaaS revenues from our cloud services offerings. SaaS revenues include fees from customers for access to the OneSpan Sign (formerly eSignLive) suite of solutions. Our standard customer arrangements generally do not provide the customer with the right to take possession of the software supporting the cloud-based application service at any time. As such, these arrangements are considered service contracts and revenue is recognized ratably over the service period of the contract. ||| : We generate SaaS revenues from our cloud services offerings. SaaS revenues include fees from customers for access to the OneSpan Sign (formerly eSignLive) suite of solutions. Our standard customer arrangements generally do not provide the customer with the right to take possession of the software supporting the cloud-based application service at any time. As such, these arrangements are considered service contracts and revenue is recognized ratably over the service period of the contract. ||| Subscription Revenue: We generate subscription revenues from our cloud services offerings. Subscription revenues mostly include fees from customers for access to the OneSpan Sign, TID, and Dealflo solutions. Our standard customer arrangements do not provide the customer with the right to take possession of the software supporting the cloud-based application service at any time. As such, these arrangements are considered service contracts and revenue is recognized ratably over the service period of the contract. Customer payments are normally in advance for annual service.",,0,unknown,,0,False,,"score=4,idx=7158,zone=6",3,OK,
0001044777,OSPN,2020,0001044777_OSPN_FY2020_10K.html,,"DECEMBER 31, 2020",Not disclosed,Not disclosed,,,No,,Not disclosed,,"Research and development expenses decreased $1.3 million, or 3% during the year ended December 31, 2020 compared to the year ended December 31, 2019. The decrease in expense for the year ended December 31, 2020 was primarily driven by lower cloud computing costs for our test environment and lower travel costs, partially offset by higher personnel costs. ||| Subscription Revenue: We generate subscription revenues from our cloud services offerings. Subscription revenues mostly include fees from customers for access to the OneSpan Sign, TID, and Dealflo solutions. Our standard customer arrangements do not provide the customer with the right to take possession of the software supporting the cloud-based application service at any time. As such, these arrangements are considered service contracts and revenue is recognized ratably over the service period of the contract. Customer payments are normally in advance for annual service. ||| In August 2018, the FASB issued ASU 2018-15, Customer's Accounting for Fees Paid in a Cloud Computing Arrangement , which helps entities evaluate the accounting for fees paid by a customer in a cloud computing arrangement (CCA) by providing guidance for determining when an arrangement includes a software license and when an arrangement is solely a hosted CCA service. Under ASU 2018-15, customers will apply the same criteria for capitalizing implementation costs as they would for an arrangement that has a software license. The new guidance also prescribes the balance sheet, income statement, and cash flow classification of the capitalized implementation costs and related amortization expense, and requires additional quantitative and qualitative disclosures. We adopted this standard on January 1, 2020 on a prospective basis. The adoption of this standard did not have a material impact on our consolidated financial statements.",,0,unknown,,0,False,,"score=6,idx=9050,zone=5",3,OK,
0001044777,OSPN,2021,0001044777_OSPN_FY2021_10K.html,,"DECEMBER 31, 2021",Not disclosed,Not disclosed,,,No,,Not disclosed,,Not disclosed,,0,unknown,,0,False,,"score=6,idx=7672,zone=5",3,OK,
0001044777,OSPN,2022,0001044777_OSPN_FY2022_10K.html,,2023-02-22,Not disclosed,Not disclosed,,,No,,Not disclosed,,"• Digital Agreements. Digital Agreements consists of solutions that enable our clients to secure and automate business processes associated with their digital agreement and customer transaction lifecycles that require consent, non-repudiation and compliance. These solutions, which are largely cloud-based, include our OneSpan Sign e-signature solution and our recently introduced OneSpan Notary and Virtual Room solutions. As our transformation plan progresses, we expect to include other cloud-based security modules associated with the secure transaction lifecycle of identity verification, authentication, virtual interactions and transactions, and secure digital storage in the Digital Agreements segment. This segment also includes costs attributable to our transaction- cloud platform. ||| Digital Agreements consists of solutions that enable our clients to secure and automate business processes associated with their digital agreement and customer transaction lifecycles that require consent, non-repudiation and compliance. These solutions, which are largely cloud-based, include our OneSpan Sign e-signature solution and our recently introduced OneSpan Notary and Virtual Room solutions. As our transformation plan progresses, we expect to include other cloud-based security modules associated with the secure transaction lifecycle of identity verification, authentication, virtual interactions and transactions, and secure digital storage in the Digital Agreements segment. This segment also includes costs attributable to our transaction- cloud platform. ||| • Research and development . Research and development expenses consist primarily of personnel costs and long-term incentive compensation. We expect research and development costs to increase in absolute dollars as we continue to enhance and expand our product offerings and cloud platform. However, our research and development expenses may fluctuate as a percentage of total revenue due to expected growth of our team and continued capitalization of certain costs related to the expansion of our cloud product portfolio.",,0,unknown,,0,False,,"score=2,idx=8603,zone=9",5,OK,
0001044777,OSPN,2023,0001044777_OSPN_FY2023_10K.html,,2024-02-29,Not disclosed,Not disclosed,,,No,,Not disclosed,,"• Digital Agreements. Digital Agreements consists of solutions that enable our clients to secure and automate business processes associated with their digital agreement and customer transaction lifecycles that require consent, non-repudiation and compliance. These solutions, which are largely cloud-based, include OneSpan Sign e-signature, OneSpan Notary and OneSpan Trust Vault. This segment also includes costs attributable to our transaction cloud platform. ||| Digital Agreements consists of solutions that enable our clients to secure and automate business processes associated with their digital agreement and customer transaction lifecycles that require consent, non-repudiation and compliance. These solutions, which are largely cloud-based, include OneSpan Sign e-signature, OneSpan Notary and OneSpan Trust Vault. This segment also includes costs attributable to our transaction cloud platform. ||| The cost of services and other revenue increased $3.4 million or 13% for the year ended December 31, 2023, compared to the year ended December 31, 2022. This increase was largely due to a one-time credit from a cloud service provider in the prior year period, along with higher cloud platform costs related to higher volume usage, higher depreciation of our capitalized software costs, and increased amortization associated with the ProvenDB acquisition.",,0,unknown,,0,False,,"score=2,idx=8608,zone=6",4,OK,
0001044777,OSPN,2024,0001044777_OSPN_FY2024_10K.html,,2024-12-31,Not disclosed,Not disclosed,,,No,,Not disclosed,,"The cost of services and other revenue increased $3.2 million or 11% for the year ended December 31, 2024, compared to the year ended December 31, 2023. This increase was largely due to higher cloud platform costs related to ||| • Digital Agreements gross profit increased $4.0 million, or approximately 11%, for the year ended December 31, 2024 compared to the prior year. The increase in gross profit was driven by higher overall revenue, partially offset by higher cloud platform costs and higher depreciation of capitalized software costs. Digital Agreements gross margin for the years ended December 31, 2024 and 2023 was 68% and 74%, respectively. The decrease in gross margin is primarily the result of an increase in depreciation of capitalized software costs and the write-off in 2024 of the previously capitalized software costs discussed above. ||| gross profit increased $4.0 million, or approximately 11%, for the year ended December 31, 2024 compared to the prior year. The increase in gross profit was driven by higher overall revenue, partially offset by higher cloud platform costs and higher depreciation of capitalized software costs. Digital Agreements gross margin for the years ended December 31, 2024 and 2023 was 68% and 74%, respectively. The decrease in gross margin is primarily the result of an increase in depreciation of capitalized software costs and the write-off in 2024 of the previously capitalized software costs discussed above.",,0,unknown,,0,False,,"score=2,idx=8358,zone=6",4,OK,
0001046025,HFWA,2013,0001046025_HFWA_FY2013_10K.html,,,Not disclosed,Not disclosed,,,No,,Not disclosed,,Not disclosed,,0,unknown,,0,False,,"score=7,idx=28801,zone=10",2,OK,
0001046025,HFWA,2014,0001046025_HFWA_FY2014_10K.html,,"December 31, 2014",Not disclosed,Not disclosed,,,No,,Not disclosed,,Not disclosed,,0,unknown,,0,False,,"score=7,idx=32423,zone=7",2,OK,
0001046025,HFWA,2015,0001046025_HFWA_FY2015_10K.html,,,Not disclosed,Not disclosed,,,No,,Not disclosed,,Not disclosed,,0,unknown,,0,False,,"score=7,idx=29104,zone=42279",186,OK,
0001046025,HFWA,2016,0001046025_HFWA_FY2016_10K.html,,,Not disclosed,Not disclosed,,,No,,Not disclosed,,Not disclosed,,0,unknown,,0,False,,"score=7,idx=29655,zone=41085",1206,OK,
0001046025,HFWA,2017,0001046025_HFWA_FY2017_10K.html,,,Not disclosed,Not disclosed,,,No,,Not disclosed,,Not disclosed,,0,unknown,,0,False,,"score=7,idx=29216,zone=39553",1197,OK,
0001046025,HFWA,2018,0001046025_HFWA_FY2018_10K.html,,,Not disclosed,Not disclosed,,,No,,Not disclosed,,Not disclosed,,0,unknown,,0,False,,"score=7,idx=31189,zone=41127",1208,OK,
0001046025,HFWA,2019,0001046025_HFWA_FY2019_10K.html,,"December 31, 2019",Not disclosed,Not disclosed,,,No,,Not disclosed,,Not disclosed,,0,unknown,,0,False,,"score=7,idx=33012,zone=44898",1237,OK,
0001046025,HFWA,2020,0001046025_HFWA_FY2020_10K.html,,2021-02-19,Not disclosed,Not disclosed,,,No,,Not disclosed,,Not disclosed,A100,1,unknown,,0,False,,"score=5,idx=22983,zone=23929",1081,OK,
0001046025,HFWA,2021,0001046025_HFWA_FY2021_10K.html,,2021-12-31,Not disclosed,Not disclosed,,,No,,Not disclosed,,Not disclosed,B200,1,unknown,,0,False,,"score=5,idx=17559,zone=23135",922,OK,
0001046025,HFWA,2022,0001046025_HFWA_FY2022_10K.html,,2022-12-31,Not disclosed,Not disclosed,,,No,,Not disclosed,,Not disclosed,,0,unknown,,0,False,,"score=5,idx=18035,zone=22059",883,OK,
0001046025,HFWA,2023,0001046025_HFWA_FY2023_10K.html,,2023-12-31,Not disclosed,Not disclosed,,,No,,Not disclosed,,Not disclosed,,0,unknown,,0,False,,"score=5,idx=16703,zone=19437",797,OK,
0001046025,HFWA,2024,0001046025_HFWA_FY2024_10K.html,,2024-12-31,Not disclosed,Not disclosed,,,No,,Not disclosed,,Not disclosed,,0,unknown,,0,False,,"score=5,idx=16827,zone=21016",803,OK,
0001046257,INGR,2013,0001046257_INGR_FY2013_10K.html,,"December 31, 2013",equipment,"Property, plant and equipment and depreciation —",,,No,,Not disclosed,,Not disclosed,,0,significant_accounting_policies,NOTE 2- Summary of Significant Accounting Policies Basis of presentation — The consolidated financial statements consist of the accounts of the Company,3,False,,"score=7,idx=10687,zone=23801",565,OK,
0001046257,INGR,2014,0001046257_INGR_FY2014_10K.html,,"December 31, 2014",equipment,"Property, plant and equipment and depreciation —",,,No,,Not disclosed,,Not disclosed,,0,significant_accounting_policies,NOTE 2- Summary of Significant Accounting Policies Basis of presentation — The consolidated financial statements consist of the accounts of the Company,3,False,,"score=7,idx=10157,zone=25553",605,OK,
0001046257,INGR,2015,0001046257_INGR_FY2015_10K.html,,"December 31, 2015",equipment,"Property, plant and equipment and depreciation —",,,No,,Not disclosed,,Not disclosed,,0,significant_accounting_policies,NOTE 2- Summary of Significant Accounting Policies Basis of presentation — The consolidated financial statements consist of the accounts of the Company,3,False,,"score=7,idx=10675,zone=24316",574,OK,
0001046257,INGR,2016,0001046257_INGR_FY2016_10K.html,,"December 31, 2016",equipment,"Property, plant and equipment and depreciation --",,,No,,Not disclosed,,Not disclosed,,0,significant_accounting_policies,NOTE 2 – Summary of Significant Accounting Policies Basis of presentation -- The consolidated financial statements consist of the accounts of the Compan,3,False,,"score=7,idx=12406,zone=30031",679,OK,
0001046257,INGR,2017,0001046257_INGR_FY2017_10K.html,,"December 31, 2017",equipment,"Property, plant and equipment and depreciation:",,,No,,Not disclosed,,Not disclosed,,0,significant_accounting_policies,NOTE 2 – Summary of Significant Accounting Policies Basis of presentation : The consolidated financial statements consist of the accounts of the Company,3,False,,"score=7,idx=14662,zone=31116",777,OK,
0001046257,INGR,2018,0001046257_INGR_FY2018_10K.html,,"December 31, 2018",equipment,"Property, plant and equipment and depreciation:",,,No,,Not disclosed,,Not disclosed,,0,significant_accounting_policies,NOTE 2 – Summary of Significant Accounting Policies Basis of presentation : The consolidated financial statements consist of the accounts of the Company,3,False,,"score=7,idx=14076,zone=32870",802,OK,
0001046257,INGR,2019,0001046257_INGR_FY2019_10K.html,,2020-12-31,Not disclosed,Not disclosed,,,No,,"As previously announced on October 15, 2019 and November 19, 2019, we detected suspicious activity affecting several servers within certain data centers on our network. Immediately, we took steps to identify and contain the situation, which included engaging a third-party consultant. We assessed the impact of the incident and did not identify any impact to our financial reporting systems nor any material impacts to our Key Financial Performance Metrics discussed below. We incurred immaterial costs to perform these necessary remediation efforts during the three months ended December 31, 2019. We are not aware of any evidence that any customer, supplier, or employee data has been improperly accessed, misused or transferred by any third party. The remediation work related to this incident was completed in December 2019.",MD&A (Item 7),Not disclosed,,0,unknown,,0,False,,"score=9,idx=17595,zone=32519",656,OK,
0001046257,INGR,2020,0001046257_INGR_FY2020_10K.html,,2021-02-12,Not disclosed,Not disclosed,,,No,,Not disclosed,,Not disclosed,,0,unknown,,0,False,,"score=9,idx=18043,zone=31925",640,OK,
0001046257,INGR,2021,0001046257_INGR_FY2021_10K.html,,2021-12-31,machinery and equipment,"Ingredion has operating leases for certain rail cars, office space, warehouses and machinery and equipment. The commencement date used for the calculation of the lease obligations recorded is the latter of January 1, 2019 or the lease start date. Certain leases have options to extend the life of the lease, which are included in the liability calculation when the option is at the sole discretion of Ingredion and it is reasonably certain that Ingredion will exercise the option. Ingredion has certain leases that have variable payments based solely on output or usage of the leased asset. These variable operating lease assets are excluded from Ingredion’s Consolidated Balance Sheets presentation and expensed as incurred. Lease expense is recognized on a straight-line basis over the lease term.",,,No,,Not disclosed,,Not disclosed,,0,significant_accounting_policies,NOTE 1 – Description of the Business and Summary of Significant Accounting Policies,3,False,,"score=9,idx=10327,zone=29310",601,OK,
0001046257,INGR,2022,0001046257_INGR_FY2022_10K.html,,2022-12-31,machinery and equipment,"We have operating leases for certain rail cars, office space, warehouses and machinery and equipment. The commencement date used for the calculation of the lease obligations recorded is the latter of January 1, 2019 or the lease start date. Certain leases have options to extend the life of the lease, which are included in the liability calculation when the option is at our sole discretion and it is reasonably certain that we will exercise the option. We have certain leases that have variable payments based solely on output or usage of the leased asset, which we do not record in our Consolidated Balance Sheets, but expense as incurred. Lease expense is recognized on a straight-line basis over the lease term.",,,No,,Not disclosed,,Not disclosed,B200,1,significant_accounting_policies,NOTE 1 – Description of the Business and Summary of Significant Accounting Policies,3,False,,"score=5,idx=8931,zone=14653",747,OK,
0001046257,INGR,2023,0001046257_INGR_FY2023_10K.html,,2024-03-31,Not disclosed,Not disclosed,,,No,,Not disclosed,,Not disclosed,,0,unknown,,0,False,,"score=5,idx=8563,zone=14846",765,OK,
0001046257,INGR,2024,0001046257_INGR_FY2024_10K.html,,2024-12-31,Not disclosed,Not disclosed,,,No,,Not disclosed,,Not disclosed,,0,unknown,,0,False,,"score=5,idx=8546,zone=15303",764,OK,
0001046568,PRDO,2013,0001046568_PRDO_FY2013_10K.html,,"December 31, 2013",Not disclosed,Not disclosed,,,No,,Not disclosed,,Not disclosed,,0,unknown,,0,False,,"score=7,idx=19232,zone=10",2,OK,
0001046568,PRDO,2014,0001046568_PRDO_FY2014_10K.html,,"December 31, 2014",Not disclosed,Not disclosed,,,No,,Not disclosed,,Not disclosed,,0,unknown,,0,False,,"score=7,idx=20774,zone=10",2,OK,
0001046568,PRDO,2015,0001046568_PRDO_FY2015_10K.html,,"December 31, 2015",Not disclosed,Not disclosed,,,No,,Not disclosed,,Not disclosed,,0,unknown,,0,False,,"score=6,idx=14648,zone=8",2,OK,
0001046568,PRDO,2016,0001046568_PRDO_FY2016_10K.html,,"December 31, 2016",Not disclosed,Not disclosed,,,No,,Not disclosed,,Not disclosed,,0,unknown,,0,False,,"score=6,idx=14573,zone=8",2,OK,
0001046568,PRDO,2017,0001046568_PRDO_FY2017_10K.html,,"December 31, 2017",Not disclosed,Not disclosed,,,No,,Not disclosed,,Not disclosed,,0,unknown,,0,False,,"score=6,idx=12671,zone=8",2,OK,
0001046568,PRDO,2018,0001046568_PRDO_FY2018_10K.html,,"December 31, 2018",Not disclosed,Not disclosed,,,No,,Not disclosed,,Not disclosed,,0,unknown,,0,False,,"score=6,idx=13341,zone=12",759,OK,
0001046568,PRDO,2019,0001046568_PRDO_FY2019_10K.html,,2020-02-13,Not disclosed,Not disclosed,,,No,,"Technology continues to be a key focus and important competitive advantage for the universities and our investments have enhanced student-serving processes and initiatives within both CTU and AIU. Our faculty and student mobile applications are fully operational and are increasingly being used as a communication tool for students, with an over 89% adoption rate by students for the student mobile application. We have deployed a two-way messaging application which is used across all student support functions, including admissions, academics, student advising and financial aid. During the year we rolled out an artificial intelligence powered chatbot within AIU named Lucy that addresses questions from prospective students. We are experiencing efficiencies within our admissions function as a result of the chatbot and therefore are able to reallocate resources to student support functions for our continuing students. We also continue to research and develop different ways to use data analytics to expand the use of artificial intelligence across a student’s academic life cycle, from initial prospective student inquiry and starting classes to ongoing advising. Our goal is to provide ongoing support to students whenever they need it while also providing a better user experience that is more personalized in nature. We expect to continue investing in technology initiatives and expect our capital expenditures to be approximately 2% of revenue for 2020.",MD&A (Item 7),Not disclosed,,0,unknown,,0,False,,"score=6,idx=14532,zone=6",2,OK,
0001046568,PRDO,2020,0001046568_PRDO_FY2020_10K.html,,2020-12-31,Not disclosed,Not disclosed,,,No,,"The enrollment growth within both CTU and AIU reflects consistent levels of prospective student interest that were well served by our student enrollment processes. During the year we have also made investments to support remote work arrangements and upgrade our data center to enhance the security, stability and capacity of our IT infrastructure as well as further leveraged and applied our AI technology across a student’s academic life cycle which enables us to efficiently serve prospective students and customize our outreach and engagement with current students to help them stay and succeed in school. We have also improved the efficiency and effectiveness of our student recruiting process to identify and attract prospective students that we believe are more likely to succeed in one of our academic programs. We believe our continued focus on student experiences, retention and academic outcomes, including the technology investments we have made, have contributed to positive new and total student enrollment growth.",MD&A (Item 7),Not disclosed,,0,unknown,,0,False,,"score=6,idx=11714,zone=6",2,OK,
0001046568,PRDO,2021,0001046568_PRDO_FY2021_10K.html,,2022-01-27,Not disclosed,Not disclosed,,,No,,Not disclosed,,Not disclosed,,0,unknown,,0,False,,"score=6,idx=10418,zone=6",2,OK,
0001046568,PRDO,2022,0001046568_PRDO_FY2022_10K.html,,2022-12-31,Not disclosed,Not disclosed,,,No,,Not disclosed,,Not disclosed,,0,unknown,,0,False,,"score=7,idx=12540,zone=8",3,OK,
0001046568,PRDO,2023,0001046568_PRDO_FY2023_10K.html,,2024-03-01,Not disclosed,Not disclosed,,,No,,Not disclosed,,Not disclosed,B200,1,unknown,,0,False,,"score=7,idx=12455,zone=8",3,OK,
0001046568,PRDO,2024,0001046568_PRDO_FY2024_10K.html,,2024-12-31,Not disclosed,Not disclosed,,,No,,Not disclosed,,Not disclosed,,0,unknown,,0,False,,"score=7,idx=13761,zone=8",3,OK,
0001049521,MRCY,2013,0001049521_MRCY_FY2013_10K.html,,"JUNE 30, 2013",computer equipment,", respectively, of fully depreciated computer equipment and software assets that were no longer in use by the Company.",,,Yes,"Property and equipment are the long-lived, physical assets of the Company acquired for use in the Company’s normal business operations and are not intended for resale by the Company. These assets are recorded at cost. Renewals and betterments that increase the useful lives of the assets are capitalized. Repair and maintenance expenditures that increase the efficiency of the assets are expensed as incurred. Equipment under capital lease is recorded at the present value of the minimum lease payments required during the lease period. Depreciation is based on the estimated useful lives of the assets using the straight-line method (see Note F).","MCE utilizes leading edge, high performance computing technologies architected by leveraging open standards and open architectures to address highly data-intensive applications that include signal, sensor and image processing. All of this while addressing the packaging challenges, often referred to as “SWaP” (size, weight, and power) that are common in military as well as some commercial applications. In addition, MCE designs and builds RF and microwave components and subsystems to meet the needs of the EW, SIGINT and other high bandwidth communications requirements and applications.",MD&A (Item 7),Not disclosed,,0,item_8_other,,1,False,,"score=6,idx=8216,zone=16154",705,OK,
0001049521,MRCY,2014,0001049521_MRCY_FY2014_10K.html,,"JUNE 30, 2014",computer equipment,", respectively, of fully depreciated computer equipment and software assets that were no longer in use by the Company.",,,Yes,"Property and equipment are the long-lived, physical assets of the Company acquired for use in the Company’s normal business operations and are not intended for resale by the Company. These assets are recorded at cost. Renewals and betterments that increase the useful lives of the assets are capitalized. Repair and maintenance expenditures that increase the efficiency of the assets are expensed as incurred. Equipment under capital lease is recorded at the present value of the minimum lease payments required during the lease period. Depreciation is based on the estimated useful lives of the assets using the straight-line method (see Note G).","MCE utilizes leading edge, high performance computing technologies architected by leveraging open standards and open architectures to address highly data-intensive applications that include signal, sensor and image processing; all of this while addressing the packaging challenges, often referred to as “SWaP” (size, weight, and power) that are common in military as well as some commercial applications. In addition, MCE designs and builds RF and microwave components and subsystems to meet the needs of the EW, SIGINT and other high bandwidth communications requirements and applications.",MD&A (Item 7),Not disclosed,,0,item_8_other,,1,False,,"score=6,idx=8019,zone=17229",611,OK,
0001049521,MRCY,2015,0001049521_MRCY_FY2015_10K.html,,"JUNE 30, 2015",computer equipment,", respectively, of fully depreciated computer equipment and software assets that were no longer in use by the Company.",,,Yes,"Property and equipment are the long-lived, physical assets of the Company acquired for use in the Company’s normal business operations and are not intended for resale by the Company. These assets are recorded at cost. Renewals and betterments that increase the useful lives of the assets are capitalized. Repair and maintenance expenditures that increase the efficiency of the assets are expensed as incurred. Equipment under capital lease is recorded at the present value of the minimum lease payments required during the lease period. Depreciation is based on the estimated useful lives of the assets using the straight-line method (see Note F).","MCE utilizes leading edge, high performance computing technologies architected by leveraging open standards and open architectures to address highly data-intensive applications that include signal, sensor and image processing; all of this while addressing the packaging challenges, often referred to as “SWaP” (size, weight, and power) that are common in military applications. In addition, MCE designs and builds RF and microwave components and subsystems to meet the needs of the electronic warfare (""EW""), signal intelligence (""SIGINT"") and other high bandwidth communications requirements and applications.",MD&A (Item 7),Not disclosed,,0,item_8_other,,1,False,,"score=6,idx=8090,zone=17207",615,OK,
0001049521,MRCY,2016,0001049521_MRCY_FY2016_10K.html,,"JUNE 30, 2016",computer equipment,", respectively, of fully depreciated computer equipment and software assets that were no longer in use by the Company.",,,Yes,"Property and equipment are the long-lived, physical assets of the Company acquired for use in the Company’s normal business operations and are not intended for resale by the Company. These assets are recorded at cost. Renewals and betterments that increase the useful lives of the assets are capitalized. Repair and maintenance expenditures that increase the efficiency of the assets are expensed as incurred. Equipment under capital lease is recorded at the present value of the minimum lease payments required during the lease period. Depreciation is based on the estimated useful lives of the assets using the straight-line method (see Note F).","We utilize leading edge, high performance computing technologies architected by leveraging open standards and open architectures to address highly data-intensive applications that include signal, sensor and image processing; all of this while addressing the packaging challenges, often referred to as “SWaP” (size, weight, and power) that are common in military applications. In addition, we design and build RF and microwave components and subsystems to meet the needs of the electronic warfare (""EW""), signal intelligence (""SIGINT"") and other high bandwidth communications requirements and applications.",MD&A (Item 7),Not disclosed,,0,item_8_other,,1,False,,"score=6,idx=9372,zone=16994",707,OK,
0001049521,MRCY,2017,0001049521_MRCY_FY2017_10K.html,,"JUNE 30, 2017","Computer equipment, Furniture and fixtures, Machinery and equipment","Estimated Useful Lives (Years) June 30, 2017 2016 Computer equipment and software 3-4 $ 64,374 $ 62,409 Furniture and fixtures 5 4,810 8,547 Leasehold improvements lesser of estimated useful life or lease term 19,092 8,515 Machinery and equipment 5-10 42,193 29,078 130,469 108,549 Less: accumulated depreciation (78,826 ) (80,212 ) $ 51,643 $ 28,337",,,Yes,"Property and equipment are the long-lived, physical assets of the Company acquired for use in the Company’s normal business operations and are not intended for resale by the Company. These assets are recorded at cost. Renewals and betterments that increase the useful lives of the assets are capitalized. Repair and maintenance expenditures that increase the efficiency of the assets are expensed as incurred. Equipment under capital lease is recorded at the present value of the minimum lease payments required during the lease period. Depreciation is based on the estimated useful lives of the assets using the straight-line method (see Note F).","Our technologies and capabilities include secure embedded processing modules and subsystems, mission computers, safety-critical avionics, radio frequency (“RF”) components, multi-function assemblies and subsystems. We utilize leading edge, high performance computing technologies architected by leveraging open standards and open architectures to address highly data-intensive applications that include data signal, sensor and image processing while addressing the packaging challenges, often referred to as “SWaP” (size, weight, and power), that are common in military applications. We have design, development, and manufacturing capabilities in mission computing, safety-critical avionics and platform management. In addition, we design and manufacture RF, microwave and millimeter wave components and subsystems to meet the needs of the radar, electronic warfare (“EW”), signals intelligence (“SIGINT”) and other high bandwidth communications requirements and applications.",MD&A (Item 7),Not disclosed,,0,item_8_other,,1,False,,"score=6,idx=9481,zone=17424",751,OK,
0001049521,MRCY,2018,0001049521_MRCY_FY2018_10K.html,,"JUNE 30, 2018","Computer equipment, Furniture and fixtures, Machinery and equipment","Estimated Useful Lives (Years) June 30, 2018 2017 Computer equipment and software 3-4 $ 71,799 $ 64,374 Furniture and fixtures 5 4,927 4,810 Leasehold improvements lesser of estimated useful life or lease term 21,552 19,092 Machinery and equipment 5-10 47,419 42,193 145,697 130,469 Less: accumulated depreciation (94,717 ) (78,826 ) $ 50,980 $ 51,643",,,Yes,"Property and equipment are the long-lived, physical assets of the Company acquired for use in the Company’s normal business operations and are not intended for resale by the Company. These assets are recorded at cost. Renewals and betterments that increase the useful lives of the assets are capitalized. Repair and maintenance expenditures that increase the efficiency of the assets are expensed as incurred. Equipment under capital lease is recorded at the present value of the minimum lease payments required during the lease period. Depreciation is based on the estimated useful lives of the assets using the straight-line method (see Note F).","Our technologies and capabilities include secure embedded processing modules and subsystems, mission computers, safety-critical avionics, radio frequency (“RF”) components, multi-function assemblies and subsystems. We utilize leading edge, high performance computing technologies architected by leveraging open standards and open architectures to address highly data-intensive applications that include data signal, sensor and image processing while addressing the packaging challenges, often referred to as “SWaP” (size, weight, and power), that are common in military applications. We have design, development, and manufacturing capabilities in mission computing, safety-critical avionics and platform management. In addition, we design and manufacture RF, microwave and millimeter wave components and subsystems to meet the needs of the radar, electronic warfare (“EW”), signals intelligence (“SIGINT”) and other high bandwidth communications requirements and applications.",MD&A (Item 7),Not disclosed,,0,item_8_other,,1,False,,"score=6,idx=9545,zone=16743",727,OK,
0001049521,MRCY,2019,0001049521_MRCY_FY2019_10K.html,,"June 30, 2019","Computer equipment, Furniture and fixtures, Machinery and equipment","Estimated Useful Lives (Years) June 30, 2019 2018 Computer equipment and software 3-4 $ 78,195 $ 71,799 Furniture and fixtures 5 5,330 4,927 Leasehold improvements lesser of estimated useful life or lease term 25,646 21,552 Machinery and equipment 5-10 63,792 47,419 172,963 145,697 Less: accumulated depreciation (112,962 ) (94,717 ) $ 60,001 $ 50,980",,,Yes,"Property and equipment are the long-lived, physical assets of the Company acquired for use in the Company’s normal business operations and are not intended for resale by the Company. These assets are recorded at cost. Renewals and betterments that increase the useful lives of the assets are capitalized. Repair and maintenance expenditures that increase the efficiency of the assets are expensed as incurred. Equipment under capital lease is recorded at the present value of the minimum lease payments required during the lease period. Depreciation is based on the estimated useful lives of the assets using the straight-line method (see Note F).",Not disclosed,,"In August 2018, the FASB issued ASU No. 2018-15, Intangibles—Goodwill and Other—Internal-Use Software (Subtopic 350-40) , an amendment of the FASB Accounting Standards Codification. The ASU provides guidance to determine whether to capitalize implementation costs of cloud computing arrangement that is a service contract or expense as incurred. Costs of arrangements that do not include a software license should be accounted for as a service contract and expensed as incurred. This ASU is effective for fiscal years beginning after December 15, 2019, with early adoption permitted. The ASU permits two methods of adoption: prospectively to all implementation costs incurred after the date of adoption, or retrospectively to each prior reporting period presented. The Company does not expect this guidance to have a material impact to its consolidated financial statements or related disclosures. ||| , an amendment of the FASB Accounting Standards Codification. The ASU provides guidance to determine whether to capitalize implementation costs of cloud computing arrangement that is a service contract or expense as incurred. Costs of arrangements that do not include a software license should be accounted for as a service contract and expensed as incurred. This ASU is effective for fiscal years beginning after December 15, 2019, with early adoption permitted. The ASU permits two methods of adoption: prospectively to all implementation costs incurred after the date of adoption, or retrospectively to each prior reporting period presented. The Company does not expect this guidance to have a material impact to its consolidated financial statements or related disclosures.",,0,item_8_other,,1,False,,"score=6,idx=11029,zone=18980",760,OK,
0001049521,MRCY,2020,0001049521_MRCY_FY2020_10K.html,,"July 3, 2020","Computer equipment, Furniture and fixtures, Machinery and equipment","Estimated Useful Lives (Years) As of July 3, 2020 June 30, 2019 Computer equipment and software 3-4 $ 85,705 $ 78,195 Furniture and fixtures 5 5,993 5,330 Leasehold improvements lesser of estimated useful life or lease term 36,874 25,646 Machinery and equipment 5-10 90,970 63,792 219,542 172,963 Less: accumulated depreciation (131,805) (112,962) $ 87,737 $ 60,001",,,Yes,"Property and equipment are the long-lived, physical assets of the Company acquired for use in the Company’s normal business operations and are not intended for resale by the Company. These assets are recorded at cost. Renewals and betterments that increase the useful lives of the assets are capitalized. Repair and maintenance expenditures that increase the efficiency of the assets are expensed as incurred. Equipment under capital lease is recorded at the present value of the minimum lease payments required during the lease period. Depreciation is based on the estimated useful lives of the assets using the straight-line method (see Note F).",Not disclosed,,"In August 2018, the FASB issued ASU No. 2018-15, Intangibles—Goodwill and Other—Internal-Use Software (Subtopic 350-40) , an amendment of the FASB Accounting Standards Codification. The ASU provides guidance to determine whether to capitalize implementation costs of a cloud computing arrangement that is a service contract or expense as incurred. Costs of arrangements that do not include a software license should be accounted for as a service contract and expensed as incurred. This ASU is effective for fiscal years beginning after December 15, 2019, with early adoption permitted. The ASU permits two methods of adoption: prospectively to all implementation costs incurred after the date of adoption, or retrospectively to each prior reporting period presented. The Company does not expect this guidance to have a material impact to its consolidated financial statements or related disclosures. ||| , an amendment of the FASB Accounting Standards Codification. The ASU provides guidance to determine whether to capitalize implementation costs of a cloud computing arrangement that is a service contract or expense as incurred. Costs of arrangements that do not include a software license should be accounted for as a service contract and expensed as incurred. This ASU is effective for fiscal years beginning after December 15, 2019, with early adoption permitted. The ASU permits two methods of adoption: prospectively to all implementation costs incurred after the date of adoption, or retrospectively to each prior reporting period presented. The Company does not expect this guidance to have a material impact to its consolidated financial statements or related disclosures.",,0,item_8_other,,1,False,,"score=5,idx=7695,zone=10665",611,OK,
0001049521,MRCY,2021,0001049521_MRCY_FY2021_10K.html,,"July 2, 2021","Computer equipment, Furniture and fixtures, Machinery and equipment","Estimated Useful Lives (Years) As of July 2, 2021 July 3, 2020 Computer equipment and software 3-4 $ 99,190 $ 85,705 Furniture and fixtures 5 17,997 5,993 Leasehold improvements lesser of estimated useful life or lease term 63,322 36,874 Machinery and equipment 5-10 105,346 90,970 285,855 219,542 Less: accumulated depreciation (157,331) (131,805) $ 128,524 $ 87,737",,,Yes,"Property and equipment are the long-lived, physical assets of the Company acquired for use in the Company’s normal business operations and are not intended for resale by the Company. These assets are recorded at cost. Renewals and betterments that increase the useful lives of the assets are capitalized. Repair and maintenance expenditures that increase the efficiency of the assets are expensed as incurred. Equipment under capital lease is recorded at the present value of the minimum lease payments required during the lease period. Depreciation is based on the estimated useful lives of the assets using the straight-line method (see Note F).",Not disclosed,,"Effective July 4, 2020 the Company adopted ASU No. 2018-15, Intangibles—Goodwill and Other—Internal-Use Software (Subtopic 350-40) , an amendment of the FASB Accounting Standards Codification. The ASU provides guidance to determine whether to capitalize implementation costs of a cloud computing arrangement that is a service contract or expense as incurred. Costs of arrangements that do not include a software license should be accounted for as a service contract and expensed as incurred. This adoption did not have a material impact to the Company's consolidated financial statements or related disclosures. ||| , an amendment of the FASB Accounting Standards Codification. The ASU provides guidance to determine whether to capitalize implementation costs of a cloud computing arrangement that is a service contract or expense as incurred. Costs of arrangements that do not include a software license should be accounted for as a service contract and expensed as incurred. This adoption did not have a material impact to the Company's consolidated financial statements or related disclosures.",A100;B100;NVIDIA,3,item_8_other,,1,False,,"score=5,idx=6991,zone=10483",603,OK,
0001049521,MRCY,2022,0001049521_MRCY_FY2022_10K.html,,2022-07-01,"Computer equipment, Furniture and fixtures, Machinery and equipment","Estimated Useful Lives (Years) As of July 1, 2022 July 2, 2021 Computer equipment and software 3-4 $ 113,930 $ 99,190 Furniture and fixtures 5 19,958 17,997 Leasehold improvements lesser of estimated useful life or lease term 66,117 63,322 Machinery and equipment 5-10 117,073 105,346 317,078 285,855 Less: accumulated depreciation (189,887) (157,331) $ 127,191 $ 128,524",,,Yes,"Property and equipment are the long-lived, physical assets of the Company acquired for use in the Company’s normal business operations and are not intended for resale by the Company. These assets are recorded at cost. Renewals and betterments that increase the useful lives of the assets are capitalized. Repair and maintenance expenditures that increase the efficiency of the assets are expensed as incurred. Equipment under capital lease is recorded at the present value of the minimum lease payments required during the lease period. Depreciation is based on the estimated useful lives of the assets using the straight-line method (see Note F).",Not disclosed,,Not disclosed,B100;NVIDIA,2,item_8_other,,1,False,,"score=5,idx=6842,zone=9774",607,OK,
0001049521,MRCY,2023,0001049521_MRCY_FY2023_10K.html,,"June 30, 2023","Computer equipment, Furniture and fixtures, Machinery and equipment, equipment","Estimated Useful Lives (Years) As of June 30, 2023 July 1, 2022 Computer equipment and software 3-4 $ 125,297 $ 113,930 Furniture and fixtures 5 20,729 19,958 Leasehold improvements lesser of estimated useful life or lease term 70,305 66,117 Machinery and equipment 5-10 136,504 117,073 352,835 317,078 Less: accumulated depreciation (233,281) (189,887) Property and equipment, net $ 119,554 $ 127,191",,,Yes,"Property and equipment are the long-lived, physical assets of the Company acquired for use in the Company’s normal business operations and are not intended for resale by the Company. These assets are recorded at cost. Renewals and betterments that increase the useful lives of the assets are capitalized. Repair and maintenance expenditures that increase the efficiency of the assets are expensed as incurred. Equipment under capital lease is recorded at the present value of the minimum lease payments required during the lease period. Depreciation is based on the estimated useful lives of the assets using the straight-line method (see Note F).",Not disclosed,,Not disclosed,NVIDIA,1,item_8_other,,1,False,,"score=5,idx=6928,zone=9543",549,OK,
0001049521,MRCY,2024,0001049521_MRCY_FY2024_10K.html,,"June 28, 2024","Computer equipment, Furniture and fixtures, Machinery and equipment, equipment","Estimated Useful Lives (Years) As of June 28, 2024 June 30, 2023 Computer equipment and software 3-4 $ 138,366 $ 125,297 Furniture and fixtures 5 21,694 20,729 Leasehold improvements lesser of estimated useful life or lease term 72,420 70,305 Machinery and equipment 5-10 150,991 136,504 383,471 352,835 Less: accumulated depreciation (273,118) (233,281) Property and equipment, net $ 110,353 $ 119,554",,,Yes,"Property and equipment are the long-lived, physical assets of the Company acquired for use in the Company’s normal business operations and are not intended for resale by the Company. These assets are recorded at cost. Renewals and betterments that increase the useful lives of the assets are capitalized. Repair and maintenance expenditures that increase the efficiency of the assets are expensed as incurred. Equipment under capital lease is recorded at the present value of the minimum lease payments required during the lease period. Depreciation is based on the estimated useful lives of the assets using the straight-line method (see Note E).",Not disclosed,,Not disclosed,NVIDIA,1,item_8_other,,1,False,,"score=5,idx=6765,zone=9952",582,OK,
0001050377,CNXN,2013,0001050377_CNXN_FY2013_10K.html,,"December 31, 2013",Not disclosed,Not disclosed,,,No,,"Net sales to small- and medium-sized businesses increased due to higher demand for desktops and our focus on growing solution sales. Software and
networking product sales each grew at a faster rate than overall SMB sales due to our investments in solution selling and increased customer demand. Increased need for security and office productivity led to increased software sales, and the growing
demand for data center products led to increased networking sales.",MD&A (Item 7),Not disclosed,,0,unknown,,0,False,,"score=5,idx=470,zone=12",1,OK,
0001050377,CNXN,2014,0001050377_CNXN_FY2014_10K.html,,"December 31, 2014",Not disclosed,Not disclosed,,,No,,"Net sales to small- and medium-sized businesses increased in dollars as a percentage of net sales due to higher demand for desktops and our focus on growing solution sales. Software and networking product sales each
grew at a faster rate than overall SMB sales due to our investments in solution selling and increased customer demand. Increased need for security and office productivity led to increased software sales, and the growing demand for data center
products led to increased networking sales.",MD&A (Item 7),Not disclosed,,0,unknown,,0,False,,"score=5,idx=470,zone=12",1,OK,
0001050377,CNXN,2015,0001050377_CNXN_FY2015_10K.html,,"December 31, 2015",Not disclosed,Not disclosed,,,No,,Not disclosed,,Not disclosed,,0,unknown,,0,False,,"score=5,idx=493,zone=11",1,OK,
0001050377,CNXN,2016,0001050377_CNXN_FY2016_10K.html,,"December 31, 2016",Not disclosed,Not disclosed,,,No,,Not disclosed,,Not disclosed,,0,unknown,,0,False,,"score=5,idx=505,zone=10",1,OK,
0001050377,CNXN,2017,0001050377_CNXN_FY2017_10K.html,,"December 31, 2017",Not disclosed,Not disclosed,,,No,,Not disclosed,,Not disclosed,,0,unknown,,0,False,,"score=5,idx=505,zone=10",1,OK,
0001050377,CNXN,2018,0001050377_CNXN_FY2018_10K.html,,"December 31, 2018",Not disclosed,Not disclosed,,,No,,"We are a national solutions provider of a wide range of information technology, or IT, solutions. We help our customers design, enable, manage, and service their IT environments. We provide IT products, including computer systems, data center solutions, software and peripheral equipment, networking communications, and other products and accessories that we purchase from manufacturers, distributors, and other suppliers. We also offer services involving design, configuration, and implementation of IT solutions. These services are performed by our personnel and by third-party providers. We operate through three sales segments, which serve primarily: (a) small- to medium-sized businesses, or in our Business Solutions segment, through our PC Connection Sales subsidiary, (b) large enterprise customers, in our Enterprise Solutions segment, through our MoreDirect subsidiary, and (c) federal, state, and local government and educational institutions, in our Public Sector Solutions segment, through our GovConnection subsidiary.",MD&A (Item 7),Not disclosed,,0,unknown,,0,False,,"score=5,idx=504,zone=10",1,OK,
0001050377,CNXN,2019,0001050377_CNXN_FY2019_10K.html,,"December 31, 2019",Not disclosed,Not disclosed,,,No,,"We are a national provider of a wide range of information technology, or IT, solutions. We help our customers design, enable, manage, and service their IT environments. We provide IT products, including computer systems, data center solutions, software and peripheral equipment, networking communications, and other products and accessories that we purchase from manufacturers, distributors, and other suppliers. We also offer services involving design, configuration, and implementation of IT solutions. These services are performed by our personnel and by third-party providers. We operate through three sales segments, which serve primarily: (a) small- to medium-sized businesses, or in our Business Solutions segment, through our PC Connection Sales subsidiary, (b) large enterprise customers, in our Enterprise Solutions segment, through our MoreDirect subsidiary, and (c) federal, state, and local government and educational institutions, in our Public Sector Solutions segment, through our GovConnection subsidiary.",MD&A (Item 7),Not disclosed,,0,unknown,,0,False,,"score=5,idx=493,zone=10",1,OK,
0001050377,CNXN,2020,0001050377_CNXN_FY2020_10K.html,,"December 31, 2020",Not disclosed,Not disclosed,,,No,,"We are a national provider of a wide range of information technology, or IT, solutions. We help our customers design, enable, manage, and service their IT environments. We provide IT products, including computer systems, data center solutions, software and peripheral equipment, networking communications, and other products and accessories that we purchase from manufacturers, distributors, and other suppliers. We also offer services involving design, configuration, and implementation of IT solutions. These services are performed by our personnel and by third-party providers. We operate through three sales segments, which serve primarily: (a) small- to medium-sized businesses, or in our Business Solutions segment, through our PC Connection Sales subsidiary, (b) large enterprise customers, in our Enterprise Solutions segment, through our MoreDirect subsidiary, and (c) federal, state, and local government and educational institutions, in our Public Sector Solutions segment, through our GovConnection subsidiary.",MD&A (Item 7),Not disclosed,,0,unknown,,0,False,,"score=6,idx=10255,zone=8",1,OK,
0001050377,CNXN,2021,0001050377_CNXN_FY2021_10K.html,,"December 31, 2021",Not disclosed,Not disclosed,,,No,,"We are a Fortune 1000 Global Solutions Provider that simplifies the information technology, or IT, purchasing experience, guiding the connection between people and technology. Our dedicated Account Managers partner with customers to design, deploy, and support cutting-edge IT environments using the latest hardware, software, and services. We provide a wide range of IT solutions, from the desktop to the cloud—including computer systems, data center solutions, software and peripheral equipment, networking communications, and other products and accessories that we purchase from manufacturers, distributors, and other suppliers. Our Technology Solutions Group, or TSG, and state-of-the-art Technology Integration and Distribution Center, or TIDC, with ISO 9001:2015 certified technical configuration lab offer end-to-end services related to the design, configuration, and implementation of IT solutions. Our team also provides a comprehensive portfolio of managed services and professional services. These services are performed by our personnel and by third-party providers. Our GlobalServe offering ensures worldwide coverage for our multinational customers, delivering global procurement solutions through our network of incountry suppliers in over 150 countries.",MD&A (Item 7),Not disclosed,,0,unknown,,0,False,,"score=6,idx=9193,zone=8",1,OK,
0001050377,CNXN,2022,0001050377_CNXN_FY2022_10K.html,,"December 31, 2022",Not disclosed,Not disclosed,,,No,,"We are a Fortune 1000 Global Solutions Provider that simplifies the IT customer experience, guiding the connection between people and technology. Our dedicated account managers partner with customers to design, deploy, and support cutting-edge IT environments using the latest hardware, software, and services. We provide a wide range of IT solutions, from the desktop to the cloud—including computer systems, data center solutions, software and peripheral equipment, networking communications, and other products and accessories that we purchase from manufacturers, distributors, and other suppliers. Our TSG and state-of-the-art TIDC, with ISO 9001:2015 certified technical configuration lab offer end-to-end services related to the design, configuration, and implementation of IT solutions. Our team also provides a comprehensive portfolio of managed services and professional services. These services are performed by our personnel and by third-party providers. Our GlobalServe offering ensures worldwide coverage for our multinational customers, delivering global procurement solutions through our network of in-country suppliers in over 150 countries.",MD&A (Item 7),Not disclosed,,0,unknown,,0,False,,"score=6,idx=8764,zone=8",1,OK,
0001050377,CNXN,2023,0001050377_CNXN_FY2023_10K.html,,"December 31, 2023",Not disclosed,Not disclosed,,,No,,"We are a Fortune 1000 Global Solutions Provider that simplifies the IT customer experience, guiding the connection between people and technology. Our dedicated account managers partner with customers to design, deploy, and support cutting-edge IT environments using the latest hardware, software, and services. We provide a wide range of IT solutions, from the desktop to the cloud—including computer systems, data center solutions, software and peripheral equipment, networking communications, and other products and accessories that we purchase from manufacturers, distributors, and other suppliers. In 2023, we restructured and combined our Technology Solutions Group and Technical Sales Organization into one organization to be referred to as our TSO. Our TSO and state-of-the-art TIDC, with ISO 9001:2015 certified technical configuration lab offer end-to-end services related to the design, configuration, and implementation of IT solutions. Our team also provides a comprehensive portfolio of managed services and professional services. These services are performed by our personnel and by third-party providers. Our GlobalServe offering ensures worldwide coverage for our multinational customers, delivering global procurement solutions through our network of in-country suppliers in over 150 countries.",MD&A (Item 7),"As the AI market continues to evolve, it is difficult to predict and forecast its potential impact on our business and results of operations in the future. We may be required to make significant investments to keep up with increasing competition surrounding AI. Additionally, potential issues with the AI products we sell could have an adverse effect on our business and results of operations in the future.",,0,unknown,,0,False,,"score=6,idx=9404,zone=8",1,OK,
0001050377,CNXN,2024,0001050377_CNXN_FY2024_10K.html,,"December 31, 2024",Not disclosed,Not disclosed,,,No,,"We are a Fortune 1000 Global Solutions Provider that simplifies the IT customer experience, guiding the connection between people and technology. Our dedicated account managers partner with customers to design, deploy, and support cutting-edge IT environments using the latest hardware, software, and services. We provide a wide range of IT solutions, from the desktop to the cloud—including computer systems, data center solutions, software and peripheral equipment, networking communications, and other products and accessories that we purchase from manufacturers, distributors, and other suppliers. Our TSO and state-of-the-art TIDC, with ISO 9001:2015 certified technical configuration lab, offer end-to-end services related to the design, configuration, and implementation of IT solutions. Our team also provides a comprehensive portfolio of managed services and professional services. These services are performed by our personnel and by third-party providers. Our GlobalServe offering ensures worldwide coverage for our multinational customers, delivering global procurement solutions through our network of in-country suppliers in over 150 countries.",MD&A (Item 7),"As the AI market continues to evolve, it is difficult to predict and forecast its potential impact on our business and results of operations in the future. We may be required to make significant investments to keep up with increasing competition surrounding AI. Additionally, potential issues with the AI products we sell could have an adverse effect on our business and results of operations in the future.",,0,unknown,,0,False,,"score=6,idx=10011,zone=8",1,OK,
0001050915,PWR,2013,0001050915_PWR_FY2013_10K.html,,"December 31, 2013",Not disclosed,Not disclosed,,,No,,Not disclosed,,Not disclosed,,0,unknown,,0,False,,"score=7,idx=8307,zone=13003",527,OK,
0001050915,PWR,2014,0001050915_PWR_FY2014_10K.html,,"December 31, 2014",Not disclosed,Not disclosed,,,No,,Not disclosed,,Not disclosed,,0,unknown,,0,False,,"score=7,idx=7079,zone=12347",573,OK,
0001050915,PWR,2015,0001050915_PWR_FY2015_10K.html,,"December 31, 2015",Not disclosed,Not disclosed,,,No,,Not disclosed,,"In April 2015, the FASB issued an update that provides guidance to customers about whether a cloud computing arrangement includes a software
license. If a cloud computing arrangement includes a software license, then the customer should account for the software license element of the arrangement consistent with the acquisition of other software licenses. If a cloud computing arrangement
does not include a software license, the customer should account for the arrangement as a service contract. The standard is effective for interim and annual reporting periods beginning after December 15, 2015. An entity can elect to adopt the
amendments either prospectively to all arrangements entered into or materially modified after the effective date or retrospectively. The adoption of the update is not expected to have a significant impact on our consolidated financial
statements or related disclosures. We will adopt this guidance effective January 1, 2016.",,0,unknown,,0,False,,"score=7,idx=6940,zone=13105",603,OK,
0001050915,PWR,2016,0001050915_PWR_FY2016_10K.html,,"December 31, 2016",Not disclosed,Not disclosed,,,No,,Not disclosed,,"In April 2015, the FASB issued an update that provides guidance to customers about whether a
cloud computing arrangement includes a software license. If a cloud computing arrangement includes a software license, then the customer should account for the software license element of the arrangement consistent with the acquisition of other
software licenses. If a cloud computing arrangement does not include a software license, the customer should account for the arrangement as a service contract. An entity can elect to adopt the amendments either prospectively to all arrangements
entered into or materially modified after the effective date or retrospectively. We adopted this guidance effective January 1, 2016, and the adoption of the update did not have a significant impact on our consolidated financial statements
or related disclosures.",,0,unknown,,0,False,,"score=7,idx=7200,zone=13772",158,OK,
0001050915,PWR,2017,0001050915_PWR_FY2017_10K.html,,"December 31, 2017","equipment, Office equipment, furniture and fixtures, information technology","Estimated Useful December 31, Lives in Years 2017 2016 Land N/A $ 48,832 $ 45,919 Buildings and leasehold improvements 5-30 155,628 137,515 Operating equipment and vehicles 5-25 1,834,715 1,634,850 Office equipment, furniture and fixtures and information technology systems 3-10 170,115 145,174 Construction work in progress N/A 60,587 73,461 2,269,877 2,036,919 Less — Accumulated depreciation and amortization (981,275 ) (862,825 ) Property and equipment, net $ 1,288,602 $ 1,174,094",,,No,,Not disclosed,,Not disclosed,,0,notes_to_financials,19. SUBSEQUENT EVENTS:,2,False,,"score=6,idx=12234,zone=24655",1167,OK,
0001050915,PWR,2018,0001050915_PWR_FY2018_10K.html,,2018-12-31,"equipment, Office equipment, furniture and fixtures, information technology","Estimated Useful December 31, Lives in Years 2018 2017 Land N/A $ 61,305 $ 48,832 Buildings and leasehold improvements 5-30 208,974 155,628 Operating equipment and vehicles 1-25 1,865,917 1,834,715 Office equipment, furniture and fixtures and information technology systems 3-10 212,769 170,115 Construction work in progress N/A 19,507 60,587 2,368,472 2,269,877 Less — Accumulated depreciation and amortization (1,092,440 ) (981,275 ) Property and equipment, net $ 1,276,032 $ 1,288,602",,,Yes,These pro forma combined historical results were adjusted for the following: a reduction of interest expense as a result of the repayment of outstanding indebtedness of the acquired businesses; an increase in interest expense as a result of the cash consideration paid; an increase in amortization expense due to the incremental intangible assets recorded; changes in depreciation expense to adjust acquired property and equipment to the acquisition date fair value and to conform with Quanta’s accounting policies; an increase in the number of outstanding shares of Quanta common stock; and reclassifications to conform the acquired businesses’ presentation to Quanta’s accounting policies.,Not disclosed,,Not disclosed,,0,notes_to_financials,5. GOODWILL AND OTHER INTANGIBLE ASSETS:,2,False,,"score=6,idx=16396,zone=26609",1131,OK,
0001050915,PWR,2019,0001050915_PWR_FY2019_10K.html,,"December 31, 2019","equipment, Office equipment, furniture and fixtures, information technology","Estimated Useful December 31, Lives in Years 2019 2018 Land N/A $ 67,560 $ 61,305 Buildings and leasehold improvements 5-30 231,920 208,974 Operating equipment and vehicles 1-25 2,068,644 1,865,917 Office equipment, furniture and fixtures and information technology systems 3-10 228,329 212,769 Construction work in progress N/A 26,236 19,507 Finance lease assets and rental purchase options (see Note 9) 5-20 14,162 — Property and equipment, gross 2,636,851 2,368,472 Less — Accumulated depreciation and amortization (1,250,197 ) (1,092,440 ) Property and equipment, net of accumulated depreciation $ 1,386,654 $ 1,276,032",,,Yes,These pro forma combined historical results were adjusted for the following: a reduction of interest expense as a result of the repayment of outstanding indebtedness of the acquired businesses; an increase in interest expense as a result of the cash consideration paid; an increase in amortization expense due to the incremental intangible assets recorded; changes in depreciation expense to adjust acquired property and equipment to the acquisition date fair value and to conform with Quanta’s accounting policies; an increase in the number of outstanding shares of Quanta common stock; and reclassifications to conform the acquired businesses’ presentation to Quanta’s accounting policies.,Not disclosed,,Not disclosed,,0,notes_to_financials,5. GOODWILL AND OTHER INTANGIBLE ASSETS:,2,False,,"score=7,idx=16549,zone=27952",1199,OK,
0001050915,PWR,2020,0001050915_PWR_FY2020_10K.html,,2030-07-01,"equipment, Office equipment, furniture and fixtures, information technology","Estimated Useful December 31, Lives in Years 2020 2019 Land N/A $ 69,389 $ 67,560 Buildings and leasehold improvements 5-30 249,106 231,920 Operating equipment and vehicles 1-25 2,297,120 2,068,644 Office equipment, furniture and fixtures and information technology systems 3-10 244,113 228,329 Construction work in progress N/A 20,900 26,236 Finance lease assets and rental purchase options (see Note 9) 5-20 52,160 14,162 Property and equipment, gross 2,932,788 2,636,851 Less — Accumulated depreciation and amortization (1,372,132) (1,250,197) Property and equipment, net of accumulated depreciation $ 1,560,656 $ 1,386,654",,,Yes,These pro forma combined historical results were adjusted for the following: a reduction of interest expense as a result of the repayment of outstanding indebtedness of the acquired businesses; an increase in interest expense as a result of the cash consideration paid; an increase in amortization expense due to the incremental intangible assets recorded; changes in depreciation expense to adjust acquired property and equipment to the acquisition date fair value and to conform with Quanta’s accounting policies; an increase in the number of outstanding shares of Quanta common stock; and reclassifications to conform the acquired businesses’ presentation to Quanta’s accounting policies.,Not disclosed,,Not disclosed,A100,1,significant_accounting_policies,7. DETAIL OF CERTAIN BALANCE SHEET ACCOUNTS:,3,False,,"score=5,idx=9888,zone=13081",780,OK,
0001050915,PWR,2021,0001050915_PWR_FY2021_10K.html,,2022-06-30,"machinery, equipment, Office equipment, furniture and fixtures","Estimated Useful December 31, Lives in Years 2021 2020 Land N/A $ 86,013 $ 69,389 Buildings and leasehold improvements 5-30 318,499 249,106 Operating machinery, equipment and vehicles 1-25 2,603,149 2,297,120 Office equipment, furniture and fixtures and information technology systems 3-10 259,776 244,113 Construction work in progress N/A 91,502 20,900 Finance lease assets and rental purchase options (see Note 11) 5-20 64,256 52,160 Property and equipment, gross 3,423,195 2,932,788 Less — Accumulated depreciation and amortization (1,503,498) (1,372,132) Property and equipment, net of accumulated depreciation $ 1,919,697 $ 1,560,656",,,Yes,These pro forma combined historical results were adjusted for the following: a reduction of interest and other financing expenses as a result of the repayment of outstanding indebtedness of the acquired businesses; an increase in interest and other financing expenses as a result of the cash consideration paid; an increase in amortization expense due to the intangible assets recorded; elimination of inter-company sales; changes in depreciation expense to adjust acquired property and equipment to the acquisition date fair value and to conform with Quanta’s accounting policies; an increase in the number of outstanding shares of Quanta common stock; reclassifications to conform the acquired businesses’ presentation to Quanta’s accounting policies; and elimination of certain transaction costs incurred by one of the acquired businesses and directly related to the acquisition of the business by Quanta.,"During the year ended December 31, 2021, Quanta also acquired the following businesses: three businesses located in the United States that provide electric power construction and related services; a communications services business located in the United States that performs data center connection services; a business located in the United States that designs, develops and holds a certification for the manufacture of personal protective breathing equipment and related monitoring devices primarily used in the refining and petrochemical industries, including in connection with catalyst services; a business that provides turnaround and catalyst change-out services to the refining and petrochemical industries primarily in the United States and Canada; a business located in Canada that provides front-end land services for infrastructure development projects in Canada and the United States; a business located in the United States that primarily provides horizontal directional drilling services; and a communications services business located in the United States. The aggregate consideration for these acquisitions was $328.8 million paid or payable in cash (subject to certain adjustments) and 187,093 shares of Quanta common stock, which had a fair value of $16.9 million as of the applicable acquisition dates. The results of the manufacturing business and the turnaround and catalyst change-out business are generally included in the Underground Utility and Infrastructure Solutions segment and the results of the remaining businesses are generally included in the Electric Power Infrastructure Solutions segment.",Item 8,Not disclosed,,0,significant_accounting_policies,18. DETAIL OF CERTAIN ACCOUNTS:,3,False,,"score=5,idx=10739,zone=13953",810,OK,
0001050915,PWR,2022,0001050915_PWR_FY2022_10K.html,,2023-01-31,"machinery, equipment, Office equipment, furniture and fixtures","Estimated Useful December 31, Lives in Years 2022 2021 Land N/A $ 90,715 $ 86,013 Buildings and leasehold improvements 5-30 396,003 318,499 Operating machinery, equipment and vehicles 1-25 2,726,546 2,603,149 Office equipment, furniture and fixtures and information technology systems 3-10 282,282 259,776 Construction work in progress N/A 84,446 91,502 Finance lease assets and lease financing transactions 5-20 101,385 64,256 Property and equipment, gross 3,681,377 3,423,195 Less — Accumulated depreciation and amortization (1,650,913) (1,503,498) Property and equipment, net of accumulated depreciation $ 2,030,464 $ 1,919,697",,,Yes,These pro forma combined historical results were adjusted for the following: a reduction of interest and other financing expenses as a result of the repayment of outstanding indebtedness of the acquired businesses; an increase in interest and other financing expenses as a result of the cash consideration paid and debt incurred by Quanta for the purpose of financing the acquisition of Blattner; an increase in amortization expense due to the intangible assets recorded; elimination of inter-company sales; changes in depreciation expense to adjust acquired property and equipment to the acquisition date fair value and to conform with Quanta’s accounting policies; an increase in the number of outstanding shares of Quanta common stock; and elimination of certain transaction costs incurred by Blattner and directly related to the acquisition of the business by Quanta.,"During the year ended December 31, 2021, Quanta also acquired the following businesses: three businesses located in the United States that provide electric power construction and related services; a communications services business located in the United States that performs data center connection services; a business located in the United States that designs, develops and holds a certification for the manufacture of personal protective breathing equipment and related monitoring devices primarily used in the refining and petrochemical industries, including in connection with catalyst services; a business that provides turnaround and catalyst change-out services to the refining and petrochemical industries primarily in the United States and Canada; a business located in Canada that provides front-end land services for infrastructure development projects in Canada and the United States; a business located in the United States that primarily provides horizontal directional drilling services; and a communications services business located in the United States. The aggregate consideration for these acquisitions was $328.2 million paid or payable in cash and 187,093 shares of Quanta common stock, which had an aggregate fair value of $16.9 million as of the applicable acquisition dates. The results of the manufacturing business and the turnaround and catalyst change-out business are primarily included in the Underground Utility and Infrastructure Solutions segment and the results of the remaining businesses are primarily included in the Electric Power Infrastructure Solutions segment.",Item 8,Not disclosed,,0,significant_accounting_policies,17. DETAIL OF CERTAIN ACCOUNTS:,3,False,,"score=5,idx=9879,zone=13650",841,OK,
0001050915,PWR,2023,0001050915_PWR_FY2023_10K.html,,2024-01-31,"machinery, equipment, Office equipment, furniture and fixtures","Estimated Useful December 31, Lives in Years 2023 2022 Land N/A $ 102,839 $ 90,715 Buildings and leasehold improvements 5-30 456,004 396,003 Operating machinery, equipment and vehicles 1-25 3,069,882 2,726,546 Office equipment, furniture and fixtures and information technology systems 3-10 290,687 282,282 Construction work in progress N/A 73,018 84,446 Finance lease assets and lease financing transactions 5-20 165,923 101,385 Property and equipment, gross 4,158,353 3,681,377 Less — Accumulated depreciation and amortization (1,821,410) (1,650,913) Property and equipment, net of accumulated depreciation $ 2,336,943 $ 2,030,464",,,Yes,These pro forma combined historical results were adjusted for the following: a reduction of interest and other financing expenses as a result of the repayment of outstanding indebtedness of the acquired businesses; an increase in interest and other financing expenses as a result of the cash consideration paid and debt incurred by Quanta for the purpose of financing the acquisition of Blattner; an increase in amortization expense due to the intangible assets recorded; elimination of inter-company sales; changes in depreciation expense to adjust acquired property and equipment to the acquisition date fair value and to conform with Quanta’s accounting policies; an increase in the number of outstanding shares of Quanta common stock; and elimination of certain transaction costs incurred by Blattner and directly related to the acquisition of the business by Quanta.,"During the year ended December 31, 2021, Quanta also acquired the following businesses: three businesses located in the United States that provide electric power construction and related services; a communications services business located in the United States that performs data center connection services; a business located in the United States that designs, develops and holds a certification for the manufacture of personal protective breathing equipment and related monitoring devices primarily used in the refining and petrochemical industries, including in connection with catalyst services; a business that provides turnaround and catalyst change-out services to the refining and petrochemical industries primarily in the United States and Canada; a business located in Canada that provides front-end land services for infrastructure development projects in Canada and the United States; a business located in the United States that primarily provides horizontal directional drilling services; and a communications services business located in the United States. The aggregate consideration for these acquisitions was $328.2 million paid or payable in cash and 187,093 shares of Quanta common stock, which had an aggregate fair value of $16.9 million as of the applicable acquisition dates. The results of the manufacturing business and the turnaround and catalyst change-out business are primarily included in the Underground and Infrastructure segment and the results of the remaining businesses are primarily included in the Electric Power segment.",Item 8,Not disclosed,,0,significant_accounting_policies,17. DETAIL OF CERTAIN ACCOUNTS:,3,False,,"score=5,idx=9510,zone=12773",813,OK,
0001050915,PWR,2024,0001050915_PWR_FY2024_10K.html,,2025-03-31,"machinery, equipment, Office equipment, furniture and fixtures","Estimated Useful December 31, Lives in Years 2024 2023 Land N/A $ 134,590 $ 102,839 Buildings and leasehold improvements 5-30 514,888 456,004 Operating machinery, equipment and vehicles 1-25 3,347,871 3,069,882 Office equipment, furniture and fixtures and information technology systems 3-10 298,878 290,687 Construction work in progress N/A 125,676 73,018 Finance lease assets and lease financing transactions 5-20 239,806 165,923 Property and equipment, gross 4,661,709 4,158,353 Less — Accumulated depreciation and amortization (1,961,432) (1,821,410) Property and equipment, net of accumulated depreciation $ 2,700,277 $ 2,336,943",,,Yes,These pro forma combined historical results were adjusted for the following: a reduction of interest and other financing expenses as a result of the repayment of outstanding indebtedness of the acquired businesses; an increase in interest and other financing expenses as a result of the debt incurred by Quanta for the purpose of financing the acquisition of CEI and cash consideration paid for all acquired businesses; an increase in amortization expense due to the intangible assets recorded; elimination of inter-company sales; and changes in depreciation expense to adjust acquired property and equipment to the acquisition date fair value and to conform with Quanta’s accounting policies.,"Quanta Services, Inc. (together with its subsidiaries, Quanta) is a leading provider of comprehensive infrastructure solutions for the electric and gas utility, renewable energy, technology, communications, pipeline and energy industries in the United States, Canada, Australia and select other international markets. We provide engineering, procurement, construction, upgrade and repair and maintenance services for infrastructure within each of these industries, including electric power transmission and distribution networks; substation facilities; wind and solar generation and transmission and battery storage facilities; electrical systems for data center, commercial and industrial facilities; communications and cable multi-system operator networks; gas utility systems; pipeline transmission systems and facilities; and downstream industrial facilities.",Item 8,Not disclosed,,0,significant_accounting_policies,17. DETAIL OF CERTAIN ACCOUNTS:,3,False,,"score=5,idx=9491,zone=13356",832,OK,
0001056288,FHI,2013,0001056288_FHI_FY2013_10K.html,,,Not disclosed,Not disclosed,,,No,,Not disclosed,,Not disclosed,,0,unknown,,0,False,,"score=7,idx=3703,zone=9",4,OK,
0001056288,FHI,2014,0001056288_FHI_FY2014_10K.html,,,Not disclosed,Not disclosed,,,No,,Not disclosed,,Not disclosed,,0,unknown,,0,False,,"score=7,idx=14493,zone=20499",985,OK,
0001056288,FHI,2015,0001056288_FHI_FY2015_10K.html,,,Not disclosed,Not disclosed,,,Yes,"On April 15, 2015, the FASB issued ASU 2015-05, Intangibles - Goodwill and Other - Internal-Use Software (Subtopic 350-40): Customer's Accounting for Fees Paid in a Cloud Computing Arrangement. This update provides guidance about whether a cloud computing arrangement includes a software license. The update is effective for Federated on January 1, 2016. Management has elected the prospective adoption method and does not expect the update to have a material impact on Federated's Consolidated Financial Statements.",Not disclosed,,"(c) Accounting for Fees Paid in a Cloud Computing Arrangement ||| On April 15, 2015, the FASB issued ASU 2015-05, Intangibles - Goodwill and Other - Internal-Use Software (Subtopic 350-40): Customer's Accounting for Fees Paid in a Cloud Computing Arrangement. This update provides guidance about whether a cloud computing arrangement includes a software license. The update is effective for Federated on January 1, 2016. Management has elected the prospective adoption method and does not expect the update to have a material impact on Federated's Consolidated Financial Statements.",,0,unknown,,0,False,,"score=7,idx=14601,zone=19963",892,OK,
0001056288,FHI,2016,0001056288_FHI_FY2016_10K.html,,,Not disclosed,Not disclosed,,,No,,Not disclosed,,"Certain internal and external costs incurred in connection with developing or obtaining software for internal use, including software licenses in a cloud computing arrangement, are capitalized in accordance with the applicable accounting guidance relating to Intangibles - Goodwill and Other - Internal-Use Software. These capitalized costs are included in ||| (b) Accounting for Fees Paid in a Cloud Computing Arrangement ||| On January 1, 2016, Federated adopted ASU 2015-05, Intangibles - Goodwill and Other - Internal-Use Software (Subtopic 350-40): Customer's Accounting for Fees Paid in a Cloud Computing Arrangement. This update provides guidance about whether a cloud computing arrangement includes a software license. Management elected the prospective transition method and the adoption did not have a material impact on Federated's Consolidated Financial Statements.",,0,unknown,,0,False,,"score=7,idx=13487,zone=19602",945,OK,
0001056288,FHI,2017,0001056288_FHI_FY2017_10K.html,,,Not disclosed,Not disclosed,,,No,,Not disclosed,,"Certain internal and external costs incurred in connection with developing or obtaining software for internal use, including software licenses in a cloud computing arrangement, are capitalized in accordance with the applicable accounting guidance relating to Intangibles - Goodwill and Other - Internal-Use Software. These capitalized costs are included in",,0,unknown,,0,False,,"score=7,idx=12353,zone=18505",870,OK,
0001056288,FHI,2018,0001056288_FHI_FY2018_10K.html,,,Not disclosed,Not disclosed,,,Yes,"On August 29, 2018, the FASB issued ASU 2018-15, Intangibles-Goodwill and Other-Internal-Use Software (Subtopic 350-40): Customer's Accounting for Implementation Costs Incurred in a Cloud Computing Arrangement That Is a Service Contract (a consensus of the FASB Emerging Issues Task Force). The amendments in this update align the requirements for capitalizing implementation costs incurred in a hosting arrangement that is a service contract with the requirements for capitalizing implementation costs incurred to develop or obtain internal-use software (and hosting arrangements that include an internal-use software license). The update is effective for Federated on January 1, 2020, with early adoption permitted, and allows for either the prospective or retrospective adoption method. Management plans to elect the prospective adoption approach, which does not require the restatement of prior years. Management is currently evaluating the potential impact of adoption to Federated's Consolidated Financial Statements.",Not disclosed,,"Certain internal and external costs incurred in connection with developing or obtaining software for internal use, including software licenses in a cloud computing arrangement, are capitalized in accordance with the applicable accounting guidance relating to Intangibles - Goodwill and Other - Internal-Use Software. These capitalized costs are included in ||| (i) Accounting for Implementation Costs Incurred in a Cloud Computing Arrangement ||| On August 29, 2018, the FASB issued ASU 2018-15, Intangibles-Goodwill and Other-Internal-Use Software (Subtopic 350-40): Customer's Accounting for Implementation Costs Incurred in a Cloud Computing Arrangement That Is a Service Contract (a consensus of the FASB Emerging Issues Task Force). The amendments in this update align the requirements for capitalizing implementation costs incurred in a hosting arrangement that is a service contract with the requirements for capitalizing implementation costs incurred to develop or obtain internal-use software (and hosting arrangements that include an internal-use software license). The update is effective for Federated on January 1, 2020, with early adoption permitted, and allows for either the prospective or retrospective adoption method. Management plans to elect the prospective adoption approach, which does not require the restatement of prior years. Management is currently evaluating the potential impact of adoption to Federated's Consolidated Financial Statements.",,0,unknown,,0,False,,"score=7,idx=15508,zone=19360",1042,OK,
0001056288,FHI,2019,0001056288_FHI_FY2019_10K.html,,"December 31, 2019","software, typically","These capitalized costs are included in Property and Equipment, net on the Consolidated Balance Sheets and are amortized using the straight-line method over the estimated useful life of the software, typically four years , or over the term of the software license.",4.0,,Yes,"On August 29, 2018, the FASB issued ASU 2018-15, Intangibles-Goodwill and Other-Internal-Use Software (Subtopic 350-40): Customer's Accounting for Implementation Costs Incurred in a Cloud Computing Arrangement That Is a Service Contract (a consensus of the FASB Emerging Issues Task Force). The amendments in this update align the requirements for capitalizing implementation costs incurred in a hosting arrangement that is a service contract with the requirements for capitalizing implementation costs incurred to develop or obtain internal-use software (and hosting arrangements that include an internal-use software license). The update is effective for Federated on January 1, 2020, and allows for either the prospective or retrospective adoption method. Management plans to elect the prospective adoption approach, which does not require the restatement of prior years. The adoption will not have a material impact to Federated's Consolidated Financial Statements.",Not disclosed,,"Certain internal and external costs incurred in connection with developing or obtaining software for internal use, including software licenses in a cloud computing arrangement, are capitalized in accordance with the applicable accounting guidance ||| (e) Accounting for Implementation Costs Incurred in a Cloud Computing Arrangement ||| On August 29, 2018, the FASB issued ASU 2018-15, Intangibles-Goodwill and Other-Internal-Use Software (Subtopic 350-40): Customer's Accounting for Implementation Costs Incurred in a Cloud Computing Arrangement That Is a Service Contract (a consensus of the FASB Emerging Issues Task Force). The amendments in this update align the requirements for capitalizing implementation costs incurred in a hosting arrangement that is a service contract with the requirements for capitalizing implementation costs incurred to develop or obtain internal-use software (and hosting arrangements that include an internal-use software license). The update is effective for Federated on January 1, 2020, and allows for either the prospective or retrospective adoption method. Management plans to elect the prospective adoption approach, which does not require the restatement of prior years. The adoption will not have a material impact to Federated's Consolidated Financial Statements.",,0,item_8_other,,1,False,,"score=7,idx=17139,zone=20646",999,OK,
0001056288,FHI,2020,0001056288_FHI_FY2020_10K.html,,2021-02-12,"software, typically","These capitalized costs are included in Property and Equipment, net on the Consolidated Balance Sheets and are amortized using the straight-line method over the estimated useful life of the software, typically four years, or over the term of the software license.",4.0,,Yes,"On August 29, 2018, the FASB issued ASU 2018-15, Intangibles-Goodwill and Other-Internal-Use Software (Subtopic 350-40): Customer's Accounting for Implementation Costs Incurred in a Cloud Computing Arrangement That Is a Service Contract (a consensus of the FASB Emerging Issues Task Force). The amendments in this update align the requirements for capitalizing implementation costs incurred in a hosting arrangement that is a service contract with the requirements for capitalizing implementation costs incurred to develop or obtain internal-use software (and hosting arrangements that include an internal-use software license). Federated Hermes adopted this guidance on January 1, 2020 using the prospective adoption method, which did not require the restatement of prior years. The adoption did not have a material impact on Federated Hermes' Consolidated Financial Statements.",Not disclosed,,"Certain internal and external costs incurred in connection with developing or obtaining software for internal use, including software licenses in a cloud computing arrangement, are capitalized in accordance with the applicable accounting guidance relating to Intangibles - Goodwill and Other - Internal-Use Software. These capitalized costs are included in Property and Equipment, net on the Consolidated Balance Sheets and are amortized using the straight-line method over the estimated useful life of the software, typically four years, or over the term of the software license. These assets are subject to the impairment test used for property and equipment described above. ||| (c) Accounting for Implementation Costs Incurred in a Cloud Computing Arrangement ||| On August 29, 2018, the FASB issued ASU 2018-15, Intangibles-Goodwill and Other-Internal-Use Software (Subtopic 350-40): Customer's Accounting for Implementation Costs Incurred in a Cloud Computing Arrangement That Is a Service Contract (a consensus of the FASB Emerging Issues Task Force). The amendments in this update align the requirements for capitalizing implementation costs incurred in a hosting arrangement that is a service contract with the requirements for capitalizing implementation costs incurred to develop or obtain internal-use software (and hosting arrangements that include an internal-use software license). Federated Hermes adopted this guidance on January 1, 2020 using the prospective adoption method, which did not require the restatement of prior years. The adoption did not have a material impact on Federated Hermes' Consolidated Financial Statements.",,0,item_8_other,,1,False,,"score=5,idx=10600,zone=11540",575,OK,
0001056288,FHI,2021,0001056288_FHI_FY2021_10K.html,,2022-03-14,"software, typically","These capitalized costs are included in Property and Equipment, net on the Consolidated Balance Sheets and are amortized using the straight-line method over the estimated useful life of the software, typically four years, or over the term of the software license.",4.0,,No,,Not disclosed,,"Certain internal and external costs incurred in connection with developing or obtaining software for internal use, including software licenses in a cloud computing arrangement, are capitalized in accordance with the applicable accounting guidance relating to Intangibles - Goodwill and Other - Internal-Use Software. These capitalized costs are included in Property and Equipment, net on the Consolidated Balance Sheets and are amortized using the straight-line method over the estimated useful life of the software, typically four years, or over the term of the software license. These assets are subject to the impairment test used for property and equipment described above.",,0,item_8_other,,1,False,,"score=5,idx=9630,zone=10059",540,OK,
0001056288,FHI,2022,0001056288_FHI_FY2022_10K.html,,2023-02-15,"software, typically","These capitalized costs are included in Property and Equipment, net on the Consolidated Balance Sheets and are amortized using the straight-line method over the estimated useful life of the software, typically four years, or over the term of the software license.",4.0,,No,,Not disclosed,,"Certain internal and external costs incurred in connection with developing or obtaining software for internal use, including software licenses in a cloud computing arrangement, are capitalized in accordance with the applicable accounting guidance relating to Intangibles - Goodwill and Other - Internal-Use Software. These capitalized costs are included in Property and Equipment, net on the Consolidated Balance Sheets and are amortized using the straight-line method over the estimated useful life of the software, typically four years, or over the term of the software license. These assets are subject to the impairment test used for property and equipment described above.",B100,1,item_8_other,,1,False,,"score=5,idx=9496,zone=10211",541,OK,
0001056288,FHI,2023,0001056288_FHI_FY2023_10K.html,,2024-02-15,"software, typically","These capitalized costs are included in Property and Equipment, net on the Consolidated Balance Sheets and are amortized using the straight-line method over the estimated useful life of the software, typically four years, or over the term of the software license.",4.0,,No,,Not disclosed,,"Certain internal and external costs incurred in connection with developing or obtaining software for internal use, including software licenses in a cloud computing arrangement, are capitalized in accordance with the applicable accounting guidance relating to Intangibles - Goodwill and Other - Internal-Use Software. These capitalized costs are included in Property and Equipment, net on the Consolidated Balance Sheets and are amortized using the straight-line method over the estimated useful life of the software, typically four years, or over the term of the software license. These assets are subject to the impairment test used for property and equipment described above.",,0,item_8_other,,1,False,,"score=5,idx=9374,zone=10253",557,OK,
0001056288,FHI,2024,0001056288_FHI_FY2024_10K.html,,2025-02-14,"software, typically","These capitalized costs are included in Property and Equipment, net on the Consolidated Balance Sheets and are amortized using the straight-line method over the estimated useful life of the software, typically four years, or over the term of the software license.",4.0,,No,,Not disclosed,,"Certain internal and external costs incurred in connection with developing or obtaining software for internal use, including software licenses in a cloud computing arrangement, are capitalized in accordance with the applicable accounting guidance relating to Intangibles – Goodwill and Other – Internal-Use Software. These capitalized costs are included in Property and Equipment, net on the Consolidated Balance Sheets and are amortized using the straight-line method over the estimated useful life of the software, typically four years, or over the term of the software license. These assets are subject to the impairment test used for property and equipment described above.",,0,item_8_other,,1,False,,"score=5,idx=9300,zone=9990",528,OK,
0001067701,URI,2013,0001067701_URI_FY2013_10K.html,,,equipment,"First Quarter Second Quarter Third Quarter Fourth Quarter Full Year For the year ended December 31, 2013: RSC merger related costs (4) $ (0.03 ) $ (0.01 ) $ — $ — $ (0.05 ) RSC merger related intangible asset amortization (5) (0.24 ) (0.24 ) (0.23 ) (0.24 ) (0.94 ) Impact on depreciation related to acquired RSC fleet and property and equipment (6) 0.01 0.01 0.01 0.01 0.04 Impact of the fair value mark-up of acquired RSC fleet and inventory (7) (0.08 ) (0.07 ) (0.05 ) (0.06 ) (0.25 ) Impact on interest expense related to fair value adjustment of acquired RSC indebtedness (9) 0.01 0.01 0.01 0.01 0.04 Restructuring charge (10) (0.04 ) (0.03 ) (0.01 ) — (0.07 ) Asset impairment charge (11) (0.01 ) (0.01 ) — — (0.02 ) Loss on extinguishment of debt securities, including subordinated convertible debentures (0.01 ) — (0.01 ) — (0.02 ) For the year ended December 31, 2012: RSC merger related costs (4) $ (0.09 ) $ (0.60 ) $ (0.05 ) $ (0.08 ) $ (0.72 ) RSC merger related intangible asset amortization (5) — (0.21 ) (0.25 ) (0.25 ) (0.74 ) Impact on depreciation related to acquired RSC fleet and property and equipment (6) — 0.02 0.02 — 0.03 Impact of the fair value mark-up of acquired RSC fleet and inventory (7) — (0.05 ) (0.09 ) (0.09 ) (0.24 ) Pre-close RSC merger related interest expense (8) (0.10 ) (0.12 ) — — (0.19 ) Impact on interest expense related to fair value adjustment of acquired RSC indebtedness (9) — 0.01 0.01 0.01 0.03 Restructuring charge (10) — (0.39 ) (0.23 ) (0.03 ) (0.64 ) Asset impairment charge (11) — (0.02 ) (0.06 ) (0.01 ) (0.10 ) Loss on extinguishment of debt securities, including subordinated convertible debentures — — — (0.41 ) (0.45 ) Gain on sale of software subsidiary (12) — 0.07 — (0.01 ) 0.05",,,Yes,") Depreciation of rental equipment and non-rental depreciation were adjusted for the fair value mark-ups of equipment acquired in the RSC acquisition, the impact of which was offset by the impact of extending the useful lives of such equipment.",Not disclosed,,Not disclosed,,0,ppe_note,11. Fair Value Measurements,3,False,,"score=3,idx=13188,zone=35254",1104,OK,
0001067701,URI,2014,0001067701_URI_FY2014_10K.html,,,equipment,"Cost of equipment rentals, excluding depreciation (2), (3)",,,Yes,(1) Depreciation of rental equipment and non-rental depreciation were adjusted for the fair value mark-ups of equipment acquired in the National Pump acquisition. The useful lives assigned to such equipment didn’t change significantly from the lives historically used by National Pump.,Not disclosed,,Not disclosed,,0,ppe_note,10. Derivatives,3,False,,"score=3,idx=13183,zone=34774",1100,OK,
0001067701,URI,2015,0001067701_URI_FY2015_10K.html,,,equipment,"Cost of equipment rentals, excluding depreciation (2), (3)",,,Yes,(1) Depreciation of rental equipment and non-rental depreciation were adjusted for the fair value mark-ups of equipment acquired in the National Pump acquisition. The useful lives assigned to such equipment didn’t change significantly from the lives historically used by National Pump.,Not disclosed,,Not disclosed,,0,ppe_note,10. Derivatives,3,False,,"score=3,idx=12529,zone=33947",990,OK,
0001067701,URI,2016,0001067701_URI_FY2016_10K.html,,,Not disclosed,Not disclosed,,,Unclear,"In June 2016, the FASB issued guidance that will require companies to present assets held at amortized cost and available for sale debt securities net of the amount expected to be collected. The guidance requires the measurement of expected credit losses to be based on relevant information from past events, including historical experiences, current conditions and reasonable and supportable forecasts that affect collectibility. The new guidance will be effective for fiscal years and interim periods beginning after December 15, 2019 and early adoption is permitted for fiscal years beginning after December 15, 2018, including interim periods within those fiscal years. Different components of the guidance require modified retrospective and/or prospective adoption. We are currently assessing whether we will early adopt, and the impact on our financial statements is not currently estimable.",Not disclosed,,Not disclosed,,0,unknown,,0,False,,"score=3,idx=12419,zone=32194",862,OK,
0001067701,URI,2017,0001067701_URI_FY2017_10K.html,,,Not disclosed,Not disclosed,,,Unclear,"In June 2016, the FASB issued guidance that will require companies to present assets held at amortized cost and available for sale debt securities net of the amount expected to be collected. The guidance requires the measurement of expected credit losses to be based on relevant information from past events, including historical experiences, current conditions and reasonable and supportable forecasts that affect collectibility. The guidance will be effective for fiscal years and interim periods beginning after December 15, 2019 and early adoption is permitted for fiscal years beginning after December 15, 2018, including interim periods within those fiscal years. Different components of the guidance require modified retrospective or prospective adoption. We are currently assessing whether we will early adopt, and the impact on our financial statements is not currently estimable as it will depend on market conditions and our forecast expectations upon, and following, adoption.",Not disclosed,,Not disclosed,,0,unknown,,0,False,,"score=3,idx=12820,zone=34738",1048,OK,
0001067701,URI,2018,0001067701_URI_FY2018_10K.html,,2018-12-31,Not disclosed,Not disclosed,,,Yes,"This reflects the impact of extending the useful lives of equipment acquired in the RSC, NES, Neff, BakerCorp and BlueLine acquisitions, net of the impact of additional depreciation associated with the fair value mark-up of such equipment.",Not disclosed,,Not disclosed,,0,unknown,,0,False,,"score=3,idx=18628,zone=38306",1124,OK,
0001067701,URI,2019,0001067701_URI_FY2019_10K.html,,"DECEMBER 31, 2019",Not disclosed,Not disclosed,,,Yes,"This reflects the impact of extending the useful lives of equipment acquired in the RSC, NES, Neff, BakerCorp and BlueLine acquisitions, net of the impact of additional depreciation associated with the fair value mark-up of such equipment.",Not disclosed,,Not disclosed,,0,unknown,,0,False,,"score=3,idx=18124,zone=36888",1080,OK,
0001067701,URI,2020,0001067701_URI_FY2020_10K.html,,2020-12-31,equipment,Property and equipment are recorded at cost and depreciated over their estimated useful lives using the straight-line method. The range of estimated useful lives for property and equipment is two to 39 years.,2.0,39.0,Yes,"(5) This reflects the impact of extending the useful lives of equipment acquired in the RSC, NES, Neff, BakerCorp and BlueLine acquisitions, net of the impact of additional depreciation associated with the fair value mark-up of such equipment.",Not disclosed,,Not disclosed,,0,significant_accounting_policies,2. Summary of Significant Accounting Policies,3,False,,"score=2,idx=10959,zone=11748",738,OK,
0001067701,URI,2021,0001067701_URI_FY2021_10K.html,,2021-12-31,equipment,Property and equipment are recorded at cost and depreciated over their estimated useful lives using the straight-line method. The range of estimated useful lives for property and equipment is two to 39 years.,2.0,39.0,Yes,"(1) Depreciation of rental equipment and non-rental depreciation were adjusted for the fair value mark-ups, and the changes in useful lives and salvage values, of the equipment acquired in the General Finance acquisition.",Not disclosed,,Not disclosed,B100,1,significant_accounting_policies,2. Summary of Significant Accounting Policies,3,False,,"score=2,idx=10014,zone=12574",760,OK,
0001067701,URI,2022,0001067701_URI_FY2022_10K.html,,2023-01-25,equipment,Property and equipment are recorded at cost and depreciated over their estimated useful lives using the straight-line method. The range of estimated useful lives for property and equipment is three to 40 years.,3.0,40.0,Yes,"(1) Depreciation of rental equipment and non-rental depreciation were adjusted for the fair value mark-ups, and the changes in useful lives and salvage values, of the equipment acquired in the General Finance acquisition.",Not disclosed,,Not disclosed,,0,significant_accounting_policies,2. Summary of Significant Accounting Policies,3,False,,"score=2,idx=10001,zone=12166",755,OK,
0001067701,URI,2023,0001067701_URI_FY2023_10K.html,,2023-12-31,equipment,Property and equipment are recorded at cost and depreciated over their estimated useful lives using the straight-line method. The range of estimated useful lives for property and equipment is three to 40 years.,3.0,40.0,Yes,"(1) Depreciation of rental equipment and non-rental depreciation were adjusted for the fair value mark-ups, and the changes in useful lives and salvage values, of the equipment acquired in the Ahern Rentals acquisition.",Not disclosed,,Not disclosed,,0,significant_accounting_policies,2. Summary of Significant Accounting Policies,3,False,,"score=2,idx=9929,zone=12062",746,OK,
0001067701,URI,2024,0001067701_URI_FY2024_10K.html,,2025-03-31,equipment,Property and equipment are recorded at cost and depreciated over their estimated useful lives using the straight-line method. The range of estimated useful lives for property and equipment is three to 40 years.,3.0,40.0,Yes,(3) Depreciation of rental equipment and non-rental depreciation were adjusted for the fair value mark-ups of the equipment acquired in the Yak acquisition. There were no material changes to the useful lives and salvage values of the acquired equipment.,Not disclosed,,Not disclosed,,0,significant_accounting_policies,2. Summary of Significant Accounting Policies,3,False,,"score=2,idx=10437,zone=12407",771,OK,
0001128361,HOPE,2013,0001128361_HOPE_FY2013_10K.html,,,Not disclosed,Not disclosed,,,No,,Not disclosed,,Not disclosed,,0,unknown,,0,False,,"score=3,idx=29479,zone=51",12,OK,
0001128361,HOPE,2014,0001128361_HOPE_FY2014_10K.html,,"December 31, 2014",Not disclosed,Not disclosed,,,No,,Not disclosed,,Not disclosed,,0,unknown,,0,False,,"score=3,idx=29143,zone=36",12,OK,
0001128361,HOPE,2015,0001128361_HOPE_FY2015_10K.html,,"December 31, 2015",Not disclosed,Not disclosed,,,No,,Not disclosed,,Not disclosed,,0,unknown,,0,False,,"score=3,idx=29618,zone=36",12,OK,
0001128361,HOPE,2016,0001128361_HOPE_FY2016_10K.html,,"December 31, 2016",Not disclosed,Not disclosed,,,No,,Not disclosed,,Not disclosed,,0,unknown,,0,False,,"score=3,idx=31748,zone=37",12,OK,
0001128361,HOPE,2017,0001128361_HOPE_FY2017_10K.html,,"December 31, 2017",Not disclosed,Not disclosed,,,No,,Not disclosed,,Not disclosed,,0,unknown,,0,False,,"score=3,idx=28664,zone=39",13,OK,
0001128361,HOPE,2018,0001128361_HOPE_FY2018_10K.html,,"December 31, 2018",Not disclosed,Not disclosed,,,No,,Not disclosed,,Not disclosed,,0,unknown,,0,False,,"score=3,idx=28679,zone=39",13,OK,
0001128361,HOPE,2019,0001128361_HOPE_FY2019_10K.html,,2020-01-01,Not disclosed,Not disclosed,,,No,,Not disclosed,,Not disclosed,,0,unknown,,0,False,,"score=3,idx=40052,zone=39",13,OK,
0001128361,HOPE,2020,0001128361_HOPE_FY2020_10K.html,,2020-12-31,Not disclosed,Not disclosed,,,No,,Not disclosed,,Not disclosed,,0,unknown,,0,False,,"score=2,idx=22558,zone=66",13,OK,
0001128361,HOPE,2021,0001128361_HOPE_FY2021_10K.html,,2021-12-31,Not disclosed,Not disclosed,,,No,,Not disclosed,,Not disclosed,,0,unknown,,0,False,,"score=2,idx=24063,zone=39",14,OK,
0001128361,HOPE,2022,0001128361_HOPE_FY2022_10K.html,,2022-12-31,Not disclosed,Not disclosed,,,No,,Not disclosed,,Not disclosed,A100,1,unknown,,0,False,,"score=2,idx=24289,zone=73",17,OK,
0001128361,HOPE,2023,0001128361_HOPE_FY2023_10K.html,,2023-12-31,Not disclosed,Not disclosed,,,No,,Not disclosed,,Not disclosed,,0,unknown,,0,False,,"score=2,idx=22253,zone=72",17,OK,
0001128361,HOPE,2024,0001128361_HOPE_FY2024_10K.html,,2024-12-31,Not disclosed,Not disclosed,,,No,,Not disclosed,,Not disclosed,,0,unknown,,0,False,,"score=2,idx=23273,zone=53",17,OK,
0001748790,AMCR,2019,0001748790_AMCR_FY2019_10K.html,,"June 30, 2020",equipment,"Restructuring Costs: Restructuring costs are recognized when the liability is incurred. The Company calculates severance obligations based on its standard customary practices. Accordingly, the Company records provisions for severance when probable and estimable and the Company has committed to the restructuring plan. In the absence of a standard customary practice or established local practice, liabilities for severance are recognized when incurred. If fixed assets are to be disposed of as a result of the Company’s restructuring efforts, the assets are written off when the Company commits to dispose of them and they are no longer in use. Depreciation is accelerated on fixed assets for the period of time the asset continues to be used until the asset ceases to be used. Other restructuring costs, including costs to relocate equipment, are generally recorded as the cost is incurred or the service is provided.",,,Unclear,increase the useful lives or capacity of existing PP&E. Cost of constructed assets includes capitalized interest incurred during the construction period. Maintenance and repairs that do not improve efficiency or extend economic life are expensed as incurred.,Not disclosed,,Not disclosed,,0,significant_accounting_policies,Note 2 - Significant Accounting Policies,3,False,,"score=4,idx=10227,zone=35138",1152,OK,
0001748790,AMCR,2020,0001748790_AMCR_FY2020_10K.html,,"June 30, 2020",equipment,"practice or established local practice, liabilities for severance are recognized when incurred. If fixed assets are to be disposed of as a result of the Company’s restructuring efforts, the assets are written off when the Company commits to dispose of them and they are no longer in use. Depreciation is accelerated on fixed assets for the period of time the asset continues to be used until the asset ceases to be used. Other restructuring costs, including costs to relocate equipment, are generally recorded as the cost is incurred or the service is provided. See Note 6, ""Restructuring Plans,"" for more information on the Company’s restructuring plans.",,,Yes,"Property, Plant and Equipment, Net: Property, plant and equipment (""PP&E""), net is carried at cost less accumulated depreciation and impairment and includes expenditures for new facilities and equipment and those costs which substantially increase the useful lives or capacity of existing PP&E.",Not disclosed,,Not disclosed,,0,significant_accounting_policies,Note 2 - Significant Accounting Policies,3,False,,"score=2,idx=12168,zone=21508",1055,OK,
0001748790,AMCR,2021,0001748790_AMCR_FY2021_10K.html,,2021-08-17,equipment,"Restructuring Costs: Restructuring costs are recognized when the liability is incurred. The Company calculates severance obligations based on its standard customary practices. Accordingly, the Company records provisions for severance when probable and estimable and the Company has committed to the restructuring plan. In the absence of a standard customary practice or established local practice, liabilities for severance are recognized when incurred. If fixed assets are to be disposed of as a result of the Company’s restructuring efforts, the assets are written off when the Company commits to dispose of them and they are no longer in use. Depreciation is accelerated on fixed assets for the period of time the asset continues to be used until the asset ceases to be used. Other restructuring costs, including costs to relocate equipment, are generally recorded as the cost is",,,Yes,"Property, Plant, and Equipment, Net: Property, plant, and equipment (""PP&E""), net is carried at cost less accumulated depreciation and impairment and includes expenditures for new facilities and equipment and those costs which substantially increase the useful lives or capacity of existing PP&E.",Not disclosed,,Not disclosed,,0,significant_accounting_policies,Note 2 - Significant Accounting Policies Basis of Presentation and Principles of Consolidation:,3,False,,"score=2,idx=11073,zone=18828",954,OK,
0001748790,AMCR,2022,0001748790_AMCR_FY2022_10K.html,,2022-08-17,equipment,"Restructuring Costs: Restructuring costs are recognized when the liability is incurred. The Company calculates severance obligations based on its standard customary practices. Accordingly, the Company records provisions for severance when probable and estimable and the Company has committed to the restructuring plan. In the absence of a standard customary practice or established local practice, liabilities for severance are recognized when incurred. If fixed assets become impaired as a result of the Company’s restructuring efforts, these assets are written down to their fair value less costs to sell, as the Company commits to dispose of them and they are no longer in use. Depreciation is accelerated on fixed assets for the period of time the asset continues to be used until the asset ceases to be used. Other restructuring costs, including costs to relocate equipment, are generally recorded as the cost is incurred or the service is provided. See Note 7, ""Restructuring,"" for more information on the Company’s restructuring plans.",,,Yes,"Property, Plant, and Equipment, Net (""PP&E""): PP&E is carried at cost less accumulated depreciation and impairment and includes expenditures for new facilities and equipment and those costs which substantially increase the useful lives or capacity of existing PP&E.",Not disclosed,,Not disclosed,,0,significant_accounting_policies,Note 2 - Significant Accounting Policies Basis of Presentation and Principles of Consolidation:,3,False,,"score=2,idx=10927,zone=18567",943,OK,
0001748790,AMCR,2023,0001748790_AMCR_FY2023_10K.html,,2023-08-16,equipment,"Restructuring Costs: Restructuring costs are recognized when the liability is incurred. The Company calculates severance obligations based on its standard customary practices. Accordingly, the Company records provisions for severance when payments are probable and estimable and when the Company has committed to the restructuring plan. In the absence of a standard customary practice or established local practice, liabilities for severance are recognized when incurred. If fixed assets become impaired as a result of the Company’s restructuring efforts, these assets are written down to their fair value less costs to sell, as the Company commits to dispose of them, and they are no longer in use. Depreciation is accelerated on fixed assets for the period of time the asset continues to be used until the asset ceases to be used. Other restructuring costs, including costs to relocate equipment, are generally recorded as the cost is incurred or the service is provided. See Note 7, ""Restructuring,"" for more information on the Company’s restructuring plans.",,,Yes,"Property, Plant, and Equipment, Net (""PP&E""): PP&E is carried at cost less accumulated depreciation and impairment and includes expenditures for new facilities and equipment, as well as costs that substantially increase the useful lives or capacity of existing PP&E.",Not disclosed,,Not disclosed,,0,significant_accounting_policies,Note 2 - Significant Accounting Policies Basis of Presentation and Principles of Consolidation:,3,False,,"score=2,idx=10767,zone=18291",963,OK,
0001748790,AMCR,2024,0001748790_AMCR_FY2024_10K.html,,2024-12-31,equipment,"Restructuring Costs: Restructuring costs are recognized when the liability is incurred. The Company calculates severance obligations based on its standard customary practices. Accordingly, the Company records provisions for severance when payments are probable and estimable and when the Company has committed to the restructuring plan. In the absence of a standard customary practice or established local practice, liabilities for severance are recognized when incurred. If fixed assets become impaired as a result of the Company’s restructuring efforts, these assets are written down to their fair value less costs to sell, as the Company commits to dispose of them, and they are no longer in use. Depreciation is accelerated on fixed assets for the period of time the asset continues to be used until the asset ceases to be used. Other restructuring costs, including costs to relocate equipment, are generally recorded as the cost is incurred or the service is provided. See Note 6, ""Restructuring,"" for more information on the Company’s restructuring plans.",,,Yes,"Property, Plant, and Equipment, Net (""PP&E""): PP&E is carried at cost less accumulated depreciation and impairment and includes expenditures for new facilities and equipment, as well as costs that substantially increase the useful lives or capacity of existing PP&E.",Not disclosed,,Not disclosed,,0,significant_accounting_policies,Note 2 - Significant Accounting Policies Basis of Presentation and Principles of Consolidation:,3,False,,"score=2,idx=10855,zone=17777",887,OK,
0001808665,ASRT,2020,0001808665_ASRT_FY2020_10K.html,,2021-02-12,equipment,"Property and equipment are stated at cost, less accumulated depreciation and amortization.",,,No,,Not disclosed,,"In August 2018, the FASB issued ASU No. 2018-15, Accounting for Cloud Computing Arrangements (Subtopic 350-40), which provides new guidance on the accounting for implementation, set-up, and other upfront costs incurred in a hosted cloud computing arrangement. Under the new guidance, entities will apply the same criteria for capitalizing implementation costs as they would for an internal-use software license arrangement. Effective January 1, 2020, the Company adopted the standard using the prospective approach to eligible costs incurred on or after the date of adoption. The adoption of this guidance did not have a material impact on the Company’s condensed consolidated financial statements. ||| Accounting for Cloud Computing Arrangements ||| (Subtopic 350-40), which provides new guidance on the accounting for implementation, set-up, and other upfront costs incurred in a hosted cloud computing arrangement. Under the new guidance, entities will apply the same criteria for capitalizing implementation costs as they would for an internal-use software license arrangement. Effective January 1, 2020, the Company adopted the standard using the prospective approach to eligible costs incurred on or after the date of adoption. The adoption of this guidance did not have a material impact on the Company’s condensed consolidated financial statements.",B200,1,significant_accounting_policies,NOTE 1. ORGANIZATION AND SUMMARY OF SIGNIFICANT ACCOUNTING POLICIES,3,False,,"score=5,idx=8723,zone=11076",870,OK,
0001808665,ASRT,2021,0001808665_ASRT_FY2021_10K.html,,2022-12-15,equipment,"Property and equipment are stated at cost, less accumulated depreciation and amortization.",,,No,,Not disclosed,,"In August 2018, the FASB issued ASU No. 2018-15, Accounting for Cloud Computing Arrangements (Subtopic 350-40), which provides new guidance on the accounting for implementation, set-up, and other upfront costs incurred in a hosted cloud computing arrangement. Under the new guidance, entities will apply the same criteria for capitalizing implementation costs as they would for an internal-use software license arrangement. Effective January 1, 2020, the Company adopted the standard using the prospective approach to eligible costs incurred on or after the date of adoption. The adoption of this guidance did not have a material impact on the Company’s consolidated financial statements. ||| Accounting for Cloud Computing Arrangements ||| (Subtopic 350-40), which provides new guidance on the accounting for implementation, set-up, and other upfront costs incurred in a hosted cloud computing arrangement. Under the new guidance, entities will apply the same criteria for capitalizing implementation costs as they would for an internal-use software license arrangement. Effective January 1, 2020, the Company adopted the standard using the prospective approach to eligible costs incurred on or after the date of adoption. The adoption of this guidance did not have a material impact on the Company’s consolidated financial statements.",,0,significant_accounting_policies,NOTE 1. ORGANIZATION AND SUMMARY OF SIGNIFICANT ACCOUNTING POLICIES,3,False,,"score=5,idx=7799,zone=9979",799,OK,
0001808665,ASRT,2022,0001808665_ASRT_FY2022_10K.html,,"DECEMBER 31, 2022",equipment,"Property and equipment are stated at cost, less accumulated depreciation and amortization.",,,No,,Not disclosed,,Not disclosed,A100,1,significant_accounting_policies,NOTE 1. ORGANIZATION AND SUMMARY OF SIGNIFICANT ACCOUNTING POLICIES,3,False,,"score=5,idx=7694,zone=8271",657,OK,
0001808665,ASRT,2023,0001808665_ASRT_FY2023_10K.html,,"DECEMBER 31, 2023",equipment,"Property and equipment are stated at cost, less accumulated depreciation and amortization.",,,Unclear,"impairment loss for these asset groups of approximately $36.0 million and $4.8 million, respectively. These impairment charges are classified within Loss on impairment of intangible assets in the Consolidated Statement of Comprehensive (Loss) Income. The fair values of the asset groups were determined using an income approach and used Level 3 inputs, which included estimates of forecasted cash flows for each product. In addition, the Company revised the remaining useful life of the INDOCIN product rights intangible asset to 2.0 years as of December 31, 2023, which management believes better reflects the period over which the Company will consume the economic benefit of the intangible asset. The impact of this change in estimate is reflected in expected future annual amortization expense disclosed below.",Not disclosed,,Not disclosed,,0,significant_accounting_policies,Note 2,3,False,,"score=5,idx=8224,zone=9340",781,OK,
0001808665,ASRT,2024,0001808665_ASRT_FY2024_10K.html,,"DECEMBER 31, 2024",equipment,"Property and equipment are stated at cost, less accumulated depreciation and amortization.",,,Unclear,"Effective April 1, 2024, the Company revised the remaining estimated useful life of the INDOCIN product rights intangible asset to 1.3 years, which the Company believes better reflects the realization of the economic benefit of the intangible asset. The impact of this change in estimate is reflected in the Company’s expected future amortization expense disclosed below.",Not disclosed,,Not disclosed,,0,significant_accounting_policies,NOTE 1. ORGANIZATION AND SUMMARY OF SIGNIFICANT ACCOUNTING POLICIES,3,False,,"score=5,idx=7604,zone=9100",763,OK,
