firm_cik,firm_ticker,fiscal_year,filename,filing_date,period_end_date,asset_category,useful_life_text,useful_life_min_years,useful_life_max_years,policy_change,policy_change_text,ai_infra_text,ai_infra_source,segment_ai_text,hardware_mentions,hardware_count,source_section,section_title,confidence,ambiguity_flag,ambiguity_detail,item8_method,item8_segment_count,extraction_status,error_message
0000064803,CVS,2013,0000064803_CVS_FY2013_10K.html,,"December 31, 2013",Not disclosed,Not disclosed,,,No,,Not disclosed,,Not disclosed,,0,unknown,,0,False,,"score=4,idx=9056,zone=9",2,OK,
0000064803,CVS,2014,0000064803_CVS_FY2014_10K.html,,"December 31, 2014",Not disclosed,Not disclosed,,,No,,Not disclosed,,Not disclosed,,0,unknown,,0,False,,"score=4,idx=9144,zone=9",2,OK,
0000064803,CVS,2015,0000064803_CVS_FY2015_10K.html,,"December 31, 2015",Not disclosed,Not disclosed,,,No,,Not disclosed,,Not disclosed,,0,unknown,,0,False,,"score=4,idx=10780,zone=9",2,OK,
0000064803,CVS,2016,0000064803_CVS_FY2016_10K.html,,"December 31, 2016",Not disclosed,Not disclosed,,,No,,Not disclosed,,Not disclosed,,0,unknown,,0,False,,"score=4,idx=11079,zone=12",3,OK,
0000064803,CVS,2017,0000064803_CVS_FY2017_10K.html,,"December 31, 2017",Not disclosed,Not disclosed,,,No,,Not disclosed,,Not disclosed,,0,unknown,,0,False,,"score=4,idx=9378,zone=9",2,OK,
0000064803,CVS,2018,0000064803_CVS_FY2018_10K.html,,"December 31, 2018",Not disclosed,Not disclosed,,,No,,Not disclosed,,Not disclosed,,0,unknown,,0,False,,"score=4,idx=5933,zone=12",2,OK,
0000064803,CVS,2019,0000064803_CVS_FY2019_10K.html,,2019-12-31,"buildings, building improvements and leasehold improvements","Property and equipment is reported at historical cost, net of accumulated depreciation. Property, equipment and improvements to leased premises are depreciated using the straight-line method over the estimated useful lives of the assets, or when applicable, the term of the lease, whichever is shorter. Estimated useful lives generally range from 1 to 40 years for buildings, building improvements and leasehold improvements and 3 to 10 years for fixtures, equipment and internally developed software. Application development stage costs for significant internally developed software projects are capitalized and depreciated.",3.0,10.0,Yes,Additional depreciation expense related to the adjustment of Aetna’s property and equipment to fair value;,Not disclosed,,"Customer’s Accounting for Implementation Costs Incurred in a Cloud Computing Arrangement that is a Service Contract ||| In August 2018, the FASB issued ASU 2018-15, Intangibles - Goodwill and other - Internal-Use Software (Topic 350-40): Customer’s Accounting for Implementation Costs Incurred in a Cloud Computing Arrangement that is a Service Contract. This standard requires a customer in a cloud computing arrangement that is a service contract to follow the internal-use software guidance in Topic 350-40 to determine which implementation costs to capitalize as assets. The Company adopted this new ||| Customer’s Accounting for Implementation Costs Incurred in a Cloud Computing Arrangement that is a Service Contract.",,0,significant_accounting_policies,Note 4 ‘‘Fair Value’’,3,False,,"score=4,idx=28074,zone=42020",1691,OK,
0000064803,CVS,2020,0000064803_CVS_FY2020_10K.html,,2020-12-31,equipment,"In millions 2020 2019 Land $ 2,134 $ 1,981 Building and improvements 3,950 3,541 Fixtures and equipment 13,125 12,401 Leasehold improvements 6,077 5,611 Software 6,020 5,400 Total property and equipment 31,306 28,934 Accumulated depreciation and amortization (18,700) (16,890) Property and equipment, net $ 12,606 $ 12,044",,,Yes,• Additional depreciation expense related to the adjustment of Aetna’s property and equipment to fair value;,Not disclosed,,"Customer’s Accounting for Implementation Costs Incurred in a Cloud Computing Arrangement that is a Service Contract ||| In August 2018, the FASB issued ASU 2018-15, Intangibles - Goodwill and other - Internal-Use Software (Topic 350-40): Customer’s Accounting for Implementation Costs Incurred in a Cloud Computing Arrangement that is a Service Contract. This standard requires a customer in a cloud computing arrangement that is a service contract to follow the internal-use software guidance in Topic 350-40 to determine which implementation costs to capitalize as assets. The Company adopted this new accounting guidance on January 1, 2020 on a prospective basis. The adoption of this standard did not have a material impact on the Company’s consolidated operating results, cash flows, financial condition or related disclosures. ||| Customer’s Accounting for Implementation Costs Incurred in a Cloud Computing Arrangement that is a Service Contract.",B100;B200,2,significant_accounting_policies,1. Significant Accounting Policies,3,False,,"score=2,idx=20183,zone=20882",1240,OK,
0000064803,CVS,2021,0000064803_CVS_FY2021_10K.html,,2021-12-31,"buildings, building improvements and leasehold improvements","Property and equipment is reported at historical cost, net of accumulated depreciation. Property, equipment and improvements to leased premises are depreciated using the straight-line method over the estimated useful lives of the assets, or when applicable, the term of the lease, whichever is shorter. Estimated useful lives generally range from 1 to 40 years for buildings, building improvements and leasehold improvements and 3 to 10 years for fixtures, equipment and internally developed software.",3.0,10.0,No,,Not disclosed,,Not disclosed,A100,1,significant_accounting_policies,1. Significant Accounting Policies,3,False,,"score=2,idx=20305,zone=20595",1150,OK,
0000064803,CVS,2022,0000064803_CVS_FY2022_10K.html,,2023-02-07,"fixtures, equipment and internally developed software","building improvements and leasehold improvements and 3 to 10 years for fixtures, equipment and internally developed software. Application development stage costs for significant internally developed software projects are capitalized and depreciated.",3.0,10.0,No,,Not disclosed,,Not disclosed,A100,1,significant_accounting_policies,1. Significant Accounting Policies,3,False,,"score=2,idx=20812,zone=21283",1218,OK,
0000064803,CVS,2023,0000064803_CVS_FY2023_10K.html,,2024-01-31,"buildings, building improvements and leasehold improvements","Property and equipment is reported at historical cost, net of accumulated depreciation. Property, equipment and improvements to leased premises are depreciated using the straight-line method over the estimated useful lives of the assets, or when applicable, the term of the lease, whichever is shorter. Estimated useful lives generally range from 1 to 40 years for buildings, building improvements and leasehold improvements and 3 to 10 years for fixtures, equipment and internally developed software. Application development stage costs for significant internally developed software projects are capitalized and depreciated.",3.0,10.0,No,,Not disclosed,,Not disclosed,,0,significant_accounting_policies,1. Significant Accounting Policies,3,False,,"score=2,idx=22187,zone=26077",1450,OK,
0000064803,CVS,2024,0000064803_CVS_FY2024_10K.html,,2034-12-10,"buildings, building improvements and leasehold improvements","Property and equipment is reported at historical cost, net of accumulated depreciation. Property, equipment and improvements to leased premises are depreciated using the straight-line method over the estimated useful lives of the assets, or when applicable, the term of the lease, whichever is shorter. Estimated useful lives generally range from 1 to 40 years for buildings, building improvements and leasehold improvements and 3 to 10 years for fixtures, equipment and internally developed software. Application development stage costs for significant internally developed software projects are capitalized and depreciated.",3.0,10.0,No,,Not disclosed,,Not disclosed,,0,significant_accounting_policies,1. Significant Accounting Policies,3,False,,"score=2,idx=21565,zone=24623",1355,OK,
0000065270,MEI,2013,0000065270_MEI_FY2013_10K.html,,,Not disclosed,Not disclosed,,,No,,Not disclosed,,Not disclosed,,0,unknown,,0,False,,"score=4,idx=13803,zone=12",2,OK,
0000065270,MEI,2014,0000065270_MEI_FY2014_10K.html,,,Not disclosed,Not disclosed,,,No,,Not disclosed,,Not disclosed,,0,unknown,,0,False,,"score=4,idx=14456,zone=12",2,OK,
0000065270,MEI,2015,0000065270_MEI_FY2015_10K.html,,,Not disclosed,Not disclosed,,,No,,Not disclosed,,Not disclosed,,0,unknown,,0,False,,"score=4,idx=13697,zone=10",2,OK,
0000065270,MEI,2016,0000065270_MEI_FY2016_10K.html,,,Not disclosed,Not disclosed,,,No,,Not disclosed,,Not disclosed,,0,unknown,,0,False,,"score=4,idx=13074,zone=10",2,OK,
0000065270,MEI,2017,0000065270_MEI_FY2017_10K.html,,,Not disclosed,Not disclosed,,,No,,Not disclosed,,Not disclosed,,0,unknown,,0,False,,"score=4,idx=14169,zone=10",2,OK,
0000065270,MEI,2018,0000065270_MEI_FY2018_10K.html,,,Not disclosed,Not disclosed,,,No,,Not disclosed,,Not disclosed,,0,unknown,,0,False,,"score=4,idx=10987,zone=20",2,OK,
0000065270,MEI,2019,0000065270_MEI_FY2019_10K.html,,2020-05-02,Not disclosed,Not disclosed,,,No,,Not disclosed,,Not disclosed,,0,unknown,,0,False,,"score=4,idx=9288,zone=2",2,OK,
0000065270,MEI,2020,0000065270_MEI_FY2020_10K.html,,2021-05-01,Not disclosed,Not disclosed,,,No,,Not disclosed,,"Our solutions are found in the end markets of transportation (including automotive, commercial vehicle, e-bike, aerospace, bus and rail), cloud computing infrastructure, construction equipment, consumer appliance and medical devices. Our business is managed on a segment basis, with those segments being Automotive, Industrial, Interface and Medical. For more information regarding the business and products of these segments, see “Item 1. Business” of this Annual Report.",,0,unknown,,0,False,,"score=4,idx=7946,zone=2",2,OK,
0000065270,MEI,2021,0000065270_MEI_FY2021_10K.html,,2022-04-30,Not disclosed,Not disclosed,,,No,,Not disclosed,,"Our solutions are found in the end markets of transportation (including automotive, commercial vehicle, e-bike, aerospace, bus and rail), cloud computing infrastructure, construction equipment, consumer appliance and medical devices. Our business is managed on a segment basis, with our four segments being Automotive, Industrial, Interface and Medical. For more information regarding the business and products of these segments, see Item 1. “Business” of this Annual Report.",,0,unknown,,0,False,,"score=4,idx=7921,zone=6",3,OK,
0000065270,MEI,2022,0000065270_MEI_FY2022_10K.html,,2023-06-16,Not disclosed,Not disclosed,,,No,,"Industrial segment net sales increased $66.8 million, or 21.0%, to $384.9 million in fiscal 2023, compared to $318.1 million in fiscal 2022. Net sales were unfavorably impacted by foreign currency translation of $21.9 million. Excluding the impact of foreign currency translation and customer cost recoveries, net sales increased $91.6 million, or 29.5%, primarily due to higher sales volumes of power distribution solutions for data centers and of commercial vehicle lighting solutions products.",MD&A (Item 7),"Our solutions are found in the end markets of transportation (including automotive, commercial vehicle, e-bike, aerospace, bus and rail), cloud computing infrastructure, construction equipment, consumer appliance and medical devices. Our business is managed on a segment basis, with our four segments being Automotive, Industrial, Interface and Medical. For more information regarding the business and products of these segments, see Item 1. “Business” of this Annual Report.",B100,1,unknown,,0,False,,"score=4,idx=8841,zone=6",3,OK,
0000065270,MEI,2023,0000065270_MEI_FY2023_10K.html,,2023-06-16,Not disclosed,Not disclosed,,,No,,"Industrial segment net sales increased $66.8 million, or 21.0%, to $384.9 million in fiscal 2023, compared to $318.1 million in fiscal 2022. Net sales were unfavorably impacted by foreign currency translation of $21.9 million. Excluding the impact of foreign currency translation and customer cost recoveries, net sales increased $91.6 million, or 29.5%, primarily due to higher sales volumes of power distribution solutions for data centers and of commercial vehicle lighting solutions products.",MD&A (Item 7),"Our solutions are found in the end markets of transportation (including automotive, commercial vehicle, e-bike, aerospace, bus and rail), cloud computing infrastructure, construction equipment, consumer appliance and medical devices. Our business is managed on a segment basis, with our four segments being Automotive, Industrial, Interface and Medical. For more information regarding the business and products of these segments, see Item 1. “Business” of this Annual Report.",B100,1,unknown,,0,False,,"score=4,idx=8841,zone=6",3,OK,
0000065270,MEI,2024,0000065270_MEI_FY2024_10K.html,,2024-07-09,Not disclosed,Not disclosed,,,No,,"Industrial segment net sales increased $75.2 million, or 19.5%, to $460.1 million in fiscal 2024, compared to $384.9 million in fiscal 2023. The increase was primarily due to the acquisition of Nordic Lights, which contributed $85.1 million of net sales, and favorable foreign currency translation of $1.6 million, partially offset by lower customer cost recoveries from spot buys of materials and premium freight costs of $3.9 million. Excluding the impact of Nordic Lights, foreign currency translation and customer cost recoveries, net sales decreased $7.6 million, or 2.0%, primarily due to lower demand for power distribution products in the electric vehicle and data center markets and lower sales volumes of commercial vehicle lighting solutions products.",MD&A (Item 7),"Our solutions are found in the end markets of transportation (including automotive, commercial vehicle, e-bike, aerospace, bus and rail), cloud computing infrastructure, construction equipment and consumer appliance. Our business is managed on a segment basis, with those segments being Automotive, Industrial, Interface and Medical. For more information regarding the business and products of these segments, see Item 1, “Business” of this Annual Report.",,0,unknown,,0,False,,"score=4,idx=9459,zone=6",3,OK,
0000065984,ETR,2013,0000065984_ETR_FY2013_10K.html,,"December 31, 2013",Not disclosed,Not disclosed,,,No,,Not disclosed,,Not disclosed,,0,unknown,,0,False,,"score=4,idx=217817,zone=13",3,OK,
0000065984,ETR,2014,0000065984_ETR_FY2014_10K.html,,"December 31, 2014",Not disclosed,Not disclosed,,,No,,Not disclosed,,Not disclosed,,0,unknown,,0,False,,"score=4,idx=225484,zone=13",3,OK,
0000065984,ETR,2015,0000065984_ETR_FY2015_10K.html,,"December 31, 2015",Not disclosed,Not disclosed,,,No,,Not disclosed,,Not disclosed,,0,unknown,,0,False,,"score=4,idx=203262,zone=13",3,OK,
0000065984,ETR,2016,0000065984_ETR_FY2016_10K.html,,"December 31, 2016",Not disclosed,Not disclosed,,,No,,Not disclosed,,Not disclosed,,0,unknown,,0,False,,"score=4,idx=204531,zone=14",3,OK,
0000065984,ETR,2017,0000065984_ETR_FY2017_10K.html,,"December 31, 2017",Not disclosed,Not disclosed,,,No,,Not disclosed,,Not disclosed,,0,unknown,,0,False,,"score=4,idx=202454,zone=14",3,OK,
0000065984,ETR,2018,0000065984_ETR_FY2018_10K.html,,"December 31, 2018",Not disclosed,Not disclosed,,,No,,Not disclosed,,Not disclosed,,0,unknown,,0,False,,"score=4,idx=201173,zone=14",3,OK,
0000065984,ETR,2019,0000065984_ETR_FY2019_10K.html,,2024-12-31,Not disclosed,Not disclosed,,,No,,Not disclosed,,Not disclosed,,0,unknown,,0,False,,"score=4,idx=230437,zone=14",3,OK,
0000065984,ETR,2020,0000065984_ETR_FY2020_10K.html,,2024-12-31,Not disclosed,Not disclosed,,,No,,Not disclosed,,Not disclosed,A100;B200,2,unknown,,0,False,,"score=2,idx=127569,zone=12",3,OK,
0000065984,ETR,2021,0000065984_ETR_FY2021_10K.html,,2024-08-31,Not disclosed,Not disclosed,,,No,,Not disclosed,,Not disclosed,A100;B200,2,unknown,,0,False,,"score=2,idx=121383,zone=12",3,OK,
0000065984,ETR,2022,0000065984_ETR_FY2022_10K.html,,2024-08-31,Not disclosed,Not disclosed,,,No,,Not disclosed,,Not disclosed,A100;B100,2,unknown,,0,False,,"score=2,idx=123533,zone=12",3,OK,
0000065984,ETR,2023,0000065984_ETR_FY2023_10K.html,,2024-12-31,Not disclosed,Not disclosed,,,No,,Not disclosed,,Not disclosed,,0,unknown,,0,False,,"score=2,idx=122100,zone=12",3,OK,
0000065984,ETR,2024,0000065984_ETR_FY2024_10K.html,,2025-12-31,Not disclosed,Not disclosed,,,No,,"• The success of certain Utility operating companies’ investments in new generation and transmission assets to support large-scale data centers depends on a limited number of customers, the continued demand for electricity to power data centers and the successful completion of the associated generation and transmission projects. Any reduction in the demand for electricity to power data centers or delays or unexpected costs associated with such projects may harm the growth prospects, future operating results and financial condition of Entergy and these Utility operating companies.",MD&A (Item 7),Not disclosed,,0,unknown,,0,False,,"score=2,idx=121866,zone=12",3,OK,
0000066004,MSEX,2013,0000066004_MSEX_FY2013_10K.html,,,"furniture and fixtures, equipment","Non-regulated fixed assets consist primarily
of office buildings, furniture and fixtures, and transportation equipment. These assets are recorded at original cost and depreciation
is calculated based on the estimated useful lives, ranging from 3 to 40 years.",3.0,40.0,No,,Not disclosed,,Not disclosed,,0,significant_accounting_policies,"Note 1 – Organization, Summary of Significant Accounting
Policies and Recent Developments",3,False,,"score=7,idx=4468,zone=9203",390,OK,
0000066004,MSEX,2014,0000066004_MSEX_FY2014_10K.html,,"December 31, 2014","furniture and fixtures, equipment","Non-regulated fixed assets consist primarily
of office buildings, furniture and fixtures, and transportation equipment. These assets are recorded at original cost and depreciation
is calculated based on the estimated useful lives, ranging from 3 to 40 years.",3.0,40.0,No,,Not disclosed,,Not disclosed,,0,significant_accounting_policies,"Note 1 – Organization, Summary of Significant Accounting
Policies and Recent Developments",3,False,,"score=7,idx=4514,zone=9352",393,OK,
0000066004,MSEX,2015,0000066004_MSEX_FY2015_10K.html,,,"furniture and fixtures, equipment","Non-regulated fixed assets consist primarily
of office buildings, furniture and fixtures, and transportation equipment. These assets are recorded at original cost and depreciation
is calculated based on the estimated useful lives, ranging from 3 to 40 years.",3.0,40.0,No,,Not disclosed,,Not disclosed,,0,significant_accounting_policies,"Note 1 – Organization, Summary of Significant Accounting
Policies and Recent Developments",3,False,,"score=7,idx=4274,zone=9130",395,OK,
0000066004,MSEX,2016,0000066004_MSEX_FY2016_10K.html,,,"furniture and fixtures, equipment","Non-regulated fixed assets consist primarily
of office buildings, furniture and fixtures, and transportation equipment. These assets are recorded at original cost and depreciation
is calculated based on the estimated useful lives, ranging from 3 to 40 years.",3.0,40.0,No,,Not disclosed,,Not disclosed,,0,significant_accounting_policies,"Note 1 – Organization, Summary of Significant Accounting
Policies and Recent Developments",3,False,,"score=7,idx=4241,zone=7805",393,OK,
0000066004,MSEX,2017,0000066004_MSEX_FY2017_10K.html,,,"furniture and fixtures, equipment","Non-regulated fixed assets consist primarily
of office buildings, furniture and fixtures, and transportation equipment. These assets are recorded at original cost and depreciation
is calculated based on the estimated useful lives, ranging from 3 to 40 years.",3.0,40.0,No,,Not disclosed,,Not disclosed,,0,significant_accounting_policies,"Note 1 – Organization, Summary of Significant Accounting
Policies and Recent Developments",3,False,,"score=7,idx=4301,zone=7643",400,OK,
0000066004,MSEX,2018,0000066004_MSEX_FY2018_10K.html,,,"furniture and fixtures, equipment","Non-regulated fixed assets consist primarily
of office buildings, furniture and fixtures, and transportation equipment. These assets are recorded at original cost and depreciation
is calculated based on the estimated useful lives, ranging from 3 to 40 years.",3.0,40.0,No,,Not disclosed,,Not disclosed,,0,significant_accounting_policies,"Note 1 – Organization, Summary of Significant Accounting
Policies and Recent Developments",3,False,,"score=7,idx=4067,zone=7992",405,OK,
0000066004,MSEX,2019,0000066004_MSEX_FY2019_10K.html,,"December 31, 2019","furniture and fixtures, equipment","Non-regulated fixed assets consist primarily of office buildings, furniture and fixtures, and transportation equipment. These assets are recorded at original cost and depreciation is calculated based on the estimated useful lives, ranging from 3 to 42 years.",3.0,42.0,No,,Not disclosed,,Not disclosed,,0,significant_accounting_policies,"Note 1 – Organization, Summary of Significant Accounting Policies and Recent Developments",3,False,,"score=7,idx=9164,zone=15160",481,OK,
0000066004,MSEX,2020,0000066004_MSEX_FY2020_10K.html,,"December 31, 2020","furniture and fixtures, equipment","Non-regulated fixed assets consist primarily of office buildings, furniture and fixtures, and transportation equipment. These assets are recorded at original cost and depreciation is calculated based on the estimated useful lives, ranging from 3 to 42 years.",3.0,42.0,No,,Not disclosed,,Not disclosed,,0,significant_accounting_policies,"Note 1 - Organization, Summary of Significant Accounting Policies and Recent Developments",3,False,,"score=7,idx=9159,zone=15303",478,OK,
0000066004,MSEX,2021,0000066004_MSEX_FY2021_10K.html,,,"furniture and fixtures, equipment","Non-regulated fixed assets consist primarily of office buildings, furniture and fixtures, and transportation equipment. These assets are recorded at original cost and depreciation is calculated based on the estimated useful lives, ranging from 3 to 42 years.",3.0,42.0,No,,Not disclosed,,Not disclosed,,0,significant_accounting_policies,"Note 1 - Organization, Summary of Significant Accounting Policies and Recent Developments",3,False,,"score=7,idx=6969,zone=14259",438,OK,
0000066004,MSEX,2022,0000066004_MSEX_FY2022_10K.html,,,"furniture and fixtures, equipment","Non-regulated fixed assets consist primarily of office
buildings, furniture and fixtures, and transportation equipment. These assets are recorded at original cost and depreciation is calculated
based on the estimated useful lives, ranging from 3 to 42 years.",3.0,42.0,No,,Not disclosed,,Not disclosed,,0,significant_accounting_policies,"Note 1 – Organization, Summary of Significant Accounting Policies
and Recent Developments",3,False,,"score=7,idx=4803,zone=8478",377,OK,
0000066004,MSEX,2023,0000066004_MSEX_FY2023_10K.html,,,"furniture and fixtures, equipment","Non-regulated fixed assets consist primarily of
office buildings, furniture and fixtures, and transportation equipment. These assets are recorded at original cost and depreciation is
calculated based on the estimated useful lives, ranging from 3 to 42 years.",3.0,42.0,No,,Not disclosed,,Not disclosed,,0,significant_accounting_policies,"Note 1 – Organization, Summary of Significant Accounting Policies
and Recent Developments",3,False,,"score=7,idx=5025,zone=8379",391,OK,
0000066004,MSEX,2024,0000066004_MSEX_FY2024_10K.html,,,"furniture and fixtures, equipment","Non-regulated fixed assets consist primarily of
office buildings, furniture and fixtures, and transportation equipment. These assets are recorded at original cost and depreciation is
calculated based on the estimated useful lives, ranging from 3 to 42 years.",3.0,42.0,No,,Not disclosed,,Not disclosed,,0,significant_accounting_policies,"Note 1 – Organization, Summary of Significant Accounting Policies
and Recent Developments",3,False,,"score=7,idx=4280,zone=8629",382,OK,
0000066382,MLKN,2013,0000066382_MLKN_FY2013_10K.html,,,machinery and equipment and do not exceed 40 years for buildings,Estimated useful lives range from 3 to 10 years for machinery and equipment and do not exceed 40 years for buildings. Software for internal use is included in property and equipment and is depreciated over an estimated useful life not exceeding 5 years.,40.0,,No,,Not disclosed,,Not disclosed,,0,significant_accounting_policies,1. Significant Accounting and Reporting Policies The following is a summary of significant accounting and reporting policies not reflected elsewhere ,3,True,3.0-10.0 ans | 5.0 ans | 10.0 ans,"score=4,idx=13158,zone=27672",820,OK,
0000066382,MLKN,2014,0000066382_MLKN_FY2014_10K.html,,,machinery and equipment and do not exceed 40 years for buildings,Estimated useful lives range from 3 to 10 years for machinery and equipment and do not exceed 40 years for buildings. Software for internal use is included in property and equipment and is depreciated over an estimated useful life not exceeding 5 years .,40.0,,No,,Not disclosed,,Not disclosed,,0,significant_accounting_policies,18. Subsequent Events,3,True,3.0-10.0 ans | 5.0 ans | 10.0 ans,"score=4,idx=13481,zone=27042",942,OK,
0000066382,MLKN,2015,0000066382_MLKN_FY2015_10K.html,,,machinery and equipment and do not exceed 40 years for buildings,Estimated useful lives range from 3 to 10 years for machinery and equipment and do not exceed 40 years for buildings. Software for internal use is included in property and equipment and is depreciated over an estimated useful life not exceeding 5 years .,40.0,,No,,Not disclosed,,"In April 2015, the FASB issued ASU 2015-05, ""Intangibles - Goodwill and Other - Internal-Use Software (Subtopic 350-40): Customer's Accounting for Fees Paid in a Cloud Computing Arrangement,"" which provides guidance about whether a cloud computing arrangement includes a software license. The customer should account for the software license element of the arrangement consistent with the acquisition of other software licenses. If the cloud computing arrangement does not include a software license, the customer should account for the arrangement as a service contract. This ASU is effective for annual periods, including interim periods within those annual periods, beginning after December 15, 2015, and early adoption is permitted. The company is currently evaluating the impact of adopting this guidance.",,0,significant_accounting_policies,18. Quarterly Financial Data (Unaudited),3,True,3.0-10.0 ans | 5.0 ans,"score=4,idx=16425,zone=24394",965,OK,
0000066382,MLKN,2016,0000066382_MLKN_FY2016_10K.html,,,machinery and equipment and do not exceed 40 years for buildings,Estimated useful lives range from 3 to 10 years for machinery and equipment and do not exceed 40 years for buildings. Software for internal use is included in property and equipment and is depreciated over an estimated useful life not exceeding 5 years .,40.0,,No,,Not disclosed,,Not disclosed,,0,significant_accounting_policies,19. Quarterly Financial Data (Unaudited),3,True,3.0-10.0 ans | 5.0 ans,"score=4,idx=15394,zone=23967",949,OK,
0000066382,MLKN,2017,0000066382_MLKN_FY2017_10K.html,,,machinery and equipment and do not exceed 40 years for buildings,Estimated useful lives range from 3 to 10 years for machinery and equipment and do not exceed 40 years for buildings. Software for internal use is included in property and equipment and is depreciated over an estimated useful life not exceeding 5 years.,40.0,,No,,Not disclosed,,Not disclosed,,0,significant_accounting_policies,18. Quarterly Financial Data (Unaudited),3,True,3.0-10.0 ans | 5.0 ans,"score=4,idx=16242,zone=23951",1013,OK,
0000066382,MLKN,2018,0000066382_MLKN_FY2018_10K.html,,,machinery and equipment and do not exceed 40 years for buildings,Estimated useful lives range from 3 to 10 years for machinery and equipment and do not exceed 40 years for buildings. Software for internal use is included in property and equipment and is depreciated over an estimated useful life not exceeding 5 years.,40.0,,No,,Not disclosed,,Not disclosed,,0,significant_accounting_policies,18. Quarterly Financial Data (Unaudited),3,True,3.0-10.0 ans | 5.0 ans,"score=4,idx=16647,zone=23930",1053,OK,
0000066382,MLKN,2019,0000066382_MLKN_FY2019_10K.html,,"June 1, 2019",machinery and equipment and do not exceed 40 years for buildings,Estimated useful lives range from 3 to 10 years for machinery and equipment and do not exceed 40 years for buildings. Software for internal use is included in property and equipment and is depreciated over an estimated useful life not exceeding 5 years.,40.0,,No,,Not disclosed,,"years for buildings. Leasehold improvements are depreciated over the lesser of the lease term or the useful life of the asset. The Company capitalizes certain costs incurred in connection with the development, testing and installation of software for internal use and cloud computing arrangements. Software for internal use is included in property and equipment and is depreciated over an estimated useful life not exceeding ||| Customer’s Accounting for Implementation Costs Incurred in a Cloud Computing Arrangement That Is a Service Contract ||| Property and equipment are stated at cost. The cost is depreciated over the estimated useful lives of the assets using the straight-line method. Estimated useful lives range from 3 to 10 years for machinery and equipment and do not exceed 40 years for buildings. Leasehold improvements are depreciated over the lesser of the lease term or the useful life of the asset. The Company capitalizes certain costs incurred in connection with the development, testing and installation of software for internal use and cloud computing arrangements. Software for internal use is included in property and equipment and is depreciated over an estimated useful life not exceeding 5 years. Depreciation and amortization expense is included in the Consolidated Statements of Comprehensive Income in the Cost of sales, Selling, general and administrative and Design and research line items.",,0,significant_accounting_policies,19. Quarterly Financial Data (Unaudited),3,True,3.0-10.0 ans | 5.0 ans,"score=4,idx=11969,zone=29206",1180,OK,
0000066382,MLKN,2020,0000066382_MLKN_FY2020_10K.html,,"May 30, 2020",Equipment,"Property, Equipment and Depreciation",,,No,,Not disclosed,,"installation of software for internal use and cloud computing arrangements. Software for internal use is included in property and equipment and is depreciated over an estimated useful life not exceeding 5 years. Depreciation and amortization expense is included in the Consolidated Statements of Comprehensive Income in the Cost of sales, Selling, general and administrative and Design and research line items.",,0,significant_accounting_policies,1. Significant Accounting and Reporting Policies The following is a summary of significant accounting and reporting policies not reflected elsewhere ,3,True,3.0-10.0 ans | 5.0 ans,"score=4,idx=16250,zone=27847",1234,OK,
0000066382,MLKN,2021,0000066382_MLKN_FY2021_10K.html,,2021-07-27,machinery and equipment and do not exceed 40 years for buildings,Estimated useful lives range from 3 to 10 years for machinery and equipment and do not exceed 40 years for buildings. Software for internal use is included in property and equipment and is depreciated over an estimated useful life not exceeding 5 years.,40.0,,No,,Not disclosed,,"Property and equipment are stated at cost. The cost is depreciated over the estimated useful lives of the assets using the straight-line method. Estimated useful lives range from 3 to 10 years for machinery and equipment and do not exceed 40 years for buildings. Leasehold improvements are depreciated over the lesser of the lease term or the useful life of the asset. The Company capitalizes certain costs incurred in connection with the development, testing and installation of software for internal use and cloud computing arrangements. Software for internal use is included in property and equipment and is depreciated over an estimated useful life not exceeding 5 years. Depreciation and amortization expense is included in the Consolidated Statements of Comprehensive Income in the Cost of sales, Selling, general and administrative and Design and research line items.",,0,significant_accounting_policies,1. Significant Accounting and Reporting Policies The following is a summary of significant accounting and reporting policies not reflected elsewhere ,3,True,3.0-10.0 ans | 5.0 ans,"score=2,idx=11187,zone=14968",903,OK,
0000066382,MLKN,2022,0000066382_MLKN_FY2022_10K.html,,2022-05-28,machinery and equipment and do not exceed 40 years for buildings,Estimated useful lives range from 3 to 10 years for machinery and equipment and do not exceed 40 years for buildings. Software for internal use is included in property and equipment and is depreciated over an estimated useful life not exceeding 10 years.,40.0,,No,,Not disclosed,,"Property and equipment are stated at cost. The cost is depreciated over the estimated useful lives of the assets using the straight-line method. Estimated useful lives range from 3 to 10 years for machinery and equipment and do not exceed 40 years for buildings. Leasehold improvements are depreciated over the lesser of the lease term or the useful life of the asset. The Company capitalizes certain costs incurred in connection with the development, testing and installation of software for internal use and cloud computing arrangements. Software for internal use is included in property and equipment and is depreciated over an estimated useful life not exceeding 10 years. Depreciation and amortization expense is included in the Consolidated Statements of Comprehensive Income in the Cost of sales, Selling, general and administrative and Design and research line items.",,0,significant_accounting_policies,1. Significant Accounting and Reporting Policies The following is a summary of significant accounting and reporting policies not reflected elsewhere ,3,True,3.0-10.0 ans | 10.0 ans,"score=2,idx=11736,zone=18308",993,OK,
0000066382,MLKN,2023,0000066382_MLKN_FY2023_10K.html,,2023-06-03,machinery and equipment and do not exceed 40 years for buildings,Estimated useful lives range from 3 to 10 years for machinery and equipment and do not exceed 40 years for buildings. Software for internal use is included in property and equipment and is depreciated over an estimated useful life not exceeding 10 years.,40.0,,No,,Not disclosed,,"Property and equipment are stated at cost. The cost is depreciated over the estimated useful lives of the assets using the straight-line method. Estimated useful lives range from 3 to 10 years for machinery and equipment and do not exceed 40 years for buildings. Leasehold improvements are depreciated over the lesser of the lease term or the useful life of the asset. The Company capitalizes certain costs incurred in connection with the development, testing and installation of software for internal use and cloud computing arrangements. Software for internal use is included in property and equipment and is depreciated over an estimated useful life not exceeding 10 years. Depreciation and amortization expense is included in the Consolidated Statements of Comprehensive Income in the Cost of sales, Selling, general and administrative and Design and research line items.",,0,significant_accounting_policies,1. Significant Accounting and Reporting Policies The following is a summary of significant accounting and reporting policies not reflected elsewhere ,3,True,3.0-10.0 ans | 10.0 ans,"score=2,idx=12146,zone=15875",866,OK,
0000066382,MLKN,2024,0000066382_MLKN_FY2024_10K.html,,2024-06-01,machinery and equipment and do not exceed 40 years for buildings,Estimated useful lives range from 3 to 10 years for machinery and equipment and do not exceed 40 years for buildings. Software for internal use is included in property and equipment and is depreciated over an estimated useful life not exceeding 10 years.,40.0,,No,,Not disclosed,,"Property and equipment are stated at cost. The cost is depreciated over the estimated useful lives of the assets using the straight-line method. Estimated useful lives range from 3 to 10 years for machinery and equipment and do not exceed 40 years for buildings. Leasehold improvements are depreciated over the lesser of the lease term or the useful life of the asset. The Company capitalizes certain costs incurred in connection with the development, testing and installation of software for internal use and cloud computing arrangements. Software for internal use is included in property and equipment and is depreciated over an estimated useful life not exceeding 10 years. Depreciation and amortization expense is included in the Consolidated Statements of Comprehensive Income in the Cost of sales, Selling, general and administrative and Design and research line items.",,0,significant_accounting_policies,1. Significant Accounting and Reporting Policies The following is a summary of significant accounting and reporting policies not reflected elsewhere ,3,True,3.0-10.0 ans | 10.0 ans,"score=2,idx=12254,zone=15859",851,OK,
0000066570,MSA,2013,0000066570_MSA_FY2013_10K.html,,"December 31, 2013","machinery and equipment, equipment","Depreciation is computed using straight-line and accelerated methods over the estimated useful lives of the assets, generally as follows: buildings 20 to 40 years and machinery and equipment 3 to 10 years.",3.0,10.0,No,,Not disclosed,,Not disclosed,,0,ppe_note,Note 21—Subsequent Event,3,False,,"score=4,idx=6529,zone=21599",705,OK,
0000066570,MSA,2014,0000066570_MSA_FY2014_10K.html,,"December 31, 2014","machinery and equipment, equipment","Depreciation is computed using straight-line and accelerated methods over the estimated useful lives of the assets, generally as follows: buildings 20 to 40 years and machinery and equipment 3 to 10 years.",3.0,10.0,No,,Not disclosed,,Not disclosed,,0,ppe_note,Note 21—Subsequent Event,3,False,,"score=4,idx=6059,zone=23863",734,OK,
0000066570,MSA,2015,0000066570_MSA_FY2015_10K.html,,"December 31, 2015",equipment,"Estimated future depreciation expense related to Latchways property, plant and equipment is approximately",,,No,,Not disclosed,,"- Customer's Accounting for Fees Paid in a Cloud Computing Arrangement ||| . This ASU clarifies when entities should account for fees paid in a cloud computing arrangement as a software license or service contract. This ASU will be effective beginning in 2016. The adoption of this ASU is not expected to have a material effect on our consolidated financial statements. ||| In April 2015, the FASB issued ASU 2015-05, Goodwill and Other Internal Use Software - Customer's Accounting for Fees Paid in a Cloud Computing Arrangement . This ASU clarifies when entities should account for fees paid in a cloud computing arrangement as a software license or service contract. This ASU will be effective beginning in 2016. The adoption of this ASU is not expected to have a material effect on our consolidated financial statements.",,0,ppe_note,Note 13—Acquisitions,3,False,,"score=4,idx=6443,zone=25580",870,OK,
0000066570,MSA,2016,0000066570_MSA_FY2016_10K.html,,"December 31, 2016",equipment,"Estimated future depreciation expense related to Latchways property, plant and equipment is approximately",,,No,,Not disclosed,,"- Customer's Accounting for Fees Paid in a Cloud Computing Arrangement ||| . This ASU clarifies when entities should account for fees paid in a cloud computing arrangement as a software license or service contract. This ASU was adopted on January 1, 2016 and was implemented on a prospective basis. The adoption of this ASU did not have a material effect on our consolidated financial statements. ||| In April 2015, the FASB issued ASU 2015-05, Goodwill and Other Internal Use Software - Customer's Accounting for Fees Paid in a Cloud Computing Arrangement . This ASU clarifies when entities should account for fees paid in a cloud computing arrangement as a software license or service contract. This ASU was adopted on January 1, 2016 and was implemented on a prospective basis. The adoption of this ASU did not have a material effect on our consolidated financial statements.",,0,ppe_note,Note 13—Acquisitions,3,False,,"score=4,idx=6973,zone=27052",995,OK,
0000066570,MSA,2017,0000066570_MSA_FY2017_10K.html,,"December 31, 2017",equipment,"Estimated future depreciation expense related to Globe property, plant and equipment is approximately",,,No,,Not disclosed,,Not disclosed,,0,ppe_note,Note 13—Acquisitions,3,False,,"score=4,idx=8021,zone=26353",1067,OK,
0000066570,MSA,2018,0000066570_MSA_FY2018_10K.html,,"December 31, 2018","technology, computer software","Capitalized costs are amortized using the straight-line method over the estimated useful life, beginning in the period in which the software is ready for its intended use or when the upgrade or enhancement is deployed.",3.0,,Not disclosed,,Not disclosed,,Not disclosed,,0,significant_accounting_policies,Note 1—Significant Accounting Policies,3,False,,"score=4,idx=8063,zone=26809",1075,ERROR,'<' not supported between instances of 'NoneType' and 'float'
0000066570,MSA,2019,0000066570_MSA_FY2019_10K.html,,"December 31, 2019","machinery and equipment, equipment","Depreciation is computed using straight-line and accelerated methods over the estimated useful lives of the assets, generally as follows: buildings 20 to 40 years and machinery and equipment 3 to 10 years.",3.0,10.0,Not disclosed,,Not disclosed,,Not disclosed,,0,significant_accounting_policies,Note 1—Significant Accounting Policies,3,False,,"score=4,idx=10715,zone=28724",1018,ERROR,'<' not supported between instances of 'NoneType' and 'float'
0000066570,MSA,2020,0000066570_MSA_FY2020_10K.html,,2021-01-25,"machinery and equipment, equipment","Depreciation is computed primarily using the straight-line method over the estimated useful lives of the assets, generally as follows: buildings 20 to 40 years and machinery and equipment 3 to 10 years.",3.0,10.0,Not disclosed,,Not disclosed,,Not disclosed,,0,significant_accounting_policies,Note 1—Significant Accounting Policies,3,False,,"score=2,idx=7730,zone=14343",750,ERROR,'<' not supported between instances of 'NoneType' and 'float'
0000066570,MSA,2021,0000066570_MSA_FY2021_10K.html,,2021-12-31,"machinery and equipment, equipment","Depreciation is computed primarily using the straight-line method over the estimated useful lives of the assets, generally as follows: buildings 20 to 40 years, and machinery and equipment 3 to 10 years.",3.0,10.0,Not disclosed,,Not disclosed,,Not disclosed,,0,significant_accounting_policies,Note 1—Significant Accounting Policies,3,False,,"score=2,idx=8291,zone=16590",795,ERROR,'<' not supported between instances of 'NoneType' and 'float'
0000066570,MSA,2022,0000066570_MSA_FY2022_10K.html,,2023-03-31,"machinery and equipment, equipment","Depreciation is computed primarily using the straight-line method over the estimated useful lives of the assets, generally as follows: buildings 20 to 40 years, and machinery and equipment 3 to 10 years.",3.0,10.0,Not disclosed,,Not disclosed,,Not disclosed,,0,significant_accounting_policies,Note 1—Significant Accounting Policies,3,False,,"score=2,idx=7936,zone=14475",734,ERROR,'<' not supported between instances of 'NoneType' and 'float'
0000066570,MSA,2023,0000066570_MSA_FY2023_10K.html,,2023-12-31,"machinery and equipment, equipment","Depreciation is computed primarily using the straight-line method over the estimated useful lives of the assets, generally as follows: buildings 20 to 40 years, and machinery and equipment 3 to 10 years.",3.0,10.0,Not disclosed,,Not disclosed,,Not disclosed,,0,significant_accounting_policies,Note 1—Significant Accounting Policies,3,False,,"score=2,idx=7158,zone=14263",740,ERROR,'<' not supported between instances of 'NoneType' and 'float'
0000066570,MSA,2024,0000066570_MSA_FY2024_10K.html,,2024-12-31,"machinery and equipment, equipment","Depreciation is computed primarily using the straight-line method over the estimated useful lives of the assets, generally as follows: buildings 20 to 40 years, and machinery and equipment 3 to 10 years.",3.0,10.0,Not disclosed,,Not disclosed,,Not disclosed,,0,significant_accounting_policies,Note 1—Significant Accounting Policies,3,False,,"score=2,idx=6722,zone=13617",700,ERROR,'<' not supported between instances of 'NoneType' and 'float'
0000066740,MMM,2013,0000066740_MMM_FY2013_10K.html,,"December 31, 2013","equipment, machinery and equipment","Depreciation of property, plant and equipment generally is computed using the straight-line method based on the estimated useful lives of the assets. The estimated useful lives of machinery and equipment primarily range from three to 15 years, with the majority in the range of five to 10 years.",3.0,15.0,No,,Not disclosed,,Not disclosed,,0,significant_accounting_policies,NOTE 1. Significant Accounting Policies,3,True,3.0-7.0 ans | 3.0-15.0 ans | 5.0-10.0 ans,"fallback,idx=13378,zone=47180",955,OK,
0000066740,MMM,2014,0000066740_MMM_FY2014_10K.html,,"December 31, 2014","equipment, machinery and equipment","Depreciation of property, plant and equipment generally is computed using the straight-line method based on the estimated useful lives of the assets. The estimated useful lives of machinery and equipment primarily range from three to fifteen years, with the majority in the range of five to ten years.",3.0,15.0,No,,Not disclosed,,Not disclosed,,0,significant_accounting_policies,NOTE 1. Significant Accounting Policies,3,True,3.0-7.0 ans | 3.0-15.0 ans | 5.0-10.0 ans,"fallback,idx=13842,zone=46089",946,OK,
0000066740,MMM,2015,0000066740_MMM_FY2015_10K.html,,,"equipment, machinery and equipment","Depreciation of property, plant and equipment generally is computed using the straight-line method based on the estimated useful lives of the assets. The estimated useful lives of machinery and equipment primarily range from three to fifteen years, with the majority in the range of five to ten years.",3.0,15.0,No,,Not disclosed,,"In April 2015, the FASB issued ASU No. 2015-05, Customer’s Accounting for Fees Paid in a Cloud Arrangement , which requires a customer to determine whether a cloud computing arrangement contains a software license. If the arrangement contains a software license, the customer would account for fees related to the software license element in a manner consistent with accounting for the acquisition of other acquired software licenses. If the arrangement does not contain a software license, the customer would account for the arrangement as a service contract. An arrangement would contain a software license element if both (1) the customer has the contractual right to take possession of the software at any time during the hosting period without significant penalty and (2) it is feasible for the customer to either run the software on its own hardware or contract with another party unrelated to the vendor to host the software. For 3M, this ASU is effective January 1, 2016, with early adoption permitted. The standard provides for adoption either fully retrospectively or prospectively to arrangements entered into, or materially modified, after the effective date. The Company does not expect this ASU to have a material impact on 3M’s consolidated results of operations and financial condition. ||| , which requires a customer to determine whether a cloud computing arrangement contains a software license. If the arrangement contains a software license, the customer would account for fees related to the software license element in a manner consistent with accounting for the acquisition of other acquired software licenses. If the arrangement does not contain a software license, the customer would account for the arrangement as a service contract. An arrangement would contain a software license element if both (1) the customer has the contractual right to take possession of the software at any time during the hosting period without significant penalty and (2) it is feasible for the customer to either run the software on its own hardware or contract with another party unrelated to the vendor to host the software. For 3M, this ASU is effective January 1, 2016, with early adoption permitted. The standard provides for adoption either fully retrospectively or prospectively to arrangements entered into, or materially modified, after the effective date. The Company does not expect this ASU to have a material impact on 3M’s consolidated results of operations and financial condition.",,0,significant_accounting_policies,NOTE 1. Significant Accounting Policies,3,True,3.0-7.0 ans | 3.0-15.0 ans | 5.0-10.0 ans,"fallback,idx=17479,zone=45101",1565,OK,
0000066740,MMM,2016,0000066740_MMM_FY2016_10K.html,,"December 31, 2016",Not disclosed,Not disclosed,,,No,,Not disclosed,,Not disclosed,,0,unknown,,0,False,,"score=5,idx=1079,zone=418",31,OK,
0000066740,MMM,2017,0000066740_MMM_FY2017_10K.html,,"December 31, 2017",Not disclosed,Not disclosed,,,No,,Not disclosed,,Not disclosed,,0,unknown,,0,False,,"score=5,idx=1092,zone=434",32,OK,
0000066740,MMM,2018,0000066740_MMM_FY2018_10K.html,,"December 31, 2018",Not disclosed,Not disclosed,,,No,,Not disclosed,,Not disclosed,,0,unknown,,0,False,,"score=5,idx=1084,zone=450",33,OK,
0000066740,MMM,2019,0000066740_MMM_FY2019_10K.html,,2019-12-31,"equipment, machinery and equipment","Depreciation of property, plant and equipment generally is computed using the straight-line method based on the estimated useful lives of the assets. The estimated useful lives of machinery and equipment primarily range from three to fifteen years, with the majority in the range of five to ten years. Fully depreciated assets other than capitalized internally developed software are retained in property, plant and equipment and accumulated depreciation accounts until disposal.",3.0,15.0,Yes,"​ In August 2018, the FASB issued ASU No. 2018-15, Customer’s Accounting for Implementation Costs Incurred in a Cloud Computing Arrangement That Is a Service Contract , which aligns the accounting for implementation costs incurred in a cloud computing arrangement that is a service arrangement (i.e. hosting arrangement) with the guidance on capitalizing costs in ASC 350-40, Internal-Use Software . The ASU permits either a prospective or retrospective transition approach. For 3M, the ASU is effective as of January 1, 2020 and the Company plans on prospective adoption. While the Company utilized limited cloud-computing services where significant implementation costs were incurred for the periods presented, 3M will apply this ASU to its expected expanded use of applicable services.",Not disclosed,,"​ In August 2018, the FASB issued ASU No. 2018-15, Customer’s Accounting for Implementation Costs Incurred in a Cloud Computing Arrangement That Is a Service Contract , which aligns the accounting for implementation costs incurred in a cloud computing arrangement that is a service arrangement (i.e. hosting arrangement) with the guidance on capitalizing costs in ASC 350-40, Internal-Use Software . The ASU permits either a prospective or retrospective transition approach. For 3M, the ASU is effective as of January 1, 2020 and the Company plans on prospective adoption. While the Company utilized limited cloud-computing services where significant implementation costs were incurred for the periods presented, 3M will apply this ASU to its expected expanded use of applicable services.",,0,significant_accounting_policies,NOTE 1. Significant Accounting Policies,3,True,3.0-7.0 ans | 3.0-15.0 ans | 5.0-10.0 ans,"score=6,idx=32000,zone=54018",1084,OK,
0000066740,MMM,2020,0000066740_MMM_FY2020_10K.html,,2021-12-31,"equipment, machinery and equipment","Depreciation of property, plant and equipment generally is computed using the straight-line method based on the estimated useful lives of the assets. The estimated useful lives of machinery and equipment primarily range from three to fifteen years, with the majority in the range of five to ten years. Fully depreciated assets other than capitalized internally developed software are retained in property, plant and equipment and accumulated depreciation accounts until disposal.",3.0,15.0,No,,"3M’s total sales increased 0.1% for the full year 2020 when compared to 2019. Organic local-currency sales decreased 1.7% for the full year 2020 when compared to 2019. Given the diversity of 3M’s businesses, the impact of COVID-19 varied across the Company throughout 2020. 3M experienced strong sales growth in personal safety, as well as in other areas such as home improvement, general cleaning, semiconductor, data center, and biopharma filtration. COVID-related respirator sales are estimated to have impacted year-on-year organic local-currency sales growth by approximately 3 percent for the year ending December 31, 2020. At the same time, weakness in several end markets, while improving, contributed in part to sales declines in a number of 3M’s businesses with the biggest year-on-year total sales decreases in oral care (down 19 percent), advanced materials (down 17 percent), automotive and aerospace (down 16 percent), commercial solutions (down 14 percent), stationery and office (down 11 percent), closure and masking (down 11 percent), automotive aftermarket (down 10 percent), and businesses aligned to general industrial applications such as abrasives (down 15 percent) and industrial adhesives and tapes (down 5 percent).",MD&A (Item 7),"In August 2018, the FASB issued ASU No. 2018-15, Customer’s Accounting for Implementation Costs Incurred in a Cloud Computing Arrangement That Is a Service Contract , which aligned the accounting for implementation costs incurred in a cloud computing arrangement that is a service arrangement (i.e. hosting arrangement) with the guidance on capitalizing costs in ASC 350-40, Internal-Use Software. The ASU permitted either a prospective or retrospective transition approach. For 3M, the ASU was effective as of January 1, 2020, with the Company adopting on a prospective basis. Relevant capitalizable costs are included in prepaid expenses or other non-current assets, as applicable, prospectively beginning in 2020. Implementation costs incurred as part of 3M’s cloud-computing service arrangements were not material in 2020.",,0,significant_accounting_policies,NOTE 1. Significant Accounting Policies,3,True,3.0-7.0 ans | 3.0-15.0 ans | 5.0-10.0 ans,"score=6,idx=31171,zone=56404",1152,OK,
0000066740,MMM,2021,0000066740_MMM_FY2021_10K.html,,2022-09-30,Not disclosed,Not disclosed,,,No,,Not disclosed,,Not disclosed,,0,unknown,,0,False,,"score=5,idx=14293,zone=422",0,OK,
0000066740,MMM,2022,0000066740_MMM_FY2022_10K.html,,2022-12-31,Not disclosed,Not disclosed,,,No,,Not disclosed,,Not disclosed,A100,1,unknown,,0,False,,"score=5,idx=13083,zone=401",0,OK,
0000066740,MMM,2023,0000066740_MMM_FY2023_10K.html,,2024-01-31,"Equipment, machinery and equipment",Internal-use software elements of PPE are depreciated over a period of three to seven years. 3M records capital-related government grants earned as reductions to the cost of PPE and associated unpaid liabilities and grant proceeds receivable are considered non-cash changes in such balances for purposes of preparation of statement of cash flows.,3.0,7.0,No,,"Business Segment Representative revenue-generating activities, products or services Safety and Industrial • Industrial abrasives and finishing for metalworking applications • Autobody repair solutions • Closure systems for personal hygiene products, masking, and packaging materials • Electrical products and materials for construction and maintenance, power distribution and electrical original equipment manufacturers (OEMs) • Structural adhesives and tapes • Respiratory, hearing, eye and fall protection solutions • Natural and color-coated mineral granules for shingles Transportation and Electronics • Advanced ceramic solutions • Attachment/bonding, films, sound and temperature management for transportation vehicles • Premium large format graphic films for advertising and fleet signage • Light management films and electronics assembly solutions • Chip packaging and interconnection solutions • Semiconductor production materials • Solutions for data centers • Reflective signage for highway, and vehicle safety Health Care • Health care procedure coding and reimbursement software • Skin, wound care, and infection prevention products and solutions • Dentistry and orthodontia solutions • Filtration and purification systems Consumer • Consumer bandages, braces, supports and consumer respirators • Cleaning products for the home • Retail abrasives, paint accessories, car care DIY products, picture hanging and consumer air quality solutions • Stationery products Some seasonality impacts this business segment related to back-to-school, generally in the third quarter of each year",Item 8,Not disclosed,,0,significant_accounting_policies,NOTE 1. Significant Accounting Policies,3,False,,"score=2,idx=18743,zone=21205",1270,OK,
0000066740,MMM,2024,0000066740_MMM_FY2024_10K.html,,2024-12-31,"Equipment, machinery and equipment",Internal-use software elements of PPE are depreciated over a period of three to seven years. 3M records capital-related government grants earned as reductions to the cost of PPE and associated unpaid liabilities and grant proceeds receivable are considered non-cash changes in such balances for purposes of preparation of statement of cash flows.,3.0,7.0,No,,"Business Segment Representative revenue-generating activities, products or services Safety and Industrial • Industrial abrasives and finishing for metalworking applications • Autobody repair solutions • Industrial specialty products such as personal hygiene products, masking, and packaging materials • Electrical products and materials for construction and maintenance, power distribution and electrical original equipment manufacturers (OEMs) • Structural adhesives and tapes • Respiratory, hearing, eye and fall protection solutions • Natural and color-coated mineral granules for shingles Transportation and Electronics • Advanced ceramic solutions • Attachment/bonding, films, sound and temperature management for transportation vehicles • Premium large format graphic films for advertising and fleet signage • Reflective signage for highway, and vehicle safety • Light management films and electronics assembly solutions • Chip packaging and interconnection solutions • Semiconductor production materials • Solutions for data centers Consumer • Cleaning products for the home • Consumer air quality products • Picture hanging accessories • Retail abrasives, paint accessories and safety products • Stationery and office products • Automotive appearance products • Consumer bandages, tapes, braces and supports Some seasonality impacts this business segment, for example back-to-school and holiday",Item 8,Not disclosed,,0,significant_accounting_policies,NOTE 1. Significant Accounting Policies,3,False,,"score=2,idx=18818,zone=24250",1341,OK,
0000067347,MOD,2013,0000067347_MOD_FY2013_10K.html,,,"equipment when the Company owns title to the tooling and amortizes the capitalized cost to cost of sales over the estimated life of the asset, which is generally","Tooling costs: Modine accounts for production tooling costs as a component of property, plant and equipment when the Company owns title to the tooling and amortizes the capitalized cost to cost of sales over the estimated life of the asset, which is generally three years.",3.0,,No,,"On September 6, 2013, a fire caused significant destruction to the Company’s Airedale manufacturing facility and offices in Rawdon (Leeds), United Kingdom. We report Airedale’s financial results within the Commercial Products segment. There were no injuries caused by the fire. The Rawdon facility, which was leased, was used to manufacture cooling products and solutions for a variety of applications, including data centers, clean rooms, retail, leisure and process cooling. The fire caused the Company to temporarily suspend manufacturing and certain administrative operations at the Rawdon site; however, the Company has transferred its operations to temporary facilities and is planning to rebuild the leased facility. Demolition of the remaining structure at the Rawdon site is in process and construction of the new facility is expected to begin during the second quarter of fiscal 2015.",Item 8,Not disclosed,,0,significant_accounting_policies,Note 1: Significant Accounting Policies,3,False,,"score=5,idx=6222,zone=13496",561,OK,
0000067347,MOD,2014,0000067347_MOD_FY2014_10K.html,,,"equipment when it owns title to the tooling and amortizes the capitalized cost to cost of sales over the estimated life of the asset, which is generally","Tooling costs: The Company accounts for production tooling costs as a component of property, plant and equipment when it owns title to the tooling and amortizes the capitalized cost to cost of sales over the estimated life of the asset, which is generally three years.",3.0,,Not disclosed,,Not disclosed,,Not disclosed,,0,significant_accounting_policies,Note 1: Significant Accounting Policies,3,False,,"score=5,idx=6128,zone=11840",541,ERROR,'<' not supported between instances of 'NoneType' and 'float'
0000067347,MOD,2015,0000067347_MOD_FY2015_10K.html,,,"equipment when it owns title to the tooling and amortizes the capitalized cost to cost of sales over the estimated life of the asset, which is generally","Tooling costs: The Company accounts for production tooling costs as a component of property, plant and equipment when it owns title to the tooling and amortizes the capitalized cost to cost of sales over the estimated life of the asset, which is generally three years.",3.0,,Not disclosed,,Not disclosed,,Not disclosed,,0,significant_accounting_policies,Note 1: Significant Accounting Policies,3,False,,"score=5,idx=5976,zone=11334",530,ERROR,'<' not supported between instances of 'NoneType' and 'float'
0000067347,MOD,2016,0000067347_MOD_FY2016_10K.html,,,"equipment when it owns title to the tooling and amortizes the capitalized cost to cost of sales over the estimated life of the asset, which is generally","MODINE MANUFACTURING COMPANY NOTES TO CONSOLIDATED FINANCIAL STATEMENTS (In millions, except per share amounts) Tooling costs: The Company accounts for production tooling costs as a component of property, plant and equipment when it owns title to the tooling and amortizes the capitalized cost to cost of sales over the estimated life of the asset, which is generally three years.",3.0,,Not disclosed,,Not disclosed,,Not disclosed,,0,significant_accounting_policies,Note 1: Significant Accounting Policies,3,False,,"score=5,idx=6397,zone=11931",563,ERROR,'<' not supported between instances of 'NoneType' and 'float'
0000067347,MOD,2017,0000067347_MOD_FY2017_10K.html,,,"equipment when it owns title to the tooling and amortizes the capitalized cost to cost of sales over the estimated life of the asset, which is generally","Tooling costs: The Company accounts for production tooling costs as a component of property, plant and equipment when it owns title to the tooling and amortizes the capitalized cost to cost of sales over the estimated life of the asset, which is generally three years.",3.0,,Not disclosed,,Not disclosed,,Not disclosed,,0,significant_accounting_policies,Note 1: Significant Accounting Policies,3,False,,"score=5,idx=6567,zone=12180",654,ERROR,'<' not supported between instances of 'NoneType' and 'float'
0000067347,MOD,2018,0000067347_MOD_FY2018_10K.html,,,"equipment when it owns title to the tooling and amortizes the capitalized cost to cost of sales over the estimated life of the asset, which is generally","Tooling costs: The Company accounts for production tooling costs as a component of property, plant and equipment when it owns title to the tooling and amortizes the capitalized cost to cost of sales over the estimated life of the asset, which is generally three years.",3.0,,Not disclosed,,Not disclosed,,Not disclosed,,0,significant_accounting_policies,Note 1: Significant Accounting Policies,3,False,,"score=6,idx=7411,zone=17234",659,ERROR,'<' not supported between instances of 'NoneType' and 'float'
0000067347,MOD,2019,0000067347_MOD_FY2019_10K.html,,"March 31, 2020","equipment when it owns title to the tooling and amortizes the capitalized cost to cost of sales over the estimated life of the asset, which is generally","Tooling costs: The Company accounts for production tooling costs as a component of property, plant and equipment when it owns title to the tooling and amortizes the capitalized cost to cost of sales over the estimated life of the asset, which is generally three years.",3.0,,Not disclosed,,Not disclosed,,Not disclosed,,0,significant_accounting_policies,Note 1: Significant Accounting Policies,3,False,,"score=7,idx=10020,zone=13786",947,ERROR,'<' not supported between instances of 'NoneType' and 'float'
0000067347,MOD,2020,0000067347_MOD_FY2020_10K.html,,"March 31, 2021","equipment when it owns title to the tooling and amortizes the capitalized cost to cost of sales over the estimated life of the asset, which is generally","The Company accounts for production tooling costs as a component of property, plant and equipment when it owns title to the tooling and amortizes the capitalized cost to cost of sales over the estimated life of the asset, which is generally three years .",3.0,,Not disclosed,,Not disclosed,,Not disclosed,,0,significant_accounting_policies,Note 1: Significant Accounting Policies,3,False,,"score=6,idx=10495,zone=14827",770,ERROR,'<' not supported between instances of 'NoneType' and 'float'
0000067347,MOD,2021,0000067347_MOD_FY2021_10K.html,,"March 31, 2022","equipment when it owns title to the tooling and amortizes the capitalized cost to cost of sales over the estimated life of the asset, which is generally","The Company accounts for production tooling costs as a component of property, plant and equipment when it owns title to the tooling and amortizes the capitalized cost to cost of sales over the estimated life of the asset, which is generally three years .",3.0,,Not disclosed,,Not disclosed,,Not disclosed,,0,significant_accounting_policies,Note 1: Significant Accounting Policies,3,False,,"score=7,idx=10697,zone=14566",763,ERROR,'<' not supported between instances of 'NoneType' and 'float'
0000067347,MOD,2022,0000067347_MOD_FY2022_10K.html,,"March 31, 2023","equipment when it owns title to the tooling and amortizes the capitalized cost to cost of sales over the estimated life of the asset, which is generally","The Company accounts for production tooling costs as a component of property, plant and equipment when it owns title to the tooling and amortizes the capitalized cost to cost of sales over the estimated life of the asset, which is generally three years .",3.0,,Not disclosed,,Not disclosed,,Not disclosed,,0,significant_accounting_policies,Note 1: Significant Accounting Policies,3,False,,"score=7,idx=8459,zone=13072",683,ERROR,'<' not supported between instances of 'NoneType' and 'float'
0000067347,MOD,2023,0000067347_MOD_FY2023_10K.html,,"March 31, 2024",Not disclosed,Not disclosed,,,No,,"Our ability to be at the forefront of technological advances in order to differentiate ourselves from our competitors and provide innovative products and services to our customers, and the impacts of any changes in or the adoption rate of technologies that we expect to drive sales growth, including those related to data center cooling and electric vehicles;",MD&A (Item 7),"Capital expenditures of $88 million during fiscal 2024 increased $37 million compared with fiscal 2023. Our capital spending in fiscal 2024 in the Climate Solutions and Performance Technologies segments totaled $51 million and $36 million, respectively. Capital spending in the Climate Solutions segment includes investments supporting our strategic growth initiatives. We are growing our data center business and recently purchased a new manufacturing site in the U.K., where we plan to expand production capacity for data center cooling products. In addition, we opened a second facility in Serbia and are manufacturing coils for commercial and residential heat pump applications. Capital expenditures in the Performance Technologies segment include tooling and equipment purchases in conjunction with new and renewal programs with customers.",,0,unknown,,0,False,,"score=7,idx=8960,zone=14376",6,OK,
0000067347,MOD,2024,0000067347_MOD_FY2024_10K.html,,2026-03-31,Not disclosed,Not disclosed,,,No,,Not disclosed,,Not disclosed,,0,unknown,,0,False,,"score=11,idx=9463,zone=21695",0,OK,
0000310158,MRK,2013,0000310158_MRK_FY2013_10K.html,,"December 31, 2013",Capitalized software,and amortized beginning when the software project is substantially complete and the asset is ready for its intended use. Capitalized software costs associated with projects that are being amortized over,,,No,,Not disclosed,,Not disclosed,,0,notes_to_financials,2. Summary of Accounting Policies,2,True,3.0-5.0 ans | 6.0-10.0 ans,"score=3,idx=13165,zone=35471",1310,OK,
0000310158,MRK,2014,0000310158_MRK_FY2014_10K.html,,"December 31, 2014",Capitalized software,and amortized beginning when the software project is substantially complete and the asset is ready for its intended use. Capitalized software costs associated with projects that are being amortized over,,,No,,Not disclosed,,Not disclosed,,0,notes_to_financials,2. Summary of Accounting Policies,2,True,3.0-5.0 ans | 6.0-10.0 ans,"score=3,idx=13379,zone=39571",1399,OK,
0000310158,MRK,2015,0000310158_MRK_FY2015_10K.html,,"December 31, 2015",Capitalized software,and amortized beginning when the software project is substantially complete and the asset is ready for its intended use. Capitalized software costs associated with projects that are being amortized over,,,No,,Not disclosed,,Not disclosed,,0,notes_to_financials,2. Summary of Accounting Policies,2,True,3.0-5.0 ans | 6.0-10.0 ans,"score=3,idx=13132,zone=39415",1419,OK,
0000310158,MRK,2016,0000310158_MRK_FY2016_10K.html,,"December 31, 2016",Capitalized software,and amortized beginning when the software project is substantially complete and the asset is ready for its intended use. Capitalized software costs associated with projects that are being amortized over,,,No,,Not disclosed,,Not disclosed,,0,notes_to_financials,2. Summary of Accounting Policies,2,True,3.0-5.0 ans | 6.0-10.0 ans,"score=3,idx=13356,zone=38132",1428,OK,
0000310158,MRK,2017,0000310158_MRK_FY2017_10K.html,,"December 31, 2017",Capitalized software,and amortized beginning when the software project is substantially complete and the asset is ready for its intended use. Capitalized software costs associated with projects that are being amortized over,,,Yes,"Accelerated depreciation costs primarily relate to manufacturing, research and administrative facilities and equipment to be sold or closed as part of the programs. Accelerated depreciation costs represent the difference between the depreciation expense to be recognized over the revised useful life of the asset, based upon the anticipated date the site will be closed or divested or the equipment disposed of, and depreciation expense as determined utilizing the useful life prior to the restructuring actions.",Not disclosed,,Not disclosed,,0,notes_to_financials,2. Summary of Accounting Policies,2,True,3.0-5.0 ans | 6.0-10.0 ans,"score=3,idx=16192,zone=40970",1384,OK,
0000310158,MRK,2018,0000310158_MRK_FY2018_10K.html,,"December 31, 2018",Capitalized software,and amortized beginning when the software project is substantially complete and the asset is ready for its intended use. Capitalized software costs associated with projects that are being amortized over,,,Yes,"In April 2018, the FASB issued new guidance on the accounting for costs incurred to implement a cloud computing arrangement that is considered a service arrangement. The new guidance requires the capitalization of such costs, aligning it with the accounting for costs associated with developing or obtaining internal-use software. The new guidance is effective for interim and annual periods beginning in 2020. Early adoption is permitted, including adoption in any interim period. Prospective adoption for eligible costs incurred on or after the date of adoption or retrospective adoption is permitted. The Company is currently evaluating the impact of adoption on its consolidated financial statements and may elect to early adopt this guidance.",Not disclosed,,"In April 2018, the FASB issued new guidance on the accounting for costs incurred to implement a cloud computing arrangement that is considered a service arrangement. The new guidance requires the capitalization of such costs, aligning it with the accounting for costs associated with developing or obtaining internal-use software. The new guidance is effective for interim and annual periods beginning in 2020. Early adoption is permitted, including adoption in any interim period. Prospective adoption for eligible costs incurred on or after the date of adoption or retrospective adoption is permitted. The Company is currently evaluating the impact of adoption on its consolidated financial statements and may elect to early adopt this guidance.",,0,notes_to_financials,2. Summary of Accounting Policies,2,True,3.0-5.0 ans | 6.0-10.0 ans,"score=3,idx=11419,zone=43301",1420,OK,
0000310158,MRK,2019,0000310158_MRK_FY2019_10K.html,,2021-03-31,"equipment, Capitalized software","Capitalized software costs are amortized beginning when the software project is substantially complete and the asset is ready for its intended use. Capitalized software costs associated with projects that are being amortized over 6 to 10 years (including the Company’s on-going multi-year implementation of an enterprise-wide resource planning system) were $548 million and $439 million , net of accumulated amortization at December 31, 2019 and 2018 , respectively. All other capitalized software costs are being amortized over periods ranging from 3 to 5 years.",6.0,10.0,Yes,"Accelerated depreciation costs primarily relate to manufacturing, research and administrative facilities and equipment to be sold or closed as part of the programs. Accelerated depreciation costs represent the difference between the depreciation expense to be recognized over the revised useful life of the asset, based upon the anticipated date the site will be closed or divested or the equipment disposed of, and depreciation expense as determined utilizing the useful life prior to the restructuring actions.",Not disclosed,,"Software Capitalization — The Company capitalizes certain costs incurred in connection with obtaining or developing internal-use software including external direct costs of material and services, and payroll costs for employees directly involved with the software development. These costs are included in Property, plant and equipment . In addition, the Company capitalizes certain costs incurred to implement a cloud computing arrangement that is considered a service agreement, which are included in Other Assets . Capitalized software costs are amortized beginning when the software project is substantially complete and the asset is ready for its intended use. Capitalized software costs associated with projects that are being amortized over 6 to 10 years (including the Company’s on-going multi-year implementation of an enterprise-wide resource planning system) were $548 million and $439 million , net of accumulated amortization at December 31, 2019 and 2018 , respectively. All other capitalized software costs are being amortized over periods ranging from 3 to 5 years. Costs incurred during the preliminary project stage and post-implementation stage, as well as maintenance and training costs, are expensed as incurred. ||| . In addition, the Company capitalizes certain costs incurred to implement a cloud computing arrangement that is considered a service agreement, which are included in ||| In April 2018, the FASB issued new guidance on the accounting for costs incurred to implement a cloud computing arrangement that is considered a service arrangement. The new guidance requires the capitalization of such costs, aligning it with the accounting for costs associated with developing or obtaining internal-use software. The Company adopted the new standard in the third quarter of 2019 using prospective application for eligible costs, which were immaterial.",,0,notes_to_financials,2. Summary of Accounting Policies,2,True,3.0-5.0 ans | 6.0-10.0 ans,"score=3,idx=27579,zone=46463",1316,OK,
0000310158,MRK,2020,0000310158_MRK_FY2020_10K.html,,2021-03-31,"equipment, Capitalized software","Capitalized software costs are being amortized over periods ranging from 3 to 10 years, with the longer lives generally associated with enterprise-wide projects implemented over multiple years.",3.0,10.0,Yes,"Accelerated depreciation costs primarily relate to manufacturing, research and administrative facilities and equipment to be sold or closed as part of the programs. Accelerated depreciation costs represent the difference between the depreciation expense to be recognized over the revised useful life of the asset, based upon the anticipated date the site will be closed or divested or the equipment disposed of, and depreciation expense as determined utilizing the useful life prior to the restructuring actions.",Not disclosed,,"Software Capitalization — The Company capitalizes certain costs incurred in connection with obtaining or developing internal-use software including external direct costs of material and services, and payroll costs for employees directly involved with the software development. These costs are included in Property, plant and equipment . In addition, the Company capitalizes certain costs incurred to implement a cloud computing arrangement that is considered a service agreement, which are included in Other Assets . Capitalized software costs are being amortized over periods ranging from 3 to 10 years, with the longer lives generally associated with enterprise-wide projects implemented over multiple years. Costs incurred during the preliminary project stage and post-implementation stage, as well as maintenance and training costs, are expensed as incurred. ||| . In addition, the Company capitalizes certain costs incurred to implement a cloud computing arrangement that is considered a service agreement, which are included in",A100,1,notes_to_financials,2. Summary of Accounting Policies,2,False,,"score=2,idx=22988,zone=22051",1091,OK,
0000310158,MRK,2021,0000310158_MRK_FY2021_10K.html,,2021-12-31,"equipment, Capitalized software","Capitalized software costs are being amortized over periods ranging from 3 to 10 years, with the longer lives generally associated with enterprise-wide projects implemented over multiple years.",3.0,10.0,Yes,"Accelerated depreciation costs primarily relate to manufacturing, research and administrative facilities and equipment to be sold or closed as part of the programs. Accelerated depreciation costs represent the difference between the depreciation expense to be recognized over the revised useful life of the asset, based upon the anticipated date the site will be closed or divested or the equipment disposed of, and depreciation expense as determined utilizing the useful life prior to the restructuring actions.",Not disclosed,,"Software Capitalization — The Company capitalizes certain costs incurred in connection with obtaining or developing internal-use software including external direct costs of material and services, and payroll costs for employees directly involved with the software development. These costs are included in Property, plant and equipment . In addition, the Company capitalizes certain costs incurred to implement a cloud computing arrangement that is considered a service agreement, which are included in Other Assets . Capitalized software costs are being amortized over periods ranging from 3 to 10 years, with the longer lives generally associated with enterprise-wide projects implemented over multiple years. Costs incurred during the preliminary project stage and post-implementation stage, as well as maintenance and training costs, are expensed as incurred. ||| . In addition, the Company capitalizes certain costs incurred to implement a cloud computing arrangement that is considered a service agreement, which are included in",,0,notes_to_financials,2. Summary of Accounting Policies,2,False,,"score=2,idx=21648,zone=23416",1198,OK,
0000310158,MRK,2022,0000310158_MRK_FY2022_10K.html,,2023-02-24,"equipment, Capitalized software","Capitalized software costs are being amortized over periods ranging from 3 to 10 years, with the longer lives generally associated with enterprise-wide projects implemented over multiple years.",3.0,10.0,Yes,"Accelerated depreciation costs primarily relate to manufacturing, research and administrative facilities and equipment to be sold or closed as part of the program. Accelerated depreciation costs represent the difference between the depreciation expense to be recognized over the revised useful life of the asset, based upon the anticipated date the site will be closed or divested or the equipment disposed of, and depreciation expense as determined utilizing the useful life prior to the restructuring actions.",Not disclosed,,"Software Capitalization — The Company capitalizes certain costs incurred in connection with obtaining or developing internal-use software including external direct costs of material and services, and payroll costs for employees directly involved with the software development. These costs are included in Property, plant and equipment . In addition, the Company capitalizes certain costs incurred to implement a cloud computing arrangement that is considered a service agreement, which are included in Other Assets . Capitalized software costs are being amortized over periods ranging from 3 to 10 years, with the longer lives generally associated with enterprise-wide projects implemented over multiple years. Costs incurred during the preliminary project stage and post-implementation stage, as well as maintenance and training costs, are expensed as incurred. ||| . In addition, the Company capitalizes certain costs incurred to implement a cloud computing arrangement that is considered a service agreement, which are included in",,0,notes_to_financials,2. Summary of Accounting Policies,2,False,,"score=2,idx=21744,zone=22164",1129,OK,
0000310158,MRK,2023,0000310158_MRK_FY2023_10K.html,,2024-06-30,"equipment, Capitalized software","Capitalized software costs are being amortized over periods ranging from 2 to 10 years, with the longer lives generally associated with enterprise-wide projects implemented over multiple years.",2.0,10.0,Yes,"Accelerated depreciation costs primarily relate to manufacturing, research and administrative facilities and equipment to be sold or closed as part of the programs. Accelerated depreciation costs represent the difference between the depreciation expense to be recognized over the revised useful life of the asset, based upon the anticipated date the site will be closed or divested or the equipment disposed of, and depreciation expense as determined utilizing the useful life prior to the restructuring actions.",Not disclosed,,"Software Capitalization — The Company capitalizes certain costs incurred in connection with obtaining or developing internal-use software including external direct costs of material and services, and payroll costs for employees directly involved with the software development. These costs are included in Property, plant and equipment . In addition, the Company capitalizes certain costs incurred to implement a cloud computing arrangement that is considered a service agreement, which are included in Other Assets . Capitalized software costs are being amortized over periods ranging from 2 to 10 years, with the longer lives generally associated with enterprise-wide projects implemented over multiple years. Costs incurred during the preliminary project stage and post-implementation stage, as well as maintenance and training costs, are expensed as incurred. ||| . In addition, the Company capitalizes certain costs incurred to implement a cloud computing arrangement that is considered a service agreement, which are included in",,0,notes_to_financials,2. Summary of Accounting Policies,2,False,,"score=2,idx=21316,zone=21992",1113,OK,
0000310158,MRK,2024,0000310158_MRK_FY2024_10K.html,,2025-12-31,Capitalized software,"Capitalized software costs are being amortized over periods ranging from 2 to 10 years, with the longer lives generally associated with enterprise-wide projects implemented over multiple years.",2.0,10.0,Yes,"Accelerated depreciation costs primarily relate to manufacturing, research and administrative facilities and equipment to be sold or closed as part of the programs. Accelerated depreciation costs represent the difference between the depreciation expense to be recognized over the revised useful life of the asset, based upon the anticipated date the site will be closed or divested or the equipment disposed of, and depreciation expense as determined utilizing the useful life prior to the restructuring actions.",Not disclosed,,"Software Capitalization — The Company capitalizes certain costs incurred in connection with obtaining or developing internal-use software including external direct costs of material and services, and payroll costs for employees directly involved with the software development. These costs are included in Property, plant and equipment . In addition, the Company capitalizes certain costs incurred to implement a cloud computing arrangement ||| . In addition, the Company capitalizes certain costs incurred to implement a cloud computing arrangement",,0,notes_to_financials,2. Summary of Accounting Policies,2,False,,"score=2,idx=21449,zone=21815",1113,OK,
0000723125,MU,2013,0000723125_MU_FY2013_10K.html,,,equipment,"Property, Plant and Equipment : Property, plant and equipment are stated at cost and depreciated using the straight-line method over estimated useful lives of generally 10 to 30 years for buildings, generally 5 to 7 years for equipment and 3 to 5 years for software.",5.0,7.0,No,,Not disclosed,,Not disclosed,NVIDIA,1,item_8_other,,1,True,3.0-5.0 ans | 5.0-7.0 ans,"score=7,idx=10851,zone=30545",1197,OK,
0000723125,MU,2014,0000723125_MU_FY2014_10K.html,,,equipment and generally 3 to 5 years for software,"Property, Plant and Equipment: Property, plant and equipment is stated at cost and depreciated using the straight-line method over estimated useful lives of generally 10 to 30 years for buildings, generally 5 to 7 years for equipment and generally 3 to 5 years for software.",5.0,7.0,No,,Not disclosed,,Not disclosed,,0,item_8_other,,1,True,3.0-5.0 ans | 5.0-7.0 ans,"score=7,idx=12079,zone=32366",1190,OK,
0000723125,MU,2015,0000723125_MU_FY2015_10K.html,,,equipment,"Property, Plant and Equipment: Property, plant, and equipment is stated at cost and depreciated using the straight-line method over estimated useful lives of generally 10 to 30 years for buildings, 5 to 7 years for equipment, and 3 to 5 years for software.",5.0,7.0,No,,Not disclosed,,"– Customer's Accounting for Fees Paid in a Cloud Computing Arrangement ||| , which provides additional guidance to customers about whether a cloud computing arrangement includes a software license. Under ASU 2015-05, if a software cloud computing arrangement contains a software license, customers should account for the license element of the arrangement in a manner consistent with the acquisition of other software licenses. If the arrangement does not contain a software license, customers should account for the arrangement as a service contract. ASU 2015-05 also removes the requirement to analogize to ASC 840-10 ||| In April 2015, the FASB issued ASU 2015-05 – Customer's Accounting for Fees Paid in a Cloud Computing Arrangement , which provides additional guidance to customers about whether a cloud computing arrangement includes a software license. Under ASU 2015-05, if a software cloud computing arrangement contains a software license, customers should account for the license element of the arrangement in a manner consistent with the acquisition of other software licenses. If the arrangement does not contain a software license, customers should account for the arrangement as a service contract. ASU 2015-05 also removes the requirement to analogize to ASC 840-10 – Leases to determine the asset acquired in a software licensing arrangement. This ASU will be effective for us beginning in our first quarter of 2017 and early adoption is permitted. We are evaluating the effects of the adoption of this ASU on our financial statements.",,0,item_8_other,,1,True,3.0-5.0 ans | 5.0-7.0 ans,"score=7,idx=11994,zone=32657",1105,OK,
0000723125,MU,2016,0000723125_MU_FY2016_10K.html,,,equipment,"Property, Plant, and Equipment: Property, plant, and equipment is stated at cost and depreciated using the straight-line method over estimated useful lives of generally 10 to 30 years for buildings, 5 to 7 years for equipment, and 3 to 5 years for software.",5.0,7.0,Yes,"We periodically assess the estimated useful lives of our property, plant, and equipment. As a result, we revised the estimated useful lives of equipment in our DRAM wafer fabrication facilities from",Not disclosed,,"Customer's Accounting for Fees Paid in a Cloud Computing Arrangement ||| , which provides additional guidance to customers about whether a cloud computing arrangement includes a software license. Under ASU 2015-05, cloud computing arrangements that contain a software license should be accounted for in a manner consistent with the acquisition of other software licenses. If the arrangement does not contain a software license, customers should account for the arrangement as a service contract. ASU 2015-05 also removes the requirement to analogize to ASC 840-10 – ||| In April 2015, the FASB issued ASU 2015-05 – Customer's Accounting for Fees Paid in a Cloud Computing Arrangement , which provides additional guidance to customers about whether a cloud computing arrangement includes a software license. Under ASU 2015-05, cloud computing arrangements that contain a software license should be accounted for in a manner consistent with the acquisition of other software licenses. If the arrangement does not contain a software license, customers should account for the arrangement as a service contract. ASU 2015-05 also removes the requirement to analogize to ASC 840-10 – Leases, to determine the asset acquired in a software licensing arrangement. We will prospectively adopt this ASU beginning in our first quarter of 2017 and do not anticipate it to have a material impact to our financial statements.",,0,item_8_other,,1,True,3.0-5.0 ans | 5.0-7.0 ans,"score=7,idx=11887,zone=30884",1055,OK,
0000723125,MU,2017,0000723125_MU_FY2017_10K.html,,,equipment,"Property, Plant, and Equipment: Property, plant, and equipment is stated at cost and depreciated using the straight-line method over estimated useful lives of generally 10 to 30 years for buildings, 5 to 7 years for equipment, and 3 to 5 years for software.",5.0,7.0,Yes,"We periodically assess the estimated useful lives of our property, plant, and equipment. As a result, we revised the estimated useful lives of equipment in our DRAM wafer fabrication facilities from","Micron Technology, Inc., including its consolidated subsidiaries, is an industry leader in innovative memory and storage solutions. Through our global brands – Micron, Crucial, and Ballistix – our broad portfolio of high-performance memory and storage technologies, including DRAM, NAND, NOR Flash, and 3D XPoint memory, is transforming how the world uses information to enrich life. Backed by more than 35 years of technology leadership, our memory and storage solutions enable disruptive trends, including artificial intelligence, machine learning, and autonomous vehicles in key market segments like cloud, data center, networking, and mobile. The accompanying consolidated financial statements include the accounts of Micron and our consolidated subsidiaries and have been prepared in accordance with accounting principles generally accepted in the United States of America. Certain reclassifications have been made to prior period amounts to conform to current period presentation.",Item 8,"Customer's Accounting for Fees Paid in a Cloud Computing Arrangement ||| , which provided additional guidance to customers about whether a cloud computing arrangement includes a software license. Under ASU 2015-05, cloud computing arrangements that contain a software license should be accounted for in a manner consistent with the acquisition of other software licenses, otherwise customers should account for the arrangement as a service contract. ASU 2015-05 also removed the requirement to analogize to ASC 840-10 – ||| In April 2015, the FASB issued ASU 2015-05 – Customer's Accounting for Fees Paid in a Cloud Computing Arrangement , which provided additional guidance to customers about whether a cloud computing arrangement includes a software license. Under ASU 2015-05, cloud computing arrangements that contain a software license should be accounted for in a manner consistent with the acquisition of other software licenses, otherwise customers should account for the arrangement as a service contract. ASU 2015-05 also removed the requirement to analogize to ASC 840-10 – Leases , to determine the asset acquired in a software licensing arrangement. We adopted this ASU as of the beginning of the first quarter of 2017 on a prospective basis. The adoption of this ASU did not have a material impact on our financial statements.",,0,item_8_other,,1,True,3.0-5.0 ans | 5.0-7.0 ans,"score=7,idx=10877,zone=28159",960,OK,
0000723125,MU,2018,0000723125_MU_FY2018_10K.html,,,equipment,"Property, Plant, and Equipment: Property, plant, and equipment is stated at cost and depreciated using the straight-line method over estimated useful lives of generally 10 to 30 years for buildings, 5 to 7 years for equipment, and 3 to 5 years for software.",5.0,7.0,Yes,"We receive incentives from governmental entities related to expenses, assets, and other activities. Our government incentives may require that we meet or maintain specified spending levels and other operational metrics and may be subject to reimbursement if such conditions are not met or maintained. Government incentives are recorded in the financial statements in accordance with their purpose: as a reduction of expenses, a reduction of asset costs, or other income. Incentives related to specific operating activities are offset against the related expense in the period the expense is incurred. Incentives related to the acquisition or construction of fixed assets are recognized as a reduction in the carrying amounts of the related assets and reduce depreciation expense over the useful lives of the assets. Other incentives are recognized as other operating income. Government incentives received prior to being earned are recognized in current or noncurrent deferred income, whereas government incentives earned prior to being received are recognized in current or noncurrent receivables. Cash received from government incentives related to operating expenses are included as an operating activity in the statement of cash flows, whereas cash received from incentives related to the acquisition of property, plant, and equipment are included as an investing activity.","Micron Technology, Inc., including its consolidated subsidiaries, is an industry leader in innovative memory and storage solutions. Through our global brands – Micron, Crucial, and Ballistix – our broad portfolio of high-performance memory and storage technologies, including DRAM, NAND, NOR Flash, and 3D XPoint memory, is transforming how the world uses information to enrich life. Backed by 40 years of technology leadership, our memory and storage solutions enable disruptive trends, including artificial intelligence, machine learning, and autonomous vehicles, in key market segments like cloud, data center, networking, and mobile. The accompanying consolidated financial statements include the accounts of Micron and our consolidated subsidiaries and have been prepared in accordance with accounting principles generally accepted in the United States of America. Certain reclassifications have been made to prior period amounts to conform to current period presentation.",Item 8,Not disclosed,,0,item_8_other,,1,True,3.0-5.0 ans | 5.0-7.0 ans,"score=7,idx=10077,zone=27402",901,OK,
0000723125,MU,2019,0000723125_MU_FY2019_10K.html,,,equipment,"Property, Plant, and Equipment: Property, plant, and equipment is stated at cost and depreciated using the straight-line method over estimated useful lives of generally 10 to 30 years for buildings, 5 to 7 years for equipment, and 3 to 5 years for software.",5.0,7.0,Yes,"We receive incentives from governmental entities related to expenses, assets, and other activities. Our government incentives may require that we meet or maintain specified spending levels and other operational metrics and may be subject to reimbursement if such conditions are not met or maintained. Government incentives are recorded in the financial statements in accordance with their purpose: as a reduction of expenses, a reduction of asset costs, or other income. Incentives related to specific operating activities are offset against the related expense in the period the expense is incurred. Incentives related to the acquisition or construction of fixed assets are recognized as a reduction in the carrying amounts of the related assets and reduce depreciation expense over the useful lives of the assets. Other incentives are recognized as other operating income. Government incentives received prior to being earned are recognized in current or noncurrent deferred income, whereas government incentives earned prior to being received are recognized in current or noncurrent receivables. Cash received from government incentives related to operating expenses is included as an operating activity in the statement of cash flows, whereas cash received from incentives related to the acquisition of property, plant, and equipment is included as an investing activity.","Micron Technology, Inc., including its consolidated subsidiaries, is an industry leader in innovative memory and storage solutions. Through our global brands – Micron, Crucial, and Ballistix – our broad portfolio of high-performance memory and storage technologies, including DRAM, NAND, 3D XPoint memory, and NOR, is transforming how the world uses information to enrich life. Backed by 40 years of technology leadership, our memory and storage solutions enable disruptive trends, including artificial intelligence, 5G, machine learning, and autonomous vehicles, in key market segments like mobile, data center, client, consumer, industrial, graphics, automotive, and networking. The accompanying consolidated financial statements include the accounts of Micron and our consolidated subsidiaries and have been prepared in accordance with accounting principles generally accepted in the United States of America. Intercompany balances and transactions have been eliminated in consolidation. Certain reclassifications have been made to prior period amounts to conform to current period presentation. Information prior to 2019 is presented in accordance with the accounting guidance in effect during that period and has not been recast for recently adopted accounting standards. See ""Recently Adopted Accounting Standards"" note.",Item 8,Not disclosed,,0,item_8_other,,1,True,3.0-5.0 ans | 5.0-7.0 ans,"score=7,idx=9817,zone=27123",868,OK,
0000723125,MU,2020,0000723125_MU_FY2020_10K.html,,"September 3, 2020",equipment,"Property, plant, and equipment is stated at cost and depreciated using the straight-line method over estimated useful lives of generally 10 to 30 years for buildings, 5 to 7 years for equipment, and 3 to 5 years for software.",5.0,7.0,Yes,"We receive incentives from governmental entities related to expenses, assets, and other activities. Our government incentives may require that we meet or maintain specified spending levels and other operational metrics and may be subject to reimbursement if such conditions are not met or maintained. Government incentives are recorded in the financial statements in accordance with their purpose: as a reduction of expenses, a reduction of asset costs, or other income. Incentives related to specific operating activities are offset against the related expense in the period the expense is incurred. Incentives related to the acquisition or construction of fixed assets are recognized as a reduction in the carrying amounts of the related assets and reduce depreciation expense over the useful lives of the assets. Other incentives are recognized as other operating income. Government incentives received prior to being earned are recognized in current or noncurrent deferred income, whereas government incentives earned prior to being received are recognized in current or noncurrent receivables. Cash received from government incentives related to operating expenses is included as an operating activity in the statement of cash flows, whereas cash received from incentives related to the acquisition of property, plant, and equipment is included as an investing activity.","Micron Technology, Inc., including its consolidated subsidiaries, is an industry leader in innovative memory and storage solutions. Through our global brands — Micron ® and Crucial ® — our broad portfolio of high-performance memory and storage technologies, including DRAM, NAND, 3D XPoint memory, and NOR, is transforming how the world uses information to enrich life for all . Backed by more than 40 years of technology leadership, our memory and storage solutions enable disruptive trends, including artificial intelligence, 5G, machine learning, and autonomous vehicles, in key market segments like mobile, data center, client, consumer, industrial, graphics, automotive, and networking.",Item 8,Not disclosed,,0,item_8_other,,1,True,3.0-5.0 ans | 5.0-7.0 ans,"score=5,idx=9954,zone=10897",556,OK,
0000723125,MU,2021,0000723125_MU_FY2021_10K.html,,"September 2, 2021",equipment,"Property, plant, and equipment is stated at cost and depreciated using the straight-line method over estimated useful lives of generally 10 to 30 years for buildings, 5 to 7 years for equipment, and 3 to 5 years for software.",5.0,7.0,Yes,"We receive incentives from governmental entities related to expenses, assets, and other activities. Our government incentives may require that we meet or maintain specified spending levels and other operational metrics and may be subject to reimbursement if such conditions are not met or maintained. Government incentives are recorded in the financial statements in accordance with their purpose: as a reduction of expenses, a reduction of asset costs, or other income. Incentives related to specific operating activities are offset against the related expense in the period the expense is incurred. Incentives related to the acquisition or construction of fixed assets are recognized as a reduction in the carrying amounts of the related assets and reduce depreciation expense over the useful lives of the assets. Other incentives are recognized as other operating income. Government incentives received prior to being earned are recognized in current or noncurrent deferred income, whereas government incentives earned prior to being received are recognized in current or noncurrent receivables. Cash received from government incentives related to operating expenses is included as an operating activity in the statement of cash flows, whereas cash received from incentives related to the acquisition of property, plant, and equipment is included as an investing activity.","Micron Technology, Inc., including its consolidated subsidiaries, is an industry leader in innovative memory and storage solutions transforming how the world uses information to enrich life for all . With a relentless focus on our customers, technology leadership, and manufacturing and operational excellence, Micron delivers a rich portfolio of high-performance DRAM, NAND, and NOR memory and storage products through our Micron® and Crucial® brands. Every day, the innovations that our people create fuel the data economy, enabling advances in artificial intelligence and 5G applications that unleash opportunities — from the data center to the intelligent edge and across the client and mobile user experience.",Item 8,Not disclosed,,0,item_8_other,,1,True,3.0-5.0 ans | 5.0-7.0 ans,"score=5,idx=9252,zone=9983",516,OK,
0000723125,MU,2022,0000723125_MU_FY2022_10K.html,,"September 1, 2022",equipment,"Property, plant, and equipment is stated at cost and depreciated using the straight-line method over estimated useful lives of generally 10 to 30 years for buildings, 5 to 7 years for equipment, and 3 to 5 years for software.",5.0,7.0,Yes,"We receive incentives from governmental entities related to expenses, assets, and other activities. Our government incentives may require that we meet or maintain specified spending levels and other operational metrics and may be subject to reimbursement if such conditions are not met or maintained. Government incentives are recorded in the financial statements in accordance with their purpose: as a reduction of expenses, a reduction of asset costs, or other income. Incentives related to specific operating activities are offset against the related expense in the period the expense is incurred. Incentives related to the acquisition or construction of fixed assets are recognized as a reduction in the carrying amounts of the related assets and reduce depreciation expense over the useful lives of the assets. Other incentives are recognized as other operating income. Government incentives received prior to being earned are recognized in current or noncurrent deferred income or restricted cash, whereas government incentives earned prior to being received are recognized in current or noncurrent receivables. Cash received from government incentives related to operating expenses is included as an operating activity in the statement of cash flows, whereas cash received from incentives related to the acquisition of property, plant, and equipment is included as an investing activity.","We are an industry leader in innovative memory and storage solutions transforming how the world uses information to enrich life for all . With a relentless focus on our customers, technology leadership, and manufacturing and operational excellence, Micron delivers a rich portfolio of high-performance DRAM, NAND, and NOR memory and storage products through our Micron® and Crucial® brands. Every day, the innovations that our people create fuel the data economy, enabling advances in artificial intelligence and 5G applications that unleash opportunities — from the data center to the intelligent edge and across the client and mobile user experience.",Item 8,Not disclosed,,0,item_8_other,,1,True,3.0-5.0 ans | 5.0-7.0 ans,"score=5,idx=9162,zone=9960",490,OK,
0000723125,MU,2023,0000723125_MU_FY2023_10K.html,,"August 31, 2023",software. Assets held for sale are carried at the lower of estimated fair value or carrying value and are included in current assets,"Property, plant, and equipment is stated at cost and depreciated using the straight-line method over estimated useful lives of generally 10 to 30 years for buildings, 7 years for production equipment, up to 7 years for other equipment, and 3 to 5 years for software.",3.0,5.0,Yes,"We receive incentives from governmental entities related to capital expenditures, expenses, and other activities. Our government incentives may require that we meet or maintain specified spending levels and other operational metrics and may be subject to reimbursement if such conditions are not met or maintained. Government incentives are recorded in the financial statements in accordance with their purpose: as a reduction of asset costs or a reduction of expenses. Incentives related to the acquisition or construction of fixed assets are recognized as a reduction in the carrying amounts of the related assets and reduce depreciation expense over the useful lives of the assets. Incentives related to specific operating activities are offset against the related expense in the period the expense is incurred. Government incentives received prior to being earned are recognized in current or noncurrent deferred income or restricted cash, whereas government incentives earned prior to being received are recognized in current or noncurrent receivables. Cash received from government incentives related to operating expenses is included as an operating activity in the statement of cash flows, whereas cash received from incentives related to the acquisition of property, plant, and equipment is included as an investing activity.","We are an industry leader in innovative memory and storage solutions transforming how the world uses information to enrich life for all . With a relentless focus on our customers, technology leadership, and manufacturing and operational excellence, Micron delivers a rich portfolio of high-performance DRAM, NAND, and NOR memory and storage products through our Micron® and Crucial® brands. Every day, the innovations that our people create fuel the data economy, enabling advances in artificial intelligence and 5G applications that unleash opportunities — from the data center to the intelligent edge and across the client and mobile user experience.",Item 8,Not disclosed,,0,item_8_other,,1,True,3.0-5.0 ans | 7.0 ans,"score=5,idx=9238,zone=10007",487,OK,
0000723125,MU,2024,0000723125_MU_FY2024_10K.html,,"August 29, 2024",software. Assets held for sale are carried at the lower of estimated fair value or carrying value and are included in current assets,"Property, plant, and equipment is stated at cost and depreciated using the straight-line method over estimated useful lives of generally 10 to 30 years for buildings, 7 years for production equipment, up to 7 years for other equipment, and 3 to 5 years for software.",3.0,5.0,No,,Data center and networking,Item 8,Not disclosed,,0,item_8_other,,1,True,3.0-5.0 ans | 7.0 ans,"score=5,idx=9285,zone=9764",488,OK,
0000724004,MLAB,2013,0000724004_MLAB_FY2013_10K.html,,"March 31, 2014",Not disclosed,Not disclosed,,,No,,Not disclosed,,Not disclosed,,0,unknown,,0,False,,"score=4,idx=5404,zone=7780",275,OK,
0000724004,MLAB,2014,0000724004_MLAB_FY2014_10K.html,,,Not disclosed,Not disclosed,,,No,,Not disclosed,,Not disclosed,,0,unknown,,0,False,,"score=4,idx=5775,zone=9033",307,OK,
0000724004,MLAB,2015,0000724004_MLAB_FY2015_10K.html,,,equipment,"Year E nded March 31, 2016 2015 201 4 Cash flows from operating activities: Net income $ 11,169 $ 9,583 $ 9,000 Depreciation and amortization 7,174 5,656 3,844 Loss (gain) on dispositions, net -- 16 (420 ) Deferred income taxes (807 ) 450 (43 ) Stock-based compensation 1,327 993 840 Foreign currency adjustments 53 (176 ) -- Change in assets and liabilities, net of effects of acquisitions and dispositions Accounts receivable, net (1,958 ) (2,291 ) 697 Inventories, net (1,202 ) (3,164 ) (1,300 ) Prepaid expenses and other 391 772 (1,479 ) Accounts payable (150 ) 410 754 Accrued liabilities and taxes payable 2,865 (861 ) 1,192 Unearned revenues 99 (572 ) 308 Contingent consideration (2,058 ) -- (1,020 ) Net cash provided by operating activities 16,903 10,816 12,373 Cash flows from investing activities: Acquisitions (24,111 ) (20,543 ) (22,758 ) Proceeds from disposition -- -- 661 Purchases of property, plant and equipment (7,729 ) (2,828 ) (1,041 ) Net cash used in investing activities (31,840 ) (23,371 ) (23,138 ) Cash flow from financing activities: Proceeds from the issuance of debt 25,000 23,000 21,000 Payments on debt (6,000 ) (13,250 ) (8,500 ) Dividends (2,303 ) (2,182 ) (1,989 ) Proceeds from the exercise of stock options 1,923 1,504 1,845 Purchase and retirement of common stock -- -- (22 ) Net cash provided by financing activities 18,620 9,072 12,334 Effect of exchange rate changes on cash and cash equivalents (22 ) (58 ) -- Net increase (decrease) in cash and cash equivalents 3,661 (3,541 ) 1,569 Cash and cash equivalents at beginning of year 2,034 5,575 4,006 Cash and cash equivalents at end of year $ 5,695 $ 2,034 $ 5,575 Cash paid during the year for: Income taxes $ 3,951 $ 3,345 $ 4,714 Interest 848 499 133 Supplemental non-cash activity: Repayment of employee loans for stock options $ -- $ 24 $ 92 Contingent consideration as part of an acquisition 9,271 412 500",,,No,,Not disclosed,,Not disclosed,,0,ppe_note,Note 17 . Subsequent Events,3,False,,"score=7,idx=6270,zone=10246",409,OK,
0000724004,MLAB,2016,0000724004_MLAB_FY2016_10K.html,,,Not disclosed,Not disclosed,,,No,,Not disclosed,,Not disclosed,,0,unknown,,0,False,,"score=4,idx=6378,zone=9640",344,OK,
0000724004,MLAB,2017,0000724004_MLAB_FY2017_10K.html,,,Not disclosed,Not disclosed,,,No,,Not disclosed,,Not disclosed,,0,unknown,,0,False,,"score=2,idx=333,zone=6",0,OK,
0000724004,MLAB,2018,0000724004_MLAB_FY2018_10K.html,,,equipment,"At least annually, we evaluate, and adjust when necessary, the estimated lives of property, plant and equipment.",,,No,,"During the year ended March 31, 2019, we completed a business combination (the “Point Six Wireless Acquisition”) whereby we acquired substantially all of the assets (other than current assets) and certain liabilities of Point Six Wireless, LLC’s continuous monitoring business, which manufactures wireless sensors that are used in healthcare, hospital, food service, retail, data center, and refrigerated transport applications.",MD&A (Item 7),"During the year ended March 31, 2019, we elected to early-adopt ASU 2018-15 Intangibles – Goodwill and Other Internal-Use Software: Customer’s Accounting for Implementation Costs Incurred in a Cloud Computing Arrangement That Is a Service Contract (“ASU 2018-15”) on a prospective basis. ASU 2018-15 aligns the requirements for capitalizing implementation costs incurred in a hosting arrangement that is a service contract with the requirements for capitalizing implementation costs of other internal-use software arrangements. Accordingly, we capitalized $206 of costs incurred during the year ended March 31, 2019 primarily to implement a hosted enterprise resource planning system to our European subsidiaries. The related assets are held in prepaid expenses and other on our Consolidated Balance Sheets, and we began amortizing the expense of those assets that were placed in service to general and administrative costs on our Consolidated Statements of Operations on a straight-line basis over the contractual term of the arrangement. Total depreciation expense for hosted software arrangements was $41 for the year ended March 31, 2019 and the related assets are expected to be depreciated over approximately two years.",,0,significant_accounting_policies,Note 1. Description of Business and Summary of Significant Accounting Policies,3,False,,"score=4,idx=5018,zone=7065",395,OK,
0000724004,MLAB,2019,0000724004_MLAB_FY2019_10K.html,,,Not disclosed,"Services: We generally generate service revenues from three categories: 1) discrete installation or testing of our hardware and software, 2) discrete but recurring calibration and maintenance of our hardware or, 3) contracted and recurring testing and maintenance services and software license subscriptions. Performance obligations arise from service contracts when discrete services are contracted in advance and performed at a future time, often at the time of the customer's choosing. In this case, the performance obligation is satisfied and revenue is recognized upon the customer's acceptance of the completion of specified work. Alternately, service revenue may be recognized for contracted services or maintenance provided continually over a period of time, and our performance obligations are satisfied by completing any service that is contractually required, if applicable, or simply by the passage of time if no services are required or requested. For contracted services, revenue is recognized on a straight-line basis over the life of the service contract, which is a faithful depiction of these annual service contracts that may or may not be invoked. Evidence of a service arrangement may be in the form of a formal contract or a purchase order.",,,No,,Not disclosed,,Not disclosed,,0,significant_accounting_policies,Note 1. Description of Business and Summary of Significant Accounting Policies,3,False,,"score=4,idx=4905,zone=8596",544,OK,
0000724004,MLAB,2020,0000724004_MLAB_FY2020_10K.html,,"March 31, 2021",Not disclosed,"For both annual service contracts and software subscriptions, revenue is recognized on a straight-line basis over the life of the contract in a faithful depiction of our obligation to provide services over the contract period.",,,Yes,"At least annually, we evaluate and adjust as necessary the estimated lives of property, plant and equipment.",Not disclosed,,Not disclosed,,0,significant_accounting_policies,Note 1. Description of Business and Summary of Significant Accounting Policies,3,False,,"score=4,idx=6798,zone=9456",476,OK,
0000724004,MLAB,2021,0000724004_MLAB_FY2021_10K.html,,"March 31, 2022",Not disclosed,"Services: We generate service revenues from discrete or contracted calibration, testing, and maintenance services performed on our hardware products. Performance obligations arise when discrete services are contracted in advance and performed at a future time, often at the time of the customer’s choosing. In such cases, our performance obligation is satisfied and revenue is recognized upon completion of the specified work. Alternately, performance obligations arising from ongoing service contracts are satisfied by completing any service that is contractually required during the contract period, if requested by the customer, or simply by the passage of time if no services are requested. For ongoing service contracts, revenue is recognized on a straight-line basis over the life of the contract in a faithful depiction of our obligation to provide services over the contract period. Evidence of a service arrangement may be in the form of a formal contract or a purchase order.",,,Yes,"At least annually, we evaluate and adjust as necessary the estimated lives of property, plant and equipment.",Not disclosed,,Not disclosed,,0,significant_accounting_policies,Note 1. Description of Business and Summary of Significant Accounting Policies,3,False,,"score=4,idx=6620,zone=8965",504,OK,
0000724004,MLAB,2022,0000724004_MLAB_FY2022_10K.html,,"March 31, 2023",equipment,"Property, plant and equipment are recorded at cost, less allowances for depreciation, except for assets acquired in acquisitions, which are recorded at fair value.",,,Yes,"Depreciation is calculated using the straight-line method over the assets’ estimated useful lives. Upon asset retirement or disposal, accounts are relieved of cost and accumulated depreciation, and any related gain or loss is reflected in our results of operations. In some cases, particularly with respect to business consolidation or closure activities, accelerated depreciation may be required for the revised remaining useful lives of assets designated to be abandoned in the future.",Not disclosed,,Not disclosed,,0,significant_accounting_policies,Note 1. Description of Business and Summary of Significant Accounting Policies,3,False,,"score=4,idx=6285,zone=8862",511,OK,
0000724004,MLAB,2023,0000724004_MLAB_FY2023_10K.html,,"March 31, 2024",equipment,"Property, plant and equipment are recorded at cost, less accumulated depreciation, except for assets acquired in acquisitions, which are recorded at fair value.",,,Yes,"Depreciation is calculated using the straight-line method over the assets’ estimated useful lives. Upon asset retirement or disposal, accounts are relieved of cost and accumulated depreciation, and any related gain or loss is reflected in our results of operations. In some cases, particularly with respect to business consolidation or closure activities, accelerated depreciation may be required for the revised remaining useful lives of assets designated to be abandoned in the future.",Not disclosed,,Not disclosed,,0,significant_accounting_policies,Note 1. Description of Business and Summary of Significant Accounting Policies,3,False,,"score=4,idx=6854,zone=9645",578,OK,
0000724004,MLAB,2024,0000724004_MLAB_FY2024_10K.html,,"March 31, 2025",equipment,"Property, plant and equipment are recorded at cost, less accumulated depreciation, except for assets acquired in business acquisitions, which are recorded at fair value.",,,Yes,"Depreciation is calculated using the straight-line method over our assets’ estimated useful lives. Upon asset retirement or disposal, accounts are relieved of cost and accumulated depreciation, and any related gain or loss is reflected in our results of operations. In some cases, particularly with respect to business consolidation or closure activities, impairment losses or accelerated depreciation may be recorded to reflect revised remaining useful lives of assets designated to be abandoned in the future.",Not disclosed,,Not disclosed,,0,significant_accounting_policies,Note 1. Description of Business and Summary of Significant Accounting Policies,3,False,,"score=4,idx=6464,zone=10336",544,OK,
0001613103,MDT,2014,0001613103_MDT_FY2014_10K.html,,"April 24, 2015",equipment,"Property, plant, and equipment is stated at cost. Additions and improvements that extend the lives of the assets are capitalized while expenditures for repairs and maintenance are expensed as incurred. Depreciation is provided using the straight-line method over the estimated useful lives of the various assets. Property, plant, and equipment balances and corresponding lives are as follows:",,,No,,Not disclosed,,Not disclosed,,0,significant_accounting_policies,1. Summary of Significant Accounting Policies,3,False,,"score=4,idx=12364,zone=57006",1565,OK,
0001613103,MDT,2015,0001613103_MDT_FY2015_10K.html,,"April 29, 2016",equipment,"Property, plant, and equipment is stated at cost. Additions and improvements that extend the lives of the assets are capitalized, while expenditures for repairs and maintenance are expensed as incurred. The Company assesses property, plant, and equipment for impairment whenever events or changes in circumstances indicate that the carrying amount of property, plant, and equipment assets may not be recoverable. Depreciation is provided using the straight-line method over the estimated useful lives of the various assets. Depreciation expense of",,,No,,Not disclosed,,Not disclosed,,0,significant_accounting_policies,1. Summary of Significant Accounting Policies,3,False,,"score=4,idx=14662,zone=63505",1524,OK,
0001613103,MDT,2016,0001613103_MDT_FY2016_10K.html,,"April 28, 2017",Not disclosed,Not disclosed,,,No,,Not disclosed,,Not disclosed,,0,unknown,,0,False,,"score=4,idx=14523,zone=66222",1429,OK,
0001613103,MDT,2017,0001613103_MDT_FY2017_10K.html,,"April 27, 2018",Not disclosed,Not disclosed,,,No,,Not disclosed,,"Acceptance and growth from the Azure XT and S SureScan pacing systems, which launched in the U.S. during the third quarter of fiscal year 2018. Azure pacemakers feature Medtronic-exclusive BlueSync technology, which enables automatic, secure wireless remote monitoring with increased device longevity.",,0,unknown,,0,False,,"score=4,idx=15424,zone=66961",1419,OK,
0001613103,MDT,2018,0001613103_MDT_FY2018_10K.html,,2019-04-26,"Equipment, Computer software","(in millions) April 26, 2019 April 27, 2018 Estimated Useful Lives (in years) Equipment $ 5,519 $ 5,171 Generally 2-7, up to 15 Computer software 1,842 1,578 Up to 5 Land and land improvements 181 187 Up to 20 Buildings and leasehold improvements 2,267 2,265 Up to 40 Construction in progress 1,111 1,058 — Property, plant, and equipment 10,920 10,259 Less: Accumulated depreciation (6,245 ) (5,655 ) Property, plant, and equipment, net $ 4,675 $ 4,604",,,No,,Not disclosed,,"Continued acceptance and growth from the Azure XT and S SureScan pacing systems, which launched in the U.S. during the third quarter of fiscal year 2018. Azure pacemakers feature Medtronic-exclusive BlueSync technology, which enables automatic, secure wireless remote monitoring with increased device longevity.",Blackwell,1,item_8_other,,1,False,,"score=4,idx=22876,zone=69123",1480,OK,
0001613103,MDT,2019,0001613103_MDT_FY2019_10K.html,,2020-06-03,Not disclosed,Not disclosed,,,No,,Not disclosed,,Not disclosed,Blackwell,1,unknown,,0,False,,"score=2,idx=14795,zone=21658",151,OK,
0001613103,MDT,2020,0001613103_MDT_FY2020_10K.html,,2021-06-02,"Equipment, Computer software","(in millions) April 30, 2021 April 24, 2020 Estimated Useful Lives (in years) Equipment $ 6,308 $ 5,859 Generally 2-7, up to 15 Computer software 2,346 2,131 Up to 5 Land and land improvements 178 175 Up to 20 Buildings and leasehold improvements 2,370 2,277 Up to 40 Construction in progress 1,498 1,202 — Property, plant, and equipment 12,700 11,644 Less: Accumulated depreciation (7,479) (6,816) Property, plant, and equipment, net $ 5,221 $ 4,828",,,No,,Not disclosed,,"• Continued acceptance and growth from the Azure XT and S SureScan pacing systems. Azure pacemakers feature Medtronic-exclusive BlueSync technology, which enables automatic, secure wireless remote monitoring with increased device longevity. ||| Continued acceptance and growth from the Azure XT and S SureScan pacing systems. Azure pacemakers feature Medtronic-exclusive BlueSync technology, which enables automatic, secure wireless remote monitoring with increased device longevity.",B100,1,ppe_note,"10. Property, Plant, and Equipment",3,False,,"score=2,idx=13444,zone=17799",1011,OK,
0001613103,MDT,2021,0001613103_MDT_FY2021_10K.html,,2022-07-29,"Equipment, Computer software","(in millions) April 29, 2022 April 30, 2021 Estimated Useful Lives (in years) Equipment $ 6,489 $ 6,308 Generally 2-7, up to 15 Computer software 2,617 2,346 Up to 5 Land and land improvements 170 178 Up to 20 Buildings and leasehold improvements 2,351 2,370 Up to 40 Construction in progress 1,737 1,498 — Property, plant, and equipment 13,365 12,700 Less: Accumulated depreciation (7,952) (7,479) Property, plant, and equipment, net $ 5,413 $ 5,221",,,No,,Not disclosed,,"• Continued acceptance and growth from the Azure XT and S SureScan pacing systems. Azure pacemakers feature Medtronic-exclusive BlueSync technology, which enables automatic, secure wireless remote monitoring with increased device longevity. ||| Continued acceptance and growth from the Azure XT and S SureScan pacing systems. Azure pacemakers feature Medtronic-exclusive BlueSync technology, which enables automatic, secure wireless remote monitoring with increased device longevity.",,0,ppe_note,"10. Property, Plant, and Equipment",3,False,,"score=2,idx=12763,zone=17080",1000,OK,
0001613103,MDT,2022,0001613103_MDT_FY2022_10K.html,,2023-06-07,"Equipment, Computer software","(in millions) April 28, 2023 April 29, 2022 Estimated Useful Lives (in years) Equipment $ 6,707 $ 6,489 Generally 2-7, up to 15 Computer software 2,952 2,617 Up to 5 Land and land improvements 162 170 Up to 20 Buildings and leasehold improvements 2,487 2,351 Up to 40 Construction in progress 1,754 1,737 — Property, plant, and equipment 14,062 13,365 Less: Accumulated depreciation (8,493) (7,952) Property, plant, and equipment, net $ 5,569 $ 5,413",,,No,,Not disclosed,,"• Continued acceptance and growth from the Azure XT and S SureScan pacing systems and the 3830 lead. Azure pacemakers feature Medtronic-exclusive BlueSync technology, which enables automatic, secure wireless remote monitoring with increased device longevity. The 3830 lead, previously labeled for His-bundle pacing, has now been expanded to include left bundle branch area pacing. ||| Continued acceptance and growth from the Azure XT and S SureScan pacing systems and the 3830 lead. Azure pacemakers feature Medtronic-exclusive BlueSync technology, which enables automatic, secure wireless remote monitoring with increased device longevity. The 3830 lead, previously labeled for His-bundle pacing, has now been expanded to include left bundle branch area pacing.",,0,ppe_note,"10. Property, Plant, and Equipment",3,False,,"score=2,idx=12773,zone=17307",1031,OK,
0001613103,MDT,2023,0001613103_MDT_FY2023_10K.html,,2024-06-03,"Equipment, Computer software","(in millions) April 26, 2024 April 28, 2023 Estimated Useful Lives (in years) Equipment $ 6,396 $ 6,707 Generally 2-10, up to 15 Computer software 2,872 2,952 Up to 10 Land and land improvements 159 162 Up to 20 Buildings and leasehold improvements 2,506 2,487 Up to 40 Construction in progress 2,119 1,754 — Property, plant, and equipment 14,052 14,062 Less: Accumulated depreciation (7,922) (8,493) Property, plant, and equipment, net $ 6,131 $ 5,569",,,No,,Not disclosed,,• Continued acceptance and growth from the Azure XT and Azure S SureScan pacing systems and the 3830 lead. ||| Continued acceptance and growth from the Azure XT and Azure S SureScan pacing systems and the 3830 lead.,,0,ppe_note,"10. Property, Plant, and Equipment",3,False,,"score=2,idx=12417,zone=17339",1052,OK,
0001613103,MDT,2024,0001613103_MDT_FY2024_10K.html,,2025-05-28,"Equipment, Computer software","(in millions) April 25, 2025 April 26, 2024 Estimated Useful Lives (in years) Equipment $ 7,156 $ 6,396 Generally 2-10, up to 15 Computer software 3,295 2,872 Up to 10 Land and land improvements 160 159 Up to 20 Buildings and leasehold improvements 2,685 2,506 Up to 40 Construction in progress 2,340 2,119 — Property, plant, and equipment 15,636 14,052 Less: Accumulated depreciation (8,799) (7,922) Property, plant, and equipment, net $ 6,837 $ 6,131",,,No,,Not disclosed,,• Continued acceptance and growth from the Azure XT and Azure S SureScan pacing systems and the 3830 lead. ||| Continued acceptance and growth from the Azure XT and Azure S SureScan pacing systems and the 3830 lead.,,0,ppe_note,"10. Property, Plant, and Equipment",3,False,,"score=2,idx=12091,zone=18557",1037,OK,
0001906324,QDEL,2022,0001906324_QDEL_FY2022_10K.html,,2023-01-01,equipment,Asset type Useful life Building and building improvements 7-47 years Machinery and equipment 3-15 years Customer leased instruments 3-8 years Computer software 3-5 years,3.0,15.0,No,,Not disclosed,,"Amortization of deferred cloud computing implementation costs ||| Fiscal Year Ended (In millions) 2022 2021 2020 North America $ 1,614.6 $ 1,028.5 $ 1,205.2 EMEA 31.7 28.1 55.5 China 104.1 24.1 30.5 Other 92.7 43.0 28.0 Total segment Adjusted EBITDA 1,843.1 1,123.7 1,319.2 Corporate (1) (512.1) (152.9) (203.9) Depreciation and amortization (283.6) (52.7) (48.8) Acquisition and integration costs (136.0) (9.6) (3.7) Interest expense, net (75.7) (5.8) (8.5) Unwind inventory fair value adjustment (60.6) — — Loss on extinguishment of debt (24.0) — (10.4) (Loss) gain on investments (5.8) 1.5 — Amortization of deferred cloud computing implementation costs (5.4) (3.7) (1.1) Employee compensation charges and other costs (3.7) — — Impairment of long-lived assets (2.8) — — EU medical device regulation transition costs (2) (1.5) — — Tax indemnification expense (0.3) — — Change in fair value of acquisition contingencies (0.1) (0.2) (1.4) Derivative mark-to-market gain (loss) 4.4 — (1.1) Income before provision for income taxes $ 735.9 $ 900.3 $ 1,040.3",,0,significant_accounting_policies,Note 1. Basis of Presentation and Summary of Significant Accounting Policies,3,True,3.0-5.0 ans | 3.0-8.0 ans | 3.0-15.0 ans,"score=2,idx=8958,zone=11651",737,OK,
0001906324,QDEL,2023,0001906324_QDEL_FY2023_10K.html,,2023-12-31,equipment,Asset type Useful life Building and building improvements 7-47 years Machinery and equipment 3-15 years Customer leased instruments 3-8 years Computer software 3-5 years,3.0,15.0,No,,Not disclosed,,"Amortization of deferred cloud computing implementation costs ||| Fiscal Year Ended (In millions) 2023 2022 2021 North America $ 949.2 $ 1,614.6 $ 1,028.5 EMEA 58.3 31.7 28.1 China 129.1 104.1 24.1 Other 116.3 92.7 43.0 Total segment Adjusted EBITDA 1,252.9 1,843.1 1,123.7 Corporate (1) (529.7) (512.1) (152.9) Interest expense, net (147.6) (75.7) (5.8) Depreciation and amortization (457.2) (283.6) (52.7) Acquisition and integration costs (113.4) (136.0) (9.6) Tax indemnification expense (12.6) (0.3) — Amortization of deferred cloud computing implementation costs (9.2) (5.4) (3.7) Impairment of long-lived assets (4.5) (2.8) — (Loss) gain on investments (3.6) (5.8) 1.5 EU medical device regulation transition costs (2) (2.5) (1.5) — Unwind inventory fair value adjustment — (60.6) — Loss on extinguishment of debt — (24.0) — Employee compensation charges — (3.2) — Derivative mark-to-market gain — 4.4 — Other adjustments (1.7) (0.6) (0.2) (Loss) income before income taxes $ (29.1) $ 735.9 $ 900.3",,0,significant_accounting_policies,Note 1. Basis of Presentation and Summary of Significant Accounting Policies,3,True,3.0-5.0 ans | 3.0-8.0 ans | 3.0-15.0 ans,"score=2,idx=8961,zone=11887",727,OK,
0001906324,QDEL,2024,0001906324_QDEL_FY2024_10K.html,,2024-12-29,equipment,Asset type Useful life Building and building improvements 7-47 years Machinery and equipment 3-15 years Customer leased instruments 3-8 years Computer software 3-5 years,3.0,15.0,No,,Not disclosed,,"Amortization of deferred cloud computing implementation costs ||| Fiscal Year Ended 2024 (In millions) North America EMEA China Other Total Total revenues $ 1,619.8 $ 335.8 $ 325.0 $ 502.3 $ 2,782.9 Less (1) : Cost of sales, excluding amortization of intangibles 547.0 179.5 148.0 271.3 1,145.8 Selling, marketing and administrative 179.6 105.8 44.6 96.6 426.6 Research and development 1.6 2.6 4.3 3.1 11.6 Other expense, net (0.5) 1.4 (2.4) (2.2) (3.7) Total segment Adjusted EBITDA $ 892.1 $ 46.5 $ 130.5 $ 133.5 1,202.6 Reconciliation of segment Adjusted EBITDA Corporate (2) (659.7) Depreciation and amortization (453.4) Interest expense, net (163.5) Acquisition and integration costs (127.2) Goodwill impairment charge (1,822.6) Asset impairment charge (56.9) Asset write off (3) (20.0) Amortization of deferred cloud computing implementation costs (14.7) Employee compensation charges (5.6) Credit Agreement amendment fees (4.0) EU medical device regulation transition costs (4) (2.0) Loss on disposal (5) (1.2) Gain on investments 0.7 Other adjustments (4.0) (Loss) income before income taxes $ (2,131.5) ||| Fiscal Year Ended 2023 (In millions) North America EMEA China Other Total Total revenues $ 1,877.1 $ 327.3 $ 310.1 $ 483.3 $ 2,997.8 Less (1) : Cost of sales, excluding amortization of intangibles 644.3 176.2 134.9 264.7 1,220.1 Selling, marketing and administrative 205.9 105.1 44.7 100.1 455.8 Research and development 1.6 2.5 4.5 3.1 11.7 Other expense, net 0.1 2.5 (1.2) 0.1 1.5 Total segment Adjusted EBITDA $ 1,025.2 $ 41.0 $ 127.2 $ 115.3 1,308.7 Reconciliation of segment Adjusted EBITDA Corporate (2) (585.5) Depreciation and amortization (457.2) Interest expense, net (147.6) Acquisition and integration costs (113.4) Asset impairment charge (4.5) Tax indemnification expense (12.6) Amortization of deferred cloud computing implementation costs (9.2) Loss on investments (3.6) EU medical device regulation transition costs (4) (2.5) Other adjustments (1.7) (Loss) income before income taxes $ (29.1)",,0,significant_accounting_policies,Note 1. Basis of Presentation and Summary of Significant Accounting Policies,3,True,3.0-5.0 ans | 3.0-8.0 ans | 3.0-15.0 ans,"score=2,idx=8847,zone=13055",754,OK,
