firm_cik,firm_ticker,fiscal_year,filename,filing_date,period_end_date,asset_category,useful_life_text,useful_life_min_years,useful_life_max_years,policy_change,policy_change_text,ai_infra_text,ai_infra_source,segment_ai_text,hardware_mentions,hardware_count,source_section,section_title,confidence,ambiguity_flag,ambiguity_detail,item8_method,item8_segment_count,extraction_status,error_message
0000789570,MGM,2013,0000789570_MGM_FY2013_10K.html,,"December 31, 2013",Not disclosed,Not disclosed,,,No,,Not disclosed,,Not disclosed,,0,unknown,,0,False,,"score=7,idx=10865,zone=8",2,OK,
0000789570,MGM,2014,0000789570_MGM_FY2014_10K.html,,"December 31, 2014",Not disclosed,Not disclosed,,,No,,Not disclosed,,Not disclosed,,0,unknown,,0,False,,"score=6,idx=12755,zone=6",2,OK,
0000789570,MGM,2015,0000789570_MGM_FY2015_10K.html,,"December 31, 2015",Not disclosed,Not disclosed,,,No,,Not disclosed,,Not disclosed,,0,unknown,,0,False,,"score=6,idx=13179,zone=6",2,OK,
0000789570,MGM,2016,0000789570_MGM_FY2016_10K.html,,"December 31, 2016",Not disclosed,Not disclosed,,,No,,Not disclosed,,Not disclosed,,0,unknown,,0,False,,"score=6,idx=14851,zone=6",2,OK,
0000789570,MGM,2017,0000789570_MGM_FY2017_10K.html,,"December 31, 2017",Not disclosed,Not disclosed,,,No,,Not disclosed,,Not disclosed,,0,unknown,,0,False,,"score=6,idx=14615,zone=6",2,OK,
0000789570,MGM,2018,0000789570_MGM_FY2018_10K.html,,"December 31, 2018",equipment,Property and equipment are generally depreciated over the following estimated useful lives on a straight-line basis:,,,No,,Not disclosed,,Not disclosed,,0,significant_accounting_policies,NOTE 2 — BASIS OF PRESENTATION AND SIGNIFICANT ACCOUNTING POLICIES,3,False,,"score=7,idx=14770,zone=30917",825,OK,
0000789570,MGM,2019,0000789570_MGM_FY2019_10K.html,,2024-12-31,equipment,Property and equipment are generally depreciated over the following estimated useful lives on a straight-line basis:,,,No,,Not disclosed,,Not disclosed,,0,significant_accounting_policies,NOTE 2 — BASIS OF PRESENTATION AND SIGNIFICANT ACCOUNTING POLICIES,3,False,,"score=7,idx=16320,zone=33262",909,OK,
0000789570,MGM,2020,0000789570_MGM_FY2020_10K.html,,2024-12-31,equipment,Property and equipment are generally depreciated over the following estimated useful lives on a straight-line basis:,,,No,,Not disclosed,,Not disclosed,,0,significant_accounting_policies,NOTE 2 — BASIS OF PRESENTATION AND SIGNIFICANT ACCOUNTING POLICIES,3,False,,"score=7,idx=14993,zone=19873",879,OK,
0000789570,MGM,2021,0000789570_MGM_FY2021_10K.html,,2024-12-31,equipment,Property and equipment are generally depreciated over the following estimated useful lives on a straight-line basis:,,,No,,Not disclosed,,Not disclosed,,0,significant_accounting_policies,NOTE 2 — BASIS OF PRESENTATION AND SIGNIFICANT ACCOUNTING POLICIES,3,False,,"score=5,idx=13282,zone=14257",1019,OK,
0000789570,MGM,2022,0000789570_MGM_FY2022_10K.html,,2023-12-31,equipment,Property and equipment are generally depreciated over the following estimated useful lives on a straight-line basis:,,,Unclear,"The enactment of the new Macau gaming law in June 2022 provides for material changes to the legal form of gaming concessions in Macau, including discontinuing and prohibiting gaming subconcessions subsequent to their expiration, and also includes material changes to the rights and obligations provided for under the new gaming concessions. As a result, the Company determined that the MGM Grand Paradise gaming subconcession and new gaming concession are two separate units of account. Additionally, in June 2022, the Company reassessed the useful life of the gaming subconcession intangible asset and determined that, given the new gaming law and the resulting changes described above, the useful life would no longer be based on the initial term of the MGM Cotai land concession, which ends in January 2038, and that the useful life should be revised to align with the cessation of the subconcession rights, which ended on December 31, 2022. Accordingly, amortization of the MGM Grand Paradise gaming subconcession was recognized on a straight-line basis over its reduced useful life. The gaming subconcession was fully amortized as of December 31, 2022.",Not disclosed,,Not disclosed,,0,significant_accounting_policies,NOTE 2 — BASIS OF PRESENTATION AND SIGNIFICANT ACCOUNTING POLICIES,3,False,,"score=5,idx=12262,zone=14148",999,OK,
0000789570,MGM,2023,0000789570_MGM_FY2023_10K.html,,2024-02-23,equipment,Property and equipment are generally depreciated over the following estimated useful lives on a straight-line basis:,,,Unclear,"Additionally, in June 2022, the Company reassessed the useful life of the gaming subconcession intangible asset and determined that, given the new gaming law and the resulting changes described above, the useful life would no longer be based on the initial term of the MGM Cotai land concession, which ends in January 2038, and that the useful life should be revised to align with the cessation of the subconcession rights that occurred at the end of the contractual term of the gaming subconcession, which ended on December 31, 2022. Accordingly, amortization of the MGM Grand Paradise gaming subconcession was recognized on a straight-line basis over its reduced useful life. The gaming subconcession was fully amortized as of December 31, 2022.",Not disclosed,,Not disclosed,,0,significant_accounting_policies,NOTE 2 — BASIS OF PRESENTATION AND SIGNIFICANT ACCOUNTING POLICIES,3,False,,"score=5,idx=11834,zone=13395",896,OK,
0000789570,MGM,2024,0000789570_MGM_FY2024_10K.html,,2025-02-28,equipment,Property and equipment are generally depreciated over the following estimated useful lives on a straight-line basis:,,,Unclear,"Additionally, in June 2022, the Company reassessed the useful life of the gaming subconcession intangible asset and determined that, given the new gaming law and the resulting changes described above, the useful life would no longer be based on the initial term of the MGM Cotai land concession, which ends in January 2038, and that the useful life should be revised to align with the cessation of the subconcession rights that occurred at the end of the contractual term of the gaming subconcession, which ended on December 31, 2022. Accordingly, amortization of the MGM Grand Paradise gaming subconcession was recognized on a straight-line basis over its reduced useful life. The gaming subconcession was fully amortized as of December 31, 2022.",Not disclosed,,Not disclosed,,0,significant_accounting_policies,NOTE 2 — BASIS OF PRESENTATION AND SIGNIFICANT ACCOUNTING POLICIES,3,False,,"score=5,idx=11046,zone=12519",830,OK,
0000820313,APH,2013,0000820313_APH_FY2013_10K.html,,"December 31, 2013",machinery and equipment,"Property, plant and equipment are carried at cost less accumulated depreciation. Depreciation is recorded on a straight-line basis over the respective asset lives determined on a composite basis by asset group or on a specific item basis using the estimated useful lives of such assets, which range from 3 to 12 years for machinery and equipment and 20 to 40 years for buildings. The Company assesses the impairment of property and equipment subject to depreciation, whenever events or changes in circumstances indicate the carrying value may not be recoverable.",20.0,40.0,No,,Not disclosed,,Not disclosed,,0,significant_accounting_policies,Note 1 Summary of Significant Accounting Policies,3,False,,"score=4,idx=5653,zone=16809",405,OK,
0000820313,APH,2014,0000820313_APH_FY2014_10K.html,,"December 31, 2014",machinery and equipment,"Property, plant and equipment are carried at cost less accumulated depreciation. Depreciation is recorded on a straight-line basis over the respective asset lives determined on a composite basis by asset group or on a specific item basis using the estimated useful lives of such assets, which range from 3 to 12 years for machinery and equipment and 20 to 40 years for buildings. The Company assesses the impairment of property and equipment subject to depreciation, whenever events or changes in circumstances indicate the carrying value may not be recoverable.",20.0,40.0,No,,Not disclosed,,Not disclosed,,0,significant_accounting_policies,Note 1 Summary of Significant Accounting Policies,3,False,,"score=4,idx=5531,zone=17041",417,OK,
0000820313,APH,2015,0000820313_APH_FY2015_10K.html,,"December 31, 2015",machinery and equipment,"Property, plant and equipment are carried at cost less accumulated depreciation. Depreciation is recorded on a straight-line basis over the respective asset lives determined on a composite basis by asset group or on a specific item basis using the estimated useful lives of such assets, which range from 3 to 12 years for machinery and equipment and 20 to 40 years for buildings. The Company assesses the impairment of property and equipment subject to depreciation, whenever events or changes in circumstances indicate the carrying value may not be recoverable.",20.0,40.0,No,,Not disclosed,,Not disclosed,,0,significant_accounting_policies,Note 1,3,False,,"score=4,idx=5616,zone=17703",432,OK,
0000820313,APH,2016,0000820313_APH_FY2016_10K.html,,"December 31, 2016",machinery and equipment,"Property, plant and equipment are carried at cost less accumulated depreciation. Depreciation is recorded on a straight-line basis over the respective asset lives determined on a composite basis by asset group or on a specific item basis using the estimated useful lives of such assets, which range from 3 to 12 years for machinery and equipment and 20 to 40 years for buildings. The Company assesses the impairment of property and equipment subject to depreciation, whenever events or changes in circumstances indicate the carrying value may not be recoverable.",20.0,40.0,No,,"Net sales were $6,286.4 for the year ended December 31, 2016 compared to $5,568.7 for the year ended December 31, 2015, an increase of 13% in U.S. dollars, 14% in constant currencies and 2% organically (excluding both currency and acquisition impacts) over the prior year. Net sales in the Interconnect Products and Assemblies segment (approximately 94% of net sales) increased 13% in U.S. dollars, 14% in constant currencies and 2% organically in 2016, compared to 2015. The sales growth was driven primarily by growth in the information technology and data communications, industrial, automotive, mobile networks and military markets, with contributions from both the Company’s acquisitions as well as organic strength, partially offset by a decline in sales in the mobile devices market and a slight decline in the commercial aerospace market. Net sales to the information technology and data communications market increased (approximately $404.0), reflecting the benefits of FCI and other acquisitions as well as growth in products for data centers, including server, networking and storage-related applications. Net sales to the industrial market increased (approximately $183.9) reflecting the benefit of acquisitions including FCI as well as sales strength in hybrid bus and truck, factory automation and heavy equipment, which was partially offset by sales declines in products sold into oil and gas exploration and alternative energy applications. Net sales to the automotive market increased (approximately $118.3), driven by both an expansion of our products across a diversified range of vehicles and new onboard electronics as well as contributions from acquisitions. Net sales to the mobile networks market increased (approximately $114.9), primarily due to contributions from acquisitions including FCI as well as increased sales to",MD&A (Item 7),Not disclosed,,0,significant_accounting_policies,Note 1—Summary of Significant Accounting Policies,3,False,,"score=4,idx=10079,zone=24200",513,OK,
0000820313,APH,2017,0000820313_APH_FY2017_10K.html,,"December 31, 2017",machinery and equipment,"Property, plant and equipment are carried at cost less accumulated depreciation. Depreciation is recorded on a straight-line basis over the respective asset lives determined on a composite basis by asset group or on a specific item basis using the estimated useful lives of such assets, which range from 3 to 12 years for machinery and equipment and 20 to 40 years for buildings. The Company assesses the impairment of property and equipment subject to depreciation, whenever events or changes in circumstances indicate the carrying value may not be recoverable.",20.0,40.0,No,,"Net sales were $6,286.4 for the year ended December 31, 2016 compared to $5,568.7 for the year ended December 31, 2015, an increase of 13% in U.S. dollars, 14% in constant currencies and 2% organically (excluding both currency and acquisition impacts) over the prior year. Net sales in the Interconnect Products and Assemblies segment (approximately 94% of net sales) increased 13% in U.S. dollars, 14% in constant currencies and 2% organically in 2016, compared to 2015. The sales growth was driven primarily by growth in the information technology and data communications, industrial, automotive, mobile networks and military markets, with contributions from both the Company’s acquisitions as well as organic strength, partially offset by a decline in sales in the mobile devices market and a slight decline in the commercial aerospace market. Net sales to the information technology and data communications market increased (approximately $404.0), reflecting the benefits of FCI and other acquisitions as well as growth in products for data centers, including server, networking and storage-related applications. Net sales to the industrial market increased (approximately $183.9) reflecting the benefit of acquisitions including FCI as well as sales strength in hybrid bus and truck, factory automation and heavy equipment, which was partially offset by sales declines in",MD&A (Item 7),Not disclosed,,0,significant_accounting_policies,Note 1—Summary of Significant Accounting Policies,3,False,,"score=4,idx=12268,zone=26342",577,OK,
0000820313,APH,2018,0000820313_APH_FY2018_10K.html,,"December 31, 2018",machinery and equipment,"Property, plant and equipment are carried at cost less accumulated depreciation. Depreciation is recorded on a straight-line basis over the respective asset lives determined on a composite basis by asset group or on a specific item basis using the estimated useful lives of such assets, which generally range from 3 to 12 years for machinery and equipment and 20 to 40 years for buildings. The Company assesses the impairment of property and equipment subject to depreciation, whenever events or changes in circumstances indicate the carrying value may not be recoverable.",20.0,40.0,No,,Not disclosed,,Not disclosed,,0,significant_accounting_policies,Note 1—Summary of Significant Accounting Policies,3,False,,"score=4,idx=12217,zone=26412",606,OK,
0000820313,APH,2019,0000820313_APH_FY2019_10K.html,,2020-01-31,machinery and equipment and office equipment,"Property, plant and equipment are carried at cost less accumulated depreciation. Depreciation is recorded on a straight-line basis over the respective asset lives determined on a composite basis by asset group or on a specific item basis using the estimated useful lives of such assets, which generally range from 3 to 12 years for machinery and equipment and office equipment and 20 to 40 years for buildings. The Company assesses the impairment of property and equipment subject to depreciation, whenever events or changes in circumstances indicate the carrying value may not be recoverable.",20.0,40.0,No,,"the industrial market increased (approximately $214.9), reflecting sales strength in medical, heavy equipment, electric vehicle, railway and mass transit, and oil and gas, as well as contributions from acquisitions. Net sales to the automotive market increased (approximately $184.9), driven by growth and expansion in most regions of the global automotive market, as well as contributions from acquisitions. Net sales to the information technology and data communications market increased (approximately $166.1), reflecting organic growth in products for data centers, including server and networking-related applications, storage, and consumer electronics. Net sales to the military market increased (approximately $133.2), driven by broad strength across the market including increased sales into avionics, military communications and military airframe applications, as well as missile applications. Net sales to the mobile networks market increased (approximately $56.3), due to increased sales to both mobile networks equipment manufacturers and mobile operators. Net sales to the commercial aerospace market increased (approximately $39.6) primarily due to strength in large passenger planes. Net sales in the Cable Products and Solutions segment (approximately 5% of net sales), which primarily serves the broadband communications market, increased 4% in U.S. dollars, 6% in constant currencies and 6% organically in 2018, compared to 2017. The increase in the Cable Products and Solutions segment was primarily due to an increase in cable products sold into the mobile networks market, which was partially offset by the slight decrease in sales into the broadband communications market.",MD&A (Item 7),Not disclosed,,0,significant_accounting_policies,Note 1—Summary of Significant Accounting Policies,3,False,,"score=6,idx=15570,zone=26356",667,OK,
0000820313,APH,2020,0000820313_APH_FY2020_10K.html,,2021-01-31,machinery and equipment and office equipment,"Property, plant and equipment are carried at cost less accumulated depreciation. Depreciation is recorded on a straight-line basis over the respective asset lives determined on a composite basis by asset group or on a specific item basis using the estimated useful lives of such assets, which generally range from 3 to 12 years for machinery and equipment and office equipment and 20 to 40 years for buildings. The Company assesses the impairment of property and equipment subject to depreciation, whenever events or changes in circumstances indicate the carrying value may not be recoverable.",20.0,40.0,No,,Not disclosed,,Not disclosed,,0,significant_accounting_policies,Note 1—Summary of Significant Accounting Policies,3,False,,"score=6,idx=16670,zone=27982",711,OK,
0000820313,APH,2021,0000820313_APH_FY2021_10K.html,,2022-01-31,machinery and equipment and office equipment,"Property, plant and equipment are carried at cost less accumulated depreciation. Depreciation is recorded on a straight-line basis over the respective asset lives determined on a composite basis by asset group or on a specific item basis using the estimated useful lives of such assets, which generally range from 3 to 12 years for machinery and equipment and office equipment and 20 to 40 years for buildings.",20.0,40.0,No,,Not disclosed,,Not disclosed,,0,significant_accounting_policies,Note 1—Summary of Significant Accounting Policies,3,False,,"score=6,idx=16079,zone=27589",723,OK,
0000820313,APH,2022,0000820313_APH_FY2022_10K.html,,2023-01-31,machinery and equipment and office equipment,"Property, plant and equipment are carried at cost less accumulated depreciation. Depreciation is recorded on a straight-line basis over the respective asset lives determined on a composite basis by asset group or on a specific item basis using the estimated useful lives of such assets, which generally range from 3 to 12 years for machinery and equipment and office equipment and 20 to 40 years for buildings. The Company assesses the impairment of property, plant and equipment subject to depreciation, whenever events or changes in circumstances indicate the carrying value may not be recoverable.",20.0,40.0,No,,Not disclosed,,Not disclosed,,0,significant_accounting_policies,Note 1—Summary of Significant Accounting Policies,3,False,,"score=6,idx=15763,zone=27900",708,OK,
0000820313,APH,2023,0000820313_APH_FY2023_10K.html,,2024-01-31,machinery and equipment and office equipment,"Property, plant and equipment are carried at cost less accumulated depreciation. Depreciation is recorded on a straight-line basis over the respective asset lives determined on a composite basis by asset group or on a specific item basis using the estimated useful lives of such assets, which generally range from 3 to 12 years for machinery and equipment and office equipment and 20 to 40 years for buildings. The Company assesses the impairment of property, plant and equipment subject to depreciation, whenever events or changes in circumstances indicate the carrying value may not be recoverable.",20.0,40.0,No,,Not disclosed,,Not disclosed,,0,significant_accounting_policies,Note 1—Summary of Significant Accounting Policies,3,False,,"score=6,idx=15920,zone=27841",703,OK,
0000820313,APH,2024,0000820313_APH_FY2024_10K.html,,2025-01-31,machinery and,"Property, plant and equipment are carried at cost less accumulated depreciation.",3.0,12.0,No,,"Net cash used in investing activities was $2,648.6 in 2024, compared to $1,393.7 in 2023 and $731.1 in 2022. In 2024, net cash used in investing activities was primarily driven by the use of $2,156.4 to fund acquisitions and capital expenditures (net of disposals) of $657.6, partially offset by net sales and maturities of short-term investments of $163.5. In 2023, net cash used in investing activities was primarily driven by the use of $970.4 to fund acquisitions, capital expenditures (net of disposals) of $368.8, and net purchases of short-term investments of $59.4. In 2022, net cash used in investing activities was primarily driven by capital expenditures (net of disposals) of $378.2, the use of $288.2 to fund acquisitions, net purchases of long-term investments of $56.0, and net purchases of short-term investments of $25.2. The elevated capital expenditures in 2024, in particular in the second half of the year, were driven by investments, primarily in support of the growth in our IT datacom and defense markets. We currently expect this elevated level of capital spending to continue into 2025 to support the significant growth we are experiencing related to artificial intelligence applications in our IT datacom market.",MD&A (Item 7),Not disclosed,,0,significant_accounting_policies,Note 1—Summary of Significant Accounting Policies,3,False,,"score=6,idx=16554,zone=27539",688,OK,
0000820318,COHR,2013,0000820318_COHR_FY2013_10K.html,,"June 30, 2013",Not disclosed,Not disclosed,,,No,,Not disclosed,,Not disclosed,,0,unknown,,0,False,,"score=4,idx=8673,zone=17573",450,OK,
0000820318,COHR,2014,0000820318_COHR_FY2014_10K.html,,"June 30, 2014",Not disclosed,Not disclosed,,,No,,"Segment earnings for the year ended June 30, 2014 for Near-Infrared Optics decreased 50% to $9.8 million, compared to $19.6 million last fiscal year. The decrease in segment earnings was mostly due to a downward shift in gross margin as the technology shift to higher speed networks in the optical commu nications industry resulted in price erosion on shipments of the segment’s legacy products. In addition, operating expenses increased when compared to the prior fiscal year primarily due to increased compensation costs in China as well higher levels of investment regarding internal research and development of next generation products aimed at serving higher speed networks and data centers.",MD&A (Item 7),Not disclosed,,0,unknown,,0,False,,"score=3,idx=7852,zone=19898",153,OK,
0000820318,COHR,2015,0000820318_COHR_FY2015_10K.html,,"June 30, 2015",Not disclosed,Not disclosed,,,No,,"Operating (loss) income for the year ended June 30, 2014 for II-VI Photonics decreased 101% to an operating loss of $(0.1) million, compared to operating income of $15.0 million for fiscal year June 30, 2013. The decrease in operating income was the result of the acquisition of II-VI Network Solutions in fiscal year 2014. The segment recorded $1.6 million of purchase accounting adjustments relating to the fair value of inventory as well as lower gross margin at II-VI Network Solutions caused by higher material cost and production inefficiencies, all of which negatively impacted operating income in fiscal year 2014. In addition, the legacy businesses experienced a downward shift in gross margin as the technology shifted to higher speed networks in the optical communications industry resulting i n price erosion on shipments of the segment’s legacy products. In addition, operating expenses increased when compared to the prior fiscal year, primarily due to increased compensation costs in China as well as higher levels of investment regarding internal research and development of next generation products aimed at serving higher speed networks and data centers.",MD&A (Item 7),Not disclosed,,0,unknown,,0,False,,"score=3,idx=7523,zone=19531",129,OK,
0000820318,COHR,2016,0000820318_COHR_FY2016_10K.html,,"June 30, 2016",Not disclosed,Not disclosed,,,No,,"Net earnings for fiscal year 2016 were $65.5 million ($1.04 per-share diluted), compared to $66.0 million ($1.05 per-share diluted) for the same period last fiscal year. The acquisitions of EpiWorks and ANADIGICS contributed approximately $13.9 million in revenues but were dilutive to earnings. Including the operating losses of these two acquisitions, as well as acquisition related expenses and one-time severance expenses, the negative impact of these acquisitions to the Company’s results of operations during the fiscal year ended June 30, 2016 was $20.2 million, or $0.32 per share diluted. Offsetting the losses from the recent acquisitions were strong financial results experienced by the Company’s II-VI Photonics segment. This segment realized revenue increases of over 25% during the current fiscal year compared to last fiscal year which drove stronger earnings from the incremental margins realized. The revenue increase for this segment was driven by broad-based demand across the whole spectrum of optical communication markets, including data center infrastructure build-outs, China broadband initiatives and continued expansion of undersea network deployment. The current year operating results included increased income tax expense as the Company recorded a valuation allowance of approximately $8.5 million or $0.14 per share diluted on certain U.S. based deferred income tax assets.",MD&A (Item 7),Not disclosed,,0,unknown,,0,False,,"score=3,idx=7941,zone=19783",124,OK,
0000820318,COHR,2017,0000820318_COHR_FY2017_10K.html,,"June 30, 2017",Not disclosed,Not disclosed,,,No,,Not disclosed,,Not disclosed,,0,unknown,,0,False,,"score=3,idx=7752,zone=19139",120,OK,
0000820318,COHR,2018,0000820318_COHR_FY2018_10K.html,,"June 30, 2018",Not disclosed,Not disclosed,,,No,,Not disclosed,,Not disclosed,,0,unknown,,0,False,,"score=3,idx=7422,zone=19214",124,OK,
0000820318,COHR,2019,0000820318_COHR_FY2019_10K.html,,"June 30, 2019",Not disclosed,Not disclosed,,,No,,Not disclosed,,Not disclosed,,0,unknown,,0,False,,"score=3,idx=7656,zone=19837",134,OK,
0000820318,COHR,2020,0000820318_COHR_FY2020_10K.html,,"June 30, 2020",equipment,"Leases. Leases are recognized under ASC 842, Leases. The Company determines whether a contract contains a lease at contract inception. A contract contains a lease if there is an identified asset and the Company has the right to control the asset. Operating lease right-of-use (“ROU”) assets represent the Company's right to use an underlying asset for the lease term, and lease liabilities represent the Company's obligation to make lease payments arising from the lease. Operating lease ROU assets and lease liabilities are recognized at commencement date based on the present value of lease payments over the lease term. The Company uses the incremental borrowing rate in determining the present value of lease payments, unless the implicit rate is readily determinable. If lease terms include options to extend or terminate the lease, the ROU asset and lease liability are measured based on the reasonably certain decision. The Company has lease agreements with lease and non-lease components, which are accounted for as a single lease component for all classes of leased assets for which the Company is the lessee. Additionally, for certain equipment leases, the portfolio approach is applied to account for the operating lease ROU assets and lease liabilities. In the Consolidated Statements of Earnings (Loss), lease expense for operating lease payments is recognized on a straight-line basis over the lease term. For finance leases, interest expense is recognized on the lease liability and the ROU asset is amortized over the lease term. Some leasing arrangements require variable payments that are dependent upon usage or output, or may vary for other reasons, such as insurance or tax payments. Variable lease payments are recognized as incurred and are not presented as part of the ROU asset or lease liability. See Notes 2 and 12 for additional information.",,,No,,"Finisar is a global technology leader in optical communications, providing components and subsystems to networking equipment manufacturers, data center operators, telecom service providers, consumer electronics and automotive companies. Finisar, headquartered in Sunnyvale, California, designs products that meet the increasing demands for network bandwidth, data storage and 3D sensing subsystems. As part of the Finisar acquisition, the Company entered into a new Amended and Restated Credit Agreement, dated as of September 24 2019. This agreement secured $2.425 billion in aggregate principle amount of senior secured credit facilities. See Note 9. Debt, to our Consolidated Financial Statements contained in Item 8 of this Annual Report on Form 10-K.",MD&A (Item 7),Not disclosed,,0,significant_accounting_policies,Note 1. Nature of Business and Summary of Significant Accounting Policies,3,False,,"score=2,idx=9355,zone=13493",653,OK,
0000820318,COHR,2021,0000820318_COHR_FY2021_10K.html,,2022-06-30,equipment,"Leases. Leases are recognized under Accounting Standards Codification 842, Leases. The Company determines whether a contract contains a lease at contract inception. A contract contains a lease if there is an identified asset and the Company has the right to control the asset. Operating lease right-of-use (“ROU”) assets represent the Company's right to use an underlying asset for the lease term, and lease liabilities represent the Company's obligation to make lease payments arising from the lease. Operating lease ROU assets and lease liabilities are recognized at commencement date based on the present value of lease payments over the lease term. The Company uses the incremental borrowing rate in determining the present value of lease payments, unless the implicit rate is readily determinable. If lease terms include options to extend or terminate the lease, the ROU asset and lease liability are measured based on the reasonably certain decision. The Company has lease agreements with lease and non-lease components, which are accounted for as a single lease component for all classes of leased assets for which the Company is the lessee. Additionally, for certain equipment leases, the portfolio approach is applied to account for the operating lease ROU assets and lease liabilities. In the Consolidated Statements of Earnings (Loss), lease expense for operating lease payments is recognized on a straight-line basis over the lease term. For finance leases, interest expense is recognized on the lease liability and the ROU asset is amortized over the lease term. Some leasing arrangements require variable payments that are dependent upon usage or output, or may vary for other reasons, such as insurance or tax payments. Variable lease payments are recognized as incurred and are not presented as part of the ROU asset or lease liability. See Note 13 for additional information.",,,No,,"The Photonic Solutions segment has locations in the United States, China, Vietnam, Germany, Japan, the United Kingdom, Italy, Malaysia, Australia, and Hong Kong. This segment manufactures (i) transceivers for data centers and telecom optical networks; (ii) pump lasers, optical amplifiers, wavelength selective switches and advanced components for telecom networks; (iii) crystal materials, optics, lasers and optoelectronic modules for a wide range of applications, including in optical communications, life sciences, and consumer electronics markets.",Item 8,Not disclosed,,0,significant_accounting_policies,Note 1. Nature of Business and Summary of Significant Accounting Policies,3,False,,"score=2,idx=10884,zone=13537",690,OK,
0000820318,COHR,2022,0000820318_COHR_FY2022_10K.html,,2022-12-15,equipment,"Leases. Leases are recognized under Accounting Standards Codification 842, Leases. The Company determines whether a contract contains a lease at contract inception. A contract contains a lease if there is an identified asset and the Company has the right to control the asset. Operating lease right-of-use (“ROU”) assets represent the Company's right to use an underlying asset for the lease term, and lease liabilities represent the Company's obligation to make lease payments arising from the lease. Operating lease ROU assets and lease liabilities are recognized at commencement date based on the present value of lease payments over the lease term. The Company uses the incremental borrowing rate in determining the present value of lease payments, unless the implicit rate is readily determinable. If lease terms include options to extend or terminate the lease, the ROU asset and lease liability are measured based on the reasonably certain decision. The Company has lease agreements with lease and non-lease components, which are accounted for as a single lease component for all classes of leased assets for which the Company is the lessee. Additionally, for certain equipment leases, the portfolio approach is applied to account for the operating lease ROU assets and lease liabilities. In the Consolidated Statements of Earnings (Loss), lease expense for operating lease payments is recognized on a straight-line basis over the lease term. For finance leases, interest expense is recognized on the lease liability and the ROU asset is amortized over the lease term. Some leasing arrangements require variable payments that are dependent upon usage or output, or may vary for other reasons, such as insurance or tax payments. Variable lease payments are recognized as incurred and are not presented as part of the ROU asset or lease liability. See Note 12. Leases for additional information.",,,No,,"The Photonic Solutions segment has locations in the United States, China, Vietnam, Germany, Japan, the United Kingdom, Italy, Malaysia, Australia, and Hong Kong. This segment manufactures (i) transceivers for data centers and telecom optical networks; (ii) pump lasers, optical amplifiers, wavelength selective switches and advanced components for telecom networks; (iii) crystal materials, optics, lasers and optoelectronic modules for a wide range of applications, including in optical communications, life sciences, and consumer electronics markets.",Item 8,Not disclosed,,0,significant_accounting_policies,Note 1. Nature of Business and Summary of Significant Accounting Policies,3,False,,"score=2,idx=8783,zone=12566",656,OK,
0000820318,COHR,2023,0000820318_COHR_FY2023_10K.html,,2023-07-03,"equipment, furniture and fixtures","(v) The Consolidated Balance Sheet has been adjusted to record Legacy Coherent’s property, plant and equipment (consisting of land, buildings and improvements, equipment, furniture and fixtures, and leasehold improvements) at a fair value of approximately $441 million, an increase of $17 million from the preliminary fair value reported at September 30, 2022 with a corresponding decrease to goodwill. The Consolidated Statements of Earnings (Loss) have been adjusted to recognize additional depreciation expense related to the increased basis. The additional depreciation expense is computed with the assumption that the various categories of assets will be depreciated over their remaining useful lives on a straight-line basis.",,,No,,"The Materials segment has locations in the United States, China, Vietnam, Germany, Japan, the United Kingdom, Italy, Malaysia, and Australia. This segment manufactures (i) transceivers for data centers and telecom optical networks; (ii) pump lasers, optical amplifiers, wavelength selective switches and advanced components for telecom networks; (iii) crystal materials, optics, lasers and optoelectronic modules for a wide range of applications, including in optical communications, life sciences, and consumer electronics markets.",Item 8,Not disclosed,NVIDIA,1,significant_accounting_policies,Note 3. Coherent Acquisition,3,False,,"score=2,idx=9308,zone=13540",720,OK,
0000820318,COHR,2024,0000820318_COHR_FY2024_10K.html,,2024-06-30,"equipment, furniture and fixtures","(ii) The Consolidated Balance Sheet has been adjusted to record Coherent Inc.’s property, plant and equipment (consisting of land, buildings and improvements, equipment, furniture and fixtures, and leasehold improvements) at a fair value of approximately $441 million. The Consolidated Statements of Earnings (Loss) have been adjusted to recognize additional depreciation expense related to the increased basis. The additional depreciation expense is computed with the assumption that the various categories of assets will be depreciated over their remaining useful lives on a straight-line basis.",,,No,,Not disclosed,,Not disclosed,NVIDIA,1,significant_accounting_policies,Note 3. Coherent Acquisition,3,False,,"score=2,idx=9971,zone=13927",681,OK,
0000822663,IPAR,2013,0000822663_IPAR_FY2013_10K.html,,"December 31, 2013",Not disclosed,Not disclosed,,,No,,Not disclosed,,Not disclosed,,0,unknown,,0,False,,"score=4,idx=4867,zone=580",11,OK,
0000822663,IPAR,2014,0000822663_IPAR_FY2014_10K.html,,"December 31, 2014",Not disclosed,Not disclosed,,,No,,Not disclosed,,Not disclosed,,0,unknown,,0,False,,"score=4,idx=4885,zone=522",10,OK,
0000822663,IPAR,2015,0000822663_IPAR_FY2015_10K.html,,"December 31, 2015",Not disclosed,Not disclosed,,,No,,Not disclosed,,Not disclosed,,0,unknown,,0,False,,"score=4,idx=4460,zone=512",8,OK,
0000822663,IPAR,2016,0000822663_IPAR_FY2016_10K.html,,"December 31, 2016",Not disclosed,Not disclosed,,,No,,Not disclosed,,Not disclosed,AMD_Instinct,1,unknown,,0,False,,"score=4,idx=5094,zone=521",9,OK,
0000822663,IPAR,2017,0000822663_IPAR_FY2017_10K.html,,"December 31, 2017",Not disclosed,Not disclosed,,,No,,Not disclosed,,Not disclosed,AMD_Instinct,1,unknown,,0,False,,"score=4,idx=6140,zone=523",8,OK,
0000822663,IPAR,2018,0000822663_IPAR_FY2018_10K.html,,"December 31, 2018",Not disclosed,Not disclosed,,,No,,Not disclosed,,Not disclosed,AMD_Instinct,1,unknown,,0,False,,"score=4,idx=8326,zone=1014",8,OK,
0000822663,IPAR,2019,0000822663_IPAR_FY2019_10K.html,,"December 31, 2019",Not disclosed,Not disclosed,,,No,,Not disclosed,,Not disclosed,AMD_Instinct,1,unknown,,0,False,,"score=4,idx=4538,zone=529",8,OK,
0000822663,IPAR,2020,0000822663_IPAR_FY2020_10K.html,,"December 31, 2020",Not disclosed,Not disclosed,,,No,,Not disclosed,,Not disclosed,AMD_Instinct,1,unknown,,0,False,,"score=4,idx=6160,zone=655",8,OK,
0000822663,IPAR,2021,0000822663_IPAR_FY2021_10K.html,,"December 31, 2021",Not disclosed,Not disclosed,,,No,,Not disclosed,,Not disclosed,AMD_Instinct,1,unknown,,0,False,,"score=4,idx=6228,zone=5",1,OK,
0000822663,IPAR,2022,0000822663_IPAR_FY2022_10K.html,,"December 31,
2022",Not disclosed,Not disclosed,,,No,,Not disclosed,,Not disclosed,AMD_Instinct,1,unknown,,0,False,,"score=4,idx=6863,zone=5",1,OK,
0000822663,IPAR,2023,0000822663_IPAR_FY2023_10K.html,,"December 31, 2023",Not disclosed,Not disclosed,,,No,,Not disclosed,,Not disclosed,AMD_Instinct,1,unknown,,0,False,,"score=4,idx=9591,zone=15",1,OK,
0000822663,IPAR,2024,0000822663_IPAR_FY2024_10K.html,,"December 31, 2024",Not disclosed,Not disclosed,,,No,,Not disclosed,,Not disclosed,AMD_Instinct,1,unknown,,0,False,,"score=4,idx=10326,zone=26",2,OK,
0000823768,WM,2013,0000823768_WM_FY2013_10K.html,,"December 31, 2013","furniture, office equipment","As
of December 31, 2013 and 2012, capitalized costs for software placed in service, net of accumulated depreciation, were $129 million and $123 million, respectively.",,,No,,Not disclosed,,Not disclosed,Hopper,1,significant_accounting_policies,3. Summary of Significant Accounting Policies,3,False,,"score=4,idx=18107,zone=34781",830,OK,
0000823768,WM,2014,0000823768_WM_FY2014_10K.html,,"December 31, 2014","furniture, office equipment","As of
December 31, 2014 and 2013, capitalized costs for software placed in service, net of accumulated depreciation, were $114 million and $129 million, respectively.",,,No,,Not disclosed,,Not disclosed,Hopper,1,significant_accounting_policies,3. Summary of Significant Accounting Policies,3,False,,"score=4,idx=10921,zone=22505",810,OK,
0000823768,WM,2015,0000823768_WM_FY2015_10K.html,,"December 31, 2015",equipment,"We depreciate property and equipment over the estimated useful life of the asset using the straight-line method. When property and equipment are retired,
sold or otherwise disposed of, the cost and accumulated depreciation are removed from our accounts and any resulting gain or loss is included in results of operations as an offset or increase to operating expense for the period.",,,No,,Not disclosed,,Not disclosed,Hopper,1,significant_accounting_policies,3. Summary of Significant Accounting Policies,3,False,,"score=4,idx=10831,zone=21841",775,OK,
0000823768,WM,2016,0000823768_WM_FY2016_10K.html,,"December 31, 2016",equipment,"When property and equipment are retired, sold or
otherwise disposed of, the cost and accumulated depreciation are removed from our accounts and any resulting gain or loss is included in results of operations as an offset or increase to operating expense for the period.",,,No,,Not disclosed,,Not disclosed,Hopper,1,significant_accounting_policies,3. Summary of Significant Accounting Policies,3,False,,"score=4,idx=10292,zone=21609",767,OK,
0000823768,WM,2017,0000823768_WM_FY2017_10K.html,,"December 31, 2017",equipment,"We depreciate property and equipment over the estimated useful life of the asset using the straight-line method. When property and equipment are retired, sold or otherwise disposed of, the cost and accumulated depreciation are removed from our accounts and any resulting gain or loss is included in results of operations as an offset or increase to operating expense for the period.",,,No,,Not disclosed,,Not disclosed,Hopper,1,significant_accounting_policies,3. Summary of Significant Accounting Policies,3,False,,"score=4,idx=15030,zone=30024",919,OK,
0000823768,WM,2018,0000823768_WM_FY2018_10K.html,,"December 31, 2018",equipment,"We depreciate property and equipment over the estimated useful life of the asset using the straight-line method. When property and equipment are retired, sold or otherwise disposed of, the cost and accumulated depreciation are removed from our accounts and any resulting gain or loss is included in results of operations as an offset or increase to operating expense for the period.",,,No,,Not disclosed,,Not disclosed,Hopper,1,significant_accounting_policies,3. Summary of Significant Accounting Policies,3,False,,"score=4,idx=14278,zone=29100",932,OK,
0000823768,WM,2019,0000823768_WM_FY2019_10K.html,,"December 31, 2019",equipment,"We depreciate property and equipment over the estimated useful life of the asset using the straight-line method. When property and equipment are retired, sold or otherwise disposed of, the cost and accumulated depreciation are removed from our accounts and any resulting gain or loss is included in results of operations as an offset or increase to operating expense for the period.",,,Not disclosed,,Not disclosed,,Not disclosed,,0,significant_accounting_policies,3. Summary of Significant Accounting Policies,3,False,,"score=6,idx=15446,zone=26286",765,ERROR,'<' not supported between instances of 'float' and 'NoneType'
0000823768,WM,2020,0000823768_WM_FY2020_10K.html,,"December 31, 2020",equipment,"We depreciate property and equipment over the estimated useful life of the asset using the straight-line method. When property and equipment are retired, sold or otherwise disposed of, the cost and accumulated depreciation are removed from our accounts and any resulting gain or loss is included in results of operations as an offset or increase to operating expense for the period.",,,No,,Not disclosed,,"Implementation Costs Incurred in a Cloud Computing Arrangement — In August 2018, the FASB issued ASU 2018-15 associated with a customer’s accounting for implementation costs incurred in a cloud computing arrangement that is a service contract. The amendments align the requirements for capitalizing implementation costs incurred in a hosting arrangement that is a service contract with the requirements for capitalizing implementation costs incurred to develop or obtain internal-use software. Costs for implementation activities in the application development stage are capitalized as prepayments depending on the nature of the costs, while costs incurred during the preliminary project and post-implementation stages are expensed as the activities are performed. The Company adopted this amended guidance on January 1, 2020 prospectively, and it did not have a material impact on our consolidated financial statements.",Hopper,1,significant_accounting_policies,3. Summary of Significant Accounting Policies,3,False,,"score=6,idx=15057,zone=18914",733,OK,
0000823768,WM,2021,0000823768_WM_FY2021_10K.html,,"December 31, 2021",equipment,"In our Annual Report on Form 10-K for the year ended December 31, 2020, our accumulated depreciation and gross property and equipment balances as of December 31, 2020 were overstated.",,,No,,Not disclosed,,Not disclosed,Hopper,1,significant_accounting_policies,1. Basis of Presentation,3,False,,"score=6,idx=14751,zone=19003",705,OK,
0000823768,WM,2022,0000823768_WM_FY2022_10K.html,,2023-01-01,equipment,"We depreciate property and equipment over the estimated useful life of the asset using the straight-line method. When property and equipment are retired, sold or otherwise disposed of, the cost and accumulated depreciation are removed from our accounts and any resulting gain or loss is included in results of operations as an offset or increase to operating expense for the period.",,,No,,Not disclosed,,Not disclosed,Hopper,1,significant_accounting_policies,2. Summary of Significant Accounting Policies,3,False,,"score=6,idx=14862,zone=18622",709,OK,
0000823768,WM,2023,0000823768_WM_FY2023_10K.html,,2024-02-29,equipment,"We depreciate property and equipment over the estimated useful life of the asset using the straight-line method. When property and equipment are retired, sold or otherwise disposed of, the cost and accumulated depreciation are removed from our accounts and any resulting gain or loss is included in results of operations as an offset or increase to operating expense for the period.",,,Not disclosed,,Not disclosed,,Not disclosed,,0,significant_accounting_policies,2. Summary of Significant Accounting Policies,3,False,,"score=6,idx=16125,zone=18920",683,ERROR,'<' not supported between instances of 'float' and 'NoneType'
0000823768,WM,2024,0000823768_WM_FY2024_10K.html,,2024-12-31,equipment,"We depreciate property and equipment over the estimated useful life of the asset using the straight-line method. When property and equipment are retired, sold or otherwise disposed of, the cost and accumulated depreciation are removed from our accounts and any resulting gain or loss is included in results of operations as an offset or increase to operating expense for the period.",,,No,,Not disclosed,,Not disclosed,Hopper,1,significant_accounting_policies,2. Summary of Significant Accounting Policies,3,False,,"score=6,idx=16934,zone=22262",775,OK,
0000831259,FCX,2013,0000831259_FCX_FY2013_10K.html,,"December 31, 2013",equipment,"For mining operations, reclamation costs for disturbances are recognized as an ARO and as a related ARC (included in property, plant, equipment and mining development costs) in the period of the disturbance and depreciated primarily on a UOP basis.",,,No,,Not disclosed,,Not disclosed,Blackwell,1,significant_accounting_policies,NOTE 1. SUMMARY OF SIGNIFICANT ACCOUNTING POLICIES,3,False,,"score=4,idx=91265,zone=55392",1950,OK,
0000831259,FCX,2014,0000831259_FCX_FY2014_10K.html,,"December 31, 2014",equipment,"For mining operations, reclamation costs for disturbances are recognized as an ARO and as a related ARC (included in property, plant, equipment and mining development costs) in the period of the disturbance and depreciated primarily on a UOP basis.",,,No,,Not disclosed,,Not disclosed,,0,significant_accounting_policies,NOTE 1. SUMMARY OF SIGNIFICANT ACCOUNTING POLICIES,3,False,,"score=4,idx=93395,zone=62254",2042,OK,
0000831259,FCX,2015,0000831259_FCX_FY2015_10K.html,,"December 31, 2015",equipment,"For mining operations, reclamation costs for disturbances are recognized as an ARO and as a related ARC (included in property, plant, equipment and mining development costs) in the period of the disturbance and depreciated primarily on a UOP basis.",,,No,,Not disclosed,,Not disclosed,Hopper,1,significant_accounting_policies,NOTE 1. SUMMARY OF SIGNIFICANT ACCOUNTING POLICIES,3,False,,"score=4,idx=97364,zone=65107",2169,OK,
0000831259,FCX,2016,0000831259_FCX_FY2016_10K.html,,"December 31, 2016",equipment,"For mining operations, reclamation costs for disturbances are recognized as an ARO and as a related ARC (included in property, plant, equipment and mine development costs) in the period of the disturbance and depreciated primarily on a UOP basis.",,,No,,Not disclosed,,Not disclosed,Hopper,1,significant_accounting_policies,NOTE 1. SUMMARY OF SIGNIFICANT ACCOUNTING POLICIES,3,False,,"score=4,idx=87072,zone=65784",2084,OK,
0000831259,FCX,2017,0000831259_FCX_FY2017_10K.html,,"December 31, 2017",equipment,"For mining operations, reclamation costs for disturbances are recognized as an ARO and as a related ARC (included in property, plant, equipment and mine development costs) in the period of the disturbance and depreciated primarily on a UOP basis.",,,No,,Not disclosed,,Not disclosed,Hopper,1,significant_accounting_policies,NOTE 1. SUMMARY OF SIGNIFICANT ACCOUNTING POLICIES,3,False,,"score=4,idx=69944,zone=60128",2054,OK,
0000831259,FCX,2018,0000831259_FCX_FY2018_10K.html,,"December 31, 2018",equipment,"For oil and gas properties, the fair value of the legal obligation is recognized as an ARO and as a related ARC in the period in which the well is drilled or acquired and is amortized on a UOP basis together with other capitalized costs. Substantially all of FCX’s oil and gas leases require that, upon termination of economic production, the working interest owners plug and abandon non-producing wellbores; remove platforms, tanks, production equipment and flow lines; and restore the wellsite.",,,No,,Not disclosed,,Not disclosed,Hopper,1,significant_accounting_policies,NOTE 1. SUMMARY OF SIGNIFICANT ACCOUNTING POLICIES,3,False,,"score=4,idx=65357,zone=61524",2089,OK,
0000831259,FCX,2019,0000831259_FCX_FY2019_10K.html,,2023-12-31,buildings,"Other assets are depreciated on a straight-line basis over estimated useful lives for the related assets of up to 50 years for buildings and 3 to 50 years for machinery and equipment, and mobile equipment.",50.0,,No,,Not disclosed,,Not disclosed,,0,significant_accounting_policies,NOTE 1. SUMMARY OF SIGNIFICANT ACCOUNTING POLICIES,3,False,,"score=4,idx=65039,zone=62683",1865,OK,
0000831259,FCX,2020,0000831259_FCX_FY2020_10K.html,,2023-12-31,buildings,"Other assets are depreciated on a straight-line basis over estimated useful lives for the related assets of up to 50 years for buildings and 3 to 50 years for machinery and equipment, and mobile equipment.",50.0,,No,,Not disclosed,,Not disclosed,,0,significant_accounting_policies,NOTE 1. SUMMARY OF SIGNIFICANT ACCOUNTING POLICIES,3,False,,"score=2,idx=38518,zone=25845",1245,OK,
0000831259,FCX,2021,0000831259_FCX_FY2021_10K.html,,2024-12-31,buildings,"Other assets are depreciated on a straight-line basis over estimated useful lives for the related assets of up to 50 years for buildings and 3 to 50 years for machinery and equipment, and mobile equipment.",50.0,,Yes,"Indonesia Reclamation and Closure Programs. The ultimate amount of reclamation and closure costs to be incurred at PT-FI’s operations will be determined based on applicable laws and regulations and PT-FI’s assessment of appropriate remedial activities under the circumstances, after consultation with governmental authorities, affected local residents and other affected parties and cannot currently be projected with precision. Some reclamation costs will be incurred during mining activities, while the remaining reclamation costs will be incurred at the end of mining activities, which are currently estimated to continue through 2041. The construction time frame for reclamation of the West Wanagon overburden stockpile has been extended from 2025 to 2029 because safety constraints for working in steep and difficult terrain has reduced labor and equipment operating efficiencies. The time frame extension resulted in longer and escalating fixed costs, combined with additional anticipated volumes of stockpile material to be moved. As a result of the change in estimated costs, an ARO adjustment of $397 million was recorded in 2021, with $340 million charged to production and delivery costs, as it relates to the depleted Grasberg open pit. At December 31, 2021, FCX had accrued reclamation and closure costs of $1.1 billion for its PT-FI operations.",Not disclosed,,Not disclosed,A100,1,significant_accounting_policies,NOTE 1. SUMMARY OF SIGNIFICANT ACCOUNTING POLICIES,3,False,,"score=2,idx=40645,zone=25601",1234,OK,
0000831259,FCX,2022,0000831259_FCX_FY2022_10K.html,,2023-12-31,buildings,"Other assets are depreciated on a straight-line basis over estimated useful lives for the related assets of up to 50 years for buildings and 3 to 50 years for machinery and equipment, and mobile equipment.",50.0,,No,,Not disclosed,,Not disclosed,,0,significant_accounting_policies,NOTE 1. SUMMARY OF SIGNIFICANT ACCOUNTING POLICIES,3,False,,"score=2,idx=43159,zone=25507",1218,OK,
0000831259,FCX,2023,0000831259_FCX_FY2023_10K.html,,2024-12-31,buildings,"Other assets are depreciated on a straight-line basis over estimated useful lives for the related assets of up to 50 years for buildings and 3 to 50 years for machinery and equipment, and mobile equipment.",50.0,,No,,Not disclosed,,Not disclosed,,0,significant_accounting_policies,NOTE 1. SUMMARY OF SIGNIFICANT ACCOUNTING POLICIES,3,False,,"score=2,idx=42488,zone=25838",1189,OK,
0000831259,FCX,2024,0000831259_FCX_FY2024_10K.html,,2024-12-31,buildings,"Other assets are depreciated on a straight-line basis over estimated useful lives for the related assets of up to 50 years for buildings and 3 to 50 years for machinery and equipment, and mobile equipment.",50.0,,No,,Not disclosed,,"Cloud computing arrangements ||| December 31, 2024 2023 Intangible assets a $ 428 $ 422 Legally restricted trust assets b 217 212 Disputed tax assessments: c Cerro Verde 275 274 PT-FI 10 10 Investments: PT Smelting d 354 123 Fixed income, equity securities and other 102 84 Restricted time deposits e 100 97 Cloud computing arrangements 151 76 Long-term receivable for taxes f 43 70 Long-term employee receivables 24 26 Prepaid rent and deposits 9 39 Loans to PT Smelting for expansion d — 233 Contingent consideration associated with sales of assets g — 38 Other 100 106 Total other assets $ 1,813 $ 1,810",,0,significant_accounting_policies,NOTE 1. SUMMARY OF SIGNIFICANT ACCOUNTING POLICIES,3,False,,"score=2,idx=42170,zone=25039",1137,OK,
0000832428,SSP,2013,0000832428_SSP_FY2013_10K.html,,,Not disclosed,Not disclosed,,,No,,Not disclosed,,Not disclosed,,0,unknown,,0,False,,"score=3,idx=6200,zone=9",2,OK,
0000832428,SSP,2014,0000832428_SSP_FY2014_10K.html,,,Not disclosed,Not disclosed,,,No,,Not disclosed,,Not disclosed,,0,unknown,,0,False,,"score=3,idx=6293,zone=9",2,OK,
0000832428,SSP,2015,0000832428_SSP_FY2015_10K.html,,,Not disclosed,Not disclosed,,,No,,Not disclosed,,Not disclosed,,0,unknown,,0,False,,"score=3,idx=7249,zone=9",2,OK,
0000832428,SSP,2016,0000832428_SSP_FY2016_10K.html,,,Not disclosed,Not disclosed,,,No,,Not disclosed,,Not disclosed,,0,unknown,,0,False,,"score=3,idx=6813,zone=9",2,OK,
0000832428,SSP,2017,0000832428_SSP_FY2017_10K.html,,,Not disclosed,Not disclosed,,,No,,Not disclosed,,Not disclosed,,0,unknown,,0,False,,"score=3,idx=5661,zone=9",2,OK,
0000832428,SSP,2018,0000832428_SSP_FY2018_10K.html,,,Not disclosed,Not disclosed,,,No,,Not disclosed,,Not disclosed,,0,unknown,,0,False,,"score=3,idx=5191,zone=9",2,OK,
0000832428,SSP,2019,0000832428_SSP_FY2019_10K.html,,"December 31, 2019",Not disclosed,Not disclosed,,,No,,Not disclosed,,Not disclosed,,0,unknown,,0,False,,"score=3,idx=8899,zone=9",2,OK,
0000832428,SSP,2020,0000832428_SSP_FY2020_10K.html,,2021-01-07,Not disclosed,Not disclosed,,,No,,Not disclosed,,Not disclosed,,0,unknown,,0,False,,"score=2,idx=6958,zone=6",2,OK,
0000832428,SSP,2021,0000832428_SSP_FY2021_10K.html,,2022-01-05,Not disclosed,Not disclosed,,,No,,Not disclosed,,Not disclosed,,0,unknown,,0,False,,"score=2,idx=7409,zone=9",2,OK,
0000832428,SSP,2022,0000832428_SSP_FY2022_10K.html,,2022-12-31,Not disclosed,Not disclosed,,,No,,Not disclosed,,Not disclosed,,0,unknown,,0,False,,"score=2,idx=7073,zone=9",2,OK,
0000832428,SSP,2023,0000832428_SSP_FY2023_10K.html,,2024-02-09,Not disclosed,Not disclosed,,,No,,Not disclosed,,Not disclosed,,0,unknown,,0,False,,"score=2,idx=6882,zone=9",2,OK,
0000832428,SSP,2024,0000832428_SSP_FY2024_10K.html,,2024-12-31,Not disclosed,Not disclosed,,,No,,Not disclosed,,Not disclosed,,0,unknown,,0,False,,"score=2,idx=6733,zone=9",2,OK,
0000871763,MAN,2013,0000871763_MAN_FY2013_10K.html,,"December 31, 2013",Not disclosed,Not disclosed,,,No,,Not disclosed,,Not disclosed,,0,unknown,,0,False,,"score=2,idx=1851,zone=8",2,OK,
0000871763,MAN,2014,0000871763_MAN_FY2014_10K.html,,"December 31, 2014",Not disclosed,Not disclosed,,,No,,Not disclosed,,Not disclosed,,0,unknown,,0,False,,"score=2,idx=2092,zone=9",2,OK,
0000871763,MAN,2015,0000871763_MAN_FY2015_10K.html,,,Not disclosed,Not disclosed,,,No,,Not disclosed,,Not disclosed,,0,unknown,,0,False,,"score=4,idx=2651,zone=21",4,OK,
0000871763,MAN,2016,0000871763_MAN_FY2016_10K.html,,,Not disclosed,Not disclosed,,,No,,Not disclosed,,Not disclosed,,0,unknown,,0,False,,"score=4,idx=2581,zone=12",4,OK,
0000871763,MAN,2017,0000871763_MAN_FY2017_10K.html,,"December 31, 2017",Capitalized software,Capitalized software costs are amortized using the straight-line method over the estimated useful life of the software which ranges from,,,No,,Not disclosed,,Not disclosed,,0,item_8_other,,1,False,,"score=4,idx=12280,zone=23462",846,OK,
0000871763,MAN,2018,0000871763_MAN_FY2018_10K.html,,"December 31, 2018",Capitalized software,Capitalized software costs are amortized using the straight-line method over the estimated useful life of the software which ranges from,,,No,,Not disclosed,,"The guidance aligns the accounting for costs incurred to implement a cloud computing arrangement that is a service arrangement with the guidance on capitalizing costs associated with developing or obtaining internal-use software. The guidance is effective for us in 2020. ||| In August 2018, the FASB issued new guidance on the accounting for internal-use software. The guidance aligns the accounting for costs incurred to implement a cloud computing arrangement that is a service arrangement with the guidance on capitalizing costs associated with developing or obtaining internal-use software. The guidance is effective for us in 2020. We are assessing the impact of the adoption of this guidance on our Consolidated Financial Statements.",,0,item_8_other,,1,False,,"score=4,idx=12044,zone=24834",904,OK,
0000871763,MAN,2019,0000871763_MAN_FY2019_10K.html,,2020-02-29,Capitalized software,"Capitalized software costs are amortized using the straight-line method over the estimated useful life of the software which ranges from 3 to 10 years. Amortization expense related to the capitalized software costs was $2.0, $1.5 and $1.3 for 2019, 2018 and 2017, respectively.",3.0,10.0,No,,Not disclosed,,"In August 2018, the FASB issued new guidance on the accounting for internal-use software. The guidance aligns the accounting for costs incurred to implement a cloud computing arrangement that is a service arrangement with the guidance on capitalizing costs associated with developing or obtaining internal-use software. The guidance was effective for us as of January 1, 2020. The adoption of this guidance had no impact on our Consolidated Financial Statements.",,0,item_8_other,,1,True,2.0-15.0 ans | 3.0-10.0 ans,"score=4,idx=13929,zone=25457",727,OK,
0000871763,MAN,2020,0000871763_MAN_FY2020_10K.html,,2020-12-31,Capitalized software,"Capitalized software costs are amortized using the straight-line method over the estimated useful life of the software which ranges from 3 to 10 years. Amortization expense related to the capitalized software costs was $1.8, $2.0 and $1.5 for 2020, 2019 and 2018, respectively.",3.0,10.0,No,,Not disclosed,,"In August 2018, the FASB issued new guidance on the accounting for internal-use software. The guidance aligns the accounting for costs incurred to implement a cloud computing arrangement that is a service arrangement with the guidance on capitalizing costs associated with developing or obtaining internal-use software. The guidance was effective for us as of January 1, 2020. The adoption of this guidance had no impact on our Consolidated Financial Statements.",,0,item_8_other,,1,False,,"score=4,idx=13932,zone=24517",710,OK,
0000871763,MAN,2021,0000871763_MAN_FY2021_10K.html,,2022-01-17,"Capitalized software, technology","Capitalized software costs are amortized using the straight-line method over the estimated useful life of the software which ranges from 3 to 10 years. Amortization expense related to the capitalized software costs was $ 5.5 , $ 1.8 and $ 2.0 for 2021, 2020 and 2019, respectively.",3.0,10.0,No,,Not disclosed,,Not disclosed,A100,1,item_8_other,,1,False,,"score=4,idx=13957,zone=35345",1070,OK,
0000871763,MAN,2022,0000871763_MAN_FY2022_10K.html,,2022-12-31,"Capitalized software, technology","Capitalized software costs are amortized using the straight-line method over the estimated useful life of the software which ranges from 3 to 1 0 years. Amortization expense related to the capitalized software costs was $ 9.8 , $ 5.5 and $ 1.8 for 2022, 2021 and 2020, respectively.",1.0,0.0,No,,Not disclosed,,"Cloud Computing Arrangements ||| We utilize cloud computing arrangements such as hosting arrangements that are service contracts, whereby we gain remote access to use software hosted by the vendor or another third party on an as-needed basis for a period of time in exchange for a subscription fee. Subscription fees are usually prepaid and recorded in selling and administrative expenses over the related subscription period. Certain implementation costs for cloud computing arrangements are capitalized in prepaid expenses or other noncurrent assets if they consist of internal and external costs directly attributable to developing and configuring cloud computing software for its intended use. Amortization of capitalized implementation costs is recorded in selling and administrative expenses on a straight-line basis over the term of the cloud computing arrangement, which is the non-cancellable period of agreement, together with periods covered by renewal options that we are reasonably certain to exercise. The unamortized implementation costs related to our cloud computing arrangements were $ 19.9 and none as of December 31, 2022 and 2021, respectively. ||| Cloud Computing Arrangements We utilize cloud computing arrangements such as hosting arrangements that are service contracts, whereby we gain remote access to use software hosted by the vendor or another third party on an as-needed basis for a period of time in exchange for a subscription fee. Subscription fees are usually prepaid and recorded in selling and administrative expenses over the related subscription period. Certain implementation costs for cloud computing arrangements are capitalized in prepaid expenses or other noncurrent assets if they consist of internal and external costs directly attributable to developing and configuring cloud computing software for its intended use. Amortization of capitalized implementation costs is recorded in selling and administrative expenses on a straight-line basis over the term of the cloud computing arrangement, which is the non-cancellable period of agreement, together with periods covered by renewal options that we are reasonably certain to exercise. The unamortized implementation costs related to our cloud computing arrangements were $ 19.9 and none as of December 31, 2022 and 2021, respectively.",A100,1,item_8_other,,1,False,,"score=4,idx=13570,zone=34512",1024,OK,
0000871763,MAN,2023,0000871763_MAN_FY2023_10K.html,,2023-12-31,Capitalized software,"Capitalized software costs are amortized using the straight-line method over the estimated useful life of the software which ranges from 3 to 10 years. Amortization expense related to the capitalized software costs was $ 13.8 , $ 9.8 and $ 5.5 for 2023, 2022 and 2021, respectively.",3.0,10.0,No,,Not disclosed,,"Cloud Computing Arrangements ||| We utilize cloud computing arrangements such as hosting arrangements that are service contracts, whereby we gain remote access to use software hosted by the vendor or another third party on an as-needed basis for a period of time in exchange for a subscription fee. Subscription fees are usually prepaid and recorded in selling and administrative expenses over the related subscription period. Certain implementation costs for cloud computing arrangements are capitalized in prepaid expenses or other noncurrent assets if they consist of internal and external costs directly attributable to developing and configuring cloud computing software for its intended use. Amortization of capitalized implementation costs is recorded in selling and administrative expenses on a straight-line basis over the term of the cloud computing arrangement, which is the non-cancellable period of agreement, together with periods covered by renewal options that we are reasonably certain to exercise. The unamortized implementation costs related to our cloud computing arrangements were $ 54.6 and $ 19.9 as of December 31, 2023 and 2022, respectively. ||| Cloud Computing Arrangements We utilize cloud computing arrangements such as hosting arrangements that are service contracts, whereby we gain remote access to use software hosted by the vendor or another third party on an as-needed basis for a period of time in exchange for a subscription fee. Subscription fees are usually prepaid and recorded in selling and administrative expenses over the related subscription period. Certain implementation costs for cloud computing arrangements are capitalized in prepaid expenses or other noncurrent assets if they consist of internal and external costs directly attributable to developing and configuring cloud computing software for its intended use. Amortization of capitalized implementation costs is recorded in selling and administrative expenses on a straight-line basis over the term of the cloud computing arrangement, which is the non-cancellable period of agreement, together with periods covered by renewal options that we are reasonably certain to exercise. The unamortized implementation costs related to our cloud computing arrangements were $ 54.6 and $ 19.9 as of December 31, 2023 and 2022, respectively.",,0,item_8_other,,1,False,,"score=4,idx=13870,zone=34137",1014,OK,
0000871763,MAN,2024,0000871763_MAN_FY2024_10K.html,,2024-12-31,"equipment, capitalized software","Year Ended December 31, 2022 Total Assets Long-lived Assets (a) Depreciation and Amortization Expense Americas: (b) United States $ 3,232.7 $ 79.2 $ 7.8 Other Americas 407.9 14.6 2.2 3,640.6 93.8 10.0 Southern Europe: France 2,281.9 160.7 10.5 Italy 455.3 32.7 2.4 Other Southern Europe 821.2 60.1 4.8 3,558.4 253.5 17.7 Northern Europe 742.9 116.5 10.7 APME 744.4 52.8 7.5 Corporate (c) 444.1 9.0 1.6 Intangible asset amortization expense (d) — — 37.1 $ 9,130.4 $ 525.6 $ 84.6 (a) Long-lived assets consist of net property and equipment, net capitalized software and right-of-use assets. (b) Effective January 1, 2024, our segment reporting was realigned to include our Puerto Rico business within Other Americas.",,,No,,"We have increasingly outsourced, and may further outsource, important processes of our business to third party vendors, which exposes us to other risks, including increased costs, supply chain interruptions, potential disruptions to our business operations, and reputational risk. For example, we rely on third parties to host, manage and secure certain aspects of our data center information and technology infrastructure, to develop and maintain new technology for attracting, onboarding, managing, and analyzing our workforce, and to provide important back-office support. We have increasingly centralized our vendor profile so that we are reliant on a small number of vendors for highly critical corporate and technology functions. While we believe these third-party vendors provide greater efficiency and expertise, our dependence on a small number of vendors increases the risk that our business will be adversely affected if our vendors are unable to provide these services consistent with our needs. Similarly, our business continuity and our margins could be adversely affected if we needed to replace one of our critical vendors for performance or economic reasons.",MD&A (Item 7),"Cash provided by operating activities was $309.2, $348.2 and $423.3 for 2024, 2023 and 2022, respectively. Changes in operating assets and liabilities generated $65.4 of cash, compared to $98.7 generated and $139.7 utilized in 2024, 2023 and 2022, respectively. The decrease in 2024 from 2023 was primarily attributable to decreased accounts receivable collections and an increase in capitalized implementation costs related to our cloud computing arrangements, partially offset by an increase in accounts payable. The change in 2023 from 2022 was primarily attributable to a decrease in accounts receivable due to the slowdown in the demand for our services.",B200,1,notes_to_financials,"2024. Since our net investment in these subsidiaries exceeds the respective amount of the designated borrowings, the related translation gains or loss",2,False,,"score=4,idx=14055,zone=39541",1021,OK,
0000931015,PII,2013,0000931015_PII_FY2013_10K.html,,"December 31, 2013",equipment,"Property and equipment is stated at cost. Depreciation is provided using the straight-line method over the estimated useful life of the respective assets, ranging from",,,No,,Not disclosed,,Not disclosed,,0,significant_accounting_policies,Note 1. Organization and Significant Accounting Policies,3,False,,"score=4,idx=11064,zone=15016",675,OK,
0000931015,PII,2014,0000931015_PII_FY2014_10K.html,,"December 31, 2014",equipment,"Property and equipment is stated at cost. Depreciation is provided using the straight-line method over the estimated useful life of the respective assets, ranging from",,,No,,Not disclosed,,Not disclosed,,0,significant_accounting_policies,Note 1. Organization and Significant Accounting Policies,3,False,,"score=4,idx=9858,zone=14959",664,OK,
0000931015,PII,2015,0000931015_PII_FY2015_10K.html,,"December 31, 2015",equipment,"Property and equipment is stated at cost. Depreciation is provided using the straight-line method over the estimated useful life of the respective assets, ranging from",,,No,,Not disclosed,,Not disclosed,,0,significant_accounting_policies,Note 1. Organization and Significant Accounting Policies,3,False,,"score=4,idx=10102,zone=15177",673,OK,
0000931015,PII,2016,0000931015_PII_FY2016_10K.html,,"December 31, 2016",equipment,"Property and equipment is stated at cost. Depreciation is provided using the straight-line method over the estimated useful life of the respective assets, ranging from",,,No,,Not disclosed,,Not disclosed,,0,significant_accounting_policies,Note 1. Organization and Significant Accounting Policies,3,False,,"score=4,idx=10096,zone=15261",721,OK,
0000931015,PII,2017,0000931015_PII_FY2017_10K.html,,"December 31, 2017",equipment,"Property and equipment is stated at cost. Depreciation is provided using the straight-line method over the estimated useful life of the respective assets, ranging from",,,No,,Not disclosed,,Not disclosed,,0,significant_accounting_policies,Note 1. Organization and Significant Accounting Policies,3,False,,"score=4,idx=10647,zone=15758",747,OK,
0000931015,PII,2018,0000931015_PII_FY2018_10K.html,,"December 31, 2018",equipment,"Property and equipment is stated at cost. Depreciation is provided using the straight-line method over the estimated useful life of the respective assets, ranging from",,,No,,Not disclosed,,Not disclosed,,0,significant_accounting_policies,Note 1. Organization and Significant Accounting Policies,3,False,,"score=4,idx=10001,zone=17714",849,OK,
0000931015,PII,2019,0000931015_PII_FY2019_10K.html,,2019-12-31,equipment and tooling,"Depreciation is provided using the straight-line method over the estimated useful life of the respective assets, ranging from 10 - 40 years for buildings and improvements and from 1 - 7 years for equipment and tooling.",1.0,7.0,No,,Not disclosed,,Not disclosed,,0,significant_accounting_policies,Note 1. Organization and Significant Accounting Policies,3,False,,"score=4,idx=13561,zone=20616",845,OK,
0000931015,PII,2020,0000931015_PII_FY2020_10K.html,,"December 31, 2020",equipment and tooling,"Depreciation is provided using the straight-line method over the estimated useful life of the respective assets, ranging from 10-40 years for buildings and improvements and from 1-7 years for equipment and tooling.",1.0,7.0,No,,Not disclosed,,Not disclosed,,0,significant_accounting_policies,Note 1. Organization and Significant Accounting Policies,3,False,,"score=2,idx=8857,zone=10567",664,OK,
0000931015,PII,2021,0000931015_PII_FY2021_10K.html,,2022-01-31,equipment and tooling,"Depreciation is determined using the straight-line method over the estimated useful life of the respective assets, ranging from 10-40 years for buildings and improvements and from 1-7 years for equipment and tooling.",1.0,7.0,No,,Not disclosed,,Not disclosed,,0,significant_accounting_policies,Note 1. Organization and Significant Accounting Policies,3,False,,"score=2,idx=8668,zone=10373",615,OK,
0000931015,PII,2022,0000931015_PII_FY2022_10K.html,,2023-03-31,equipment and tooling,"Depreciation is determined using the straight-line method over the estimated useful life of the respective assets, ranging from 10-40 years for buildings and improvements and from 1-7 years for equipment and tooling.",1.0,7.0,No,,Not disclosed,,Not disclosed,,0,significant_accounting_policies,Note 1. Organization and Significant Accounting Policies,3,False,,"score=2,idx=7537,zone=10107",639,OK,
0000931015,PII,2023,0000931015_PII_FY2023_10K.html,,2024-03-31,buildings and,"Property and equipment. Property and equipment is stated at historical cost. Depreciation is determined using the straight-line method over the estimated useful life of the respective assets, ranging from 10-40 years for buildings and",10.0,40.0,No,,Not disclosed,,Not disclosed,,0,significant_accounting_policies,Note 1. Organization and Significant Accounting Policies,3,False,,"score=2,idx=7749,zone=9728",639,OK,
0000931015,PII,2024,0000931015_PII_FY2024_10K.html,,2025-03-31,equipment and tooling,"Depreciation is determined using the straight-line method over the estimated useful life of the respective assets, ranging from 10-40 years for buildings and improvements and 3-7 years for equipment and tooling.",3.0,7.0,No,,Not disclosed,,Not disclosed,,0,significant_accounting_policies,Note 1. Organization and Significant Accounting Policies,3,False,,"score=2,idx=7818,zone=9984",654,OK,
0001333274,MERC,2013,0001333274_MERC_FY2013_10K.html,,"December 31, 2013",Not disclosed,Not disclosed,,,No,,Not disclosed,,Not disclosed,,0,unknown,,0,False,,"score=7,idx=10459,zone=7",2,OK,
0001333274,MERC,2014,0001333274_MERC_FY2014_10K.html,,"December 31, 2014",Not disclosed,Not disclosed,,,No,,Not disclosed,,Not disclosed,,0,unknown,,0,False,,"score=7,idx=9073,zone=7",2,OK,
0001333274,MERC,2015,0001333274_MERC_FY2015_10K.html,,"December 31, 2015",Not disclosed,Not disclosed,,,No,,Not disclosed,,Not disclosed,,0,unknown,,0,False,,"score=7,idx=9945,zone=8",2,OK,
0001333274,MERC,2016,0001333274_MERC_FY2016_10K.html,,"December 31, 2016",Not disclosed,Not disclosed,,,No,,Not disclosed,,Not disclosed,,0,unknown,,0,False,,"score=7,idx=9852,zone=7",2,OK,
0001333274,MERC,2017,0001333274_MERC_FY2017_10K.html,,"December 31, 2017",Not disclosed,Not disclosed,,,No,,Not disclosed,,Not disclosed,,0,unknown,,0,False,,"score=7,idx=11677,zone=9",2,OK,
0001333274,MERC,2018,0001333274_MERC_FY2018_10K.html,,"December 31, 2018",Not disclosed,Not disclosed,,,No,,Not disclosed,,Not disclosed,,0,unknown,,0,False,,"score=7,idx=12620,zone=10",2,OK,
0001333274,MERC,2019,0001333274_MERC_FY2019_10K.html,,2020-02-13,Not disclosed,Not disclosed,,,No,,Not disclosed,,Not disclosed,,0,unknown,,0,False,,"score=6,idx=20071,zone=5",2,OK,
0001333274,MERC,2020,0001333274_MERC_FY2020_10K.html,,2021-02-16,Not disclosed,Not disclosed,,,No,,Not disclosed,,Not disclosed,,0,unknown,,0,False,,"score=6,idx=20083,zone=5",2,OK,
0001333274,MERC,2021,0001333274_MERC_FY2021_10K.html,,2022-02-17,Not disclosed,Not disclosed,,,No,,Not disclosed,,Not disclosed,,0,unknown,,0,False,,"score=6,idx=15885,zone=8",661,OK,
0001333274,MERC,2022,0001333274_MERC_FY2022_10K.html,,2023-02-16,Not disclosed,Not disclosed,,,No,,Not disclosed,,Not disclosed,,0,unknown,,0,False,,"score=7,idx=19437,zone=6",3,OK,
0001333274,MERC,2023,0001333274_MERC_FY2023_10K.html,,2024-02-15,Not disclosed,Not disclosed,,,No,,Not disclosed,,Not disclosed,,0,unknown,,0,False,,"score=7,idx=18497,zone=6",3,OK,
0001333274,MERC,2024,0001333274_MERC_FY2024_10K.html,,2025-02-20,Not disclosed,Not disclosed,,,No,,Not disclosed,,Not disclosed,B200,1,unknown,,0,False,,"score=7,idx=18596,zone=5",2,OK,
0001571996,DELL,2016,0001571996_DELL_FY2016_10K.html,,"February 3, 2017",capitalized software,"GAAP requires that annual amortization expense of the capitalized software development costs be the greater of the amounts computed using the ratio of gross revenue to a product's total current and anticipated revenues, or the straight-line method over the product's remaining estimated economic life.",,,No,,main product groups: software-defined data center; hybrid cloud computing; and end-user computing.,Item 8,"VMware is a leader in virtualization and cloud infrastructure solutions, which enable organizations to manage IT resources across complex multi-cloud, multi-device environments. VMware offers a broad portfolio of virtualization technologies across three main product groups: software-defined data center; hybrid cloud computing; and end-user computing.",,0,significant_accounting_policies,Note 7,3,False,,"score=5,idx=19289,zone=42239",1881,OK,
0001571996,DELL,2017,0001571996_DELL_FY2017_10K.html,,"February 2, 2018",information technology,", respectively. General and administrative expenses include items for the Company's administrative functions, such as finance, legal, human resources, and information technology support. These functions include costs for items such as salaries, maintenance and supplies, insurance, depreciation expense, and allowance for doubtful accounts.",,,No,,main product groups: software-defined data center; hybrid cloud computing; and end-user computing.,Item 8,"VMware provides compute, cloud, mobility, networking and security infrastructure software to businesses that provides a flexible digital foundation for the applications that empower businesses to serve their customers globally. VMware offers a broad portfolio of virtualization technologies across three main product groups: software-defined data center; hybrid cloud computing; and end-user computing.",,0,significant_accounting_policies,Note 9,3,False,,"score=5,idx=18810,zone=45893",1915,OK,
0001571996,DELL,2018,0001571996_DELL_FY2018_10K.html,,2019-02-01,Capitalized software,"Fiscal Year Ended February 1, 2019 February 2, 2018 February 3, 2017 Cash flows from operating activities: Net loss $ (2,181 ) $ (2,926 ) $ (1,158 ) Adjustments to reconcile net loss to net cash provided by operating activities: Depreciation and amortization 7,746 8,634 4,938 Amortization of debt issuance costs 146 183 268 Stock-based compensation expense 918 835 398 Deferred income taxes (1,331 ) (2,605 ) (2,052 ) Net (gain) loss on sale of businesses (30 ) 16 (2,165 ) Provision for doubtful accounts — including financing receivables 172 164 120 Other 468 391 173 Changes in assets and liabilities, net of effects from acquisitions and dispositions: Accounts receivable (1,104 ) (1,590 ) (1,935 ) Financing receivables (1,302 ) (1,653 ) (751 ) Inventories (1,445 ) (325 ) 1,076 Other assets (534 ) (1,395 ) 117 Accounts payable 952 3,779 751 Deferred revenue 3,418 2,748 1,933 Accrued and other liabilities 1,098 587 654 Change in cash from operating activities 6,991 6,843 2,367 Cash flows from investing activities: Investments: Purchases (925 ) (4,389 ) (778 ) Maturities and sales 6,612 3,878 1,173 Capital expenditures (1,158 ) (1,212 ) (699 ) Proceeds from sale of facilities, land, and other assets 10 — 24 Capitalized software development costs (339 ) (369 ) (207 ) Collections on purchased financing receivables 30 30 35 Acquisition of businesses, net (912 ) (658 ) (37,609 ) Divestitures of businesses, net 142 — 6,873 Asset acquisitions, net (59 ) (96 ) — Asset dispositions, net (12 ) (59 ) — Other — — (48 ) Change in cash from investing activities 3,389 (2,875 ) (31,236 )",,,No,,"— ISG enables the digital transformation of our customers through our trusted multi-cloud and big data solutions, which are built upon a modern data center infrastructure. Our comprehensive portfolio of advanced storage solutions includes traditional storage solutions as well as next-generation storage solutions (such as all-flash arrays, scale-out file, object platforms and software-defined solutions), while our server portfolio includes high-performance rack, blade, tower and hyperscale servers. Our networking portfolio helps our business customers transform and modernize their infrastructure, mobilize and enrich end-user experiences, and accelerate business applications and processes. Our strengths in server, storage, and virtualization software solutions enable us to offer leading converged and hyper-converged solutions, allowing our customers to accelerate their IT transformation by acquiring scalable integrated IT solutions instead of building and assembling their own IT platforms. ISG also offers attached software, peripherals and services, including support and deployment, configuration, and extended warranty services.",MD&A (Item 7),"Other Business Combinations — During the second quarter of the fiscal year ended February 2, 2018, VMware, Inc. completed the acquisitions of Wavefront and Apteligent, Inc., which were not material to the Consolidated Financial Statements. These acquisitions are a part of VMware, Inc.’s strategy to accelerate the development of VMware, Inc.’s Cloud services and other technologies. The aggregate purchase price for the two acquisitions was $323 million , inclusive of the fair value of the Company’s existing investment in Wavefront of $69 million and cash acquired of $35 million . The aggregate purchase price included $36 million of identifiable intangible assets and $238 million of goodwill that is not expected to be deductible for tax purposes. The identifiable intangible assets primarily relate to purchased technology, with estimated useful lives of five years . The fair value of assumed unvested equity attributable to post-combination services was $37 million and will be expensed over the remaining requisite service periods on a straight-line basis. The estimated fair value of the stock options assumed by the Company was determined using the Black-Scholes option pricing model. ||| — During the second quarter of the fiscal year ended February 2, 2018, VMware, Inc. completed the acquisitions of Wavefront and Apteligent, Inc., which were not material to the Consolidated Financial Statements. These acquisitions are a part of VMware, Inc.’s strategy to accelerate the development of VMware, Inc.’s Cloud services and other technologies. The aggregate purchase price for the ||| Virtustream delivers an application management cloud platform for enterprise mission-critical workloads in the Infrastructure-as-a-Service market, and had approximately $0.4 billion in goodwill that was derived from the EMC merger transaction during the fiscal year ended February 3, 2017 . Virtustream forecasts were revised downward due to a resetting of the longer term business model that is focused on a streamlined product portfolio.",,0,significant_accounting_policies,Note 24 — Subsequent Events,3,False,,"score=5,idx=26694,zone=54308",1999,OK,
0001571996,DELL,2019,0001571996_DELL_FY2019_10K.html,,2020-02-18,Capitalized software,"Fiscal Year Ended January 31, 2020 February 1, 2019 February 2, 2018 Cash flows from operating activities: Net income (loss) $ 5,529 $ (2,181 ) $ (2,926 ) Adjustments to reconcile net income (loss) to net cash provided by operating activities: Depreciation and amortization 6,143 7,746 8,634 Stock-based compensation expense 1,262 918 835 Deferred income taxes (6,339 ) (1,331 ) (2,605 ) Provision for doubtful accounts — including financing receivables 178 172 164 Impairments 619 190 — Other 141 394 590 Changes in assets and liabilities, net of effects from acquisitions and dispositions: Accounts receivable (286 ) (1,104 ) (1,590 ) Financing receivables (1,329 ) (1,302 ) (1,653 ) Inventories 311 (1,445 ) (325 ) Other assets (1,435 ) (534 ) (1,395 ) Accounts payable 894 952 3,779 Deferred revenue 3,727 3,418 2,748 Accrued and other liabilities (124 ) 1,098 587 Change in cash from operating activities 9,291 6,991 6,843 Cash flows from investing activities: Investments: Purchases (181 ) (925 ) (4,389 ) Maturities and sales 497 6,612 3,878 Capital expenditures (2,241 ) (1,158 ) (1,212 ) Capitalized software development costs (335 ) (339 ) (369 ) Acquisition of businesses, net (2,455 ) (912 ) (658 ) Divestitures of businesses, net — 142 — Asset acquisitions, net (8 ) (59 ) (96 ) Asset dispositions, net (3 ) (12 ) (59 ) Other 40 40 30 Change in cash from investing activities (4,686 ) 3,389 (2,875 )",,,No,,"VMware, Inc. completed other acquisitions during the fiscal year ended January 31, 2020 which were not material individually or collectively to the Consolidated Financial Statements. VMware, Inc. expects that these acquisitions will enhance its product features and capabilities for its software-defined data center solutions and software-as-a-service offerings.",Item 8,"Client Solutions Group (“CSG”) — CSG includes branded hardware (such as desktops, workstations, and notebooks) and branded peripherals (such as displays and projectors), as well as third-party software and peripherals. Our computing devices are designed with our commercial and consumer customers’ needs in mind, and we seek to optimize performance, reliability, manageability, design, and security. In addition to our traditional hardware business, we have a portfolio of thin client offerings that we believe will allow us to benefit from the growth trends in cloud computing. For our customers that are seeking to simplify client lifecycle management, Dell PC as a Service offering combines hardware, software, lifecycle services, and financing into one all-encompassing solution that provides predictable pricing per seat per month through Dell Financial Services. CSG also offers attached software, peripherals, and services, including support and deployment, configuration, and extended warranty services. ||| — CSG includes branded hardware (such as desktops, workstations, and notebooks) and branded peripherals (such as displays and projectors), as well as third-party software and peripherals. Our computing devices are designed with our commercial and consumer customers’ needs in mind, and we seek to optimize performance, reliability, manageability, design, and security. In addition to our traditional hardware business, we have a portfolio of thin client offerings that we believe will allow us to benefit from the growth trends in cloud computing. For our customers that are seeking to simplify client lifecycle management, Dell PC as a Service offering combines hardware, software, lifecycle services, and financing into one all-encompassing solution that provides predictable pricing per seat per month through Dell Financial Services. CSG also offers attached software, peripherals, and services, including support and deployment, configuration, and extended warranty services.",,0,significant_accounting_policies,Note 24 — Subsequent Events,3,False,,"score=5,idx=27734,zone=47092",2100,OK,
0001571996,DELL,2020,0001571996_DELL_FY2020_10K.html,,2021-01-29,Capitalized Software,"Capitalized Software Development Costs — Software development costs related to the development of new product offerings are capitalized subsequent to the establishment of technological feasibility, which is demonstrated by the completion of a detailed program design or working model, if no program design is completed. The Company amortizes capitalized costs on a straight-line basis over the estimated useful lives of the products, which generally range from two to four years.",2.0,4.0,No,,"VMware, Inc. completed other acquisitions during the fiscal year ended January 31, 2020 which were not material, individually or in aggregate, to the Consolidated Financial Statements. VMware, Inc. expects that these acquisitions will enhance its product features and capabilities for its software-defined data center solutions and software-as-a-service offerings.",Item 8,"• Client Solutions Group (“CSG”) — CSG includes branded hardware (such as desktops, workstations, and notebooks) and branded peripherals (such as displays and projectors), as well as third-party software and peripherals. Our computing devices are designed with our commercial and consumer customers’ needs in mind, and we seek to optimize performance, reliability, manageability, design, and security. In addition to our traditional hardware business, we have a portfolio of thin client offerings that we believe will allow us to benefit from the growth trends in cloud computing. For our customers that are seeking to simplify client lifecycle management, Dell PC as a Service offering combines hardware, software, lifecycle services, and financing into one all-encompassing solution that provides predictable pricing per seat per month. CSG also offers attached software, peripherals, and services, including support and deployment, configuration, and extended warranty services. ||| — CSG includes branded hardware (such as desktops, workstations, and notebooks) and branded peripherals (such as displays and projectors), as well as third-party software and peripherals. Our computing devices are designed with our commercial and consumer customers’ needs in mind, and we seek to optimize performance, reliability, manageability, design, and security. In addition to our traditional hardware business, we have a portfolio of thin client offerings that we believe will allow us to benefit from the growth trends in cloud computing. For our customers that are seeking to simplify client lifecycle management, Dell PC as a Service offering combines hardware, software, lifecycle services, and financing into one all-encompassing solution that provides predictable pricing per seat per month. CSG also offers attached software, peripherals, and services, including support and deployment, configuration, and extended warranty services.",,0,significant_accounting_policies,NOTE 2 — DESCRIPTION OF BUSINESS AND SUMMARY OF SIGNIFICANT ACCOUNTING POLICIES,3,False,,"score=5,idx=18644,zone=23274",1432,OK,
0001571996,DELL,2021,0001571996_DELL_FY2021_10K.html,,2022-02-24,capitalized software,"Fiscal Year Ended January 28, 2022 January 29, 2021 January 31, 2020 Cash flows from operating activities: Net income $ 5,707 $ 3,505 $ 5,529 Adjustments to reconcile net income to net cash provided by operating activities: Depreciation and amortization 4,551 5,390 6,143 Stock-based compensation expense 1,622 1,609 1,262 Deferred income taxes (365) (399) (6,339) Other, net (a) (3,130) (88) 938 Changes in assets and liabilities, net of effects from acquisitions and dispositions: Accounts receivable (2,193) (396) (286) Financing receivables (241) (728) (1,329) Inventories (2,514) (243) 311 Other assets and liabilities (1,948) (1,656) (1,559) Due from/to related party, net 479 — — Accounts payable 5,742 1,598 894 Deferred revenue 2,597 2,815 3,727 Change in cash from operating activities 10,307 11,407 9,291 Cash flows from investing activities: Purchases of investments (414) (338) (181) Maturities and sales of investments 513 169 497 Capital expenditures and capitalized software development costs (2,796) (2,082) (2,576) Acquisition of businesses and assets, net (16) (424) (2,463) Divestitures of businesses and assets, net 3,957 2,187 (3) Other 62 28 40 Change in cash from investing activities 1,306 (460) (4,686) Cash flows from financing activities: Dividends paid by VMware, Inc. to non-controlling interests (2,240) — — Proceeds from the issuance of common stock 334 452 658 Repurchases of parent common stock (663) (241) (8) Repurchases of subsidiary common stock (1,175) (1,363) (3,547) Net transfer of cash, cash equivalents, and restricted cash to VMware, Inc. (5,052) — — Proceeds from debt 20,425 16,391 20,481 Repayments of debt (26,723) (20,919) (22,117) Debt related costs and other, net (1,515) (270) (71) Change in cash from financing activities (16,609) (5,950) (4,604) Effect of exchange rate changes on cash, cash equivalents, and restricted cash (106) 36 (90) Change in cash, cash equivalents, and restricted cash (5,102) 5,033 (89)",,,No,,"ISG enables the digital transformation of the Company’s customers through its trusted multi-cloud and big data solutions, which are built upon a modern data center infrastructure. The ISG comprehensive portfolio of advanced storage solutions includes traditional storage solutions as well as next-generation storage solutions (such as all-flash arrays, scale-out file, object platforms, and software-defined solutions), while the Company’s server portfolio includes high-performance rack, blade, tower, and hyperscale servers. The ISG networking portfolio helps business customers transform and modernize their infrastructure, mobilize and enrich end-user experiences, and accelerate business applications and processes. ISG also offers attached software, peripherals, and services, including support and deployment, configuration, and extended warranty services.",Item 8,Not disclosed,,0,significant_accounting_policies,Note 2 3 — Subsequent Events,3,False,,"score=5,idx=17422,zone=22158",1203,OK,
0001571996,DELL,2022,0001571996_DELL_FY2022_10K.html,,2023-03-02,capitalized software,"Fiscal Year Ended February 3, 2023 January 28, 2022 January 29, 2021 Cash flows from operating activities: Net income $ 2,422 $ 5,707 $ 3,505 Adjustments to reconcile net income to net cash provided by operating activities: Depreciation and amortization 3,156 4,551 5,390 Stock-based compensation expense 931 1,622 1,609 Deferred income taxes (717) (365) (399) Other, net (a) 961 (3,130) (88) Changes in assets and liabilities, net of effects from acquisitions and dispositions: Accounts receivable 113 (2,193) (396) Financing receivables (461) (241) (728) Inventories 875 (2,514) (243) Other assets and liabilities 973 (1,948) (1,656) Due from/to related party, net 649 479 — Accounts payable (8,546) 5,742 1,598 Deferred revenue 3,209 2,597 2,815 Change in cash from operating activities 3,565 10,307 11,407 Cash flows from investing activities: Purchases of equity and other investments (94) (256) (162) Purchases of held-to-maturity investments (14) (158) (176) Maturities and sales of equity and other investments 116 513 169 Capital expenditures and capitalized software development costs (3,003) (2,796) (2,082) Acquisition of businesses and assets, net (70) (16) (424) Divestitures of businesses, net — 3,957 2,187 Other 41 62 28 Change in cash from investing activities (3,024) 1,306 (460) Cash flows from financing activities: Dividends paid by VMware, Inc. to non-controlling interests — (2,240) — Proceeds from the issuance of common stock 5 334 452 Repurchases of parent common stock (b) (3,272) (663) (241) Repurchases of subsidiary common stock (9) (1,175) (1,363) Net transfer of cash, cash equivalents, and restricted cash to VMware, Inc. — (5,052) — Payments of dividends to stockholders (964) — — Proceeds from debt 12,479 20,425 16,391 Repayments of debt (9,825) (26,723) (20,919) Debt-related costs and other, net (39) (1,515) (270) Change in cash from financing activities (1,625) (16,609) (5,950)",,,No,,Not disclosed,,Not disclosed,,0,significant_accounting_policies,Note 2 3 — Subsequent Events,3,False,,"score=5,idx=17771,zone=22099",1126,OK,
0001571996,DELL,2023,0001571996_DELL_FY2023_10K.html,,2024-05-03,capitalized software,"Fiscal Year Ended February 2, 2024 February 3, 2023 January 28, 2022 Cash flows from operating activities: Net income $ 3,195 $ 2,422 $ 5,707 Adjustments to reconcile net income to net cash provided by operating activities: Depreciation and amortization 3,303 3,156 4,551 Stock-based compensation expense 878 931 1,622 Deferred income taxes (91) (717) (365) Other, net (a) 609 961 (3,130) Changes in assets and liabilities, net of effects from acquisitions and dispositions: Accounts receivable 2,977 113 (2,193) Financing receivables 309 (461) (241) Inventories 975 875 (2,514) Other assets and liabilities (1,470) 973 (1,948) Due from/to related party, net (652) 649 479 Accounts payable (335) (8,546) 5,742 Deferred revenue (1,022) 3,209 2,597 Change in cash from operating activities 8,676 3,565 10,307 Cash flows from investing activities: Purchases of investments (172) (108) (414) Maturities and sales of investments 226 116 513 Capital expenditures and capitalized software development costs (2,756) (3,003) (2,796) Acquisition of businesses and assets, net (126) (70) (16) Divestitures of businesses, net — — 3,957 Other 45 41 62 Change in cash from investing activities (2,783) (3,024) 1,306 Cash flows from financing activities: Dividends paid by VMware, Inc. to non-controlling interests — — (2,240) Proceeds from the issuance of common stock 10 5 334 Repurchases of common stock (2,080) (2,883) (1,496) Repurchases of common stock for employee tax withholdings (372) (398) (342) Net transfer of cash, cash equivalents, and restricted cash to VMware, Inc. — — (5,052) Payments of dividends and dividend equivalents (1,072) (964) — Proceeds from debt 7,775 12,479 20,425 Repayments of debt (11,246) (9,825) (26,723) Debt-related costs and other, net (109) (39) (1,515) Change in cash from financing activities (7,094) (1,625) (16,609) ____________________",,,No,,"ISG includes the Company’s storage, server, and networking offerings. The Company’s comprehensive storage portfolio includes modern and traditional storage solutions, including all-flash arrays, scale-out file, object platforms, hyper-converged infrastructure, and software-defined storage. The Company’s server portfolio includes high-performance general-purpose and AI-optimized servers. The Company’s networking portfolio includes wide area network infrastructure, data center and edge networking switches, and cables and optics. ISG also offers software, peripherals, and services, including consulting and support and deployment.",Item 8,Not disclosed,,0,significant_accounting_policies,Note 23 — Subsequent Events,3,True,2.0 ans | 3.0-5.0 ans | 5.0 ans,"score=5,idx=17367,zone=21850",1105,OK,
0001571996,DELL,2024,0001571996_DELL_FY2024_10K.html,,2025-02-27,Computer and other equipment,Estimated Useful Life Computer and other equipment 3-5 years Assets in a customer contract Term of underlying lease contract Buildings and building improvements 10-30 years or term of underlying land lease Leasehold improvements 5 years or contract term Internal use software 5 years,3.0,5.0,No,,"ISG includes the Company’s servers and networking offerings and storage offerings. The Company’s server portfolio includes high-performance general-purpose and AI-optimized servers. The Company’s networking portfolio includes wide area network infrastructure, data center and edge networking switches, and cables and optics. The Company’s comprehensive storage portfolio includes modern and traditional storage solutions, including all-flash arrays, scale-out file, object platforms, hyper-converged infrastructure, and software-defined storage. ISG also offers software, peripherals, and services, including consulting and support and deployment.",Item 8,"We monitor credit risk associated with our financial counterparties using various market credit risk indicators such as credit ratings issued by nationally recognized credit rating agencies and changes in market credit default swap levels. Our AI solutions to date have been purchased primarily by a small number of larger customers and cloud service providers. Such purchases generally involve larger amounts of credit, and could impact overall credit risk in trade and financing receivables. We perform periodic evaluations of our positions with counterparties and may limit exposure to any one counterparty in accordance with our policies. We monitor and manage our positions based on current and expected market developments.",,0,significant_accounting_policies,NOTE 2 — SUMMARY OF SIGNIFICANT ACCOUNTING POLICIES,3,True,2.0 ans | 3.0-5.0 ans | 5.0 ans,"score=5,idx=16613,zone=24887",1081,OK,
