firm_cik,firm_ticker,fiscal_year,filename,filing_date,period_end_date,asset_category,useful_life_text,useful_life_min_years,useful_life_max_years,policy_change,policy_change_text,ai_infra_text,ai_infra_source,segment_ai_text,hardware_mentions,hardware_count,source_section,section_title,confidence,ambiguity_flag,ambiguity_detail,item8_method,item8_segment_count,extraction_status,error_message
0000045876,NVRI,2013,0000045876_NVRI_FY2013_10K.html,,"December 31, 2013",equipment,"Property, plant and equipment is recorded at cost and depreciated over the estimated useful lives of the assets using principally the straight-line method.",,,No,,Not disclosed,,Not disclosed,,0,significant_accounting_policies,1. Summary of Significant Accounting Policies,3,False,,"score=4,idx=15160,zone=39378",1356,OK,
0000045876,NVRI,2014,0000045876_NVRI_FY2014_10K.html,,"December 31, 2014",equipment,"Property, plant and equipment is recorded at cost and depreciated over the estimated useful lives of the assets using, principally, the straight-line method.",,,No,,Not disclosed,,Not disclosed,,0,significant_accounting_policies,1. Summary of Significant Accounting Policies,3,False,,"score=4,idx=15103,zone=40767",1351,OK,
0000045876,NVRI,2015,0000045876_NVRI_FY2015_10K.html,,"December 31, 2015",equipment,"Property, plant and equipment is recorded at cost and depreciated over the estimated useful lives of the assets using, principally, the straight-line method. When property, plant and equipment is retired from service, the cost of the retirement is charged to the allowance for depreciation to the extent of the accumulated depreciation and the balance is charged to income.",,,No,,Not disclosed,,"In April 2015, the FASB issued changes related to the determination of whether a cloud computing arrangement includes a software license. If a cloud computing arrangement is determined to include a software license, then the customer accounts for the software license element consistent with the acquisition of other software licenses. If the arrangement is determined not to contain a software license, the customer should account for the arrangement as a service contract. The changes become effective for the Company on January 1, 2016. Management has determined that these changes will not have a material impact on the Company's consolidated financial statements.",,0,significant_accounting_policies,1. Summary of Significant Accounting Policies,3,False,,"score=4,idx=13344,zone=38617",1289,OK,
0000045876,NVRI,2016,0000045876_NVRI_FY2016_10K.html,,"December 31, 2016",equipment,"Property, plant and equipment is recorded at cost and depreciated over the estimated useful lives of the assets using, principally, the straight-line method. When property, plant and equipment is retired from service, the cost of the retirement is charged to the allowance for depreciation to the extent of the accumulated depreciation and the balance is charged to income.",,,No,,Not disclosed,,"On January 1, 2016, the Company adopted changes issued by the FASB related to the determination of whether a cloud computing arrangement includes a software license. If a cloud computing arrangement is determined to include a software license, then the customer accounts for the software license element consistent with the acquisition of other software licenses. If the arrangement is determined not to contain a software license, the customer should account for the arrangement as a service contract. The changes became effective for the Company on January 1, 2016. The adoption of these changes did not have a material impact on the Company's consolidated financial statements.",,0,significant_accounting_policies,1. Summary of Significant Accounting Policies,3,False,,"score=4,idx=12672,zone=37360",1319,OK,
0000045876,NVRI,2017,0000045876_NVRI_FY2017_10K.html,,"December 31, 2017",equipment,"Property, plant and equipment is recorded at cost and depreciated over the estimated useful lives of the assets using, principally, the straight-line method. When property, plant and equipment is retired from service, the cost of the retirement is charged to the allowance for depreciation to the extent of the accumulated depreciation and the balance is charged to income.",,,No,,Not disclosed,,Not disclosed,,0,significant_accounting_policies,1. Summary of Significant Accounting Policies,3,False,,"score=4,idx=13149,zone=35336",1276,OK,
0000045876,NVRI,2018,0000045876_NVRI_FY2018_10K.html,,2018-12-31,equipment,"Property, plant and equipment is recorded at cost and depreciated over the estimated useful lives of the assets using, principally, the straight-line method. When property, plant and equipment is retired from service, the cost of the retirement is charged to the allowance for depreciation to the extent of the accumulated depreciation and the balance is charged to income.",,,No,,Not disclosed,,"In October 2018, the Company adopted changes issued by FASB that require entities that are customers in cloud computing arrangements to defer implementation costs if they would be capitalized by the entity in software licensing arrangements under the internal-use software guidance. The adoption of these changes did not have an impact on the Company's consolidated financial statements.",,0,significant_accounting_policies,1. Summary of Significant Accounting Policies,3,False,,"score=4,idx=18396,zone=41563",1302,OK,
0000045876,NVRI,2019,0000045876_NVRI_FY2019_10K.html,,2019-12-31,equipment,"Property, plant and equipment is recorded at cost and depreciated over the estimated useful lives of the assets using, principally, the straight-line method. When property, plant and equipment is retired from service, the cost of the retirement is charged to the allowance for depreciation to the extent of the accumulated depreciation and the balance is charged to income.",,,No,,Not disclosed,,Not disclosed,,0,significant_accounting_policies,1. Summary of Significant Accounting Policies,3,False,,"score=4,idx=19694,zone=43661",1362,OK,
0000045876,NVRI,2020,0000045876_NVRI_FY2020_10K.html,,2022-12-31,equipment,"Property, plant and equipment is recorded at cost and depreciated over the estimated useful lives of the assets using, principally, the straight-line method. When property, plant and equipment is retired from service, the cost of the retirement is charged to the allowance for depreciation to the extent of the accumulated depreciation and the balance is charged to income.",,,No,,Not disclosed,,Not disclosed,,0,significant_accounting_policies,1. Summary of Significant Accounting Policies,3,False,,"score=2,idx=15747,zone=25004",1093,OK,
0000045876,NVRI,2021,0000045876_NVRI_FY2021_10K.html,,2023-12-31,equipment,"Property, plant and equipment is recorded at cost and depreciated over the estimated useful lives of the assets using, principally, the straight-line method. When property, plant and equipment is retired from service, the cost of the retirement is charged to the allowance for depreciation to the extent of the accumulated depreciation and the balance is charged to income.",,,No,,Not disclosed,,Not disclosed,,0,significant_accounting_policies,1. Summary of Significant Accounting Policies,3,False,,"score=2,idx=13040,zone=23531",1016,OK,
0000045876,NVRI,2022,0000045876_NVRI_FY2022_10K.html,,2026-03-10,equipment,"Property, plant and equipment (""PP&E"") is recorded at cost and depreciated over the estimated useful lives of the assets using, principally, the straight-line method.",,,No,,Not disclosed,,Not disclosed,,0,significant_accounting_policies,1. Summary of Significant Accounting Policies,3,False,,"score=2,idx=12503,zone=21702",944,OK,
0000045876,NVRI,2023,0000045876_NVRI_FY2023_10K.html,,2025-03-31,equipment,"Property, plant and equipment (""PP&E"") is recorded at cost and depreciated over the estimated useful lives of the assets using, principally, the straight-line method.",,,No,,Not disclosed,,Not disclosed,,0,significant_accounting_policies,1. Summary of Significant Accounting Policies,3,False,,"score=2,idx=12550,zone=21605",922,OK,
0000045876,NVRI,2024,0000045876_NVRI_FY2024_10K.html,,2024-12-31,equipment,"Property, plant and equipment (""PP&E"") is recorded at cost and depreciated over the estimated useful lives of the assets using, principally, the straight-line method.",,,No,,Not disclosed,,Not disclosed,,0,significant_accounting_policies,1. Summary of Significant Accounting Policies,3,False,,"score=2,idx=13975,zone=23861",917,OK,
0000046080,HAS,2013,0000046080_HAS_FY2013_10K.html,,"December 29, 2013",Not disclosed,Not disclosed,,,No,,Not disclosed,,Not disclosed,,0,unknown,,0,False,,"score=4,idx=6963,zone=22370",459,OK,
0000046080,HAS,2014,0000046080_HAS_FY2014_10K.html,,"December 28, 2014","equipment, machinery and equipment, computer hardware","Property, plant and equipment are stated at cost less accumulated depreciation. Depreciation is computed using accelerated and straight-line methods to depreciate the cost of property, plant and equipment
over their estimated useful lives. The principal lives, in years, used in determining depreciation rates of various assets are: land improvements 15 to 19, buildings and improvements 15 to 25 and machinery and equipment (including computer hardware
and software) 3 to 12. Depreciation expense is classified in the consolidated statements of operations based on the nature of the property and equipment being depreciated.",3.0,,No,,Not disclosed,,Not disclosed,,0,item_8_other,,1,False,,"score=4,idx=7099,zone=22891",473,OK,
0000046080,HAS,2015,0000046080_HAS_FY2015_10K.html,,"December 27, 2015","equipment, machinery and equipment, computer hardware","Property, plant and equipment are stated at cost less accumulated depreciation. Depreciation is computed using accelerated and
straight-line methods to depreciate the cost of property, plant and equipment over their estimated useful lives. The principal lives, in years, used in determining depreciation rates of various assets are: land improvements 15 to 19, buildings and
improvements 15 to 25 and machinery and equipment (including computer hardware and software) 3 to 12. Depreciation expense is classified in the consolidated statements of operations based on the nature of the property and equipment being
depreciated.",3.0,,No,,Not disclosed,,Not disclosed,,0,item_8_other,,1,False,,"score=4,idx=7595,zone=23138",476,OK,
0000046080,HAS,2016,0000046080_HAS_FY2016_10K.html,,"December 25, 2016","machinery and equipment, computer hardware, equipment","The principal lives, in years, used in determining depreciation rates of various assets are: land improvements 15 to 19, buildings and improvements 15 to 25 and machinery and equipment
(including computer hardware and software) 3 to 12. Depreciation expense is classified in the consolidated statements of operations based on the nature of the property and equipment being depreciated.",3.0,,No,,Not disclosed,,Not disclosed,,0,item_8_other,,1,False,,"score=4,idx=7411,zone=23530",491,OK,
0000046080,HAS,2017,0000046080_HAS_FY2017_10K.html,,"December 31, 2017","equipment, machinery and equipment, computer hardware","Property, plant and equipment are stated at cost less accumulated depreciation. Depreciation is computed
using accelerated and straight-line methods to depreciate the cost of property, plant and equipment over their estimated useful lives. The principal lives, in years, used in determining depreciation rates of various assets are: land improvements 15
to 19, buildings and improvements 15 to 25 and machinery and equipment (including computer hardware and software) 3 to 12. Depreciation expense is classified in the consolidated statements of operations based on the nature of the property and
equipment being depreciated.",3.0,,No,,Not disclosed,,Not disclosed,,0,item_8_other,,1,False,,"score=4,idx=7963,zone=23594",510,OK,
0000046080,HAS,2018,0000046080_HAS_FY2018_10K.html,,"December 30, 2018","equipment, machinery and equipment, computer hardware","Property, plant and equipment are stated at cost less accumulated depreciation. Depreciation is computed using accelerated and straight-line methods
to depreciate the cost of property, plant and equipment over their estimated useful lives. The principal lives, in years, used in determining depreciation rates of various assets are: land improvements 15 to 19, buildings and improvements 15 to 25
and machinery and equipment (including computer hardware and software) 3 to 12. Depreciation expense is classified in the consolidated statements of operations based on the nature of the property and equipment being depreciated.",3.0,,No,,Not disclosed,,Not disclosed,,0,item_8_other,,1,False,,"score=4,idx=7693,zone=23269",534,OK,
0000046080,HAS,2019,0000046080_HAS_FY2019_10K.html,,"December 29, 2019","equipment, machinery and equipment, computer hardware","Property, plant and equipment are stated at cost less accumulated depreciation. Depreciation is computed using accelerated and straight-line methods to depreciate the cost of property, plant and equipment over their estimated useful lives. The principal lives, in years, used in determining depreciation rates of various assets are: land improvements 15 to 19 , buildings and improvements 15 to 25 and machinery and equipment (including computer hardware and software) 3 to 12 . Depreciation expense is classified in the consolidated statements of operations based on the nature of the property and equipment being depreciated.",3.0,,No,,Not disclosed,,Not disclosed,,0,item_8_other,,1,False,,"score=3,idx=11070,zone=25653",1065,OK,
0000046080,HAS,2020,0000046080_HAS_FY2020_10K.html,,"December 27, 2020","equipment, machinery and equipment, computer hardware","Property, plant and equipment are stated at cost less accumulated depreciation. Depreciation is computed using accelerated and straight-line methods to depreciate the cost of property, plant and equipment over their estimated useful lives. The principal lives, in years, used in determining depreciation rates of various assets are: land improvements 15 to 19, buildings and improvements 15 to 25 and machinery and equipment (including computer hardware and software) 3 to 12. Depreciation expense is classified in the consolidated statements of operations based on the nature of the property and equipment being depreciated.",3.0,,No,,Not disclosed,,Not disclosed,B100,1,item_8_other,,1,False,,"score=2,idx=9836,zone=13941",850,OK,
0000046080,HAS,2021,0000046080_HAS_FY2021_10K.html,,2021-12-26,"equipment, machinery and equipment, computer hardware","Property, plant and equipment are stated at cost less accumulated depreciation. Depreciation is computed using accelerated and straight-line methods to depreciate the cost of property, plant and equipment over their estimated useful lives. The principal lives, in years, used in determining depreciation rates of various assets are: land improvements 15 to 19, buildings and improvements 15 to 25 and machinery and equipment (including computer hardware and software) 3 to 12. Depreciation expense is classified in the consolidated statements of operations based on the nature of the property and equipment being depreciated.",3.0,,No,,Not disclosed,,Not disclosed,,0,item_8_other,,1,False,,"score=2,idx=9131,zone=13109",790,OK,
0000046080,HAS,2022,0000046080_HAS_FY2022_10K.html,,2022-12-25,"equipment, machinery and equipment, computer hardware","Property, plant and equipment are stated at cost less accumulated depreciation. Depreciation is computed using accelerated and straight-line methods to depreciate the cost of property, plant and equipment over their estimated useful lives. The principal lives, in years, used in determining depreciation rates of various assets are: land improvements 15 to 19, buildings and improvements 15 to 25 and machinery and equipment (including computer hardware and software) 3 to 12. Depreciation expense is classified in the consolidated statements of operations based on the nature of the property and equipment being depreciated.",3.0,,No,,Not disclosed,,Not disclosed,,0,item_8_other,,1,False,,"score=2,idx=8986,zone=12867",736,OK,
0000046080,HAS,2023,0000046080_HAS_FY2023_10K.html,,2023-12-31,"equipment, machinery and equipment, computer hardware","Property, plant and equipment are stated at cost less accumulated depreciation. Depreciation is computed using accelerated and straight-line methods to depreciate the cost of property, plant and equipment over their estimated useful lives. The principal lives, in years, used in determining depreciation rates of various assets are: land improvements 15 to 19, buildings and improvements 15 to 25 and machinery and equipment (including computer hardware and software) 3 to 12. Depreciation expense is classified in the Consolidated Statements of Operations based on the nature of the property and equipment being depreciated.",3.0,,No,,Not disclosed,,Not disclosed,,0,item_8_other,,1,False,,"score=2,idx=9239,zone=13076",755,OK,
0000046080,HAS,2024,0000046080_HAS_FY2024_10K.html,,2024-12-29,"Equipment, machinery and equipment, computer hardware","Property, Plant and Equipment, Net: Property, plant and equipment, net are stated at cost less accumulated depreciation. Depreciation is computed using accelerated and straight-line methods to depreciate the cost of property, plant and equipment over their estimated useful lives. The principal lives, in years, used in determining depreciation rates of various assets are: land improvements 15 to 19, buildings and improvements 15 to 25 and machinery and equipment (including computer hardware and software) 3 to 12. Depreciation expense is classified in the Consolidated Statements of Operations based on the nature of the property and equipment being depreciated.",3.0,,No,,Not disclosed,,Not disclosed,,0,item_8_other,,1,False,,"score=2,idx=6930,zone=13751",781,OK,
0000046250,HWKN,2013,0000046250_HWKN_FY2013_10K.html,,"March 30, 2014","furniture, equipment, computer systems",years for office furniture and equipment including computer systems. Leasehold improvements are depreciated over the lesser of their estimated useful lives or the remaining lease term.,,,No,,Not disclosed,,Not disclosed,,0,significant_accounting_policies,Note 1 — Nature of Business and Significant Accounting Policies,3,False,,"score=7,idx=4589,zone=12558",438,OK,
0000046250,HWKN,2014,0000046250_HWKN_FY2014_10K.html,,"March 29, 2015","furniture, equipment, computer systems",years for office furniture and equipment including computer systems. Leasehold improvements are depreciated over the lesser of their estimated useful lives or the remaining lease term.,,,No,,Not disclosed,,Not disclosed,,0,significant_accounting_policies,Note 1 — Nature of Business and Significant Accounting Policies,3,False,,"score=7,idx=4812,zone=12346",429,OK,
0000046250,HWKN,2015,0000046250_HWKN_FY2015_10K.html,,"April 3, 2016","equipment, furniture, computer systems",years for transportation equipment and office furniture and equipment including computer systems. Leasehold improvements are depreciated over the lesser of their estimated useful lives or the remaining lease term.,,,No,,Not disclosed,,Not disclosed,,0,significant_accounting_policies,Note 1 — Nature of Business and Significant Accounting Policies,3,False,,"score=7,idx=5136,zone=13029",521,OK,
0000046250,HWKN,2016,0000046250_HWKN_FY2016_10K.html,,"April 2, 2017","equipment, furniture, computer systems",years for transportation equipment and office furniture and equipment including computer systems. Leasehold improvements are depreciated over the lesser of their estimated useful lives or the remaining lease term.,,,No,,Not disclosed,,Not disclosed,,0,significant_accounting_policies,Note 1 — Nature of Business and Significant Accounting Policies,3,False,,"score=7,idx=5519,zone=13212",537,OK,
0000046250,HWKN,2017,0000046250_HWKN_FY2017_10K.html,,"April 1, 2018","equipment, furniture, computer systems",years for transportation equipment and office furniture and equipment including computer systems. Leasehold improvements are depreciated over the lesser of their estimated useful lives or the remaining lease term.,,,No,,Not disclosed,,Not disclosed,,0,significant_accounting_policies,Note 1 — Nature of Business and Significant Accounting Policies,3,False,,"score=7,idx=5158,zone=13232",513,OK,
0000046250,HWKN,2018,0000046250_HWKN_FY2018_10K.html,,"March 31, 2019","equipment, furniture, computer systems",years for transportation equipment and office furniture and equipment including computer systems. Leasehold improvements are depreciated over the lesser of their estimated useful lives or the remaining lease term.,,,No,,Not disclosed,,Not disclosed,,0,significant_accounting_policies,Note 1 — Nature of Business and Significant Accounting Policies,3,False,,"score=7,idx=4374,zone=12484",456,OK,
0000046250,HWKN,2019,0000046250_HWKN_FY2019_10K.html,,"March 29, 2020",buildings and improvements,"Property, Plant and Equipment - Property is stated at cost and depreciated or amortized over the lives of the assets, using the straight-line method. Estimated lives are: 10 to 40 years for buildings and improvements; 3 to 20 years for machinery and equipment; and 3 to 10 years for transportation equipment and office furniture and equipment including computer systems.",3.0,10.0,No,,Not disclosed,,Not disclosed,A100,1,significant_accounting_policies,Note 1 — Nature of Business and Significant Accounting Policies,3,False,,"score=5,idx=4466,zone=8485",394,OK,
0000046250,HWKN,2020,0000046250_HWKN_FY2020_10K.html,,"March 28, 2021",buildings and improvements,"Property, Plant and Equipment - Property is stated at cost and depreciated or amortized over the lives of the assets, using the straight-line method. Estimated lives are: 10 to 40 years for buildings and improvements; 3 to 20 years for machinery and equipment; and 3 to 10 years for transportation equipment and office furniture and equipment including computer systems.",3.0,10.0,No,,Not disclosed,,Not disclosed,,0,significant_accounting_policies,Note 1 — Nature of Business and Significant Accounting Policies,3,False,,"score=5,idx=4509,zone=6485",383,OK,
0000046250,HWKN,2021,0000046250_HWKN_FY2021_10K.html,,"April 3, 2022",buildings and improvements,"Property, Plant and Equipment - Property is stated at cost and depreciated or amortized over the lives of the assets, using the straight-line method. Estimated lives are: 10 to 40 years for buildings and improvements; 3 to 20 years for machinery and equipment; and 3 to 10 years for transportation equipment and office furniture and equipment including computer systems.",3.0,10.0,No,,Not disclosed,,Not disclosed,B100,1,significant_accounting_policies,Note 1 — Nature of Business and Significant Accounting Policies,3,False,,"score=5,idx=4606,zone=6756",402,OK,
0000046250,HWKN,2022,0000046250_HWKN_FY2022_10K.html,,"April 2, 2023",buildings and improvements,"Property, Plant and Equipment - Property is stated at cost and depreciated or amortized over the lives of the assets, using the straight-line method. Estimated lives are generally: 10 to 40 years for buildings and improvements; 3 to 20 years for machinery and equipment; and 3 to 10 years for transportation equipment and office furniture and equipment including computer systems.",3.0,10.0,No,,Not disclosed,,Not disclosed,,0,significant_accounting_policies,Note 1 — Nature of Business and Significant Accounting Policies,3,False,,"score=5,idx=4522,zone=6563",375,OK,
0000046250,HWKN,2023,0000046250_HWKN_FY2023_10K.html,,"March 31, 2024",Not disclosed,Not disclosed,,,No,,Not disclosed,,Not disclosed,,0,unknown,,0,False,,"score=5,idx=4486,zone=6681",397,OK,
0000046250,HWKN,2024,0000046250_HWKN_FY2024_10K.html,,"March 30, 2025",Not disclosed,Not disclosed,,,No,,Not disclosed,,Not disclosed,,0,unknown,,0,False,,"score=5,idx=4923,zone=6909",417,OK,
0000046765,HP,2013,0000046765_HP_FY2013_10K.html,,"September 30, 2013",equipment,"Property,
plant and equipment are stated at cost less accumulated depreciation. Substantially all property, plant and equipment are depreciated using the
straight-line method based on the estimated useful lives of the assets (contract drilling equipment, 4-15 years; real estate buildings and equipment, 10-45 years; and other,
2-23 years).",4.0,15.0,No,,Not disclosed,,Not disclosed,,0,significant_accounting_policies,NOTE 1 SUMMARY OF SIGNIFICANT ACCOUNTING POLICIES (Continued),3,False,,"score=4,idx=17151,zone=19841",553,OK,
0000046765,HP,2014,0000046765_HP_FY2014_10K.html,,"September 30, 2014",equipment,"Property,
plant and equipment are stated at cost less accumulated depreciation. Substantially all property, plant and equipment are depreciated using the
straight-line method based on the estimated useful lives of the assets (contract drilling equipment, 4-15 years; real estate buildings and equipment, 10-45 years; and other,
2-23 years).",4.0,15.0,No,,Not disclosed,,Not disclosed,,0,significant_accounting_policies,NOTE 1 SUMMARY OF SIGNIFICANT ACCOUNTING POLICIES (Continued),3,False,,"score=4,idx=19920,zone=26824",566,OK,
0000046765,HP,2015,0000046765_HP_FY2015_10K.html,,"September 30, 2015",equipment,"Property,
plant and equipment are stated at cost less accumulated depreciation. Substantially all property, plant and equipment are depreciated using the
straight-line method based on the estimated useful lives of the assets (contract drilling equipment, 4-15 years; real estate buildings and equipment, 10-45 years; and other,
2-23 years).",4.0,15.0,No,,Not disclosed,,Not disclosed,,0,significant_accounting_policies,NOTE 1 SUMMARY OF SIGNIFICANT ACCOUNTING POLICIES (Continued),3,False,,"score=4,idx=20608,zone=39955",650,OK,
0000046765,HP,2016,0000046765_HP_FY2016_10K.html,,"September 30, 2016",equipment,"Property,
plant and equipment are stated at cost less accumulated depreciation. Substantially all property, plant and equipment are depreciated using the straight-line
method based on the estimated useful lives of the assets (contract drilling equipment, 4-15 years; real estate buildings and equipment, 10-45 years; and other, 2-23 years).",4.0,15.0,No,,Not disclosed,,Not disclosed,,0,significant_accounting_policies,NOTE 1 SUMMARY OF SIGNIFICANT ACCOUNTING POLICIES (Continued),3,False,,"score=4,idx=20936,zone=40379",682,OK,
0000046765,HP,2017,0000046765_HP_FY2017_10K.html,,"September 30, 2017",equipment,"Property, plant and equipment are stated at cost less accumulated depreciation. Substantially all property, plant and equipment are depreciated using the straight-line method based on the estimated useful lives of the assets (contract drilling equipment, 4-15 years; real estate buildings and equipment, 10-45 years; and other, 2-23 years).",4.0,15.0,Yes,"During fiscal 2015, our valuation of long-lived assets resulted in $39.2 million of impairment charges to reduce the carrying value of seven SCR land rigs within our International Land segment to their estimated fair value of $20.6 million which was based on a discounted cash flow analysis. Our discounted cash flow analysis consisted of creating projected cash flows that a market participant would reasonably develop and then applying an appropriate risk adjusted rate. Six of these rigs along with other rig related assets were classified as held for sale at September 30, 2016. When the assets were originally classified as held for sale, the Latin American drilling market appeared to be trending upward. As marketing efforts continued, buyer interest diminished due to the Latin American market remaining flat in terms of rig counts and oil prices. Since that point, the market remained flat in terms of rig counts and oil prices. During the third quarter of fiscal 2017, we determined the equipment no longer met the held for sale criteria and reclassified it to property, plant and equipment. Our 2017 results of operations reflect a $2.2 million depreciation catch-up adjustment as a result of this decision. The equipment is recorded at its carrying value which is lower than its estimated fair value.",Not disclosed,,Not disclosed,,0,significant_accounting_policies,NOTE 1 SUMMARY OF SIGNIFICANT ACCOUNTING POLICIES,3,False,,"score=4,idx=21639,zone=41174",689,OK,
0000046765,HP,2018,0000046765_HP_FY2018_10K.html,,"September 30, 2018",equipment,"Property, plant and equipment are stated at cost less accumulated depreciation. Substantially all property, plant and equipment are depreciated using the straight-line method based on the estimated useful lives of the assets after deducting their residual values.",,,Yes,"Depreciation in the Consolidated Statements of Operations of $583.8 million, $585.5 million and $598.6 million includes abandonments of $27.7 million, $42.6 million and $39.3 million for fiscal years 2018, 2017 and 2016, respectively. During 2018, we have shortened the estimated useful lives of certain components of rigs planned for conversion, with a total net book value of $3.7 million, resulting in an increase in depreciation expense during 2018 of approximately $9.7 million. This will also increase the depreciation expense for the next three months by approximately $0.9 million and will decrease the depreciation expense for fiscal years 2019, 2020, 2021, 2022, and 2023 by $2.3 million, $2.3 million, $2.2 million, $1.3 million, and $0.4 million, respectively, and thereafter by $1.0 million.",Not disclosed,,Not disclosed,,0,significant_accounting_policies,"NOTE 2 SUMMARY OF SIGNIFICANT ACCOUNTING POLICIES, RISKS AND UNCERTAINTIES Basis of Presentation",3,False,,"score=4,idx=11561,zone=39401",1562,OK,
0000046765,HP,2019,0000046765_HP_FY2019_10K.html,,"September 30, 2019",Not disclosed,Not disclosed,,,No,,Not disclosed,,Not disclosed,,0,unknown,,0,False,,"score=2,idx=4175,zone=11",1,OK,
0000046765,HP,2020,0000046765_HP_FY2020_10K.html,,"September 30, 2020",equipment,"Up until the end of fiscal year 2019, leases of property, plant and equipment were classified as either capital or operating leases. Payments made under operating leases (net of any incentives received from the lessor) were charged to the income statement on a straight-line basis over the period of the lease (“levelized lease cost”).",,,Not disclosed,,Not disclosed,,Not disclosed,,0,ppe_note,Note 12—Stock-based Compensation,3,False,,"score=2,idx=14637,zone=28012",1165,ERROR,'<' not supported between instances of 'NoneType' and 'float'
0000046765,HP,2021,0000046765_HP_FY2021_10K.html,,2021-12-31,Not disclosed,Not disclosed,,,No,,Not disclosed,,Not disclosed,B100,1,unknown,,0,False,,"score=5,idx=10618,zone=13795",4,OK,
0000046765,HP,2022,0000046765_HP_FY2022_10K.html,,2022-10-31,Not disclosed,Not disclosed,,,No,,Not disclosed,,Not disclosed,B100,1,unknown,,0,False,,"score=5,idx=11087,zone=14504",0,OK,
0000046765,HP,2023,0000046765_HP_FY2023_10K.html,,2023-09-30,Not disclosed,Not disclosed,,,No,,Not disclosed,,Not disclosed,,0,unknown,,0,False,,"score=5,idx=11003,zone=13845",0,OK,
0000046765,HP,2024,0000046765_HP_FY2024_10K.html,,2024-10-31,Not disclosed,Not disclosed,,,No,,Not disclosed,,Not disclosed,,0,unknown,,0,False,,"score=5,idx=11921,zone=13952",0,OK,
0000047111,HSY,2013,0000047111_HSY_FY2013_10K.html,,"December 31, 2013",capitalized software,"Such costs include advertising and other marketing expenses, salaries, employee benefits, incentive compensation, research and development, travel, office expenses, amortization of capitalized software and depreciation of administrative facilities.",,,Yes,recorded in cost of sales during 2012 related primarily to start-up costs and accelerated depreciation of fixed assets over a reduced estimated remaining useful life associated with the Next Century program. A charge of,Not disclosed,,Not disclosed,,0,significant_accounting_policies,"Note 4, Noncontrolling Interests in Subsidiaries",3,False,,"score=3,idx=16024,zone=29027",1073,OK,
0000047111,HSY,2014,0000047111_HSY_FY2014_10K.html,,"December 31, 2014",capitalized software,"Such costs include advertising and other marketing expenses, selling expenses, research and development, administrative and other indirect overhead costs, amortization of capitalized software and depreciation of administrative facilities.",,,Yes,recorded in cost of sales related primarily to start-up costs and accelerated depreciation of fixed assets over the reduced estimated remaining useful lives;,Not disclosed,,Not disclosed,,0,significant_accounting_policies,1. SUMMARY OF SIGNIFICANT ACCOUNTING POLICIES,3,False,,"score=3,idx=10493,zone=26156",979,OK,
0000047111,HSY,2015,0000047111_HSY_FY2015_10K.html,,"December 31, 2015",capitalized software,"Such costs include advertising and other marketing expenses, selling expenses, research and development, administrative and other indirect overhead costs, amortization of capitalized software and depreciation of administrative facilities.",,,No,,Not disclosed,,Not disclosed,,0,significant_accounting_policies,1. SUMMARY OF SIGNIFICANT ACCOUNTING POLICIES,3,False,,"score=3,idx=12927,zone=28143",1104,OK,
0000047111,HSY,2016,0000047111_HSY_FY2016_10K.html,,,capitalized software,"Such costs include advertising and other marketing expenses, selling expenses, research and development, administrative and other indirect overhead costs, amortization of capitalized software and depreciation of administrative facilities.",,,No,,Not disclosed,,Not disclosed,,0,significant_accounting_policies,1. SUMMARY OF SIGNIFICANT ACCOUNTING POLICIES,3,False,,"score=3,idx=13339,zone=28506",1071,OK,
0000047111,HSY,2017,0000047111_HSY_FY2017_10K.html,,,capitalized software,Accumulated amortization of capitalized software was,,,No,,Not disclosed,,Not disclosed,,0,significant_accounting_policies,1. SUMMARY OF SIGNIFICANT ACCOUNTING POLICIES,3,False,,"score=3,idx=14048,zone=28086",1067,OK,
0000047111,HSY,2018,0000047111_HSY_FY2018_10K.html,,2018-12-31,capitalized software,"We amortize software costs using the straight-line method over the expected life of the software, generally 3 to 7 years. Accumulated amortization of capitalized software was $316,710 and $296,042 as of",3.0,7.0,No,,Not disclosed,,"In August 2018, the FASB issued ASU No. 2018-15, Intangibles-Goodwill and Other-Internal-Use Software (Subtopic 350-40), Customer's Accounting for Implementation Costs Incurred in a Cloud Computing Arrangement That Is a Service Contract . This ASU aligns the requirements for capitalizing implementation costs incurred in a hosting arrangement that is a service contract with the requirements for capitalizing implementation costs incurred to develop or obtain internal-use software (and hosting arrangements that include an internal-use software license). ASU 2018-15 is effective for annual periods beginning after December 15, 2019 and interim periods within those annual periods, with early adoption permitted. The amendments in this ASU should be applied either retrospectively or prospectively to all implementation costs incurred after the date of adoption. We are currently evaluating the effect that ASU 2018-15 will have on our consolidated financial statements and related disclosures. ||| Intangibles-Goodwill and Other-Internal-Use Software (Subtopic 350-40), Customer's Accounting for Implementation Costs Incurred in a Cloud Computing Arrangement That Is a Service Contract",,0,significant_accounting_policies,1. SUMMARY OF SIGNIFICANT ACCOUNTING POLICIES,3,True,3.0-7.0 ans | 3.0-15.0 ans,"score=3,idx=18715,zone=31504",1125,OK,
0000047111,HSY,2019,0000047111_HSY_FY2019_10K.html,,"December 31, 2019",capitalized software,"We amortize software costs using the straight-line method over the expected life of the software, generally 3 to 7 years. Accumulated amortization of capitalized software was $338,449 and $316,710 as of 2019 and 2018 , respectively.",3.0,7.0,No,,Not disclosed,,"In August 2018, the FASB issued ASU No. 2018-15, Intangibles-Goodwill and Other-Internal-Use Software (Subtopic 350-40), Customer's Accounting for Implementation Costs Incurred in a Cloud Computing Arrangement that is a Service Contract . This ASU aligns the requirements for capitalizing implementation costs incurred in a hosting arrangement that is a service contract with the requirements for capitalizing implementation costs incurred to develop or obtain internal-use software (and hosting arrangements that include an internal-use software license). ASU 2018-15 is effective for annual periods beginning after December 15, 2019 and interim periods within those annual periods, with early adoption permitted. The amendments in this ASU should be applied either retrospectively or prospectively to all implementation costs incurred after the date of adoption. We intend to adopt the provisions of this ASU in the first quarter of 2020 on a prospective basis. Based on our assessment, adoption of the new standard is not expected to have a material impact on our consolidated financial statements and related disclosures. ||| Intangibles-Goodwill and Other-Internal-Use Software (Subtopic 350-40), Customer's Accounting for Implementation Costs Incurred in a Cloud Computing Arrangement that is a Service Contract",,0,significant_accounting_policies,1. SUMMARY OF SIGNIFICANT ACCOUNTING POLICIES,3,True,3.0-7.0 ans | 3.0-15.0 ans,"score=3,idx=15576,zone=33384",1217,OK,
0000047111,HSY,2020,0000047111_HSY_FY2020_10K.html,,2021-12-31,capitalized software,"We amortize software costs using the straight-line method over the expected life of the software, generally 3 to 7 years. Accumulated amortization of capitalized software was $360,579 and $338,449 as of 2020 and 2019, respectively.",3.0,7.0,No,,Not disclosed,,"In August 2018, the FASB issued ASU No. 2018-15, Intangibles-Goodwill and Other-Internal-Use Software (Subtopic 350-40), Customer's Accounting for Implementation Costs Incurred in a Cloud Computing Arrangement that is a Service Contract . This ASU aligns the requirements for capitalizing implementation costs incurred in a hosting arrangement that is a service contract with the requirements for capitalizing implementation costs incurred to develop or obtain internal-use software (and hosting arrangements that include an internal-use software license). ASU 2018-15 is effective for annual periods beginning after December 15, 2019 and interim periods within those annual periods, with early adoption permitted. The amendments in this ASU should be applied either retrospectively or prospectively to all implementation costs incurred after the date of adoption. We adopted the provisions of this ASU in the first quarter of 2020 on a prospective basis. Adoption of the new standard did not have a material impact on our consolidated financial statements. ||| Intangibles-Goodwill and Other-Internal-Use Software (Subtopic 350-40), Customer's Accounting for Implementation Costs Incurred in a Cloud Computing Arrangement that is a Service Contract",B200,1,significant_accounting_policies,Note 18,3,True,3.0-7.0 ans | 3.0-15.0 ans,"score=2,idx=11769,zone=17702",1078,OK,
0000047111,HSY,2021,0000047111_HSY_FY2021_10K.html,,2022-12-31,capitalized software,"We amortize software costs using the straight-line method over the expected life of the software, generally 3 to 7 years. Accumulated amortization of capitalized software was $321,939 and $360,579 as of 2021 and 2020, respectively.",3.0,7.0,No,,Not disclosed,,"In August 2018, the FASB issued ASU No. 2018-15, Intangibles-Goodwill and Other-Internal-Use Software (Subtopic 350-40), Customer’s Accounting for Implementation Costs Incurred in a Cloud Computing Arrangement that is a Service Contract . This ASU aligns the requirements for capitalizing implementation costs incurred in a hosting arrangement that is a service contract with the requirements for capitalizing implementation costs incurred to develop or obtain internal-use software (and hosting arrangements that include an internal-use software license). ASU 2018-15 is effective for annual periods beginning after December 15, 2019 and interim periods within those annual periods, with early adoption permitted. The amendments in this ASU should be applied either retrospectively or prospectively to all implementation costs incurred after the date of adoption. We adopted the provisions of this ASU in the first quarter of 2020 on a prospective basis. Adoption of the new standard did not have a material impact on our consolidated financial statements. ||| Intangibles-Goodwill and Other-Internal-Use Software (Subtopic 350-40), Customer’s Accounting for Implementation Costs Incurred in a Cloud Computing Arrangement that is a Service Contract",A100,1,significant_accounting_policies,Note 18,3,True,3.0-7.0 ans | 3.0-15.0 ans,"score=2,idx=10841,zone=16752",1049,OK,
0000047111,HSY,2022,0000047111_HSY_FY2022_10K.html,,2023-12-31,capitalized software,"We amortize software costs using the straight-line method over the expected life of the software, generally 3 to 7 years. Accumulated amortization of capitalized software was $350,620 and $321,939 as of 2022 and 2021, respectively.",3.0,7.0,No,,Not disclosed,,"In August 2018, the FASB issued ASU No. 2018-15, Intangibles-Goodwill and Other-Internal-Use Software (Subtopic 350-40), Customer’s Accounting for Implementation Costs Incurred in a Cloud Computing Arrangement that is a Service Contract . This ASU aligns the requirements for capitalizing implementation costs incurred in a hosting arrangement that is a service contract with the requirements for capitalizing implementation costs incurred to develop ||| Intangibles-Goodwill and Other-Internal-Use Software (Subtopic 350-40), Customer’s Accounting for Implementation Costs Incurred in a Cloud Computing Arrangement that is a Service Contract",B100,1,significant_accounting_policies,Note 1 9,3,True,3.0-7.0 ans | 3.0-15.0 ans,"score=2,idx=10671,zone=16358",986,OK,
0000047111,HSY,2023,0000047111_HSY_FY2023_10K.html,,2024-12-31,capitalized software,"We amortize software costs using the straight-line method over the expected life of the software, generally 3 to 7 years. Accumulated amortization of capitalized software was $395,410 and $350,620 as of 2023 and 2022, respectively.",3.0,7.0,No,,Not disclosed,,Not disclosed,,0,significant_accounting_policies,Note 19,3,True,3.0-7.0 ans | 3.0-15.0 ans,"score=2,idx=10916,zone=16729",994,OK,
0000047111,HSY,2024,0000047111_HSY_FY2024_10K.html,,2025-12-31,capitalized software,"We amortize software costs using the straight-line method over the expected life of the software, generally 3 to 7 years. Accumulated amortization of capitalized software was $476,611 and $395,410 as of 2024 and 2023, respectively.",3.0,7.0,No,,Not disclosed,,Not disclosed,,0,significant_accounting_policies,Note 19,3,True,3.0-7.0 ans | 3.0-15.0 ans,"score=2,idx=10793,zone=16847",979,OK,
0000047217,HPQ,2013,0000047217_HPQ_FY2013_10K.html,,"October 31, 2013",software for resale are generally,"HP amortizes
capitalized software development costs using the greater of the straight-line amortization method or the ratio that current gross revenues for a product bear to the total current and anticipated
future gross revenues for that product. The estimated useful lives for capitalized software for resale are generally three years or less.",3.0,,Not disclosed,,Not disclosed,,Not disclosed,,0,significant_accounting_policies,Note 1: Summary of Significant Accounting Policies (Continued),3,False,,"score=7,idx=10280,zone=41839",1117,ERROR,'<' not supported between instances of 'NoneType' and 'float'
0000047217,HPQ,2014,0000047217_HPQ_FY2014_10K.html,,"October 31, 2014",software for resale is generally,"HP amortizes capitalized software development costs using the greater of the straight-line amortization method or the ratio that current gross revenues for a product bear to
the total current and anticipated future gross revenues for that product. The estimated useful life for capitalized software for resale is generally three years or less.",3.0,,Not disclosed,,Not disclosed,,Not disclosed,,0,significant_accounting_policies,Note 1: Summary of Significant Accounting Policies (Continued),3,False,,"score=7,idx=12543,zone=60721",1109,ERROR,'<' not supported between instances of 'NoneType' and 'float'
0000047217,HPQ,2015,0000047217_HPQ_FY2015_10K.html,,"October 31, 2015",Not disclosed,"HP
recognizes revenue for hosting or software-as-a-service (""SaaS"") arrangements as the service is delivered, generally on a straight-line basis, over the contractual period of
performance.",,,No,,Impairment of data center assets,Item 8,"In EG, we are experiencing challenges due to multiple market trends, including the increasing demand for hyperscale computing
infrastructure products, the transition to cloud computing and a highly competitive pricing environment. In addition, demand for our Business Critical Systems (""BCS"") products continues to weaken as
has the overall market for UNIX products. The effect of lower BCS and traditional storage revenue along with a higher mix of ISS density optimized server products and midrange Converged Storage
solutions is impacting support attach opportunities in Technology Services (""TS""). To be successful in overcoming these challenges, we must address business model shifts and go-to-market execution
challenges, while continuing to pursue new product innovation that builds on our existing capabilities in areas such as cloud and data center computing, software-defined networking, storage, blade
servers and wireless networking. ||| EG net revenue increased 0.7% (increased 6.3% on a constant currency basis) in fiscal 2015. The increase in EG net revenue was due
primarily to growth in ISS and from our acquisition of Aruba in May 2015, partially offset primarily by unfavorable currency impacts led by the euro and a net revenue decline in TS. However, we
continued to experience challenges due to market trends, including the transition to cloud computing, as well as product and technology transitions, along with a highly competitive pricing
environment. ||| EG net revenue decreased 1.0% (decreased 0.6% on a constant currency basis) in fiscal 2014. In EG, we continued to experience revenue
challenges due to market trends, including the transition to cloud computing, as well as product and technology transitions, along with a highly competitive pricing environment. The decline in EG net
revenue was due to net revenue declines in TS, BCS and Storage partially offset by net revenue growth in ISS and Networking.",,0,significant_accounting_policies,Note 1: Overview and Summary of Significant Accounting Policies (Continued),3,True,3.0-5.0 ans | 3.0-15.0 ans,"score=7,idx=14423,zone=61636",1126,OK,
0000047217,HPQ,2016,0000047217_HPQ_FY2016_10K.html,,"October 31, 2016",equipment,"HP states property, plant and equipment at cost less accumulated depreciation.",,,No,,Not disclosed,,"In April 2015, the FASB amended the existing accounting standards for intangible assets. The amendments provide explicit guidance to customers in determining the accounting for fees paid in a cloud computing arrangement, wherein the arrangements that do not convey a software license to the customer are accounted for as service contracts. HP is required to adopt the guidance in the first quarter of fiscal year 2017; however earlier adoption is permitted. The amendment may be adopted either prospectively to all arrangements entered into or materially modified after the effective date or retrospectively. HP will adopt the amendments prospectively in the first quarter of fiscal year 2017. HP expects that the implementation of this guidance will not have a material effect on its Consolidated Financial Statements.",,0,significant_accounting_policies,Note 1: Overview and Summary of Significant Accounting Policies (Continued),3,False,,"score=7,idx=10026,zone=46616",1257,OK,
0000047217,HPQ,2017,0000047217_HPQ_FY2017_10K.html,,"October 31, 2017",equipment,"HP states property, plant and equipment at cost less accumulated depreciation.",,,No,,Not disclosed,,"In April 2015, the FASB issued guidance, which amended the existing accounting standards for intangible assets. The amendments provide explicit guidance to customers in determining the accounting for fees paid in a cloud computing arrangement. HP adopted the guidance prospectively in the first quarter of fiscal year 2017. The implementation of this guidance did not have an impact on the Consolidated Financial Statements.",,0,significant_accounting_policies,Note 1: Overview and Summary of Significant Accounting Policies (Continued),3,False,,"score=7,idx=10362,zone=45389",1188,OK,
0000047217,HPQ,2018,0000047217_HPQ_FY2018_10K.html,,"October 31, 2018",Not disclosed,"In August 2018, the Financial Accounting Standards Board (“FASB”) issued guidance, which requires a customer in a cloud computing arrangement (“CCA”) that is a service contract to follow the internal-use software guidance to determine which implementation costs to capitalize as assets or expense as incurred. Capitalized implementation costs related to a CCA that is a service contract will be amortized over the term of the hosting arrangement beginning when the module or component of the hosting arrangement is ready for its intended use. HP is required to adopt the guidance in the first quarter of fiscal year 2021 using a prospective approach. Earlier adoption is permitted. HP has early adopted the guidance in fiscal year 2018 on a prospective basis. The implementation of this guidance did not have a material impact on the Consolidated Financial Statements.",,,No,,Not disclosed,,"In August 2018, the Financial Accounting Standards Board (“FASB”) issued guidance, which requires a customer in a cloud computing arrangement (“CCA”) that is a service contract to follow the internal-use software guidance to determine which implementation costs to capitalize as assets or expense as incurred. Capitalized implementation costs related to a CCA that is a service contract will be amortized over the term of the hosting arrangement beginning when the module or component of the hosting arrangement is ready for its intended use. HP is required to adopt the guidance in the first quarter of fiscal year 2021 using a prospective approach. Earlier adoption is permitted. HP has early adopted the guidance in fiscal year 2018 on a prospective basis. The implementation of this guidance did not have a material impact on the Consolidated Financial Statements. ||| Internal Use Software and Cloud Computing Arrangements",,0,significant_accounting_policies,Note 19: Subsequent Events,3,False,,"score=7,idx=9882,zone=41208",1214,OK,
0000047217,HPQ,2019,0000047217_HPQ_FY2019_10K.html,,2019-10-31,buildings and improvements,"HP reflects property, plant and equipment at cost less accumulated depreciation. Estimated useful lives are five to 40 years for buildings and improvements and three to 15 years for machinery and equipment.",3.0,15.0,No,,Not disclosed,,Internal Use Software and Cloud Computing Arrangements,,0,significant_accounting_policies,"5. Recognize revenue when (or as) the performance obligation is satisfied - Revenue is recognized when, or as, a",3,True,3.0-15.0 ans | 5.0 ans,"score=7,idx=16216,zone=42998",1265,OK,
0000047217,HPQ,2020,0000047217_HPQ_FY2020_10K.html,,2020-12-07,buildings and improvements,"HP reflects property, plant and equipment at cost less accumulated depreciation. Estimated useful lives are five to 40 years for buildings and improvements and three to 15 years for machinery and equipment.",3.0,15.0,No,,Not disclosed,,Internal Use Software and Cloud Computing Arrangements,,0,significant_accounting_policies,"5. Recognize revenue when (or as) the performance obligation is satisfied - Revenue is recognized when, or as, a",3,True,3.0-15.0 ans | 5.0 ans,"score=5,idx=12171,zone=20354",1109,OK,
0000047217,HPQ,2021,0000047217_HPQ_FY2021_10K.html,,2021-10-31,buildings and improvements,"HP reflects property, plant and equipment at cost less accumulated depreciation. Estimated useful lives are five to 40 years for buildings and improvements and three to 15 years for machinery and equipment.",3.0,15.0,No,,Not disclosed,,Internal Use Software and Cloud Computing Arrangements,B200,1,significant_accounting_policies,"5. Recognize revenue when (or as) the performance obligation is satisfied - Revenue is recognized when, or as, a",3,True,3.0-15.0 ans | 5.0 ans,"score=5,idx=11410,zone=19838",1091,OK,
0000047217,HPQ,2022,0000047217_HPQ_FY2022_10K.html,,2022-11-18,buildings and improvements,"HP reflects property, plant and equipment at cost less accumulated depreciation. Estimated useful lives are five to 40 years for buildings and improvements and three to 15 years for machinery and equipment.",3.0,15.0,No,,Not disclosed,,Internal Use Software and Cloud Computing Arrangements,,0,significant_accounting_policies,"5. Recognize revenue when (or as) the performance obligation is satisfied - Revenue is recognized when, or as, a",3,True,3.0-15.0 ans | 5.0 ans,"score=5,idx=11443,zone=19687",1079,OK,
0000047217,HPQ,2023,0000047217_HPQ_FY2023_10K.html,,2023-10-31,buildings and improvements,"HP reflects property, plant and equipment at cost less accumulated depreciation. Estimated useful lives are five to 40 years for buildings and improvements and three to 15 years for machinery and equipment.",3.0,15.0,No,,Not disclosed,,Internal Use Software and Cloud Computing Arrangements,,0,significant_accounting_policies,"5. Recognize revenue when (or as) the performance obligation is satisfied - Revenue is recognized when, or as, a",3,True,3.0-15.0 ans | 5.0 ans,"score=5,idx=10508,zone=19156",989,OK,
0000047217,HPQ,2024,0000047217_HPQ_FY2024_10K.html,,2024-10-31,buildings and improvements,"HP reflects property, plant and equipment at cost less accumulated depreciation. Estimated useful lives are five to 40 years for buildings and improvements and three to 15 years for machinery and equipment.",3.0,15.0,No,,Not disclosed,,Internal Use Software and Cloud Computing Arrangements,NVIDIA,1,significant_accounting_policies,"5. Recognize revenue when (or as) the performance obligation is satisfied - Revenue is recognized when, or as, a performance obligation is satisfied b",3,True,3.0-15.0 ans | 5.0 ans,"score=5,idx=10817,zone=18311",895,OK,
0000202058,LHX,2013,0000202058_LHX_FY2013_10K.html,,"June 28, 2013","Equipment, machinery and
equipment, machinery and equipment","Depreciation of buildings, machinery and
equipment is computed by the straight-line and accelerated methods. The estimated useful lives of machinery and equipment
generally range between 2 and 10 years. Amortization of internal-use software begins when the software is put into service and is based on the expected useful life of the software. The useful lives over which we amortize internal-use software
generally range between 3 and 7 years.",10.0,,Yes,"In the fourth quarter of fiscal 2013, we recorded a $17.8 million write-off of the capitalized software in Healthcare
Solutions as a change in accounting estimate, resulting from high-risk development issues and substantial revisions to the logic of Carefx’s primary software product based on the realization that the software would require more features and
better functionality. These changes to the software were such that the initial detail program design was no longer sufficient to establish technological feasibility.",Not disclosed,,Not disclosed,,0,significant_accounting_policies,NOTE 1: SIGNIFICANT ACCOUNTING POLICIES,3,True,7.0 ans | 10.0 ans,"score=7,idx=11424,zone=17985",480,OK,
0000202058,LHX,2014,0000202058_LHX_FY2014_10K.html,,"June 27, 2014","Equipment, machinery and equipment","Depreciation of buildings, machinery and equipment is computed by the straight-line and accelerated methods. The estimated useful lives of machinery and equipment generally range between 2 and 10 years. Amortization of internal-use software begins when the software is put into service and is based on the expected
useful life of the software. The useful lives over which we amortize internal-use software generally range between 3 and 7 years.",10.0,,Yes,"Company-sponsored research and development costs are expensed as incurred. These costs were $264.1 million, $254.1
million and $218.9 million in fiscal 2014, 2013 and 2012, respectively, and are included in the “Engineering, selling and administrative expenses” line item in our Consolidated Statement of Income. These costs in fiscal 2013 included a
$17.8 million write-off of capitalized software in our Integrated Network Solutions segment as a result of a change in accounting estimate. Customer-sponsored research and development costs are incurred pursuant to contractual arrangements,
principally U.S. Government-sponsored contracts requiring us to provide a product or service meeting certain defined performance or other specifications (such as designs), and are accounted for principally by the cost-to-cost
percentage-of-completion method. Customer-sponsored research and development is included in our revenue and cost of product sales and services.",Not disclosed,,Not disclosed,,0,significant_accounting_policies,NOTE 1: SIGNIFICANT ACCOUNTING POLICIES,3,True,7.0 ans | 10.0 ans,"score=7,idx=11155,zone=17051",456,OK,
0000202058,LHX,2015,0000202058_LHX_FY2015_10K.html,,"July 3, 2015","Equipment, machinery and equipment","Depreciation of buildings, machinery and equipment is computed by the straight-line and accelerated methods. The estimated useful lives of machinery and equipment generally range between 2 and 10 years. Amortization of internal-use
software begins when the software is put into service and is based on the expected useful life of the software. The useful lives over which we amortize internal-use software generally range between 3 and 7 years.",10.0,,Yes,"Company-sponsored research and development costs are expensed as incurred. These costs were $277 million, $264
million and $254 million in fiscal 2015, 2014 and 2013, respectively, and are included in the “Engineering, selling and administrative expenses” line item in our Consolidated Statement of Income. These costs in fiscal 2013 included an $18
million write-off of capitalized software in our Integrated Network Solutions segment as a result of a change in accounting estimate. Customer-sponsored research and development costs are incurred pursuant to contractual arrangements, principally
U.S. Government-sponsored contracts requiring us to provide a product or service meeting certain defined performance or other specifications (such as designs), and are accounted for principally by the cost-to-cost percentage-of-completion
method. Customer-sponsored research and development is included in our revenue and cost of product sales and services.",Not disclosed,,Not disclosed,,0,significant_accounting_policies,NOTE 1: SIGNIFICANT ACCOUNTING POLICIES,3,True,7.0 ans | 10.0 ans,"score=7,idx=12063,zone=35949",889,OK,
0000202058,LHX,2016,0000202058_LHX_FY2016_10K.html,,"JULY 1, 2016",Not disclosed,Not disclosed,,,No,,Not disclosed,,Not disclosed,,0,unknown,,0,False,,"score=6,idx=14182,zone=27858",2,OK,
0000202058,LHX,2017,0000202058_LHX_FY2017_10K.html,,"JUNE 30, 2017",Not disclosed,Not disclosed,,,No,,Not disclosed,,Not disclosed,,0,unknown,,0,False,,"score=6,idx=13167,zone=29098",2,OK,
0000202058,LHX,2018,0000202058_LHX_FY2018_10K.html,,"JUNE 29, 2018","equipment, machinery and equipment","Depreciation of buildings, machinery and equipment is computed by the straight-line and accelerated methods.",,,No,,"Our operational excellence program, Harris Business Excellence (“HBX”), is focused on streamlining processes, eliminating waste, reducing costs, optimizing program execution and increasing customer satisfaction. We are approximately half-way through standardizing our IT systems, which we expect will dramatically reduce the number of enterprise resource planning platforms, simplify our operating environment, drive productivity through growth in shared services, automate core processes and lay the foundation of our enterprise-wide digital strategy. We are working toward eliminating many of our data centers and making the remainder cloud-enabled. We also are continuing to focus on cost savings in our supply chain through “value engineering” and “should-cost” analysis, as well as improving supplier performance and reducing sole-sourced components on legacy solutions.",MD&A (Item 7),Not disclosed,,0,significant_accounting_policies,Note 6: Inventories,3,False,,"score=6,idx=13603,zone=26872",1263,OK,
0000202058,LHX,2019,0000202058_LHX_FY2019_10K.html,,"June 28, 2019","Equipment, machinery and equipment","Depreciation of buildings, machinery and equipment is computed by the straight-line and accelerated methods. The estimated useful lives of machinery and equipment generally range between 2 and 10 years. Amortization of internal-use software begins when the software is put into service and is based on the expected useful life of the software. The useful lives over which we amortize internal-use software generally range between 3 and 10 years.",10.0,,No,,"Our operational excellence program, e 3 (excellence everywhere every day), is focused on winning enduring customer loyalty through our deep commitment to excellence, innovation, customer satisfaction and continuous improvement in everything we do. Prior to the L3Harris Merger, we made substantial progress in standardizing our IT systems, which we expect will dramatically reduce the number of enterprise resource planning platforms, simplify our operating environment, drive productivity through growth in shared services, automate core processes and lay the foundation of our enterprise-wide digital strategy. We are working toward eliminating many of our data centers and making the remainder cloud-enabled. We also are continuing to focus on cost savings in our supply chain through “value engineering” and “should-cost” analysis, as well as improving supplier performance and reducing sole-sourced components on legacy solutions. We will continue these efforts as we integrate the two companies.",MD&A (Item 7),Not disclosed,,0,significant_accounting_policies,Note 7: Inventories,3,False,,"score=6,idx=18183,zone=36775",1363,OK,
0000202058,LHX,2020,0000202058_LHX_FY2020_10K.html,,2021-12-31,"Equipment, machinery and equipment","Depreciation of buildings, machinery and equipment is computed by the straight-line and accelerated methods. The estimated useful lives of machinery and equipment generally range between 2 and 10 years. Amortization of internal-use software begins when the software is put into service and is based on the expected useful life of the software. The useful lives over which we amortize internal-use software generally range between 3 and 10 years.",10.0,,No,,Not disclosed,,Not disclosed,,0,significant_accounting_policies,Note 8: Inventories,3,False,,"score=5,idx=17441,zone=19942",1141,OK,
0000202058,LHX,2021,0000202058_LHX_FY2021_10K.html,,2022-12-30,"Equipment, machinery and equipment","Depreciation of buildings, machinery and equipment is computed by the straight-line and accelerated methods. The estimated useful lives of machinery and equipment generally range between 2 and 15 years. Amortization of internal-use software begins when the software is put into service and is based on the expected useful life of the software. The useful lives over which we amortize internal-use software generally range between 3 and 10 years.",15.0,,No,,Not disclosed,,Not disclosed,,0,significant_accounting_policies,Note 7: Inventories,3,True,10.0 ans | 15.0 ans,"score=5,idx=16189,zone=20926",1143,OK,
0000202058,LHX,2022,0000202058_LHX_FY2022_10K.html,,2023-12-29,"Equipment, machinery and equipment","Depreciation of buildings, machinery and equipment is computed by the straight-line and accelerated methods. The estimated useful lives of machinery and equipment generally range between 2 and 10 years. Amortization of internal-use software begins when the software is put into service and is based on the expected useful life of the software. The useful lives over which we amortize internal-use software generally range between 3 and 10 years.",10.0,,No,,Not disclosed,,Not disclosed,,0,significant_accounting_policies,Note 7: Inventories,3,False,,"score=5,idx=12554,zone=17724",1168,OK,
0000202058,LHX,2023,0000202058_LHX_FY2023_10K.html,,2025-01-03,"Equipment, machinery and equipment","Depreciation of buildings, machinery and equipment is computed by the straight-line and accelerated methods. The estimated useful lives of machinery and equipment generally range between 2 and 10 years. Amortization of internal-use software begins when the software is put into service and is based on the expected useful life of the software. The useful lives over which we amortize internal-use software generally range between 2 and 10 years.",10.0,,No,,Not disclosed,,Not disclosed,,0,significant_accounting_policies,Note 4: Inventories,3,False,,"score=5,idx=10816,zone=17454",1192,OK,
0000202058,LHX,2024,0000202058_LHX_FY2024_10K.html,,2026-01-02,equipment,"Depreciation and amortization expense related to property, plant and equipment was $429 million , $389 million",,,No,,Not disclosed,,Not disclosed,,0,ppe_note,"NOTE 5: PROPERTY, PLANT AND EQUIPMENT, NET",3,False,,"score=6,idx=19408,zone=37104",5113,OK,
0000216085,HVT,2013,0000216085_HVT_FY2013_10K.html,,"December 31, 2013",Not disclosed,Not disclosed,,,No,,"Cash flows used in investing activities. Net cash used in investing activities was $20.1 million, $24.8 million and $24.2 million for 2013, 2012 and 2011, respectively. In each of these years, the amounts of cash used in investing activities consisted principally of capital expenditures related to store construction and improvements and information technology projects, refer to our Store Expansion and Capital Expenditures discussion below. During 2013, we invested in our distribution system for future expansion and added capacity to our internal cloud architecture to support our sales systems and video communications. The increase in cash flows used in investing activities from 2011 to 2012 was primarily the result of additional capital spending in 2012 offset by the initial outlay of $6.8 million to restricted cash as insurance collateral during 2011. During 2012, we completed information technology projects replacing our core network that controls the communication between our stores and data centers and invested in cloud infrastructure. During 2011, we completed information technology projects in the e-commerce and finance areas.",MD&A (Item 7),Not disclosed,,0,unknown,,0,False,,"score=5,idx=7067,zone=83",13,OK,
0000216085,HVT,2014,0000216085_HVT_FY2014_10K.html,,"December 31, 2014",Not disclosed,Not disclosed,,,No,,"Cash flows used in investing activities. Net cash used in investing activities was $41.4 million, $20.1 million and $24.8 million for 2014, 2013 and 2012, respectively. In each of these years, the amounts of cash used in investing activities consisted principally of capital expenditures related to store construction and improvements and information technology projects, refer to our Store Expansion and Capital Expenditures discussion below. During 2014, in addition to the expenditures for new stores and one store's major expansion, we purchased $10.0 million in certificates of deposit. During 2013, we invested in our distribution system for future expansion and added capacity to our internal cloud architecture to support our sales systems and video communications. During 2012, we completed information technology projects replacing our core network that controls the communication between our stores and data centers and invested in cloud infrastructure.",MD&A (Item 7),Not disclosed,,0,unknown,,0,False,,"score=5,idx=5637,zone=62",12,OK,
0000216085,HVT,2015,0000216085_HVT_FY2015_10K.html,,"December 31, 2015",Not disclosed,Not disclosed,,,No,,Not disclosed,,Not disclosed,,0,unknown,,0,False,,"score=5,idx=5379,zone=61",11,OK,
0000216085,HVT,2016,0000216085_HVT_FY2016_10K.html,,"December 31, 2016",Not disclosed,Not disclosed,,,No,,Not disclosed,,Not disclosed,,0,unknown,,0,False,,"score=5,idx=5343,zone=60",11,OK,
0000216085,HVT,2017,0000216085_HVT_FY2017_10K.html,,"December 31, 2017",Not disclosed,Not disclosed,,,No,,Not disclosed,,Not disclosed,,0,unknown,,0,False,,"score=5,idx=4912,zone=60",12,OK,
0000216085,HVT,2018,0000216085_HVT_FY2018_10K.html,,"December 31, 2018",Not disclosed,Not disclosed,,,No,,Not disclosed,,Not disclosed,,0,unknown,,0,False,,"score=7,idx=5467,zone=86",11,OK,
0000216085,HVT,2019,0000216085_HVT_FY2019_10K.html,,"December 31, 2019",Not disclosed,Not disclosed,,,No,,Not disclosed,,Not disclosed,,0,unknown,,0,False,,"score=7,idx=4236,zone=61",11,OK,
0000216085,HVT,2020,0000216085_HVT_FY2020_10K.html,,"December 31, 2020",Not disclosed,Not disclosed,,,No,,Not disclosed,,Not disclosed,,0,unknown,,0,False,,"score=7,idx=5729,zone=54",10,OK,
0000216085,HVT,2021,0000216085_HVT_FY2021_10K.html,,"December 31, 2021",Not disclosed,Not disclosed,,,No,,Not disclosed,,Not disclosed,,0,unknown,,0,False,,"score=9,idx=6295,zone=75",10,OK,
0000216085,HVT,2022,0000216085_HVT_FY2022_10K.html,,2022-12-31,Not disclosed,Not disclosed,,,No,,Not disclosed,,Not disclosed,,0,unknown,,0,False,,"score=5,idx=5885,zone=92",12,OK,
0000216085,HVT,2023,0000216085_HVT_FY2023_10K.html,,2023-12-31,Not disclosed,Not disclosed,,,No,,Not disclosed,,Not disclosed,,0,unknown,,0,False,,"score=5,idx=5489,zone=92",12,OK,
0000216085,HVT,2024,0000216085_HVT_FY2024_10K.html,,2024-12-31,Not disclosed,Not disclosed,,,No,,Not disclosed,,Not disclosed,,0,unknown,,0,False,,"score=5,idx=5592,zone=92",12,OK,
0000354707,HE,2013,0000354707_HE_FY2013_10K.html,,,Not disclosed,Not disclosed,,,Unclear,"less than its carrying value at the financial statement date. When a security is impaired, the Company determines whether this impairment is temporary or other-than-temporary. If the Company does not expect to recover the entire amortized cost basis of the security, an OTTI exists. If the Company intends to sell the security, or will more likely than not be required to sell the security before recovery of its amortized cost, the OTTI must be recognized in earnings. If the Company does not intend to sell the security and it is not more likely than not that the Company will be required to sell the security before recovery of its amortized cost, the OTTI must be separated into the amount representing the credit loss and the amount related to all other factors. The amount of OTTI related to the credit loss is recognized in earnings while the remaining OTTI is recognized in other comprehensive income. Once an OTTI has been recognized on a security, the Company accounts for the security as if the security had been purchased on the measurement date of the OTTI at an amortized cost basis equal to the previous amortized cost basis less the OTTI recognized in earnings. The difference between the new amortized cost basis and the cash flows expected to be collected is accreted in accordance with existing applicable guidance as interest income. Any discount or reduced premium recorded for the security will be amortized over the remaining life of the security in a prospective manner based on the amount and timing of future estimated cash flows. If upon subsequent evaluation, there is a significant increase in cash flows expected to be collected or if actual cash flows are significantly greater than cash flows previously expected, such changes shall be accounted for as a prospective adjustment to the accretable yield.",Not disclosed,,Not disclosed,,0,unknown,,0,False,,"score=6,idx=38214,zone=81378",1730,OK,
0000354707,HE,2014,0000354707_HE_FY2014_10K.html,,,Not disclosed,Not disclosed,,,No,,Not disclosed,,Not disclosed,,0,unknown,,0,False,,"score=6,idx=38035,zone=83741",306,OK,
0000354707,HE,2015,0000354707_HE_FY2015_10K.html,,,Not disclosed,Not disclosed,,,No,,Not disclosed,,Not disclosed,,0,unknown,,0,False,,"score=6,idx=37844,zone=86692",310,OK,
0000354707,HE,2016,0000354707_HE_FY2016_10K.html,,,Not disclosed,Not disclosed,,,No,,Not disclosed,,Not disclosed,,0,unknown,,0,False,,"score=6,idx=38363,zone=86326",311,OK,
0000354707,HE,2017,0000354707_HE_FY2017_10K.html,,,Not disclosed,Not disclosed,,,No,,Not disclosed,,Not disclosed,,0,unknown,,0,False,,"score=6,idx=38487,zone=88474",326,OK,
0000354707,HE,2018,0000354707_HE_FY2018_10K.html,,,Not disclosed,Not disclosed,,,No,,Not disclosed,,Not disclosed,,0,unknown,,0,False,,"score=6,idx=39595,zone=90985",341,OK,
0000354707,HE,2019,0000354707_HE_FY2019_10K.html,,2020-02-07,Not disclosed,Not disclosed,,,No,,Not disclosed,,Not disclosed,,0,unknown,,0,False,,"score=6,idx=49279,zone=98188",230,OK,
0000354707,HE,2020,0000354707_HE_FY2020_10K.html,,2021-01-29,Not disclosed,Not disclosed,,,No,,Not disclosed,,Not disclosed,B200,1,unknown,,0,False,,"score=5,idx=29899,zone=47806",201,OK,
0000354707,HE,2021,0000354707_HE_FY2021_10K.html,,2021-12-31,equipment,"Nonutility property, plant and equipment, less accumulated depreciation",,,No,,Not disclosed,,Not disclosed,B200,1,significant_accounting_policies,Note 3 · Electric utility segment,3,False,,"score=5,idx=29355,zone=47624",1638,OK,
0000354707,HE,2022,0000354707_HE_FY2022_10K.html,,2023-01-11,equipment,"Nonutility property, plant and equipment, less accumulated depreciation",,,No,,Not disclosed,,Not disclosed,A100;B100;B200,3,significant_accounting_policies,Note 3 · Electric utility segment,3,False,,"score=5,idx=30038,zone=47405",1674,OK,
0000354707,HE,2023,0000354707_HE_FY2023_10K.html,,2024-01-31,equipment,"Nonutility property, plant and equipment, less accumulated depreciation",,,No,,Not disclosed,,Not disclosed,,0,significant_accounting_policies,Note 4 · Electric utility segment,3,False,,"score=5,idx=30900,zone=48891",1778,OK,
0000354707,HE,2024,0000354707_HE_FY2024_10K.html,,2025-02-14,equipment,"Nonutility property, plant and equipment, less accumulated depreciation",,,No,,Not disclosed,,Not disclosed,,0,significant_accounting_policies,Note 4 · Electric utility segment,3,False,,"score=5,idx=22830,zone=39141",1498,OK,
0000717605,HXL,2013,0000717605_HXL_FY2013_10K.html,,"December 31, 2013",Not disclosed,Not disclosed,,,No,,Not disclosed,,Not disclosed,,0,unknown,,0,False,,"score=7,idx=3858,zone=20",3,OK,
0000717605,HXL,2014,0000717605_HXL_FY2014_10K.html,,"December 31, 2014",Not disclosed,Not disclosed,,,No,,Not disclosed,,Not disclosed,,0,unknown,,0,False,,"score=7,idx=2184,zone=7",2,OK,
0000717605,HXL,2015,0000717605_HXL_FY2015_10K.html,,"December 31, 2015",Not disclosed,Not disclosed,,,No,,Not disclosed,,Not disclosed,,0,unknown,,0,False,,"score=7,idx=2340,zone=7",2,OK,
0000717605,HXL,2016,0000717605_HXL_FY2016_10K.html,,"December 31, 2016",Not disclosed,Not disclosed,,,No,,Not disclosed,,Not disclosed,,0,unknown,,0,False,,"score=7,idx=2316,zone=7",2,OK,
0000717605,HXL,2017,0000717605_HXL_FY2017_10K.html,,"December 31, 2017",Not disclosed,Not disclosed,,,No,,Not disclosed,,Not disclosed,,0,unknown,,0,False,,"score=7,idx=2521,zone=4",2,OK,
0000717605,HXL,2018,0000717605_HXL_FY2018_10K.html,,"December 31, 2018",Not disclosed,Not disclosed,,,No,,Not disclosed,,Not disclosed,,0,unknown,,0,False,,"score=7,idx=2354,zone=3",2,OK,
0000717605,HXL,2019,0000717605_HXL_FY2019_10K.html,,2020-01-12,Not disclosed,Not disclosed,,,No,,Not disclosed,,Not disclosed,,0,unknown,,0,False,,"score=7,idx=6983,zone=9",4,OK,
0000717605,HXL,2020,0000717605_HXL_FY2020_10K.html,,2021-09-30,Not disclosed,Not disclosed,,,No,,Not disclosed,,Not disclosed,,0,unknown,,0,False,,"score=7,idx=6897,zone=9",4,OK,
0000717605,HXL,2021,0000717605_HXL_FY2021_10K.html,,2021-12-31,Not disclosed,Not disclosed,,,No,,Not disclosed,,Not disclosed,A100,1,unknown,,0,False,,"score=7,idx=6149,zone=11",6,OK,
0000717605,HXL,2022,0000717605_HXL_FY2022_10K.html,,2022-12-31,Not disclosed,Not disclosed,,,No,,Not disclosed,,Not disclosed,B200,1,unknown,,0,False,,"score=7,idx=6216,zone=11",6,OK,
0000717605,HXL,2023,0000717605_HXL_FY2023_10K.html,,2023-12-31,Not disclosed,Not disclosed,,,No,,Not disclosed,,Not disclosed,,0,unknown,,0,False,,"score=7,idx=6395,zone=12",6,OK,
0000717605,HXL,2024,0000717605_HXL_FY2024_10K.html,,2024-12-31,Not disclosed,Not disclosed,,,No,,Not disclosed,,Not disclosed,,0,unknown,,0,False,,"score=7,idx=6396,zone=12",6,OK,
0000719413,HL,2013,0000719413_HL_FY2013_10K.html,,"December 31, 2013",Not disclosed,Not disclosed,,,No,,Not disclosed,,Not disclosed,,0,unknown,,0,False,,"score=4,idx=13484,zone=619",11,OK,
0000719413,HL,2014,0000719413_HL_FY2014_10K.html,,"December 31, 2014",Not disclosed,Not disclosed,,,No,,Not disclosed,,Not disclosed,,0,unknown,,0,False,,"score=4,idx=14409,zone=617",12,OK,
0000719413,HL,2015,0000719413_HL_FY2015_10K.html,,"December 31, 2015",Not disclosed,Not disclosed,,,No,,Not disclosed,,Not disclosed,,0,unknown,,0,False,,"score=4,idx=15569,zone=597",11,OK,
0000719413,HL,2016,0000719413_HL_FY2016_10K.html,,"December 31, 2016",Not disclosed,Not disclosed,,,No,,Not disclosed,,Not disclosed,,0,unknown,,0,False,,"score=4,idx=16336,zone=570",11,OK,
0000719413,HL,2017,0000719413_HL_FY2017_10K.html,,"December 31, 2017",Not disclosed,Not disclosed,,,No,,Not disclosed,,Not disclosed,,0,unknown,,0,False,,"score=4,idx=15189,zone=507",8,OK,
0000719413,HL,2018,0000719413_HL_FY2018_10K.html,,"December 31, 2018",Not disclosed,Not disclosed,,,No,,Not disclosed,,Not disclosed,,0,unknown,,0,False,,"score=4,idx=16698,zone=511",6,OK,
0000719413,HL,2019,0000719413_HL_FY2019_10K.html,,2020-02-10,Not disclosed,Not disclosed,,,No,,Not disclosed,,Not disclosed,,0,unknown,,0,False,,"score=4,idx=22919,zone=527",10,OK,
0000719413,HL,2020,0000719413_HL_FY2020_10K.html,,2026-02-16,Not disclosed,Not disclosed,,,No,,Not disclosed,,Not disclosed,,0,unknown,,0,False,,"score=4,idx=25669,zone=473",9,OK,
0000719413,HL,2021,0000719413_HL_FY2021_10K.html,,2026-02-16,Not disclosed,Not disclosed,,,No,,Not disclosed,,Not disclosed,,0,unknown,,0,False,,"score=4,idx=28876,zone=5",1,OK,
0000719413,HL,2022,0000719413_HL_FY2022_10K.html,,2026-02-16,Not disclosed,Not disclosed,,,No,,Not disclosed,,Not disclosed,,0,unknown,,0,False,,"score=4,idx=58660,zone=6",2,OK,
0000719413,HL,2023,0000719413_HL_FY2023_10K.html,,2026-02-16,Not disclosed,Not disclosed,,,No,,Not disclosed,,Not disclosed,,0,unknown,,0,False,,"score=4,idx=64256,zone=6",2,OK,
0000719413,HL,2024,0000719413_HL_FY2024_10K.html,,2026-02-16,Not disclosed,Not disclosed,,,No,,Not disclosed,,Not disclosed,,0,unknown,,0,False,,"score=4,idx=63516,zone=6",2,OK,
0000731012,HCSG,2013,0000731012_HCSG_FY2013_10K.html,,,equipment,Depreciation is provided by the straight-line method over the following estimated useful lives: laundry and linen equipment installations —,,,No,,Not disclosed,,Not disclosed,,0,significant_accounting_policies,Note 1— Description of Business and Significant Accounting Policies,3,False,,"score=4,idx=8410,zone=16688",547,OK,
0000731012,HCSG,2014,0000731012_HCSG_FY2014_10K.html,,,equipment,Depreciation is provided by the straight-line method over the following estimated useful lives: laundry and linen equipment installations —,,,No,,Not disclosed,,Not disclosed,,0,significant_accounting_policies,Note 1— Description of Business and Significant Accounting Policies,3,False,,"score=4,idx=8912,zone=17235",556,OK,
0000731012,HCSG,2015,0000731012_HCSG_FY2015_10K.html,,,equipment,Depreciation is provided by the straight-line method over the following estimated useful lives: laundry and linen equipment installations —,,,No,,Not disclosed,,Not disclosed,,0,significant_accounting_policies,Note 1— Description of Business and Significant Accounting Policies,3,False,,"score=4,idx=9077,zone=17390",617,OK,
0000731012,HCSG,2016,0000731012_HCSG_FY2016_10K.html,,,"equipment, Computer hardware","December 31, 2016 December 31, 2015 (in thousands) Housekeeping and Dietary equipment $ 21,136 $ 19,445 Computer hardware and software 11,750 10,528 Other (1) 1,133 1,134 Total property and equipment, at cost $ 34,019 $ 31,107 Less accumulated depreciation 20,564 18,021 Total property and equipment, net $ 13,455 $ 13,086",,,No,,Not disclosed,,Not disclosed,,0,ppe_note,Note 19—Selected Quarterly Financial Data (Unaudited),3,False,,"score=4,idx=8744,zone=16764",596,OK,
0000731012,HCSG,2017,0000731012_HCSG_FY2017_10K.html,,,"equipment, Computer hardware","December 31, 2017 December 31, 2016 (in thousands) Housekeeping and Dietary equipment $ 22,349 $ 21,136 Computer hardware and software 12,665 11,750 Other (1) 990 1,133 Total property and equipment, at cost $ 36,004 $ 34,019 Less accumulated depreciation 22,495 20,564 Total property and equipment, net $ 13,509 $ 13,455",,,No,,Not disclosed,,Not disclosed,,0,ppe_note,Note 19—Selected Quarterly Financial Data (Unaudited),3,False,,"score=4,idx=9195,zone=16537",625,OK,
0000731012,HCSG,2018,0000731012_HCSG_FY2018_10K.html,,"December 31, 2018","equipment, computer hardware, furniture and fixtures","Property and equipment are stated at cost, net of accumulated depreciation. Depreciation is recorded using the straight-line method over the following estimated useful lives: Housekeeping and Dietary equipment — 5 to 7 years; computer hardware and software — 3 to 7 years; and other, consisting of furniture and fixtures, leasehold improvements and vehicles — 5 to 10 years. Depreciation expense on property and equipment for the years ended December 31, 2018, 2017 and 2016 was $4.9 million, $5.0 million and $4.8 million, respectively.",5.0,7.0,No,,Not disclosed,,Not disclosed,,0,significant_accounting_policies,Note 1— Description of Business and Significant Accounting Policies,3,True,3.0-7.0 ans | 5.0-7.0 ans | 5.0-10.0 ans,"score=2,idx=7440,zone=8318",513,OK,
0000731012,HCSG,2019,0000731012_HCSG_FY2019_10K.html,,"December 31, 2019","equipment, computer hardware, furniture and fixtures","Property and equipment, with the exception of those pertaining to leases, are stated at cost, net of accumulated depreciation. Depreciation is recorded using the straight-line method over the following estimated useful lives: Housekeeping and Dietary equipment — 5 to 7 years; computer hardware and software — 3 to 7 years; and other, consisting of furniture and fixtures, leasehold improvements and vehicles — 5 to 10 years. Depreciation expense on property and equipment for the years ended December 31, 2019, 2018 and 2017 was $9.7 million, $4.9 million and $5.0 million, respectively.",5.0,7.0,No,,Not disclosed,,Not disclosed,,0,significant_accounting_policies,Note 1— Description of Business and Significant Accounting Policies,3,True,3.0-7.0 ans | 5.0-7.0 ans | 5.0-10.0 ans,"score=2,idx=6991,zone=10759",548,OK,
0000731012,HCSG,2020,0000731012_HCSG_FY2020_10K.html,,"December 31, 2020","equipment, computer hardware, furniture and fixtures","Property and equipment, with the exception of those pertaining to leases, are stated at cost, net of accumulated depreciation. Depreciation is recorded using the straight-line method over the following estimated useful lives: Housekeeping and Dietary equipment — 5 to 7 years; computer hardware and software — 3 to 7 years; and other, consisting of furniture and fixtures, leasehold improvements and vehicles — 5 to 10 years. Depreciation expense on property and equipment for the years ended December 31, 2020, 2019 and 2018 was $10.1 million, $9.7 million and $4.9 million, respectively.",5.0,7.0,No,,Not disclosed,,Not disclosed,,0,significant_accounting_policies,Note 1 — Description of Business and Significant Accounting Policies,3,True,3.0-7.0 ans | 5.0-7.0 ans | 5.0-10.0 ans,"score=2,idx=6137,zone=9814",565,OK,
0000731012,HCSG,2021,0000731012_HCSG_FY2021_10K.html,,"December 31, 2021","equipment, computer hardware, furniture and fixtures","Property and equipment, with the exception of those pertaining to leases, are stated at cost, net of accumulated depreciation. Depreciation is recorded using the straight-line method over the following estimated useful lives: Housekeeping and Dietary equipment — 5 to 7 years; computer hardware and software — 3 to 7 years; and other, consisting of furniture and fixtures, leasehold improvements and vehicles — 5 to 10 years. Depreciation expense on property and equipment for the years ended December 31, 2021, 2020 and 2019 was $10.3 million, $10.1 million and $9.7 million, respectively.",5.0,7.0,No,,Not disclosed,,Not disclosed,,0,significant_accounting_policies,Note 1 — Description of Business and Significant Accounting Policies,3,True,3.0-7.0 ans | 5.0-7.0 ans | 5.0-10.0 ans,"score=2,idx=6664,zone=10804",592,OK,
0000731012,HCSG,2022,0000731012_HCSG_FY2022_10K.html,,2022-12-31,"equipment, computer hardware, furniture and fixtures","Property and equipment, with the exception of those pertaining to leases, are stated at cost, net of accumulated depreciation. Depreciation is recorded using the straight-line method over the following estimated useful lives: Housekeeping and Dietary equipment — 3 to 5 years; computer hardware and software — 3 to 5 years; and other, consisting of furniture and fixtures, leasehold improvements and vehicles — 5 to 10 years. Depreciation expense on property and equipment for the years ended December 31, 2022, 2021 and 2020 was $10.5 million, $10.3 million and $10.1 million, respectively.",3.0,5.0,No,,Not disclosed,,Not disclosed,,0,significant_accounting_policies,Note 1 — Description of Business and Significant Accounting Policies,3,True,3.0-5.0 ans | 5.0-10.0 ans,"score=2,idx=6637,zone=10718",566,OK,
0000731012,HCSG,2023,0000731012_HCSG_FY2023_10K.html,,"December 31, 2023",computer hardware and software,"Property and equipment, with the exception of those pertaining to leases, are stated at cost, net of accumulated depreciation. Depreciation is recorded using the straight-line method over the following estimated useful lives: Housekeeping and Dietary equipment — 3 to 5 years; computer hardware and software — 5 years; and other, consisting of furniture and fixtures, leasehold improvements and vehicles — 5 to 10 years. Depreciation expense on property and equipment, inclusive of amortization of lease right-of-use assets, for the years ended December 31, 2023, 2022 and 2021 was $10.5 million, $10.5 million and $10.3 million, respectively.",3.0,5.0,Not disclosed,,Not disclosed,,Not disclosed,,0,significant_accounting_policies,Note 1 — Description of Business and Significant Accounting Policies,3,False,,"score=2,idx=6770,zone=11098",578,ERROR,'<' not supported between instances of 'NoneType' and 'float'
0000731012,HCSG,2024,0000731012_HCSG_FY2024_10K.html,,2024-12-31,computer hardware and software,"Property and equipment, with the exception of those pertaining to leases, are stated at cost, net of accumulated depreciation. Depreciation is recorded using the straight-line method over the following estimated useful lives: Housekeeping and Dietary equipment — 3 to 5 years; computer hardware and software — 5 years; and other, consisting of furniture and fixtures, leasehold improvements and vehicles — 5 to 10 years. Depreciation expense on property and equipment, inclusive of amortization of lease right-of-use assets, for the years ended December 31, 2024, 2023 and 2022 was $11.9 million, $10.5 million and $10.5 million, respectively.",3.0,5.0,Not disclosed,,Not disclosed,,Not disclosed,,0,significant_accounting_policies,"1. On February 2, 2024, the Company entered into a Collateral Trust Agreement with the Company’s third-party insurer and a trustee whereby investments",3,False,,"score=2,idx=7208,zone=11885",646,ERROR,'<' not supported between instances of 'NoneType' and 'float'
0000766704,WELL,2013,0000766704_WELL_FY2013_10K.html,,"December 31,
2013",Not disclosed,Not disclosed,,,No,,Not disclosed,,Not disclosed,,0,unknown,,0,False,,"score=4,idx=39418,zone=33543",634,OK,
0000766704,WELL,2014,0000766704_WELL_FY2014_10K.html,,"December 31,
2014",Not disclosed,Not disclosed,,,No,,Not disclosed,,Not disclosed,,0,unknown,,0,False,,"score=4,idx=38577,zone=34216",622,OK,
0000766704,WELL,2015,0000766704_WELL_FY2015_10K.html,,"December 31,
2015",Not disclosed,Not disclosed,,,No,,Not disclosed,,Not disclosed,,0,unknown,,0,False,,"score=4,idx=37787,zone=33268",602,OK,
0000766704,WELL,2016,0000766704_WELL_FY2016_10K.html,,"December 31,
2016",Not disclosed,Not disclosed,,,No,,Not disclosed,,Not disclosed,,0,unknown,,0,False,,"score=4,idx=36209,zone=32101",626,OK,
0000766704,WELL,2017,0000766704_WELL_FY2017_10K.html,,"December 31,
2017",Not disclosed,Not disclosed,,,No,,Not disclosed,,Not disclosed,,0,unknown,,0,False,,"score=4,idx=36487,zone=31861",647,OK,
0000766704,WELL,2018,0000766704_WELL_FY2018_10K.html,,2019-02-28,Not disclosed,Not disclosed,,,No,,Not disclosed,,Not disclosed,,0,unknown,,0,False,,"score=4,idx=53255,zone=32557",800,OK,
0000766704,WELL,2019,0000766704_WELL_FY2019_10K.html,,2019-12-31,Not disclosed,Not disclosed,,,No,,Not disclosed,,Not disclosed,,0,unknown,,0,False,,"score=4,idx=52882,zone=32413",854,OK,
0000766704,WELL,2020,0000766704_WELL_FY2020_10K.html,,2021-02-05,Not disclosed,Not disclosed,,,No,,Not disclosed,,Not disclosed,A100;B100,2,unknown,,0,False,,"score=2,idx=36830,zone=15635",735,OK,
0000766704,WELL,2021,0000766704_WELL_FY2021_10K.html,,2021-12-31,Not disclosed,Not disclosed,,,No,,Not disclosed,,Not disclosed,A100;B100;B200,3,unknown,,0,False,,"score=2,idx=37534,zone=15326",723,OK,
0000766704,WELL,2022,0000766704_WELL_FY2022_10K.html,,2023-01-31,Not disclosed,Not disclosed,,,No,,Not disclosed,,Not disclosed,A100,1,unknown,,0,False,,"score=2,idx=38831,zone=15668",779,OK,
0000766704,WELL,2023,0000766704_WELL_FY2023_10K.html,,2024-02-29,Not disclosed,Not disclosed,,,No,,Not disclosed,,Not disclosed,,0,unknown,,0,False,,"score=2,idx=38677,zone=14982",780,OK,
0000766704,WELL,2024,0000766704_WELL_FY2024_10K.html,,2025-12-31,Not disclosed,Not disclosed,,,No,,Not disclosed,,Not disclosed,,0,unknown,,0,False,,"score=2,idx=40784,zone=16637",882,OK,
0000874238,STRL,2013,0000874238_STRL_FY2013_10K.html,,"September 30, 2013",Not disclosed,Not disclosed,,,No,,Not disclosed,,Not disclosed,,0,unknown,,0,False,,"score=2,idx=6955,zone=6",2,OK,
0000874238,STRL,2014,0000874238_STRL_FY2014_10K.html,,"September 30, 2014",Not disclosed,Not disclosed,,,No,,Not disclosed,,Not disclosed,,0,unknown,,0,False,,"score=2,idx=6568,zone=8",3,OK,
0000874238,STRL,2015,0000874238_STRL_FY2015_10K.html,,,Not disclosed,Not disclosed,,,No,,Not disclosed,,Not disclosed,,0,unknown,,0,False,,"score=4,idx=2980,zone=2",1,OK,
0000874238,STRL,2016,0000874238_STRL_FY2016_10K.html,,,Not disclosed,Not disclosed,,,No,,Not disclosed,,Not disclosed,,0,unknown,,0,False,,"score=4,idx=3725,zone=11",1,OK,
0000874238,STRL,2017,0000874238_STRL_FY2017_10K.html,,,Not disclosed,Not disclosed,,,No,,Not disclosed,,Not disclosed,,0,unknown,,0,False,,"score=4,idx=9008,zone=11",2,OK,
0000874238,STRL,2018,0000874238_STRL_FY2018_10K.html,,,Not disclosed,Not disclosed,,,No,,Not disclosed,,Not disclosed,,0,unknown,,0,False,,"score=4,idx=9556,zone=11",2,OK,
0000874238,STRL,2019,0000874238_STRL_FY2019_10K.html,,"December 31, 2018",equipment,Depreciation expense on equipment subject to capital leases and the related accumulated depreciation is included with that of owned equipment.,,,No,,Not disclosed,,Not disclosed,,0,ppe_note,Note 7 - Property and Equipment,3,False,,"score=4,idx=7790,zone=18929",893,OK,
0000874238,STRL,2020,0000874238_STRL_FY2020_10K.html,,2024-12-31,equipment,"Contract costs include all direct material, labor, subcontract and other costs and those indirect costs determined to relate to contract performance, such as indirect salaries and wages, equipment repairs and depreciation, insurance and payroll taxes.",,,No,,Not disclosed,,Not disclosed,B200,1,significant_accounting_policies,2. BASIS OF PRESENTATION AND SIGNIFICANT ACCOUNTING POLICIES Basis of Presentation,3,False,,"score=2,idx=5883,zone=9021",645,OK,
0000874238,STRL,2021,0000874238_STRL_FY2021_10K.html,,2024-12-31,equipment,"Contract costs include all direct material, labor, subcontract and other costs and those indirect costs determined to relate to contract performance, such as indirect salaries and wages, equipment repairs and depreciation, insurance and payroll taxes.",,,No,,"Kimes Acquisition— On December 28, 2021, we completed our acquisition of Kimes & Stone (“Kimes”) for an all-cash purchase price of approximately $7,600. Kimes provides a diversified services offering of soil stabilization for site development on e-commerce projects such as large fulfillment and distribution centers and data centers, as well as soil stabilization for roadways and manufacturing plant construction. The transaction includes a fleet of soil stabilization equipment and working capital.",Item 8,Not disclosed,,0,significant_accounting_policies,2. BASIS OF PRESENTATION AND SIGNIFICANT ACCOUNTING POLICIES Basis of Presentation,3,False,,"score=2,idx=5851,zone=9444",664,OK,
0000874238,STRL,2022,0000874238_STRL_FY2022_10K.html,,2024-12-31,equipment,"Contract costs include all direct material, labor, subcontract and other costs and those indirect costs determined to relate to contract performance, such as indirect salaries and wages, equipment repairs and depreciation, insurance and payroll taxes.",,,No,,"Kimes Acquisition— On December 28, 2021, Sterling completed the acquisition of Kimes & Stone (“Kimes”) for an all-cash purchase price of approximately $7,600. Kimes provides a diversified services offering of soil stabilization for site development on e-commerce projects such as large fulfillment and distribution centers and data centers, as well as soil stabilization for roadways and manufacturing plant construction. The transaction includes a fleet of soil stabilization equipment and working capital. The results of Kimes’ are included within Plateau which is included within our E-Infrastructure Solutions segment.",Item 8,Not disclosed,B100;B200,2,significant_accounting_policies,2. BASIS OF PRESENTATION AND SIGNIFICANT ACCOUNTING POLICIES Basis of Presentation,3,False,,"score=2,idx=7209,zone=12303",681,OK,
0000874238,STRL,2023,0000874238_STRL_FY2023_10K.html,,2026-12-31,equipment,"Contract costs include all direct material, labor, subcontract and other costs and those indirect costs determined to relate to contract performance, such as indirect salaries and wages, equipment repairs and depreciation, insurance and payroll taxes.",,,No,,"Sterling Infrastructure, Inc., (“Sterling,” “the Company,” “we,” “our” or “us”), a Delaware corporation, operates through a variety of subsidiaries within three segments specializing in E-Infrastructure, Transportation and Building Solutions in the United States, primarily across the Southern, Northeastern, Mid-Atlantic and Rocky Mountain regions and the Pacific Islands. E-Infrastructure Solutions provides advanced, large-scale site development services for manufacturing, data centers, e-commerce distribution centers, warehousing, power generation and more. Transportation Solutions includes infrastructure and rehabilitation projects for highways, roads, bridges, airports, ports, rail and storm drainage systems. Building Solutions includes residential and commercial concrete foundations for single-family and multi-family homes, parking structures, elevated slabs, other concrete work, and plumbing services for new single-family residential builds. From strategy to operations, we are committed to sustainability by operating responsibly to safeguard and improve society’s quality of life. Caring for our people and our communities, our customers and our investors – that is The Sterling Way.",Item 8,Not disclosed,,0,significant_accounting_policies,2. BASIS OF PRESENTATION AND SIGNIFICANT ACCOUNTING POLICIES Basis of Presentation,3,False,,"score=2,idx=6365,zone=9474",616,OK,
0000874238,STRL,2024,0000874238_STRL_FY2024_10K.html,,2026-12-31,equipment,"Contract costs include all direct material, labor, subcontract and other costs and those indirect costs determined to relate to contract performance, such as indirect salaries and wages, equipment repairs and depreciation, insurance and payroll taxes.",,,No,,"Sterling Infrastructure, Inc., (“Sterling,” “the Company,” “we,” “our” or “us”), a Delaware corporation, operates through a variety of subsidiaries within three segments specializing in E-Infrastructure, Transportation and Building Solutions in the United States, primarily across the Southern, Northeastern, Mid-Atlantic and Rocky Mountain regions and the Pacific Islands. E-Infrastructure Solutions provides advanced, large-scale site development services for manufacturing, data centers, large scale distribution centers, warehousing, power generation and more. Transportation Solutions includes infrastructure and rehabilitation projects for highways, roads, bridges, airports, ports, rail and storm drainage systems. Building Solutions includes residential and commercial concrete foundations for single-family and multi-family homes, parking structures, elevated slabs, other concrete work, plumbing services, and surveys for new single-family residential builds. From strategy to operations, we are committed to sustainability by operating responsibly to safeguard and improve society’s quality of life. Caring for our people and our communities, our customers and our investors – that is The Sterling Way.",Item 8,"E-Infrastructure Solutions —Our E-Infrastructure Solutions business is driven by our customers’ investments in the development of data centers, advanced manufacturing centers, e-commerce distribution centers and warehouses. We foresee significant growth opportunities tied to the implementation of multi-year capital deployment plans by data center customers, including hyperscalers, colocation providers and others. These investments are driven by the need to support the increasing use of cloud computing applications, increasing adoption and complexity of artificial intelligence applications and digital transformation across industries. Additionally, we continue to see significant opportunity related to the construction of manufacturing capacity in the U.S., including semiconductor fabrication. Following a decline in activity that began in 2023, awards in the e-commerce distribution sector began to strengthen in late 2024. Similarly, small warehouse activity, which began to decline in 2023 and remained soft in 2024, is beginning to exhibit signs of recovery. ||| —Our E-Infrastructure Solutions business is driven by our customers’ investments in the development of data centers, advanced manufacturing centers, e-commerce distribution centers and warehouses. We foresee significant growth opportunities tied to the implementation of multi-year capital deployment plans by data center customers, including hyperscalers, colocation providers and others. These investments are driven by the need to support the increasing use of cloud computing applications, increasing adoption and complexity of artificial intelligence applications and digital transformation across industries. Additionally, we continue to see significant opportunity related to the construction of manufacturing capacity in the U.S., including semiconductor fabrication. Following a decline in activity that began in 2023, awards in the e-commerce distribution sector began to strengthen in late 2024. Similarly, small warehouse activity, which began to decline in 2023 and remained soft in 2024, is beginning to exhibit signs of recovery.",,0,significant_accounting_policies,2. BASIS OF PRESENTATION AND SIGNIFICANT ACCOUNTING POLICIES Basis of Presentation,3,False,,"score=2,idx=6013,zone=9969",641,OK,
0000916789,HELE,2013,0000916789_HELE_FY2013_10K.html,,"February 28, 2014",equipment,"These assets are stated at cost, or in the case of assets recorded through acquisition, their fair values when they were acquired. Depreciation is recorded on a straight-line basis over the estimated useful lives of the assets. Expenditures for repair and maintenance of property and equipment are expensed as incurred. For tax purposes, accelerated depreciation methods are used where allowed by tax laws.",,,No,,Not disclosed,,Not disclosed,,0,significant_accounting_policies,NOTE 1 – SUMMARY OF SIGNIFICANT ACCOUNTING POLICIES,3,False,,"score=7,idx=18321,zone=32542",682,OK,
0000916789,HELE,2014,0000916789_HELE_FY2014_10K.html,,,equipment,"These assets are stated at cost and d epreciation is recorded on a straight-line basis over the estimated useful lives of the assets. E xpenditures for repair and maintenance of property and equipment are expensed as incurred. For tax purposes, accelerated depreciation methods are used where allowed by tax laws.",,,No,,Not disclosed,,Not disclosed,,0,significant_accounting_policies,NOTE 1 SUMMARY OF SIGNIFICANT ACCOUNTING POLICIES,3,False,,"score=7,idx=18787,zone=24943",1152,OK,
0000916789,HELE,2015,0000916789_HELE_FY2015_10K.html,,"February 29, 2016",equipment,"These assets are stated at cost. We capitalize internal labor associated with the cost of development and implementation of internal use software and significant new website development. Depreciation is recorded on a straight-line basis over the estimated useful lives of the assets. Expenditures for repair and maintenance of property and equipment are expensed as incurred. For tax purposes, accelerated depreciation methods are used where allowed by tax laws.",,,No,,Not disclosed,,Not disclosed,,0,significant_accounting_policies,NOTE 1 SUMMARY OF SIGNIFICANT ACCOUNTING POLICIES,3,False,,"score=7,idx=19471,zone=25523",924,OK,
0000916789,HELE,2016,0000916789_HELE_FY2016_10K.html,,"February 28, 2017",equipment,"These assets are stated at cost. Depreciation is recorded on a straight-line basis over the estimated useful lives of the assets. Expenditures for repair and maintenance of property and equipment are expensed as incurred. For tax purposes, accelerated depreciation methods are used where allowed by tax laws.",,,No,,Not disclosed,,Not disclosed,,0,significant_accounting_policies,Note 1 Summary of Significant Accounting Policies and Related,3,False,,"score=4,idx=18444,zone=33397",789,OK,
0000916789,HELE,2017,0000916789_HELE_FY2017_10K.html,,"February 28, 2018",equipment,"These assets are stated at cost. Depreciation is recorded on a straight-line basis over the estimated useful lives of the assets. Expenditures for repair and maintenance of property and equipment are expensed as incurred. For tax purposes, accelerated depreciation methods are used where allowed by tax laws.",,,No,,Not disclosed,,Not disclosed,,0,significant_accounting_policies,Note 1 – Summary of Significant Accounting Policies and Related Information,3,False,,"score=4,idx=19494,zone=31996",765,OK,
0000916789,HELE,2018,0000916789_HELE_FY2018_10K.html,,"February 28, 2019",equipment,"These assets are stated at cost. Depreciation is recorded on a straight-line basis over the estimated useful lives of the assets. Expenditures for repair and maintenance of property and equipment are expensed as incurred. For tax purposes, accelerated depreciation methods are used where allowed by tax laws.",,,No,,Not disclosed,,"Intangibles-Goodwill and Other-Internal-Use Software (Subtopic 350-40): Customer's Accounting for Implementation Costs Incurred in a Cloud Computing Arrangement That is a Service Contract. ||| In August 2018, the FASB issued ASU 2018-15, Intangibles-Goodwill and Other-Internal-Use Software (Subtopic 350-40): Customer's Accounting for Implementation Costs Incurred in a Cloud Computing Arrangement That is a Service Contract. ASU 2018-15 aligns the requirements for capitalizing implementation costs incurred in a hosting arrangement that is a service contract with the requirements for capitalizing implementation costs incurred to develop or obtain internal-use software. The ASU is effective for us on March 1, 2020, and interim periods within those fiscal years. Early adoption is permitted. We are currently evaluating the impact this guidance may have on our consolidated financial statements.",,0,significant_accounting_policies,Note 1 – Summary of Significant Accounting Policies and Related Information,3,False,,"score=4,idx=15984,zone=25351",884,OK,
0000916789,HELE,2019,0000916789_HELE_FY2019_10K.html,,"February 29, 2020",equipment,"These assets are stated at cost. Depreciation is recorded on a straight-line basis over the estimated useful lives of the assets. Expenditures for repair and maintenance of property and equipment are expensed as incurred. For tax purposes, accelerated depreciation methods are used where allowed by tax laws.",,,No,,Not disclosed,,"In August 2018, the FASB issued ASU 2018-15, Intangibles-Goodwill and Other-Internal-Use Software (Subtopic 350-40): Customer's Accounting for Implementation Costs Incurred in a Cloud Computing Arrangement That is a Service Contract. ASU 2018-15 aligns the requirements for capitalizing implementation costs incurred in a hosting arrangement that is a service contract with the requirements for capitalizing implementation costs incurred to develop or obtain internal-use software. The ASU is effective for us on March 1, 2020, and interim periods within those fiscal years. Early adoption is permitted. We believe that the adoption of this guidance will not have a material impact on our consolidated financial statements. ||| Intangibles-Goodwill and Other-Internal-Use Software (Subtopic 350-40): Customer's Accounting for Implementation Costs Incurred in a Cloud Computing Arrangement That is a Service Contract.",,0,significant_accounting_policies,Note 3 Our significant accounting policies include:,3,False,,"score=4,idx=22529,zone=28732",968,OK,
0000916789,HELE,2020,0000916789_HELE_FY2020_10K.html,,2021-02-28,equipment,"Property and equipment, net of accumulated depreciation of $140,379 and $132,340",,,No,,Not disclosed,,"In August 2018, the FASB issued ASU 2018-15, Intangibles - Goodwill and Other-Internal-Use Software (Subtopic 350-40): Customer's Accounting for Implementation Costs Incurred in a Cloud Computing Arrangement That is a Service Contract . ASU 2018-15 aligns the requirements for capitalizing implementation costs incurred in a hosting arrangement that is a service contract with the requirements for capitalizing implementation costs incurred to develop or obtain internal-use software. This ASU was effective for us in the first quarter of fiscal 2021, and the adoption of this ASU did not have a material impact on our consolidated financial statements. ||| Intangibles - Goodwill and Other-Internal-Use Software (Subtopic 350-40): Customer's Accounting for Implementation Costs Incurred in a Cloud Computing Arrangement That is a Service Contract",B100,1,ppe_note,Note 21 - Earnings Per Share,3,False,,"score=2,idx=13303,zone=12580",665,OK,
0000916789,HELE,2021,0000916789_HELE_FY2021_10K.html,,2022-04-22,equipment,"Property and equipment, net of accumulated depreciation of $161,006 and $140,379",,,No,,Not disclosed,,Not disclosed,,0,ppe_note,Note 21 - Subsequent Events,3,False,,"score=2,idx=13196,zone=13108",690,OK,
0000916789,HELE,2022,0000916789_HELE_FY2022_10K.html,,2023-02-28,equipment,"Property and equipment, net of accumulated depreciation of $178,961 and $161,006",,,No,,Not disclosed,,Not disclosed,B100,1,ppe_note,Note 20 - Earnings Per Share,3,False,,"score=2,idx=14203,zone=13636",736,OK,
0000916789,HELE,2023,0000916789_HELE_FY2023_10K.html,,2024-02-29,equipment,"Property and equipment, net of accumulated depreciation of $169,021 and $178,961",,,No,,Not disclosed,,Not disclosed,,0,ppe_note,Note 19 - Earnings Per Share,3,False,,"score=2,idx=13669,zone=13748",702,OK,
0000916789,HELE,2024,0000916789_HELE_FY2024_10K.html,,2025-02-28,equipment,"Property and equipment, net of accumulated depreciation of $200,176 and $169,021",,,No,,Not disclosed,,Not disclosed,,0,ppe_note,Note 19 - Earnings Per Share,3,False,,"score=2,idx=12416,zone=14641",787,OK,
0001585689,HLT,2013,0001585689_HLT_FY2013_10K.html,,"December 31, 2013","furniture, equipment, computer equipment","Depreciation is recorded using the straight-line method over the assets’ estimated useful lives, which are generally as follows: buildings and improvements (8 to 40 years), furniture and equipment (3 to 8 years) and computer equipment and acquired software (3 years).",3.0,8.0,Not disclosed,,Not disclosed,,Not disclosed,,0,significant_accounting_policies,Note 2 Basis of Presentation and Summary of Significant Accounting Policies,3,False,,"score=4,idx=22869,zone=29134",991,ERROR,'<' not supported between instances of 'NoneType' and 'float'
0001585689,HLT,2014,0001585689_HLT_FY2014_10K.html,,"December 31, 2014",capitalized software,Included in this amortization expense total was amortization expense on capitalized software of,,,Not disclosed,,Not disclosed,,Not disclosed,,0,significant_accounting_policies,Note 11,3,False,,"score=4,idx=24417,zone=50027",1277,ERROR,'<' not supported between instances of 'NoneType' and 'float'
0001585689,HLT,2015,0001585689_HLT_FY2015_10K.html,,"December 31, 2015","furniture, equipment, computer equipment","Depreciation is recorded using the straight-line method over the assets’ estimated useful lives, which are generally as follows: buildings and improvements ( 8 to 40 years), furniture and equipment ( 3 to 8 years) and computer equipment and acquired software ( 3 years).",3.0,8.0,Not disclosed,,Not disclosed,,Not disclosed,,0,significant_accounting_policies,Note 2 : Basis of Presentation and Summary of Significant Accounting Policies,3,False,,"score=4,idx=26139,zone=50240",1173,ERROR,'<' not supported between instances of 'NoneType' and 'float'
0001585689,HLT,2016,0001585689_HLT_FY2016_10K.html,,"December 31, 2016",equipment,"Property and equipment are recorded at cost, and interest applicable to major construction or development projects is capitalized. Costs of improvements that extend the economic life or improve service potential are also capitalized. Capitalized costs are depreciated over their estimated useful lives. Costs for normal repairs and maintenance are expensed as incurred.",,,No,,Not disclosed,,Not disclosed,,0,significant_accounting_policies,Note 2 Basis of Presentation and Summary of Significant Accounting Policies,3,True,3.0-5.0 ans | 3.0-8.0 ans,"score=4,idx=27472,zone=50186",1197,OK,
0001585689,HLT,2017,0001585689_HLT_FY2017_10K.html,,,capitalized software,", respectively, of amortization expense on our capitalized software",,,No,,Not disclosed,,Not disclosed,,0,significant_accounting_policies,Note 6,3,True,3.0-5.0 ans | 3.0-8.0 ans,"score=4,idx=19548,zone=50519",1080,OK,
0001585689,HLT,2018,0001585689_HLT_FY2018_10K.html,,,capitalized software,"Includes amortization expense that was associated with assets recorded at their fair value at the time of the Merger of $204 million , $206 million and $208 million for the years ended December 31, 2018 , 2017 and 2016 , respectively, and amortization expense on capitalized software costs of $62 million , $67 million and $87 million , respectively.",,,Yes,"Performance shares are settled at the end of a three -year performance period with 50 percent of the awards subject to achievement based on the compound annual growth rate (""CAGR"") of the Company's adjusted earnings before interest expense, a provision for income taxes and depreciation and amortization (""Adjusted EBITDA""), referred to as EBITDA CAGR, and the other 50 percent of the awards subject to achievement based on the Company’s free cash flow (""FCF"") per share CAGR, referred to as FCF CAGR. The total number of performance shares that vest related to each performance measure is based on an achievement factor that, in both cases, ranges from a zero percent to 200 percent payout. The grant date fair value per share for these awards is equal to the closing stock price on the grant date.",Not disclosed,,"Intangibles – Goodwill and Other – Internal-use Software (Subtopic 350-40): Customer's Accounting for Implementation Costs Incurred in a Cloud Computing Arrangement That Is a Service Contract. ||| This ASU aligns guidance for capitalizing implementation costs incurred in a cloud computing arrangement that is a service contract with guidance for capitalizing implementation costs to develop or obtain internal-use software. Capitalized implementation costs will be amortized over the term of the arrangement and presented in the same line item in the statement of operations as the fees associated with the service contract. The provisions of ASU 2018-15 are effective for fiscal years beginning after December 15, 2019 and interim periods within those fiscal years; early adoption is permitted. We intend to adopt ASU 2018-15 on January 1, 2019 on a prospective basis, and we do not expect it to have a material effect on our consolidated financial statements. ||| In August 2018, the FASB issued ASU No. 2018-15 (""ASU 2018-15""), Intangibles – Goodwill and Other – Internal-use Software (Subtopic 350-40): Customer's Accounting for Implementation Costs Incurred in a Cloud Computing Arrangement That Is a Service Contract. This ASU aligns guidance for capitalizing implementation costs incurred in a cloud computing arrangement that is a service contract with guidance for capitalizing implementation costs to develop or obtain internal-use software. Capitalized implementation costs will be amortized over the term of the arrangement and presented in the same line item in the statement of operations as the fees associated with the service contract. The provisions of ASU 2018-15 are effective for fiscal years beginning after December 15, 2019 and interim periods within those fiscal years; early adoption is permitted. We intend to adopt ASU 2018-15 on January 1, 2019 on a prospective basis, and we do not expect it to have a material effect on our consolidated financial statements.",,0,significant_accounting_policies,Note 6,3,False,,"score=4,idx=19370,zone=52307",1144,OK,
0001585689,HLT,2019,0001585689_HLT_FY2019_10K.html,,2019-12-31,equipment,Property and equipment are recorded at cost. Costs of improvements that extend the economic life or improve service potential are also capitalized. Capitalized costs are depreciated over their estimated useful lives. Costs for normal repairs and maintenance are expensed as incurred.,,,Yes,"• Performance shares are settled at the end of a three -year performance period with: (i) 50 percent of the awards subject to achievement based on the compound annual growth rate (""CAGR"") of the Company's earnings before interest expense, a provision for income taxes and depreciation and amortization (""EBITDA""), adjusted to exclude certain items (""Adjusted EBITDA""), referred to as EBITDA CAGR, and (ii) 50 percent of the awards subject to achievement based on the Company’s free cash flow (""FCF"") per share CAGR, referred to as FCF CAGR. The total number of performance shares that vest related to each performance measure is based on an achievement factor that ranges from a zero percent to 200 percent payout, with 100 percent being the target. The grant date fair value per share is equal to the closing stock price on the date of grant.",Not disclosed,,"In August 2018, the Financial Accounting Standards Board (""FASB"") issued ASU No. 2018-15 (""ASU 2018-15""), Intangibles – Goodwill and Other – Internal-use Software (Subtopic 350-40): Customer's Accounting for Implementation Costs Incurred in a Cloud Computing Arrangement That Is a Service Contract. This ASU aligns guidance for capitalizing implementation costs incurred in a cloud computing arrangement that is a service contract with guidance for capitalizing implementation costs to develop or obtain internal-use software. Capitalized implementation costs will be amortized over the term of the arrangement and presented in the same line item in the statement of operations as the fees associated with the service contract. We elected, as permitted by the standard, to early adopt ASU 2018-15 on a prospective basis as of January 1, 2019. The adoption did not have a material effect on our consolidated financial statements. ||| Intangibles – Goodwill and Other – Internal-use Software (Subtopic 350-40): Customer's Accounting for Implementation Costs Incurred in a Cloud Computing Arrangement That Is a Service Contract. ||| This ASU aligns guidance for capitalizing implementation costs incurred in a cloud computing arrangement that is a service contract with guidance for capitalizing implementation costs to develop or obtain internal-use software. Capitalized implementation costs will be amortized over the term of the arrangement and presented in the same line item in the statement of operations as the fees associated with the service contract. We elected, as permitted by the standard, to early adopt ASU 2018-15 on a prospective basis as of January 1, 2019. The adoption did not have a material effect on our consolidated financial statements.",,0,significant_accounting_policies,Note 2: Basis of Presentation and Summary of Significant Accounting Policies,3,True,3.0-5.0 ans | 3.0-8.0 ans,"score=2,idx=16702,zone=27683",854,OK,
0001585689,HLT,2020,0001585689_HLT_FY2020_10K.html,,2021-02-28,equipment,"Property and equipment are recorded at cost. Costs of improvements that extend the economic life or improve service potential are also capitalized. Capitalized costs are depreciated over their estimated useful lives. Costs for normal repairs and maintenance are expensed as incurred. Refer to ""Leases"" below for information on right-of-use (""ROU"") assets of finance leases, which are included in property and equipment, net in our consolidated balance sheets.",,,Yes,"• Performance shares are settled at the end of the defined performance period, and the grant date fair value per share is equal to the closing stock price on the date of grant. During the year ended December 31, 2020, the terms of all outstanding performance shares were modified such that participants would receive the greater of the payout under the original award or the modified award, with the exception of certain executives who will receive the number of shares achieved under the modified award, based on the fact that the performance conditions applicable to the original awards were no longer expected to be achieved due to the significant and unforeseen challenges related to the COVID-19 pandemic. Under the terms of the original awards: (i) 50 percent of the awards are subject to achievement based on the three-year compound annual growth rate (""CAGR"") of the Company's earnings before interest expense, a provision for income tax benefit (expense) and depreciation and amortization (""EBITDA""), adjusted to exclude certain items (""Adjusted EBITDA""), referred to as EBITDA CAGR, and (ii) 50 percent of the awards are subject to achievement based on the Company’s three-year free cash flow (""FCF"") per share CAGR, referred to as FCF CAGR. Under the terms of the modified awards, the outstanding 2018 awards and a portion of the outstanding 2019 awards were modified to vest based on performance prior to the pandemic and continued service, and the remaining portion of the outstanding 2019 awards and the outstanding 2020 awards were converted to performance awards that will vest based",Not disclosed,,Not disclosed,,0,significant_accounting_policies,Note 2: Basis of Presentation and Summary of Significant Accounting Policies,3,True,3.0-5.0 ans | 3.0-8.0 ans,"score=2,idx=14431,zone=14475",808,OK,
0001585689,HLT,2021,0001585689_HLT_FY2021_10K.html,,2022-12-31,equipment,"Property and equipment are recorded at cost. Costs of improvements that extend the economic life or improve service potential are also capitalized. Capitalized costs are depreciated over their estimated useful lives. Costs for normal repairs and maintenance are expensed as incurred. Right-of-use (""ROU"") assets of finance leases are included in property and equipment, net in our consolidated balance sheets; refer to ""Leases"" below for additional information.",,,No,,Not disclosed,,Not disclosed,,0,significant_accounting_policies,Note 2: Basis of Presentation and Summary of Significant Accounting Policies Basis of Presentation,3,True,3.0-5.0 ans | 3.0-8.0 ans,"score=2,idx=13611,zone=13120",745,OK,
0001585689,HLT,2022,0001585689_HLT_FY2022_10K.html,,2022-12-31,equipment,"Property and equipment are recorded at cost. Costs of improvements that extend the economic life or improve service potential are also capitalized. Capitalized costs are depreciated over their estimated useful lives. Costs for normal repairs and maintenance are expensed as incurred. Right-of-use (""ROU"") assets of finance leases are included in property and equipment, net in our consolidated balance sheets; refer to ""Leases"" below for additional information.",,,No,,Not disclosed,,Not disclosed,,0,significant_accounting_policies,Note 2: Basis of Presentation and Summary of Significant Accounting Policies Basis of Presentation,3,True,3.0-5.0 ans | 3.0-8.0 ans,"score=2,idx=13341,zone=12853",762,OK,
0001585689,HLT,2023,0001585689_HLT_FY2023_10K.html,,"December 31, 2023",equipment,"Property and equipment are recorded at cost. Costs of improvements that extend the economic life or improve service potential are also capitalized. Capitalized costs are depreciated over their estimated useful lives. Costs for normal repairs and maintenance are expensed as incurred. Right-of-use (""ROU"") assets of finance leases are included in property and equipment, net in our consolidated balance sheet; refer to ""Leases"" below for additional information.",,,No,,Not disclosed,,Not disclosed,,0,significant_accounting_policies,Note 2: Basis of Presentation and Summary of Significant Accounting Policies Basis of Presentation,3,True,3.0-5.0 ans | 3.0-8.0 ans,"score=2,idx=12851,zone=11632",724,OK,
0001585689,HLT,2024,0001585689_HLT_FY2024_10K.html,,"December 31, 2024",equipment,Property and equipment are recorded at cost. Costs of improvements that extend the economic life or improve service potential are also capitalized. Capitalized costs are depreciated over their estimated useful lives. Costs for normal repairs and,,,No,,Not disclosed,,Not disclosed,,0,significant_accounting_policies,Note 2: Basis of Presentation and Summary of Significant Accounting Policies Basis of Presentation,3,True,3.0-5.0 ans | 3.0-8.0 ans,"score=2,idx=10982,zone=12195",779,OK,
0001637459,KHC,2015,0001637459_KHC_FY2015_10K.html,,,"software, which do not exceed","Property, plant and equipment are stated at historical cost and depreciated on the straight-line method over the estimated useful lives of the assets. Machinery and equipment are depreciated over periods ranging from 3 to 20 years and buildings and improvements over periods up to 40 years. Capitalized software costs are included in property, plant and equipment and amortized on a straight-line basis over the estimated useful lives of the software, which do not exceed seven years.",3.0,20.0,Yes,"Employee severance and other termination benefit packages are primarily determined based on established benefit arrangements, local statutory requirements or historical benefit practices. We recognize the contractual component of these benefits when payment is probable and estimable; additional elements of severance and termination benefits associated with non-recurring benefits are recognized ratably over each employee’s required future service period. Asset-related costs consist primarily of accelerated depreciation, and to a lesser degree asset impairments. Charges for accelerated depreciation are recognized on long-lived assets that will be taken out of service before the end of their normal service, in which case depreciation estimates are revised to reflect the use of the asset over its shortened useful life. Asset impairments establish a new fair value basis for assets held for disposal or sale and those assets are written down to expected net realizable if carrying value exceeds fair value. All other costs are recognized as incurred.",Not disclosed,,Not disclosed,,0,significant_accounting_policies,Note 1. Background and Basis of Presentation,3,False,,"score=4,idx=18041,zone=59763",1436,OK,
0001637459,KHC,2016,0001637459_KHC_FY2016_10K.html,,,"Capitalized software, equipment","Capitalized software costs are included in property, plant and equipment and amortized on a straight-line basis over the estimated useful lives of the software, which do not exceed",,,Yes,"Employee severance and other termination benefit packages are primarily determined based on established benefit arrangements, local statutory requirements, or historical benefit practices. We recognize the contractual component of these benefits when payment is probable and estimable; additional elements of severance and termination benefits associated with non-recurring benefits are recognized ratably over each employee’s required future service period. Charges for accelerated depreciation are recognized on long-lived assets that will be taken out of service before the end of their normal service, in which case depreciation estimates are revised to reflect the use of the asset over its shortened useful life. Asset impairments establish a new fair value basis for assets held for disposal or sale and those assets are written down to expected net realizable value if carrying value exceeds fair value. All other costs are recognized as incurred.",Not disclosed,,Not disclosed,,0,significant_accounting_policies,Note 1. Background and Basis of Presentation,3,False,,"score=4,idx=19846,zone=41555",1196,OK,
0001637459,KHC,2017,0001637459_KHC_FY2017_10K.html,,,"Capitalized software, equipment","Capitalized software costs are included in property, plant and equipment and amortized on a straight-line basis over the estimated useful lives of the software, which do not exceed",,,Yes,"Employee severance and other termination benefit packages are primarily determined based on established benefit arrangements, local statutory requirements, or historical benefit practices. We recognize the contractual component of these benefits when payment is probable and estimable; additional elements of severance and termination benefits associated with non-recurring benefits are recognized ratably over each employee’s required future service period. Charges for accelerated depreciation are recognized on long-lived assets that will be taken out of service before the end of their normal service, in which case depreciation estimates are revised to reflect the use of the asset over its shortened useful life. Asset impairments establish a new fair value basis for assets held for disposal or sale and those assets are written down to expected net realizable value if carrying value exceeds fair value. All other costs are recognized as incurred.",Not disclosed,,Not disclosed,,0,significant_accounting_policies,Note 1. Background and Basis of Presentation,3,False,,"score=4,idx=17189,zone=43051",1246,OK,
0001637459,KHC,2018,0001637459_KHC_FY2018_10K.html,,"January 3, 2016","Capitalized software, equipment","Capitalized software costs are included in property, plant and equipment and amortized on a straight-line basis over the estimated useful lives of the software, which do not exceed",,,Yes,"Employee severance and other termination benefit packages are primarily determined based on established benefit arrangements, local statutory requirements, or historical benefit practices. We recognize the contractual component of these benefits when payment is probable and estimable; additional elements of severance and termination benefits associated with non-recurring benefits are recognized ratably over each employee’s required future service period. Charges for accelerated depreciation are recognized on long-lived assets that will be taken out of service before the end of their normal service, in which case depreciation estimates are revised to reflect the use of the asset over its shortened useful life. Asset impairments establish a new fair value basis for assets held for disposal or sale, and those assets are written down to expected net realizable value if carrying value exceeds fair value. All other costs are recognized as incurred.",Not disclosed,,"Implementation Costs Incurred in Hosted Cloud Computing Service Arrangements: ||| In August 2018, the FASB issued ASU 2018-15 related to accounting for implementation costs incurred in hosted cloud computing service arrangements. Under the new guidance, implementation costs incurred in a hosting arrangement that is a service contract should be expensed or capitalized based on the nature of the costs and the project stage during which such costs are incurred. If the implementation costs qualify for capitalization, they must be amortized over the term of the hosting arrangement and assessed for impairment. Companies must disclose the nature of any hosted cloud computing service arrangements. This ASU also provides guidance for balance sheet and income statement presentation of capitalized implementation costs and statement of cash flows presentation for the related payments. This ASU will be effective beginning in the first quarter of our fiscal year 2020. Early adoption is permitted, including in an interim period. This guidance may be adopted either retrospectively or prospectively to all implementation costs incurred after the date of adoption. We are currently evaluating the impact this ASU will have on our financial statements and related disclosures as well as the timing of adoption and the application method.",,0,significant_accounting_policies,Note 3. Significant Accounting Policies,3,False,,"score=4,idx=21810,zone=129919",2032,OK,
0001637459,KHC,2019,0001637459_KHC_FY2019_10K.html,,2019-12-28,equipment are depreciated over periods ranging from,"Property, plant and equipment are stated at historical cost and depreciated on the straight-line method over the estimated useful lives of the assets. Machinery and equipment are depreciated over periods ranging from three years to 20 years and buildings and improvements over periods up to 40 years . Capitalized software costs are included in property, plant and equipment and amortized on a straight-line basis over the estimated useful lives of the software, which do not exceed seven years .",3.0,,Yes,"In August 2018, the FASB issued ASU 2018-15 related to accounting for implementation costs incurred in hosted cloud computing service arrangements. Under the new guidance, implementation costs incurred in a hosting arrangement that is a service contract should be expensed or capitalized based on the nature of the costs and the project stage during which such costs are incurred. If the implementation costs qualify for capitalization, they must be amortized over the term of the hosting arrangement and assessed for impairment. Companies must disclose the nature of any hosted cloud computing service arrangements. This ASU also provides guidance for balance sheet and income statement presentation of capitalized implementation costs and statement of cash flows presentation for the related payments. This ASU will be effective beginning in the first quarter of our fiscal year 2020. This guidance may be adopted either retrospectively or prospectively to all implementation costs incurred after the date of adoption. We will prospectively adopt this guidance and do not expect that it will have a significant impact on our financial statements and related disclosures.",Not disclosed,,"Implementation Costs Incurred in Hosted Cloud Computing Service Arrangements: ||| In August 2018, the FASB issued ASU 2018-15 related to accounting for implementation costs incurred in hosted cloud computing service arrangements. Under the new guidance, implementation costs incurred in a hosting arrangement that is a service contract should be expensed or capitalized based on the nature of the costs and the project stage during which such costs are incurred. If the implementation costs qualify for capitalization, they must be amortized over the term of the hosting arrangement and assessed for impairment. Companies must disclose the nature of any hosted cloud computing service arrangements. This ASU also provides guidance for balance sheet and income statement presentation of capitalized implementation costs and statement of cash flows presentation for the related payments. This ASU will be effective beginning in the first quarter of our fiscal year 2020. This guidance may be adopted either retrospectively or prospectively to all implementation costs incurred after the date of adoption. We will prospectively adopt this guidance and do not expect that it will have a significant impact on our financial statements and related disclosures.",,0,significant_accounting_policies,Note 2. Significant Accounting Policies,3,True,3.0 ans | 7.0 ans,"score=4,idx=20186,zone=49259",1600,OK,
0001637459,KHC,2020,0001637459_KHC_FY2020_10K.html,,2021-02-10,equipment are depreciated over periods ranging from,"Property, plant and equipment are stated at historical cost and depreciated on the straight-line method over the estimated useful lives of the assets. Machinery and equipment are depreciated over periods ranging from three years to 20 years and buildings and improvements over periods up to 40 years. These costs are amortized on a straight-line basis over the estimated useful lives of the software, which do not exceed seven years.",3.0,,Yes,"Employee severance and other termination benefit packages are primarily determined based on established benefit arrangements, local statutory requirements, and historical benefit practices. We recognize the contractual component of these benefits when payment is probable and estimable; additional elements of severance and termination benefits associated with non-recurring benefits are recognized ratably over each employee’s required future service period. Charges for accelerated depreciation are recognized on long-lived assets that will be taken out of service before the end of their normal service, in which case depreciation estimates are revised to reflect the use of the asset over its shortened useful life. Asset impairments establish a new fair value basis for assets held for disposal or sale, and those assets are written down to expected net realizable value if carrying value exceeds fair value. All other costs are recognized as incurred.",Not disclosed,,"Hosted Cloud Computing Arrangement that is a Service Contract: ||| Deferred implementation costs for hosted cloud computing service arrangements are stated at historical cost and amortized on a straight-line basis over the term of the hosting arrangement that the implementation costs relate to. Deferred implementation costs for these arrangements are included in prepaid expenses and amortized to SG&A. The corresponding cash flows related to these arrangements will be reported within operating activities. We review the deferred implementation costs for impairment when we believe the deferred costs may no longer be recoverable. Such conditions could include situations where the arrangement is not expected to provide substantive service potential, a significant change occurs in the manner in which the arrangement is used or expected to be used, including early cancellation or termination of the arrangement, or situations where the arrangement has had, or will have, a significant change made to it. In instances where we have concluded that an impairment exists, we accelerate the deferred costs on the consolidated balance sheet for immediate expense recognition in SG&A. ||| Implementation Costs Incurred in Hosted Cloud Computing Service Arrangements:",,0,significant_accounting_policies,Note 2. Significant Accounting Policies,3,True,3.0 ans | 7.0 ans,"score=2,idx=15731,zone=17879",1156,OK,
0001637459,KHC,2021,0001637459_KHC_FY2021_10K.html,,2022-06-25,equipment are depreciated over periods ranging from,"Property, plant and equipment are stated at historical cost and depreciated on the straight-line method over the estimated useful lives of the assets. Machinery and equipment are depreciated over periods ranging from three years to 20 years and buildings and improvements over periods up to 40 years. These costs are amortized on a straight-line basis over the estimated useful lives of the software, which do not exceed seven years.",3.0,,Yes,"Employee severance and other termination benefit packages are primarily determined based on established benefit arrangements, local statutory requirements, and historical benefit practices. We recognize the contractual component of these benefits when payment is probable and estimable; additional elements of severance and termination benefits associated with non-recurring benefits are recognized ratably over each employee’s required future service period. Charges for accelerated depreciation are recognized on long-lived assets that will be taken out of service before the end of their normal service, in which case depreciation estimates are revised to reflect the use of the asset over its shortened useful life. Asset impairments establish a new fair value basis for assets held for disposal or sale, and those assets are written down to expected net realizable value if carrying value exceeds fair value. All other costs are recognized as incurred.",Not disclosed,,"Hosted Cloud Computing Arrangement that is a Service Contract: ||| Deferred implementation costs for hosted cloud computing service arrangements are stated at historical cost and amortized on a straight-line basis over the term of the hosting arrangement that the implementation costs relate to. Deferred implementation costs for these arrangements are included in prepaid expenses and amortized to SG&A. The corresponding cash flows related to these arrangements will be reported within operating activities. We review the deferred implementation costs for impairment when we believe the deferred costs may no longer be recoverable. Such conditions could include situations where the arrangement is not expected to provide substantive service potential, a significant change occurs in the manner in which the arrangement is used or expected to be used, including early cancellation or termination of the arrangement, or situations where the arrangement has had, or will have, a significant change made to it. In instances where we have concluded that an impairment exists, we accelerate the deferred costs on the consolidated balance sheet for immediate expense recognition in SG&A.",,0,significant_accounting_policies,Note 2. Significant Accounting Policies,3,True,3.0 ans | 7.0 ans,"score=2,idx=15787,zone=18244",1154,OK,
0001637459,KHC,2022,0001637459_KHC_FY2022_10K.html,,2022-12-31,equipment are depreciated over periods ranging from,"Property, plant and equipment are stated at historical cost and depreciated on the straight-line method over the estimated useful lives of the assets. Machinery and equipment are depreciated over periods ranging from three years to 20 years and buildings and improvements over periods up to 40 years. These costs are amortized on a straight-line basis over the estimated useful lives of the software, which do not exceed seven years.",3.0,,Yes,"Employee severance and other termination benefit packages are primarily determined based on established benefit arrangements, local statutory requirements, and historical benefit practices. We recognize the contractual component of these benefits when payment is probable and estimable; additional elements of severance and termination benefits associated with non-recurring benefits are recognized ratably over each employee’s required future service period. Charges for accelerated depreciation are recognized on long-lived assets that will be taken out of service before the end of their normal service, in which case depreciation estimates are revised to reflect the use of the asset over its shortened useful life. Asset impairments establish a new fair value basis for assets held for disposal or sale, and those assets are written down to expected net realizable value if carrying value exceeds fair value. All other costs are recognized as incurred.",Not disclosed,,"Hosted Cloud Computing Arrangement that is a Service Contract: ||| Deferred implementation costs for hosted cloud computing service arrangements are stated at historical cost and amortized on a straight-line basis over the term of the hosting arrangement that the implementation costs relate to. Deferred implementation costs to be amortized during the next 12 months for these arrangements are included in prepaid expenses and amortized to SG&A. All remaining amounts to be amortized are included in other non-current assets. The corresponding cash flows related to these arrangements will be reported within operating activities. We review the deferred implementation costs for impairment when we believe the deferred costs may no longer be recoverable. Such conditions could include situations where the arrangement is not expected to provide substantive service potential, a significant change occurs in the manner in which the arrangement is used or expected to be used, including early cancellation or termination of the arrangement, or situations where the arrangement has had, or will have, a significant change made to it. In instances where we have concluded that an impairment exists, we accelerate the deferred costs on the consolidated balance sheet for immediate expense recognition in SG&A.",B100,1,significant_accounting_policies,Note 2. Significant Accounting Policies,3,True,3.0 ans | 7.0 ans,"score=2,idx=14461,zone=18159",1089,OK,
0001637459,KHC,2023,0001637459_KHC_FY2023_10K.html,,2023-12-30,equipment are depreciated over periods ranging from,"Property, plant and equipment are stated at historical cost and depreciated on the straight-line method over the estimated useful lives of the assets. Machinery and equipment are depreciated over periods ranging from three years to 20 years and buildings and improvements over periods up to 40 years. These costs are amortized on a straight-line basis over the estimated useful lives of the software, which do not exceed seven years.",3.0,,Yes,"Employee severance and other termination benefit packages are primarily determined based on established benefit arrangements, local statutory requirements, and historical benefit practices. We recognize the contractual component of these benefits when payment is probable and estimable; additional elements of severance and termination benefits associated with non-recurring benefits are recognized ratably over each employee’s required future service period. Charges for accelerated depreciation are recognized on long-lived assets that will be taken out of service before the end of their normal service, in which case depreciation estimates are revised to reflect the use of the asset over its shortened useful life. Asset impairments establish a new fair value basis for assets held for disposal or sale, and those assets are written down to expected net realizable value if carrying value exceeds fair value. All other costs are recognized as incurred.",Not disclosed,,"Hosted Cloud Computing Arrangement that is a Service Contract: ||| Deferred implementation costs for hosted cloud computing service arrangements are stated at historical cost and amortized on a straight-line basis over the term of the hosting arrangement that the implementation costs relate to. Deferred implementation costs to be amortized during the next 12 months for these arrangements are included in prepaid expenses and amortized to SG&A. All remaining amounts to be amortized are included in other non-current assets. The corresponding cash flows related to these arrangements will be reported within operating activities. We review the deferred implementation costs for impairment when we believe the deferred costs may no longer be recoverable. Such conditions could include situations where the arrangement is not expected to provide substantive service potential, a significant change occurs in the manner in which the arrangement is used or expected to be used, including early cancellation or termination of the arrangement, or situations where the arrangement has had, or will have, a significant change made to it. In instances where we have concluded that an impairment exists, we accelerate the deferred costs on the consolidated balance sheet for immediate expense recognition in SG&A.",,0,significant_accounting_policies,Note 2. Significant Accounting Policies,3,True,3.0 ans | 7.0 ans,"score=2,idx=13708,zone=20455",1003,OK,
0001637459,KHC,2024,0001637459_KHC_FY2024_10K.html,,2024-12-28,equipment are depreciated over periods ranging from,"Property, plant and equipment are stated at historical cost and depreciated on the straight-line method over the estimated useful lives of the assets. Machinery and equipment are depreciated over periods ranging from three years to 20 years and buildings and improvements over periods up to 40 years. These costs are amortized on a straight-line basis over the estimated useful lives of the software, which do not exceed seven years.",3.0,,Yes,"Employee severance and other termination benefit packages are primarily determined based on established benefit arrangements, local statutory requirements, and historical benefit practices. We recognize the contractual component of these benefits when payment is probable and estimable; additional elements of severance and termination benefits associated with non-recurring benefits are recognized ratably over each employee’s required future service period. Charges for accelerated depreciation are recognized on long-lived assets that will be taken out of service before the end of their normal service, in which case depreciation estimates are revised to reflect the use of the asset over its shortened useful life. Asset impairments establish a new fair value basis for assets held for disposal or sale, and those assets are written down to expected net realizable value if carrying value exceeds fair value. All other costs are recognized as incurred.",Not disclosed,,"Hosted Cloud Computing Arrangement that is a Service Contract: ||| Deferred implementation costs for hosted cloud computing service arrangements are stated at historical cost and amortized on a straight-line basis over the term of the hosting arrangement that the implementation costs relate to. Deferred implementation costs to be amortized during the next 12 months for these arrangements are included in prepaid expenses and amortized to SG&A. All remaining amounts to be amortized are included in other non-current assets. The corresponding cash flows related to these arrangements will be reported within operating activities. We review the deferred implementation costs for impairment when we believe the deferred costs may no longer be recoverable. Such conditions could include situations where the arrangement is not expected to provide substantive service potential, a significant change occurs in the manner in which the arrangement is used or expected to be used, including early cancellation or termination of the arrangement, or situations where the arrangement has had, or will have, a significant change made to it. In instances where we have concluded that an impairment exists, we accelerate the deferred costs on the consolidated balance sheet for immediate expense recognition in SG&A. ||| We had significant long-lived assets in the United States. Long-lived assets are comprised of property, plant and equipment, net of related accumulated depreciation; operating lease right-of-use assets, net of related accumulated depreciation; and the non-current portion of deferred implementation costs for hosted cloud computing service arrangements. Our long-lived assets by geography were (in millions):",,0,significant_accounting_policies,Note 2. Significant Accounting Policies,3,True,3.0 ans | 7.0 ans,"score=2,idx=15445,zone=21236",1038,OK,
0001657853,HTZ,2016,0001657853_HTZ_FY2016_10K.html,,"December 31, 2016",equipment,Property and equipment are stated at cost and are depreciated utilizing the straight-line method over the estimated useful lives of the related assets.,,,Yes,"auction, retail, dealer direct). Depreciation is recorded over the estimated holding period. Depreciation rates are reviewed on a quarterly basis based on management's ongoing assessment of present and estimated future market conditions, their effect on residual values at the time of disposal and the estimated holding periods. Market conditions for used vehicle sales can also be affected by external factors such as the economy, natural disasters, fuel prices, used vehicle supply levels and incentives offered by manufacturers of new vehicles. These key factors are considered when estimating future residual values and assessing depreciation rates. As a result of this ongoing assessment, the Company makes periodic adjustments to depreciation rates of revenue earning vehicles in response to changing market conditions. Upon disposal of revenue earning vehicles, depreciation expense is adjusted for the difference between the net proceeds received and the remaining net book value.",Not disclosed,,"Customer’s Accounting for Fees Paid in a Cloud Computing Arrangement ||| In April 2015, the FASB issued guidance for customers about whether a cloud computing arrangement includes a software license. If a cloud computing arrangement includes a software license, then the customer should account for the software license element of the arrangement consistent with the acquisition of other software licenses. If a cloud computing arrangement does not include a software license, the customer should account for the arrangement as a service contract. The Company adopted this guidance prospectively on January 1, 2016, in accordance with the effective date. Adoption of this new guidance did not impact the Company’s financial position, results of operations or cash flows.",Hopper,1,significant_accounting_policies,Note 2 Significant Accounting Policies,3,False,,"score=7,idx=21518,zone=60513",1665,OK,
0001657853,HTZ,2017,0001657853_HTZ_FY2017_10K.html,,"December 31, 2017",equipment,Property and equipment are stated at cost and are depreciated utilizing the straight-line method over the estimated useful lives of the related assets.,,,Yes,depreciation expense is adjusted for the difference between the net proceeds received and the remaining net book value.,Not disclosed,,Not disclosed,Hopper,1,significant_accounting_policies,Note 2,3,False,,"score=7,idx=21898,zone=58338",1596,OK,
0001657853,HTZ,2018,0001657853_HTZ_FY2018_10K.html,,"December 31, 2018",equipment,Property and equipment are stated at cost and are depreciated utilizing the straight-line method over the estimated useful lives of the related assets.,,,Yes,"Depreciation rates are reviewed on a quarterly basis based on management's ongoing assessment of present and estimated future market conditions, their effect on residual values at the expected time of disposal and the estimated holding periods for the vehicles. The impact of depreciation rate changes is as follows:",Not disclosed,,"Customer's Accounting for Implementation Costs Incurred in a Cloud Computing Arrangement ||| In August 2018, the FASB issued guidance on a customer's accounting for implementation fees paid in a cloud computing service contract arrangement that addresses which implementation costs to capitalize as an asset and which costs to expense. Capitalized implementation fees are to be expensed over the term of the cloud computing arrangement, and the expense is required to be recognized in the same line item in the income statement as the associated hosting service expenses. The entity is also required to present the capitalized implementation fees on the balance sheet in the same line item as the prepayment for hosting service fees associated with the cloud computing arrangement.",Hopper,1,significant_accounting_policies,Note 2,3,False,,"score=7,idx=21895,zone=59773",1560,OK,
0001657853,HTZ,2019,0001657853_HTZ_FY2019_10K.html,,2019-12-31,Information technology,"Rental Car $ 480 $ 226 $ 50 International Rental Car 147 231 235 All Other Operations 100 82 74 Total reportable segments 727 539 359 Corporate (1) (78 ) (106 ) (92 ) Total Hertz Global 649 433 267 Adjustments: Non-vehicle depreciation and amortization (203 ) (218 ) (240 ) Non-vehicle debt interest, net (311 ) (291 ) (306 ) Vehicle debt-related charges (2) (38 ) (36 ) (32 ) Loss on extinguishment of vehicle debt (3) — (22 ) — Restructuring and restructuring related charges (4) (14 ) (32 ) (20 ) Impairment charges and asset write-downs (5) — — (118 ) Information technology and finance transformation costs (6) (114 ) (98 ) (68 ) Other items (7) 44 7 (58 ) Income (loss) from before income taxes $ 13 $ (257 ) $ (575 )",,,No,,Not disclosed,,"Customer's Accounting for Implementation Costs Incurred in a Cloud Computing Arrangement ||| In August 2018, the FASB issued guidance on a customer's accounting for implementation fees paid in a cloud computing service contract arrangement that addresses which implementation costs to capitalize as an asset and which costs to expense. Capitalized implementation fees are to be expensed over the term of the cloud computing arrangement, and the expense is required to be recognized in the same line item in the income statement as the associated hosting service expenses. The entity is also required to present the capitalized implementation fees on the balance sheet in the same line item as the prepayment for hosting service fees associated with the cloud computing arrangement.",Hopper,1,significant_accounting_policies,Note 17 — Segment Information,3,False,,"score=7,idx=28659,zone=60460",1498,OK,
0001657853,HTZ,2020,0001657853_HTZ_FY2020_10K.html,,2021-02-19,equipment,Property and equipment are stated at cost and are depreciated utilizing the straight-line method over the estimated useful lives of the related assets.,,,No,,Not disclosed,,"We incurred charges of $213 million for impairment of intangible and other assets in 2020 due primarily to $124 million impairment of technology-related intangible assets and $69 million impairment of capitalized cloud computing implementation costs in our corporate operations due to uncertainty surrounding our financial ability to complete certain information technology projects as a result of COVID-19 and the filing of the Chapter 11 Cases. Additionally, we incurred a charge of $20 million for impairment of the Hertz tradename in our International RAC segment as a result of our annual testing of the recoverability of our indefinite-lived intangible assets. ||| In 2020, due to the impact related to COVID-19, our reduction in cash flow projections, the filing of the Chapter 11 Cases and declines in the stock price of Hertz Global, we tested the recoverability of our goodwill and indefinite-lived intangible assets as of June 30, 2020, and based on the quantitative test, no impairment was recorded. Due to uncertainty surrounding our financial ability to complete certain information technology projects as a result of COVID-19 and the filing of the Chapter 11 Cases, we concluded in the second quarter of 2020 that there was an impairment of such technology-related intangible assets and capitalized cloud computing implementation costs, and recorded an impairment charge of $193 million in our corporate operations, representing a full impairment of the carrying value of such assets as of June 30, 2020 of $124 million and $69 million of technology-related intangible assets and other assets, respectively.",Hopper,1,significant_accounting_policies,Note 2—Significant Accounting Policies,3,False,,"score=5,idx=19172,zone=26591",1287,OK,
0001657853,HTZ,2021,0001657853_HTZ_FY2021_10K.html,,2022-06-30,equipment,Property and equipment are stated at cost and are depreciated utilizing the straight-line method over the estimated useful lives of the related assets.,,,No,,Not disclosed,,"We incurred charges of $213 million for impairment of intangible and other assets in 2020 due primarily to $124 million impairment of technology-related intangible assets and $69 million impairment of capitalized cloud computing implementation costs in our corporate operations due to uncertainty surrounding our financial ability to complete certain information technology projects as a result of COVID-19 and the filing of the Chapter 11 Cases. Additionally, we incurred a charge of $20 million for impairment of the Hertz tradename in our historical International RAC segment as a result of our annual testing of the recoverability of our indefinite-lived intangible assets. ||| (4) Represents the impairment of technology-related intangible assets and capitalized cloud computing cost. In 2020, also represented impairment of other assets and the Hertz tradename. See Note 5, ""Goodwill and Intangible Assets, Net,"" in Part II, Item 8 of this 2021 Annual Report. ||| Represents the impairment of technology-related intangible assets and capitalized cloud computing cost.",,0,significant_accounting_policies,Note 2—Significant Accounting Policies,3,False,,"score=5,idx=19626,zone=28333",1378,OK,
0001657853,HTZ,2022,0001657853_HTZ_FY2022_10K.html,,2023-06-30,information technology,"(13) Represents miscellaneous items. For 2022, primarily includes certain bankruptcy claims, certain professional fees and charges related to the settlement of bankruptcy claims and certain non-cash stock-based compensation charges. For 2021, primarily includes $100 million associated with the suspension of depreciation during the first quarter for the Donlen business while classified as held for sale, partially offset by $17 million for certain professional fees, $14 million of charges related to the settlement of bankruptcy claims, charges for a multiemployer pension plan withdrawal liability and letter of credit fees. For 2020, primarily includes $16 million associated with the Donlen Sale, partially offset by charges of $18 million for losses associated with certain vehicle damages which were recorded in the second quarter, costs associated with the Company's information technology and finance transformation programs, partially offset by a $20 million gain on the sale of non-vehicle capital assets, which was recorded in the first quarter.",,,No,,Not disclosed,,"We incurred charges of $213 million for impairment of intangible and other assets in 2020 due primarily to $124 million impairment of technology-related intangible assets and $69 million impairment of capitalized cloud computing implementation costs in our corporate operations due to uncertainty surrounding our financial ability to complete certain information technology projects as a result of COVID-19 and the filing of the Chapter 11 Cases. Additionally, we incurred a charge of $20 million for impairment of the Hertz tradename in our historical International RAC segment as a result of our annual testing of the recoverability of our indefinite-lived intangible assets. ||| (4) Represents the impairment of technology-related intangible assets and capitalized cloud computing cost. In 2020, also represented impairment of other assets and the Hertz tradename. See Note 5, ""Goodwill and Intangible Assets, Net,"" in Part II, Item 8 of this 2022 Annual Report. ||| Represents the impairment of technology-related intangible assets and capitalized cloud computing cost.",A100,1,significant_accounting_policies,Note 20—Segment Information,3,False,,"score=5,idx=18486,zone=25148",1213,OK,
0001657853,HTZ,2023,0001657853_HTZ_FY2023_10K.html,,2024-02-06,equipment,Property and equipment are stated at cost and are depreciated utilizing the straight-line method over the estimated useful lives of the related assets.,,,No,,Not disclosed,,Not disclosed,,0,significant_accounting_policies,Note 2—Significant Accounting Policies,3,False,,"score=5,idx=16903,zone=23171",1157,OK,
0001657853,HTZ,2024,0001657853_HTZ_FY2024_10K.html,,2025-03-31,equipment,Property and equipment are stated at cost and are depreciated utilizing the straight-line method over the estimated useful lives of the related assets.,,,Yes,"During the third quarter of 2024, at the conclusion of the Company’s historical peak rental season, there was a reduction in the cash flow projections in the Americas RAC and International RAC segments, indicating that the carrying values of their long-lived assets may not be recoverable. The reduction was largely attributed to the acceleration of the rental fleet rotation in the segments, where shortening the useful life reduced the potential future cash flows expected to be earned from the fleet. Operating cash flow projections also deteriorated from delayed timing of operating cost improvements and longer timeframes associated with revenue maximization initiatives. As a result, the Company tested the recoverability of its long-lived assets, consisting of revenue earning vehicles, ROU assets and property and equipment (collectively, the “Long-Lived Assets”) in its Americas RAC and International RAC segments by comparing the carrying values against undiscounted future cash flow projections and determined that an impairment existed.",Not disclosed,,"(8) Represents miscellaneous items. For 2024, primarily includes certain IT-related charges, cloud computing costs and certain storm-related vehicle damages, partially offset by a loss recovery settlement and certain litigation settlements. For 2023, primarily includes certain IT-related charges, certain storm-related vehicle damages and certain professional fees and charges related to the settlement of bankruptcy claims, partially offset by a loss recovery settlement. ||| Represents miscellaneous items. For 2024, primarily includes certain IT-related charges, cloud computing costs and certain storm-related vehicle damages, partially offset by a loss recovery settlement and certain litigation settlements. For 2023, primarily includes certain IT-related charges, certain storm-related vehicle damages and certain professional fees and charges related to the settlement of bankruptcy claims, partially offset by a loss recovery settlement.",,0,significant_accounting_policies,Note 2—Significant Accounting Policies,3,False,,"score=5,idx=15537,zone=21729",1090,OK,
0001915657,DINO,2022,0001915657_DINO_FY2022_10K.html,,2023-02-15,equipment,"The below information reflects pro forma adjustments based on available information and certain assumptions that we believe are reasonable, including the depreciation of the fair-valued properties, plants and equipment acquired in the Sinclair Transactions and the estimated tax impacts of the pro forma adjustments.",,,No,,Not disclosed,,Not disclosed,,0,significant_accounting_policies,NOTE 2:,3,False,,"score=2,idx=14691,zone=18565",916,OK,
0001915657,DINO,2023,0001915657_DINO_FY2023_10K.html,,2024-02-08,equipment,"December 31, 2023 2022 (In thousands) Operating leases: Operating lease right-of-use assets $ 348,006 $ 351,068 Operating lease liabilities 106,973 109,926 Noncurrent operating lease liabilities 249,479 254,215 Total operating lease liabilities $ 356,452 $ 364,141 Finance leases: Properties, plants and equipment, at cost $ 108,746 $ 81,454 Accumulated amortization (25,271) (21,434) Properties, plants and equipment, net $ 83,475 $ 60,020 Accrued liabilities $ 10,842 $ 10,722 Other long-term liabilities 74,860 50,361 Total finance lease liabilities $ 85,702 $ 61,083",,,No,,Not disclosed,,Not disclosed,,0,significant_accounting_policies,NOTE 3:,3,False,,"score=2,idx=14087,zone=18811",917,OK,
0001915657,DINO,2024,0001915657_DINO_FY2024_10K.html,,2025-02-20,equipment,"December 31, 2024 2023 (In millions) Operating leases: Operating lease right-of-use assets $ 355 $ 348 Operating lease liabilities 77 107 Noncurrent operating lease liabilities 301 249 Total operating lease liabilities $ 378 $ 356 Finance leases: Properties, plants and equipment, at cost $ 115 $ 109 Less: accumulated amortization (37) (25) Properties, plants and equipment, net $ 78 $ 84 Accrued liabilities $ 11 $ 11 Other long-term liabilities 71 75 Total finance lease liabilities $ 82 $ 86",,,No,,Not disclosed,,Not disclosed,,0,significant_accounting_policies,NOTE 2:,3,False,,"score=2,idx=14645,zone=18909",871,OK,
