firm_cik,firm_ticker,fiscal_year,filename,filing_date,period_end_date,asset_category,useful_life_text,useful_life_min_years,useful_life_max_years,policy_change,policy_change_text,ai_infra_text,ai_infra_source,segment_ai_text,hardware_mentions,hardware_count,source_section,section_title,confidence,ambiguity_flag,ambiguity_detail,item8_method,item8_segment_count,extraction_status,error_message
0001117297,QNST,2013,0001117297_QNST_FY2013_10K.html,,"June 30, 2013",equipment,"Property and equipment are stated at cost
less accumulated depreciation and amortization, and are depreciated on a straight-line basis over the estimated useful lives of the assets, as follows:",,,No,,Not disclosed,,Not disclosed,,0,significant_accounting_policies,2. Summary of Significant Accounting Policies,3,False,,"score=4,idx=12254,zone=17538",407,OK,
0001117297,QNST,2014,0001117297_QNST_FY2014_10K.html,,"June 30, 2014",equipment,"Property and equipment are stated at cost
less accumulated depreciation and amortization, and are depreciated on a straight-line basis over the estimated useful lives of the assets, as follows:",,,No,,Not disclosed,,Not disclosed,,0,significant_accounting_policies,2. Summary of Significant Accounting Policies,3,False,,"score=4,idx=12624,zone=16972",402,OK,
0001117297,QNST,2015,0001117297_QNST_FY2015_10K.html,,"June 30, 2015",equipment,"Property and equipment are stated at cost less accumulated depreciation and amortization, and are depreciated on a straight-line basis
over the estimated useful lives of the assets, as follows:",,,No,,Not disclosed,,Not disclosed,,0,significant_accounting_policies,2. Summary of Significant Accounting Policies,3,False,,"score=4,idx=12204,zone=14913",387,OK,
0001117297,QNST,2016,0001117297_QNST_FY2016_10K.html,,"June 30, 2016",Computer equipment,Computer equipment 3 years Software 3 years Furniture and fixtures 3 to 5 years Leasehold improvements the shorter of the lease term or the estimated useful lives of the improvements,3.0,5.0,Not disclosed,,Not disclosed,,Not disclosed,,0,significant_accounting_policies,12. Segment Information,3,False,,"score=3,idx=9304,zone=11127",400,ERROR,'<' not supported between instances of 'NoneType' and 'float'
0001117297,QNST,2017,0001117297_QNST_FY2017_10K.html,,"June 30, 2017",Computer equipment,Computer equipment 3 years Software 3 years Furniture and fixtures 3 to 5 years Leasehold improvements the shorter of the lease term or the estimated useful lives of the improvements,3.0,5.0,Not disclosed,,Not disclosed,,Not disclosed,,0,significant_accounting_policies,14. Subsequent Events,3,False,,"score=3,idx=9885,zone=11316",412,ERROR,'<' not supported between instances of 'NoneType' and 'float'
0001117297,QNST,2018,0001117297_QNST_FY2018_10K.html,,"June 30, 2018",Computer equipment,Computer equipment 3 years Software 3 years Furniture and fixtures 3 to 5 years Leasehold improvements the shorter of the lease term or the estimated useful lives of the improvements,3.0,5.0,Not disclosed,,Not disclosed,,Not disclosed,,0,significant_accounting_policies,13. Restructuring Costs,3,False,,"score=3,idx=10200,zone=10997",397,ERROR,'<' not supported between instances of 'NoneType' and 'float'
0001117297,QNST,2019,0001117297_QNST_FY2019_10K.html,,"June 30, 2019",Computer equipment,Computer equipment 3 years Software 3 years Furniture and fixtures 3 to 5 years Leasehold improvements the shorter of the lease term or the estimated useful lives of the improvements,3.0,5.0,Not disclosed,,Not disclosed,,Not disclosed,,0,significant_accounting_policies,14. Restructuring Costs,3,False,,"score=3,idx=10126,zone=12638",527,ERROR,'<' not supported between instances of 'NoneType' and 'float'
0001117297,QNST,2020,0001117297_QNST_FY2020_10K.html,,2020-07-01,Computer equipment,Computer equipment 3 years Software 3 years Furniture and fixtures 3 to 5 years Leasehold improvements the shorter of the lease term or the estimated useful lives of the improvements,3.0,5.0,Not disclosed,,Not disclosed,,Not disclosed,,0,significant_accounting_policies,16. Subsequent Events,3,False,,"score=3,idx=12562,zone=13785",527,ERROR,'<' not supported between instances of 'NoneType' and 'float'
0001117297,QNST,2021,0001117297_QNST_FY2021_10K.html,,2021-09-30,Computer equipment,Computer equipment 3 years Software 3 years Furniture and fixtures 3 to 5 years Leasehold improvements the shorter of the lease term or the estimated useful lives of the improvements,3.0,5.0,Not disclosed,,Not disclosed,,Not disclosed,,0,significant_accounting_policies,15. Segment Information,3,False,,"score=3,idx=12972,zone=13811",579,ERROR,'<' not supported between instances of 'NoneType' and 'float'
0001117297,QNST,2022,0001117297_QNST_FY2022_10K.html,,2022-06-30,Computer equipment,Computer equipment 3 years Software 3 years Furniture and fixtures 3 to 5 years Leasehold improvements the shorter of the lease term or the estimated useful lives of the improvements,3.0,5.0,Not disclosed,,Not disclosed,,Not disclosed,,0,significant_accounting_policies,15. Segment Information,3,False,,"score=3,idx=10302,zone=14344",570,ERROR,'<' not supported between instances of 'NoneType' and 'float'
0001117297,QNST,2023,0001117297_QNST_FY2023_10K.html,,2023-06-30,Computer equipment,"Property and Equipment Property and equipment are stated at cost less accumulated depreciation and amortization, and are depreciated on a straight-line basis over the estimated useful lives of the assets, as follows: Computer equipment 3 years Software 3 years Furniture and fixtures 3 to 5 years Leasehold improvements the shorter of the lease term or the estimated useful lives of the improvements",3.0,5.0,Not disclosed,,Not disclosed,,Not disclosed,,0,significant_accounting_policies,2. Summary of Significant Accounting Policies Principles of Consolidation The consolidated financial statements include the accounts of the Company an,3,False,,"score=4,idx=12072,zone=21799",661,ERROR,'<' not supported between instances of 'NoneType' and 'float'
0001117297,QNST,2024,0001117297_QNST_FY2024_10K.html,,"JUNE 30, 2024",Computer equipment,"Property and Equipment Property and equipment are stated at cost less accumulated depreciation and amortization, and are depreciated on a straight-line basis over the estimated useful lives of the assets, as follows: Computer equipment 3 years Software 3 years Furniture and fixtures 3 to 5 years Leasehold improvements the shorter of the lease term or the estimated useful lives of the improvements 61",3.0,5.0,Not disclosed,,Not disclosed,,Not disclosed,,0,significant_accounting_policies,2. Summary of Significant Accounting Policies Principles of Consolidation The consolidated financial statements include the accounts of the Company an,3,False,,"score=4,idx=8462,zone=18687",634,ERROR,'<' not supported between instances of 'NoneType' and 'float'
0001175454,CPAY,2013,0001175454_CPAY_FY2013_10K.html,,"December 31, 2013",capitalized software,"Software development costs are amortized using the straight-line method over the estimated useful life of the software. Amortization expense for software totaled $7.3 million, $5.7 million and $4.1 million in 2013, 2012 and 2011, respectively.",,,No,,Not disclosed,,Not disclosed,,0,significant_accounting_policies,2. Summary of Significant Accounting Policies,3,False,,"score=7,idx=9220,zone=11033",427,OK,
0001175454,CPAY,2014,0001175454_CPAY_FY2014_10K.html,,"December 31, 2014",capitalized software,"straight-line method over the estimated useful life of the software. Amortization expense for software totaled $9.2 million, $7.3 million and $5.7 million in 2014, 2013 and 2012, respectively.",,,No,,Not disclosed,,Not disclosed,,0,significant_accounting_policies,2. Summary of Significant Accounting Policies,3,False,,"score=7,idx=9259,zone=10804",445,OK,
0001175454,CPAY,2015,0001175454_CPAY_FY2015_10K.html,,"December 31, 2015","computer software, capitalized software","Software development costs are amortized using the
straight-line method over the estimated useful life of the software. Amortization expense for software totaled $11.6
million, $9.2 million and $7.3 million in 2015, 2014 and 2013, respectively.",,,No,,Not disclosed,,Not disclosed,,0,significant_accounting_policies,2. Summary of Significant Accounting Policies,3,False,,"score=7,idx=9398,zone=10816",456,OK,
0001175454,CPAY,2016,0001175454_CPAY_FY2016_10K.html,,,"computer software, capitalized software",Software development costs are amortized using the straight-line method over the estimated useful life of the software.,,,No,,Not disclosed,,Not disclosed,,0,significant_accounting_policies,2. Summary of Significant Accounting Policies,3,False,,"score=7,idx=19589,zone=19103",714,OK,
0001175454,CPAY,2017,0001175454_CPAY_FY2017_10K.html,,,"computer software, capitalized software",Software development costs are amortized using the straight-line method over the estimated useful life of the software.,,,No,,Not disclosed,,Not disclosed,,0,significant_accounting_policies,2. Summary of Significant Accounting Policies,3,False,,"score=7,idx=22465,zone=18801",807,OK,
0001175454,CPAY,2018,0001175454_CPAY_FY2018_10K.html,,,"computer software, capitalized software",Software development costs are amortized using the straight-line method over the estimated useful life of the software.,,,No,,Not disclosed,,"Cloud Computing Arrangements. ||| On August 29, 2018, the FASB issued ASU 2018-15, ""Intangibles—Goodwill and Other— Internal-Use Software (Subtopic 350-40): Customer’s Accounting for Implementation Costs Incurred in a Cloud Computing Arrangement That Is a Service Contract"", that provides guidance on implementation costs incurred in a cloud computing arrangement (CCA) that is a service contract. The ASU, which was released in response to a consensus reached by the EITF at its June 2018 meeting, aligns the accounting for such costs with the guidance on capitalizing costs associated with developing or obtaining internal-use software. Specifically, the ASU amends ASC 350 to include in its scope implementation costs of a CCA that is a service contract and clarifies that a customer should apply ASC 350-40 to determine which implementation costs should be capitalized in such a CCA. The guidance is effective for us for fiscal years beginning after December 15, 2019, including interim periods within those fiscal years. Early adoption is permitted, including in interim periods. The guidance should be applied either retrospectively or prospectively to all implementation costs incurred after the date of adoption. Our adoption of this ASU is not expected to have a material impact on the results of operations, financial condition, or cash flows. ||| Cloud Computing Arrangements. On August 29, 2018, the FASB issued ASU 2018-15, ""Intangibles—Goodwill and Other— Internal-Use Software (Subtopic 350-40): Customer’s Accounting for Implementation Costs Incurred in a Cloud Computing Arrangement That Is a Service Contract"", that provides guidance on implementation costs incurred in a cloud computing arrangement (CCA) that is a service contract. The ASU, which was released in response to a consensus reached by the EITF at its June 2018 meeting, aligns the accounting for such costs with the guidance on capitalizing costs associated with developing or obtaining internal-use software. Specifically, the ASU amends ASC 350 to include in its scope implementation costs of a CCA that is a service contract and clarifies that a customer should apply ASC 350-40 to determine which implementation costs should be capitalized in such a CCA. The guidance is effective for us for fiscal years beginning after December 15, 2019, including interim periods within those fiscal years. Early adoption is permitted, including in interim periods. The guidance should be applied either retrospectively or prospectively to all implementation costs incurred after the date of adoption. Our adoption of this ASU is not expected to have a material impact on the results of operations, financial condition, or cash flows.",,0,significant_accounting_policies,2. Summary of Significant Accounting Policies,3,False,,"score=7,idx=28807,zone=19764",860,OK,
0001175454,CPAY,2019,0001175454_CPAY_FY2019_10K.html,,"December 31, 2019","computer software, capitalized software","Software development costs are amortized using the straight-line method over the estimated useful life of the software. Amortization expense for software totaled $37.2 million , $24.2 million and $21.8 million in 2019 , 2018 and 2017 , respectively.",,,No,,"The Company primarily leases office space, data centers, vehicles, and equipment. Some of our leases contain variable lease payments, typically payments based on an index. The Company’s leases have remaining lease terms of one year to thirty years , some of which include options to extend from one to five years or more. The exercise of lease renewal options is typically at the Company's sole discretion; therefore, the majority of renewals to extend the lease terms are not reasonably certain to exercise and are not included in ROU assets and lease liabilities. Variable lease payments based on an index or rate are initially measured using the index or rate in effect at lease commencement, for the purposes of transition, the rate in effect at January 1, 2019. Additional payments based on the change in an index or rate are recorded as a period expense when incurred. Lease modifications result in remeasurement of the lease liability as of the modification date.",Item 8,"Cloud Computing Arrangements. On August 29, 2018, the FASB issued ASU 2018-15, ""Intangibles—Goodwill and Other— Internal-Use Software (Subtopic 350-40): Customer’s Accounting for Implementation Costs Incurred in a Cloud Computing Arrangement That Is a Service Contract"", that provides guidance on implementation costs incurred in a cloud computing arrangement (CCA) that is a service contract. The ASU, which was released in response to a consensus reached by the EITF at its June 2018 meeting, aligns the accounting for such costs with the guidance on capitalizing costs associated with developing or obtaining internal-use software. Specifically, the ASU amends ASC 350 to include in its scope implementation costs of a CCA that is a service contract and clarifies that a customer should apply ASC 350-40 to determine which implementation costs should be capitalized in such a CCA. The guidance is effective for the Company for fiscal years beginning after December 15, 2019, including interim periods within those fiscal years. The guidance should be applied either retrospectively or prospectively to all implementation costs incurred after the date of adoption. We are updating the accounting policies and internal controls that will be impacted by the new guidance. Our adoption of this ASU on January 1, 2020, is not expected to have a material impact on the results of operations, financial condition, or cash flows. ||| Cloud Computing Arrangements. ||| On August 29, 2018, the FASB issued ASU 2018-15, ""Intangibles—Goodwill and Other— Internal-Use Software (Subtopic 350-40): Customer’s Accounting for Implementation Costs Incurred in a Cloud Computing Arrangement That Is a Service Contract"", that provides guidance on implementation costs incurred in a cloud computing arrangement (CCA) that is a service contract. The ASU, which was released in response to a consensus reached by the EITF at its June 2018 meeting, aligns the accounting for such costs with the guidance on capitalizing costs associated with developing or obtaining internal-use software. Specifically, the ASU amends ASC 350 to include in its scope implementation costs of a CCA that is a service contract and clarifies that a customer should apply ASC 350-40 to determine which implementation costs should be capitalized in such a CCA. The guidance is effective for the Company for fiscal years beginning after December 15, 2019, including interim periods within those fiscal years. The guidance should be applied either retrospectively or prospectively to all implementation costs incurred after the date of adoption. We are updating the accounting policies and internal controls that will be impacted by the new guidance. Our adoption of this ASU on January 1, 2020, is not expected to have a material impact on the results of operations, financial condition, or cash flows.",,0,significant_accounting_policies,2. Summary of Significant Accounting Policies,3,False,,"score=7,idx=20130,zone=22725",883,OK,
0001175454,CPAY,2020,0001175454_CPAY_FY2020_10K.html,,2021-11-12,"computer software, capitalized software","Software development costs are amortized using the straight-line method over the estimated useful life of the software. Amortization expense for software totaled $40.2 million, $37.2 million and $24.2 million in 2020, 2019 and 2018, respectively.",,,No,,"The Company primarily leases office space, data centers, vehicles, and equipment. Some of our leases contain variable lease payments, typically payments based on an index. The Company’s leases have remaining lease terms of one year to thirty years, some of which include options to extend from one to five years or more. The exercise of lease renewal options is typically at the Company's sole discretion; therefore, the majority of renewals to extend the lease terms are not reasonably certain to exercise and are not included in Right of Use (ROU) assets and lease liabilities. Variable lease payments based on an index or rate are initially measured using the index or rate in effect at lease commencement, for the purposes of transition, the rate in effect at January 1, 2019. Additional payments based on the change in an index or rate are recorded as a period expense when incurred. Lease modifications result in remeasurement of the lease liability as of the modification date.",Item 8,"Cloud Computing Arrangements ||| On August 29, 2018, the FASB issued ASU 2018-15, ""Intangibles—Goodwill and Other— Internal-Use Software (Subtopic 350-40): Customer’s Accounting for Implementation Costs Incurred in a Cloud Computing Arrangement That Is a Service Contract"", that provides guidance on implementation costs incurred in a cloud computing arrangement (CCA) that is a service contract. The ASU, which was released in response to a consensus reached by the EITF at its June 2018 meeting, aligns the accounting for such costs with the guidance on capitalizing costs associated with developing or obtaining internal-use software. Specifically, the ASU amends ASC 350 to include in its scope implementation costs of a CCA that is a service contract and clarifies that a customer should apply ASC 350-40 to determine which implementation costs should be capitalized in such a CCA. The Company adopted this guidance on January 1, 2020, which did not have a material impact on the Company's results of operations, financial condition, or cash flows.",,0,significant_accounting_policies,2. Basis of Presentation and Summary of Significant Accounting Policies,3,False,,"score=5,idx=11796,zone=11850",625,OK,
0001175454,CPAY,2021,0001175454_CPAY_FY2021_10K.html,,2022-02-28,"computer software, capitalized software","Software development costs are amortized using the straight-line method over the estimated useful life of the software. Amortization expense for software totaled $46.7 million, $40.2 million and $37.2 million in 2021, 2020 and 2019, respectively.",,,No,,"The Company primarily leases office space, data centers, vehicles, and equipment. Some of our leases contain variable lease payments, typically payments based on an index. The Company’s leases have remaining lease terms of one year to thirty years, some of which include options to extend from one to five years or more. The exercise of lease renewal options is typically at the Company's sole discretion; therefore, the majority of renewals to extend the lease terms are not reasonably certain to exercise and are not included in Right of Use (ROU) assets and lease liabilities. Variable lease payments based on an index or rate are initially measured using the index or rate in effect at lease commencement, for the purposes of transition, the rate in effect at January 1, 2019. Additional payments based on the change in an index or rate are recorded as a period expense when incurred. Lease modifications result in remeasurement of the lease liability as of the modification date.",Item 8,Not disclosed,B100,1,significant_accounting_policies,2. Basis of Presentation and Summary of Significant Accounting Policies,3,False,,"score=5,idx=10787,zone=11856",635,OK,
0001175454,CPAY,2022,0001175454_CPAY_FY2022_10K.html,,2023-01-20,"computer software, capitalized software","Software development costs are amortized using the straight-line method over the estimated useful life of the software. Amortization expense for software totaled $59.1 million, $46.7 million and $40.2 million in 2022, 2021 and 2020, respectively.",,,Unclear,"Changes in foreign exchange rates resulted in $18.4 million and $32.7 million decreases to the carrying values of other intangible assets in the years ended December 31, 2022 and 2021, respectively. Amortization expense related to intangible assets for the years ended December 31, 2022, 2021, and 2020 was $227.2 million, $205.5 million, and $184.2 million, respectively. Due to rebranding activity, the Company reassessed the useful lives of certain trademarks. This resulted in a reclassification of $45.6 million from indefinite to finite-lived assets. At the time of change in estimate, which was applied prospectively, the Company tested these trademarks for impairment, which resulted in no impairment charge.","The Company primarily leases office space, data centers, vehicles, and equipment. Some of our leases contain variable lease payments, typically payments based on an index. The Company’s leases have remaining lease terms of one year to thirty years, some of which include options to extend from one to five years or more. The exercise of lease renewal options is typically at the Company's sole discretion; therefore, the majority of renewals to extend the lease terms are not reasonably certain to exercise and are not included in Right of Use (ROU) assets and lease liabilities. Variable lease payments based on an index or rate are initially measured using the index or rate in effect at lease commencement. Additional payments based on the change in an index or rate are recorded as a period expense when incurred. Lease modifications result in remeasurement of the lease liability as of the modification date.",Item 8,Not disclosed,,0,significant_accounting_policies,2. Basis of Presentation and Summary of Significant Accounting Policies,3,False,,"score=5,idx=11547,zone=11960",648,OK,
0001175454,CPAY,2023,0001175454_CPAY_FY2023_10K.html,,2023-12-31,"computer software, capitalized software","Software development costs are amortized using the straight-line method over the estimated useful life of the software. Amortization expense for software totaled $77.5 million, $61.3 million and $46.7 million in 2023, 2022 and 2021, respectively.",,,Unclear,"Changes in foreign exchange rates resulted in $32.4 million and $18.4 million decreases to the carrying values of other intangible assets in the years ended December 31, 2023 and 2022, respectively. Amortization expense related to intangible assets for the years ended December 31, 2023, 2022, and 2021 was $225.4 million, $227.2 million, and $205.5 million, respectively. Due to rebranding activity during the year ended December 31, 2022, the Company reassessed the useful lives of certain trademarks. This resulted in a reclassification of $45.6 million from indefinite to finite-lived assets as of December 31, 2022. At the time of change in estimate, which was applied prospectively, the Company tested these trademarks for impairment, which resulted in no impairment charge.","The Company primarily leases office space, data centers, vehicles, and equipment. Some of our leases contain variable lease payments, typically payments based on an index. The Company’s leases have remaining lease terms of one year to thirty years, some of which include options to extend from one to five years or more. The exercise of lease renewal options is typically at the Company's sole discretion; therefore, the majority of renewals to extend the lease terms are not reasonably certain to exercise and are not included in Right of Use (ROU) assets and lease liabilities. Variable lease payments based on an index or rate are initially measured using the index or rate in effect at lease commencement. Additional payments based on the change in an index or rate are recorded as a period expense when incurred. Lease modifications result in remeasurement of the lease liability as of the modification date.",Item 8,Not disclosed,,0,significant_accounting_policies,2. Basis of Presentation and Summary of Significant Accounting Policies,3,False,,"score=5,idx=11854,zone=15686",695,OK,
0001175454,CPAY,2024,0001175454_CPAY_FY2024_10K.html,,2025-03-31,"Computer hardware, equipment, Furniture","Estimated Useful Lives (in Years) 2024 2023 Computer hardware and software 3 to 5 $ 839,250 $ 734,759 Card-reading equipment 4 to 6 53,820 61,216 Furniture, fixtures and vehicles 2 to 10 20,696 20,614 Buildings and improvements 5 to 50 40,242 41,508 Property and equipment, gross 954,008 858,097 Less: accumulated depreciation (576,303) (514,943) Property and equipment, net $ 377,705 $ 343,154",,,Unclear,"Due to rebranding activity during the year ended December 31, 2024 , the Company reassessed the useful lives of certain","The Company primarily leases office space, data centers, vehicles and equipment. Some of the Company's leases contain",Item 8,Not disclosed,,0,ppe_note,9. Property and Equipment,3,False,,"score=7,idx=23527,zone=29380",2043,OK,
0001288469,MXL,2013,0001288469_MXL_FY2013_10K.html,,"December 31, 2013",Not disclosed,Not disclosed,,,No,,Not disclosed,,Not disclosed,,0,unknown,,0,False,,"score=6,idx=8019,zone=7",2,OK,
0001288469,MXL,2014,0001288469_MXL_FY2014_10K.html,,"December 31, 2014",Not disclosed,Not disclosed,,,No,,"We are a provider of integrated, radio-frequency and mixed-signal integrated circuits for broadband communications and data center, metro, and long-haul transport network applications. Our high performance radio-frequency, or RF, receiver products capture and process digital and analog broadband signals to be decoded for various applications. These products include both RF receivers and RF receiver systems-on-chip, or SoCs, which incorporate our highly integrated radio system architecture and the functionality necessary to receive and demodulate broadband signals, and physical medium devices that provide a constant current source, current-to-voltage regulation, and data alignment and retiming functionality in optical interconnect applications. Our current products receive and process RF and digital signals and enable the display of broadband video and data content in a wide range of electronic devices, including cable and terrestrial and satellite set top boxes, DOCSIS data and voice gateways, and hybrid analog and digital televisions, satellite low-noise blocker transponders or outdoor units and optical modules for data center, metro, and long-haul transport network applications.",MD&A (Item 7),Not disclosed,,0,unknown,,0,False,,"score=6,idx=8892,zone=7",2,OK,
0001288469,MXL,2015,0001288469_MXL_FY2015_10K.html,,,Not disclosed,Not disclosed,,,No,,"We are a provider of radio frequency, or RF, and mixed-signal integrated circuits for cable and satellite broadband communications, the connected home, and for data center, metro, and long-haul fiber networks. Our high performance RF receiver products capture and process digital and analog broadband signals to be decoded for various applications. These products include both RF receivers and RF receiver systems-on-chip (SoCs), which incorporate our highly integrated radio system architecture and the functionality necessary to receive and demodulate broadband signals, and physical medium devices that provide a constant current source, current-to-voltage regulation, and data alignment and retiming functionality in optical interconnect applications. Through our acquisition of Entropic Communications, Inc., or Entropic, in April of 2015, we provide semiconductor solutions for the connected home, ranging from MoCA® (Multimedia over Coax Alliance) solutions that transform how traditional HDTV broadcast and Internet Protocol- (IP) based streaming video content is seamlessly, reliably, and securely delivered, processed, and distributed into and throughout the home. Our products enable the reception, distribution and display of broadband video and data content in a wide range of electronic devices, including Pay-TV operator set-top boxes and voice and data gateways, hybrid analog and digital televisions and consumer terrestrial set-top boxes, Direct Broadcast Satellite outdoor units, and optical modules for data center, metro, and long-haul transport network applications.",MD&A (Item 7),Not disclosed,,0,unknown,,0,False,,"score=6,idx=9096,zone=10",2,OK,
0001288469,MXL,2016,0001288469_MXL_FY2016_10K.html,,,Not disclosed,Not disclosed,,,No,,Not disclosed,,Not disclosed,,0,unknown,,0,False,,"score=6,idx=9638,zone=11",2,OK,
0001288469,MXL,2017,0001288469_MXL_FY2017_10K.html,,,Not disclosed,Not disclosed,,,No,,"We are a provider of radio frequency, or RF, high-performance analog, and mixed-signal communications systems-on-chip solutions for the connected home, wired and wireless infrastructure, and industrial and multi-market applications. Our customers include electronics distributors, module makers, original equipment manufacturers, or OEMs, and original design manufacturers, or ODMs, who incorporate the Company’s products in a wide range of electronic devices including cable DOCSIS broadband modems and gateways; wireline connectivity devices for in-home networking applications; RF transceivers and modems for wireless carrier access and backhaul infrastructure; fiber-optic modules for data center, metro, and long-haul transport networks; video set-top boxes and gateways; hybrid analog and digital televisions, direct broadcast satellite outdoor and indoor units; and power management and interface products used in these and a range of other markets. We are a fabless integrated circuit design company whose products integrate all or substantial portions of a broadband communication system.",MD&A (Item 7),Not disclosed,,0,unknown,,0,False,,"score=6,idx=10990,zone=11",2,OK,
0001288469,MXL,2018,0001288469_MXL_FY2018_10K.html,,,Not disclosed,Not disclosed,,,No,,"We are a provider of radio-frequency, or RF, high-performance analog, and mixed-signal communications systems-on-chip solutions for the connected home, wired and wireless infrastructure, and industrial and multi-market applications. We are a fabless integrated circuit design company whose products integrate all or substantial portions of a broadband communication system. In most cases, these products are designed on a single silicon-die, using standard digital CMOS processes and conventional packaging technologies. We believe this enables our solutions to achieve superior power, performance, and cost advantages relative to our industry competition. Our customers include electronics distributors, module makers, original equipment manufacturers (OEMs), and original design manufacturers (ODMs), who incorporate our products in a wide range of electronic devices. Examples of such end market electronic devices incorporating our products include cable DOCSIS broadband modems and gateways; wireline connectivity devices for in-home networking applications; RF transceivers and modems for wireless carrier access and backhaul infrastructure; fiber-optic modules for data center, metro, and long-haul transport networks; video set-top boxes and gateways; hybrid analog and digital televisions, direct broadcast satellite outdoor and indoor units; and power management and interface products used in these and a range of other markets.",MD&A (Item 7),"Intangibles- Goodwill and Other—Internal-Use Software (Subtopic 350-40): Customer's Accounting for Implementation Costs Incurred in a Cloud Computing Arrangement That is a Service Contract ||| , to provide additional guidance on the accounting for costs of implementing cloud computing arrangements that are service contracts. The amendments in this update require the capitalization of implementation costs during the application development stage of such hosting arrangements and amortization of the expense over the term of the arrangement including any option to extend reasonably certain to be exercised or option to terminate reasonably certain not to be exercised. Capitalized implementation costs and amortization thereof are also required to be classified in the same line item in the statements of financial position, operations and cash flows associated with the hosting service fees. The amendments in this update will be effective for us beginning with fiscal year 2020, with early adoption permitted. We may select retrospective or prospective application to all implementation costs incurred after the adoption date. The adoption of the amendments in this update is not expected to have a material impact on our consolidated financial position and results of operations. ||| In August 2018, the FASB issued ASU No. 2018-15, Intangibles- Goodwill and Other—Internal-Use Software (Subtopic 350-40): Customer's Accounting for Implementation Costs Incurred in a Cloud Computing Arrangement That is a Service Contract , to provide additional guidance on the accounting for costs of implementing cloud computing arrangements that are service contracts. The amendments in this update require the capitalization of implementation costs during the application development stage of such hosting arrangements and amortization of the expense over the term of the arrangement including any option to extend reasonably certain to be exercised or option to terminate reasonably certain not to be exercised. Capitalized implementation costs and amortization thereof are also required to be classified in the same line item in the statements of financial position, operations and cash flows associated with the hosting service fees. The amendments in this update will be effective for us beginning with fiscal year 2020, with early adoption permitted. We may select retrospective or prospective application to all implementation costs incurred after the adoption date. The adoption of the amendments in this update is not expected to have a material impact on our consolidated financial position and results of operations.",,0,unknown,,0,False,,"score=6,idx=10596,zone=11",2,OK,
0001288469,MXL,2019,0001288469_MXL_FY2019_10K.html,,"December 31, 2019",Not disclosed,Not disclosed,,,No,,"We are a provider of radio-frequency, or RF, high-performance analog, and mixed-signal communications systems-on-chip solutions for the connected home, wired and wireless infrastructure, and industrial and multi-market applications. We are a fabless integrated circuit design company whose products integrate all or substantial portions of a broadband communication system. In most cases, these products are designed on a single silicon-die, using standard digital CMOS processes and conventional packaging technologies. We believe this enables our solutions to achieve superior power, performance, and cost advantages relative to our industry competition. Our customers include electronics distributors, module makers, original equipment manufacturers (OEMs), and original design manufacturers (ODMs), who incorporate our products in a wide range of electronic devices. Examples of such end market electronic devices incorporating our products include cable DOCSIS broadband modems and gateways; wireline connectivity devices for in-home networking applications; RF transceivers and modems for wireless carrier access and backhaul infrastructure; fiber-optic modules for data center, metro, and long-haul transport networks; video set-top boxes and gateways; hybrid analog and digital televisions, direct broadcast satellite outdoor and indoor units; and power management and interface products used in these and a range of other markets.",MD&A (Item 7),"In August 2018, the FASB issued ASU No. 2018-15, Intangibles- Goodwill and Other—Internal-Use Software (Subtopic 350-40): Customer's Accounting for Implementation Costs Incurred in a Cloud Computing Arrangement That is a Service Contract , to provide additional guidance on the accounting for costs of implementing cloud computing arrangements that are service contracts. The amendments in this update require the capitalization of implementation costs during the application development stage of such hosting arrangements and amortization of the expense over the term of the arrangement including any option to extend reasonably certain to be exercised or option to terminate reasonably certain not to be exercised. Capitalized implementation costs and amortization thereof are also required to be classified in the same line item in the statements of financial position, operations and cash flows associated with the hosting service fees. The amendments in this update will be effective for us beginning with fiscal year 2020, with early adoption permitted. Entities may select retrospective or prospective application to all implementation costs incurred after the adoption date. The adoption of the amendments in this update is not expected to have a material impact on our consolidated financial position and results of operations. ||| Intangibles- Goodwill and Other—Internal-Use Software (Subtopic 350-40): Customer's Accounting for Implementation Costs Incurred in a Cloud Computing Arrangement That is a Service Contract ||| , to provide additional guidance on the accounting for costs of implementing cloud computing arrangements that are service contracts. The amendments in this update require the capitalization of implementation costs during the application development stage of such hosting arrangements and amortization of the expense over the term of the arrangement including any option to extend reasonably certain to be exercised or option to terminate reasonably certain not to be exercised. Capitalized implementation costs and amortization thereof are also required to be classified in the same line item in the statements of financial position, operations and cash flows associated with the hosting service fees. The amendments in this update will be effective for us beginning with fiscal year 2020, with early adoption permitted. Entities may select retrospective or prospective application to all implementation costs incurred after the adoption date. The adoption of the amendments in this update is not expected to have a material impact on our consolidated financial position and results of operations.",,0,unknown,,0,False,,"score=6,idx=11029,zone=8",2,OK,
0001288469,MXL,2020,0001288469_MXL_FY2020_10K.html,,2024-05-12,Not disclosed,Not disclosed,,,No,,"We are a provider of communications systems-on-chip solutions used in broadband, mobile and wireline infrastructure, data center, and industrial and multi-market applications. We are a fabless integrated circuit design company whose products integrate all or substantial portions of a high-speed communication system, including radio frequency (RF), high-performance analog, mixed-signal, digital signal processing, security engines, data compression and networking layers, and power management. In most cases, these products are designed on a single silicon-die, using standard digital complimentary metal oxide semiconductor (CMOS) processes and conventional packaging technologies. We believe this approach enables our solutions to achieve superior power, performance, and cost relative to our industry competition. Our customers include electronics distributors, module makers, original equipment manufacturers (OEMs), and original design manufacturers (ODMs), who incorporate our products in a wide range of electronic devices. Examples of such devices include cable Data Over Cable Service Interface Specifications (DOCSIS), fiber and DSL broadband modems and gateways; Wi-Fi and wireline routers for home networking; radio transceivers and modems for 4G/5G base-station and backhaul infrastructure; fiber-optic modules for data center, metro, and long-haul transport networks; as well as power management and interface products used in these and many other markets.",MD&A (Item 7),"In August 2018, the FASB issued ASU No. 2018-15, Intangibles–Goodwill and Other—Internal-Use Software (Subtopic 350-40): Customer's Accounting for Implementation Costs Incurred in a Cloud Computing Arrangement That is a Service Contract , to provide additional guidance on the accounting for costs of implementing cloud computing arrangements that are service contracts. The amendments in this update require the capitalization of implementation costs during the application development stage of such hosting arrangements and amortization of the expense over the term of the arrangement including any option to extend reasonably certain to be exercised or option to terminate reasonably certain not to be exercised. Capitalized implementation costs and amortization thereof are also required to be classified in the same line item in the statements of financial position, operations and cash flows associated with the hosting service fees. The amendments in this update were effective for us beginning with fiscal year 2020. Entities may select retrospective or prospective application to all implementation costs incurred after the adoption date. We selected prospective application to all implementation costs incurred after the adoption date. The adoption of the amendments in this update did not have a material impact on our property and equipment, net and results of operations as of and for the year ended December 31, 2020. ||| Intangibles–Goodwill and Other—Internal-Use Software (Subtopic 350-40): Customer's Accounting for Implementation Costs Incurred in a Cloud Computing Arrangement That is a Service Contract ||| , to provide additional guidance on the accounting for costs of implementing cloud computing arrangements that are service contracts. The amendments in this update require the capitalization of implementation costs during the application development stage of such hosting arrangements and amortization of the expense over the term of the arrangement including any option to extend reasonably certain to be exercised or option to terminate reasonably certain not to be exercised. Capitalized implementation costs and amortization thereof are also required to be classified in the same line item in the statements of financial position, operations and cash flows associated with the hosting service fees. The amendments in this update were effective for us beginning with fiscal year 2020. Entities may select retrospective or prospective application to all implementation costs incurred after the adoption date. We selected prospective application to all implementation costs incurred after the adoption date. The adoption of the amendments in this update did not have a material impact on our property and equipment, net and results of operations as of and for the year ended December 31, 2020.",,0,unknown,,0,False,,"score=5,idx=8425,zone=4",2,OK,
0001288469,MXL,2021,0001288469_MXL_FY2021_10K.html,,2021-12-31,Not disclosed,Not disclosed,,,No,,"We are a provider of communications systems-on-chip solutions used in broadband, mobile and wireline infrastructure, data center, and industrial and multi-market applications. We are a fabless integrated circuit design company whose products integrate all or substantial portions of a high-speed communication system, including radio frequency (RF), high-performance analog, mixed-signal, digital signal processing, security engines, data compression and networking layers, and power management. In most cases, these products are designed on a single silicon-die, using standard digital complementary metal oxide semiconductor (CMOS) processes and conventional packaging technologies. We believe this approach enables our",MD&A (Item 7),Not disclosed,B200,1,unknown,,0,False,,"score=5,idx=8513,zone=4",2,OK,
0001288469,MXL,2022,0001288469_MXL_FY2022_10K.html,,2023-01-17,Not disclosed,Not disclosed,,,No,,"We are a provider of communications systems-on-chip, or SoC, solutions used in broadband, mobile and wireline infrastructure, data center, and industrial and multi-market applications. We are a fabless integrated circuit design company whose products integrate all or substantial portions of a high-speed communication system, including radio frequency, or RF, high-performance analog, mixed-signal, digital signal processing, security engines, data compression and networking layers, and power management. In most cases, these products are designed on a single silicon-die, using standard digital complementary metal oxide semiconductor, or CMOS, processes and conventional packaging technologies. We believe this approach enables our solutions to achieve superior power, performance, and cost relative to our industry competition. Our customers include electronics distributors, module makers, original equipment manufacturers, or OEMs, and original design manufacturers, or ODMs, who incorporate our products in a wide range of electronic devices. Examples of such devices include cable Data Over Cable Service Interface Specifications, or DOCSIS, fiber and DSL broadband modems and gateways; Wi-Fi and wireline routers for home networking; radio transceivers and modems for 4G/5G base-station and backhaul infrastructure; fiber-optic modules for data center, metro, and long-haul transport networks; as well as power management and interface products used in these and many other markets.",MD&A (Item 7),Not disclosed,,0,unknown,,0,False,,"score=5,idx=8998,zone=4",2,OK,
0001288469,MXL,2023,0001288469_MXL_FY2023_10K.html,,2023-12-31,Not disclosed,Not disclosed,,,No,,"We are a provider of communications SoCs used in broadband, mobile and wireline infrastructure, data center, and industrial and multi-market applications. We are a fabless integrated circuit design company whose products integrate all or substantial portions of a high-speed communication system, including RF, high-performance analog, mixed-signal, digital signal processing, security engines, data compression and networking layers, and power management. In most cases, these products are designed on a single silicon-die, using standard digital CMOS manufacturing processes and conventional packaging technologies. Importantly, our ability to design analog and mixed-signal circuits in CMOS allows us to efficiently combine analog functionality and complex digital signal processing logic in the same integrated circuit. As a result, we believe our solutions have exceptional levels of functional integration and performance, low manufacturing cost, and reduced power consumption versus competition. These solutions also enable shorter design cycles, significant design flexibility and low system-level cost across a range of markets.",MD&A (Item 7),Not disclosed,,0,unknown,,0,False,,"score=5,idx=8568,zone=4",2,OK,
0001288469,MXL,2024,0001288469_MXL_FY2024_10K.html,,2024-12-31,Not disclosed,Not disclosed,,,No,,"We are a provider of communications SoCs used in broadband, mobile and wireline infrastructure, data center, and industrial and multi-market applications. We are a fabless integrated circuit design company whose products integrate all or substantial portions of a high-speed communication system, including RF, high-performance analog, mixed-signal, digital signal processing, security engines, data compression and networking layers, and power management. In most cases, these products are designed on a single silicon-die, using standard digital CMOS manufacturing processes and conventional packaging technologies. Importantly, our ability to design analog and mixed-signal circuits in CMOS allows us to efficiently combine analog functionality and complex digital signal processing logic in the same integrated circuit. As a result, we believe our solutions have exceptional levels of functional integration and performance, low manufacturing cost, and reduced power consumption versus competition. These solutions also enable shorter design cycles, significant design flexibility and low system-level cost across a range of markets.",MD&A (Item 7),Not disclosed,,0,unknown,,0,False,,"score=5,idx=8464,zone=4",2,OK,
0001318605,TSLA,2013,0001318605_TSLA_FY2013_10K.html,,"December 31, 2013",equipment,"Property, plant and equipment are recognized at cost less accumulated depreciation.",,,No,,Not disclosed,,Not disclosed,,0,significant_accounting_policies,2. Summary of Significant Accounting Policies,3,False,,"score=7,idx=9012,zone=14424",417,OK,
0001318605,TSLA,2014,0001318605_TSLA_FY2014_10K.html,,"December 31, 2014",Not disclosed,Not disclosed,,,No,,Not disclosed,,Not disclosed,,0,unknown,,0,False,,"score=2,idx=394,zone=12",0,OK,
0001318605,TSLA,2015,0001318605_TSLA_FY2015_10K.html,,"December 31, 2015",Not disclosed,Not disclosed,,,No,,Not disclosed,,Not disclosed,,0,unknown,,0,False,,"score=2,idx=395,zone=12",0,OK,
0001318605,TSLA,2016,0001318605_TSLA_FY2016_10K.html,,"December 31, 2016",Not disclosed,Not disclosed,,,No,,Not disclosed,,Not disclosed,,0,unknown,,0,False,,"score=2,idx=397,zone=12",0,OK,
0001318605,TSLA,2017,0001318605_TSLA_FY2017_10K.html,,"December 31, 2017",Not disclosed,Not disclosed,,,No,,Not disclosed,,Not disclosed,,0,unknown,,0,False,,"score=2,idx=428,zone=12",0,OK,
0001318605,TSLA,2018,0001318605_TSLA_FY2018_10K.html,,"December 31, 2018",Not disclosed,Not disclosed,,,No,,Not disclosed,,Not disclosed,,0,unknown,,0,False,,"score=2,idx=430,zone=12",0,OK,
0001318605,TSLA,2019,0001318605_TSLA_FY2019_10K.html,,2019-12-31,Not disclosed,Not disclosed,,,No,,Not disclosed,,Not disclosed,,0,unknown,,0,False,,"score=2,idx=5077,zone=13",0,OK,
0001318605,TSLA,2020,0001318605_TSLA_FY2020_10K.html,,2021-01-31,equipment,Internal use software is amortized on a straight-line basis over its estimated useful life of three years.,3.0,,Unclear,"During the year ended December 31, 2018, we carried-out certain restructuring actions in order to reduce costs and improve efficiency and recognized $37 million of employee termination expenses and estimated losses from sub-leasing a certain facility. The employee termination cash expenses of $27 million were substantially paid by the end of 2018, while the remaining amounts were non-cash. Also included within restructuring and other activities was $55 million of expenses (materially all of which were non-cash) from restructuring the energy generation and storage segment, which comprised of disposals of certain tangible assets, the shortening of the useful life of a trade name intangible asset and a contract termination penalty. In addition, we concluded that a small portion of the IPR&D asset is not commercially feasible. Consequently, we recognized an impairment loss of $13 million. We recognized settlement and legal expenses of $30 million in the year ended December 31, 2018 for the settlement with the SEC relating to a take-private proposal for Tesla. These expenses were substantially paid by the end of 2018.",Not disclosed,,"In August 2018, the FASB issued ASU No. 2018-15, Customer’s Accounting for Implementation Costs Incurred in a Cloud Computing Arrangement that Is a Service Contract. The ASU aligns the requirements for capitalizing implementation costs incurred in a hosting arrangement that is a service contract with the requirements for capitalizing implementation costs incurred to develop or obtain internal-use software (and hosting arrangements that include an internal-use software license). We adopted the ASU prospectively on January 1, 2020. The ASU did not have a material impact on our consolidated financial statements.",,0,significant_accounting_policies,Note 2 – Summary of Significant Accounting Policies,3,False,,"score=7,idx=10564,zone=31748",1254,OK,
0001318605,TSLA,2021,0001318605_TSLA_FY2021_10K.html,,2022-03-31,capitalized software,"We evaluate the useful lives of these assets on an annual basis, and we test for impairment whenever events or changes in circumstances occur that could impact the recoverability of these assets. For the years ended December 31, 2021, 2020, and 2019, we have recognized no material impairments of capitalized software costs.",,,Not disclosed,,Not disclosed,,Not disclosed,,0,significant_accounting_policies,Note 2 – Summary of Significant Accounting Policies,3,False,,"score=7,idx=11142,zone=30338",1131,ERROR,'<' not supported between instances of 'NoneType' and 'float'
0001318605,TSLA,2022,0001318605_TSLA_FY2022_10K.html,,2023-01-31,capitalized software,"We evaluate the useful lives of these assets on an annual basis, and we test for impairment whenever events or changes in circumstances occur that could impact the recoverability of these assets. For the years ended December 31, 2022, 2021, and 2020, we have recognized no impairments of capitalized software costs.",,,Not disclosed,,Not disclosed,,Not disclosed,,0,significant_accounting_policies,Note 2 – Summary of Significant Accounting Policies,3,False,,"score=7,idx=10483,zone=28213",992,ERROR,'<' not supported between instances of 'NoneType' and 'float'
0001318605,TSLA,2023,0001318605_TSLA_FY2023_10K.html,,2023-12-31,capitalized software,"We evaluate the useful lives of these assets on an annual basis, and we test for impairment whenever events or changes in circumstances occur that could impact the recoverability of these assets. For the years ended December 31, 2023, 2022, and 2021, we have recognized no impairments of capitalized software costs.",,,No,,"We have entered into various operating and finance lease agreements for certain of our offices, manufacturing and warehouse facilities, retail and service locations, data centers, equipment, vehicles, and solar energy systems, worldwide. We determine if an arrangement is a lease, or contains a lease, at inception and record the leases in our financial statements upon lease commencement, which is the date when the underlying asset is made available for use by the lessor.",Item 8,Not disclosed,,0,significant_accounting_policies,Note 2 – Summary of Significant Accounting Policies,3,False,,"score=5,idx=7332,zone=10731",668,OK,
0001318605,TSLA,2024,0001318605_TSLA_FY2024_10K.html,,2025-01-08,Not disclosed,Leasehold improvements are depreciated on a straight-line basis over their estimated useful lives. AI infrastructure includes our owned data centers.,,,No,,Leasehold improvements are depreciated on a straight-line basis over their estimated useful lives. AI infrastructure includes our owned data centers.,Item 8,Not disclosed,,0,significant_accounting_policies,Note 2 – Summary of Significant Accounting Policies,3,False,,"score=5,idx=7414,zone=10942",638,OK,
0001374310,CBOE,2013,0001374310_CBOE_FY2013_10K.html,,"December 31, 2013",Not disclosed,—Prepaid expenses primarily consist of prepaid software maintenance and licensing expenses which are amortized over the respective periods.,,,No,,"in the comparable period in the prior year, resulting from the introduction of a network access option offered in connection with the Company's data center move to New Jersey in December 2012.",MD&A (Item 7),Not disclosed,,0,significant_accounting_policies,1. SUMMARY OF SIGNIFICANT ACCOUNTING POLICIES,3,False,,"score=4,idx=13539,zone=10848",513,OK,
0001374310,CBOE,2014,0001374310_CBOE_FY2014_10K.html,,"December 31, 2014",Not disclosed,—Prepaid expenses primarily consist of prepaid software maintenance and licensing expenses which are amortized over the respective periods.,,,No,,"in the comparable period in the prior year, resulting from the introduction of a network access option offered in connection with the Company's data center move to New Jersey in December 2012.",MD&A (Item 7),Not disclosed,,0,significant_accounting_policies,1. SUMMARY OF SIGNIFICANT ACCOUNTING POLICIES,3,False,,"score=4,idx=13314,zone=10759",506,OK,
0001374310,CBOE,2015,0001374310_CBOE_FY2015_10K.html,,"December 31, 2015","furniture, equipment",The retired furniture and equipment and data processing software had a gross cost and accumulated depreciation of,,,No,,"The Company currently leases additional office space, a data center and remote network operations center, with lease terms remaining from",Item 8,Not disclosed,,0,significant_accounting_policies,1. SUMMARY OF SIGNIFICANT ACCOUNTING POLICIES,3,False,,"score=4,idx=13319,zone=11592",567,OK,
0001374310,CBOE,2016,0001374310_CBOE_FY2016_10K.html,,"December 31, 2016",Not disclosed,—Prepaid expenses primarily consist of prepaid software maintenance and licensing expenses which are amortized over the respective periods.,,,No,,"The Company currently leases additional office space, a data center and remote network operations center, with lease terms remaining from",Item 8,Not disclosed,,0,significant_accounting_policies,1. SUMMARY OF SIGNIFICANT ACCOUNTING POLICIES,3,True,3.0-10.0 ans | 5.0 ans,"score=4,idx=13877,zone=13458",685,OK,
0001374310,CBOE,2017,0001374310_CBOE_FY2017_10K.html,,"December 31, 2017","Equipment, Furniture","(9) Property and Equipment, Net Property and equipment consisted of the following as of December 31, 2017 and 2016 (in millions): December 31, December 31, 2017 2016 Construction in progress $ 5.9 $ 0.2 Building 77.4 77.0 Furniture and Equipment 139.7 138.8 Total property and equipment 223.0 216.0 Less accumulated depreciation (149.1) (160.1) Property and equipment, net $ 73.9 $ 55.9 Depreciation expense using the straight-line method was $31.3 million, $24.0 million and $46.1 million for the years ended December 31, 2017, 2016 and 2015, respectively. (10) Other Assets, Net Other assets, net consisted of the following as of December 31, 2017 and 2016 (in millions): December 31, December 31, 2017 2016 Software development work in progress $ 10.2 $ 12.3 Data processing software 220.0 222.6 Less accumulated depreciation and amortization (189.6) (172.0) Data processing software, net 40.6 62.9 Other assets (1) 18.9 9.8 Data processing software and other assets, net $ 59.5 $ 72.7 (1) At December 31, 2016, other assets included $6.2 million of deferred financing costs and $3.5 million of deferred tax assets. Amortization expense related to data processing software was $17.9 million, $18.7 million, and $0.0 million for the years ended December 31, 2017, 2016, and 2015.",,,No,,"The Company currently leases office space, data centers and remote network operations centers, with lease terms remaining ranging from three months to one hundred months as of December 31, 2017. Total rent expense related to these lease obligations, reflected in technology support services and facilities costs line items on the consolidated statements of income, for the years ended December 31, 2017, 2016, and 2015 were $7.6 million, $4.4 million and $4.1 million, respectively.",Item 8,Not disclosed,,0,item_8_other,,1,False,,"score=4,idx=30076,zone=26788",695,OK,
0001374310,CBOE,2018,0001374310_CBOE_FY2018_10K.html,,"December 31, 2018",Not disclosed,Not disclosed,,,No,,"The Company currently leases office space, data centers and remote network operations centers, with lease terms remaining ranging from three months to one hundred months as of December 31, 2018. Total rent expense related to these lease obligations, reflected in technology support services and facilities costs line items on the consolidated statements of income, for the years ended December 31, 2018, 2017, and 2016 were $10.1 million, $7.6 million and $4.4 million, respectively.",Item 8,Not disclosed,,0,unknown,,0,False,,"score=4,idx=32154,zone=27319",662,OK,
0001374310,CBOE,2019,0001374310_CBOE_FY2019_10K.html,,"December 31, 2019",Not disclosed,"The Company currently leases office space, data centers and remote network operations centers under non-cancelable operating leases with third parties as of December 31, 2019. Leases with an initial term of 12 months or less are not recorded on the balance sheet and the Company recognizes lease expense for these leases on a straight-line basis over the lease term. Certain leases include one or more options to renew, with renewal terms that can extend the lease term from one to five years or more, and some of which include the Company’s option to terminate the leases within one year. As the implicit rate in the Company’s leases are generally not reasonably determinable, the Company applies an incremental borrowing rate based on the information available at the lease commencement date in determining the present value of lease payments. The Company applied an incremental borrowing rate as of January 1, 2019 for operating leases that commenced prior to that date. During the year ended December 31, 2019, an additional $22.1 million of right of use assets and lease liabilities were added related to new and modified operating leases.",1.0,5.0,Not disclosed,,Not disclosed,,Not disclosed,,0,ppe_note,25. LEASES,3,False,,"score=6,idx=22414,zone=26066",628,ERROR,'<' not supported between instances of 'float' and 'NoneType'
0001374310,CBOE,2020,0001374310_CBOE_FY2020_10K.html,,"December 31, 2020",equipment,"Property and equipment, net is stated at cost less accumulated depreciation.",3.0,7.0,No,,"The Company currently leases office space, data centers, remote network operations centers, and equipment under non-cancelable operating leases with third parties as of December 31, 2020. During the year ended December 31, 2020, an additional $68.9 million of right of use assets and $96.3 million of lease liabilities were added related to new operating leases and modified operating leases.",Item 8,Not disclosed,,0,significant_accounting_policies,2. SUMMARY OF SIGNIFICANT ACCOUNTING POLICIES,3,False,,"score=6,idx=28721,zone=31525",954,OK,
0001374310,CBOE,2021,0001374310_CBOE_FY2021_10K.html,,2022-12-31,equipment,"Property and equipment, net is stated at cost less accumulated depreciation.",3.0,7.0,No,,"The Company currently leases office space, data centers, remote network operations centers, and equipment under non-cancelable operating leases with third parties as of December 31, 2021. Certain leases include one or more options to renew , with renewal terms that can extend the lease term from one to five years or more, and some of which include the Company’s option to terminate the leases within one year . During the year ended December 31, 2021, $14.1 million of right of use assets and $14.1 million of lease liabilities were added related to new operating leases, including the addition of $0.9 million of right of use assets and lease liabilities related to acquisitions.",Item 8,Not disclosed,,0,significant_accounting_policies,2. SUMMARY OF SIGNIFICANT ACCOUNTING POLICIES,3,False,,"score=6,idx=25155,zone=30809",947,OK,
0001374310,CBOE,2022,0001374310_CBOE_FY2022_10K.html,,2023-12-31,equipment,"Property and equipment, net is stated at cost less accumulated depreciation.",3.0,7.0,No,,"The Company currently leases office space, data centers, remote network operations centers, and equipment under non-cancelable operating leases with third parties as of December 31, 2022. Certain leases include one or more options to renew , with renewal terms that can extend the lease term from one to five years or more, and some of which include the Company’s option to terminate the leases within one year . During the year ended December 31, 2022, $24.4 million of",Item 8,"Technology support services costs increased for the year ended December 31, 2022 compared to the year ended December 31, 2021, primarily due to increases in technology support services, including software maintenance support service fees, software licenses and subscriptions, cloud services, and hardware maintenance, partially offset by a decrease in purchased hardware and equipment and purchased software.",,0,significant_accounting_policies,2. SUMMARY OF SIGNIFICANT ACCOUNTING POLICIES,3,False,,"score=6,idx=27227,zone=35100",1049,OK,
0001374310,CBOE,2023,0001374310_CBOE_FY2023_10K.html,,2024-12-31,equipment,"Property and equipment, net is stated at cost less accumulated depreciation.",3.0,7.0,No,,"The Company currently leases office space, data centers, remote network operations centers, and equipment under non-cancelable operating leases with third parties as of December 31, 2023. Certain leases include one or more options to renew , with renewal terms that can extend the lease term from one to five years or more, and some of which include the Company’s option to terminate the leases within one year . During the year ended December 31, 2023, $44.5 million of right of use assets and $44.5 million of lease liabilities were added related to new operating leases and existing lease extensions.",Item 8,"Technology support services costs increased for the year ended December 31, 2023 compared to the year ended December 31, 2022 primarily due to increases in purchased hardware, software maintenance, hardware maintenance, primary data center hosting expenses, cloud services, and market data technology support services, due in part to the acquisitions of Cboe Digital and Cboe Canada, and the Cboe Asia Pacific technology migrations, which was completed in 2023.",,0,significant_accounting_policies,2. SUMMARY OF SIGNIFICANT ACCOUNTING POLICIES,3,False,,"score=6,idx=28337,zone=35640",1061,OK,
0001374310,CBOE,2024,0001374310_CBOE_FY2024_10K.html,,2025-02-19,equipment,"Property and equipment, net is stated at cost less accumulated depreciation.",3.0,7.0,No,,"The Company currently leases office space, data centers, remote network operations centers, and equipment under non-cancelable operating leases with third parties as of December 31, 2024. Certain leases include one or more options to renew, with renewal terms that can extend the lease term from one to five years or more, and some of which include the Company’s option to terminate the leases within one year. During the year ended December 31, 2024, $26.7 million of right of use assets and $26.7 million of lease liabilities were added related to new operating leases and existing lease extensions.",Item 8,"Technology support services costs increased for the year ended December 31, 2024 compared to the year ended December 31, 2023 primarily due to increases in software maintenance, cloud services, market data technology support services, primary data center hosting expenses, and software licenses and subscriptions, partially offset by decreases in purchased hardware and hardware maintenance.",,0,significant_accounting_policies,2. SUMMARY OF SIGNIFICANT ACCOUNTING POLICIES,3,False,,"score=2,idx=17922,zone=16063",859,OK,
0001386278,GDOT,2013,0001386278_GDOT_FY2013_10K.html,,,equipment,"We carry our property and equipment at cost less accumulated depreciation and amortization. We generally compute depreciation on property and equipment using the straight-line method over the estimated useful lives of the assets, except for internal-use software in development and land, which are not depreciated.",,,Not disclosed,,Not disclosed,,Not disclosed,,0,significant_accounting_policies,Note 2—Summary of Significant Accounting Policies (continued),3,False,,"score=7,idx=15161,zone=20353",676,ERROR,'<' not supported between instances of 'NoneType' and 'float'
0001386278,GDOT,2014,0001386278_GDOT_FY2014_10K.html,,,"Computer equipment, furniture and office equipment","Land N/A Building 30 years Computer equipment, furniture and office equipment 3-4 years Computer software purchased 3 years Capitalized internal-use software 2 years Tenant improvements Shorter of the useful life or the lease term",3.0,4.0,Not disclosed,,Not disclosed,,Not disclosed,,0,significant_accounting_policies,Note 24—Subsequent Event,3,False,,"score=7,idx=14597,zone=21021",792,ERROR,'<' not supported between instances of 'NoneType' and 'float'
0001386278,GDOT,2015,0001386278_GDOT_FY2015_10K.html,,,"Computer equipment, furniture and office equipment","Land N/A Building 30 years Computer equipment, furniture and office equipment 3-4 years Computer software purchased 3 years Capitalized internal-use software 2-7 years Tenant improvements Shorter of the useful life or the lease term",3.0,4.0,Not disclosed,,Not disclosed,,Not disclosed,,0,significant_accounting_policies,Note 23—Segment Information (continued),3,False,,"score=7,idx=15275,zone=22067",856,ERROR,'<' not supported between instances of 'NoneType' and 'float'
0001386278,GDOT,2016,0001386278_GDOT_FY2016_10K.html,,,"Computer equipment, furniture and office equipment","Land N/A Building 30 years Computer equipment, furniture and office equipment 3-10 years Computer software purchased 3 years Capitalized internal-use software 2-7 years Tenant improvements Shorter of the useful life or the lease term",3.0,10.0,Not disclosed,,Not disclosed,,Not disclosed,,0,significant_accounting_policies,Note 24—Subsequent Events,3,False,,"score=7,idx=15641,zone=21682",821,ERROR,'<' not supported between instances of 'NoneType' and 'float'
0001386278,GDOT,2017,0001386278_GDOT_FY2017_10K.html,,,"Computer equipment, furniture and office equipment","Land N/A Building 30 years Computer equipment, furniture and office equipment 3-10 years Computer software purchased 3 years Capitalized internal-use software 2-7 years Tenant improvements Shorter of the useful life or the lease term",3.0,10.0,Not disclosed,,Not disclosed,,Not disclosed,,0,significant_accounting_policies,Note 23—Segment Information (continued),3,False,,"score=7,idx=14601,zone=22169",832,ERROR,'<' not supported between instances of 'NoneType' and 'float'
0001386278,GDOT,2018,0001386278_GDOT_FY2018_10K.html,,,"Computer equipment, furniture and office equipment","Land N/A Building 30 years Computer equipment, furniture and office equipment 3-10 years Computer software purchased 3 years Capitalized internal-use software 3-7 years Tenant improvements Shorter of the useful life or the lease term",3.0,10.0,Not disclosed,,Not disclosed,,Not disclosed,,0,significant_accounting_policies,Note 24—Segment Information (continued),3,False,,"score=7,idx=14102,zone=21754",841,ERROR,'<' not supported between instances of 'NoneType' and 'float'
0001386278,GDOT,2019,0001386278_GDOT_FY2019_10K.html,,"December 31, 2019","Computer equipment, furniture and office equipment","Land N/A Building 30 years Computer equipment, furniture and office equipment 3-10 years Computer software purchased 3 years Capitalized internal-use software 3-7 years Tenant improvements Shorter of the useful life or the lease term",3.0,10.0,Not disclosed,,Not disclosed,,Not disclosed,,0,significant_accounting_policies,Note 2—Summary of Significant Accounting Policies (continued),3,False,,"score=7,idx=17222,zone=21995",806,ERROR,'<' not supported between instances of 'NoneType' and 'float'
0001386278,GDOT,2020,0001386278_GDOT_FY2020_10K.html,,2020-12-31,"Computer equipment, furniture and office equipment","Land N/A Building 30 years Computer equipment, furniture and office equipment 3-10 years Computer software purchased 3 years Capitalized internal-use software 3-7 years Tenant improvements Shorter of the useful life or the lease term",3.0,10.0,Not disclosed,,Not disclosed,,Not disclosed,,0,significant_accounting_policies,Note 2—Summary of Significant Accounting Policies (continued),3,False,,"score=5,idx=9329,zone=11199",639,ERROR,'<' not supported between instances of 'NoneType' and 'float'
0001386278,GDOT,2021,0001386278_GDOT_FY2021_10K.html,,2021-12-31,"Computer equipment, furniture and office equipment","Land N/A Building 30 years Computer equipment, furniture and office equipment 3-10 years Computer software purchased 3 years Capitalized internal-use software 3-7 years Tenant improvements Shorter of the useful life or the lease term",3.0,10.0,Not disclosed,,Not disclosed,,Not disclosed,,0,significant_accounting_policies,Note 2—Summary of Significant Accounting Policies (continued),3,False,,"score=5,idx=11415,zone=11387",658,ERROR,'<' not supported between instances of 'NoneType' and 'float'
0001386278,GDOT,2022,0001386278_GDOT_FY2022_10K.html,,2022-12-31,"Computer equipment, furniture and office equipment","Land N/A Building 30 years Computer equipment, furniture and office equipment 3-10 years Computer software purchased 3 years Capitalized internal-use software 3-7 years Tenant improvements Shorter of the useful life or the lease term",3.0,10.0,Not disclosed,,Not disclosed,,Not disclosed,,0,significant_accounting_policies,Note 2—Summary of Significant Accounting Policies (continued),3,False,,"score=5,idx=11585,zone=11282",628,ERROR,'<' not supported between instances of 'NoneType' and 'float'
0001386278,GDOT,2023,0001386278_GDOT_FY2023_10K.html,,2024-03-31,"Computer equipment, furniture and office equipment","Land N/A Building 30 years Computer equipment, furniture and office equipment 3-10 years Computer software purchased 3 years Capitalized internal-use software 3-7 years Tenant improvements Shorter of the useful life or the lease term",3.0,10.0,Not disclosed,,Not disclosed,,Not disclosed,,0,significant_accounting_policies,Note 2—Summary of Significant Accounting Policies (continued),3,False,,"score=5,idx=11429,zone=11156",642,ERROR,'<' not supported between instances of 'NoneType' and 'float'
0001386278,GDOT,2024,0001386278_GDOT_FY2024_10K.html,,2029-03-15,"Computer equipment, furniture and office equipment","Building 30 years Computer equipment, furniture and office equipment 3-10 years Computer software purchased 3 years Capitalized internal-use software 3-7 years Tenant improvements Shorter of the useful life or the lease term",3.0,10.0,Not disclosed,,Not disclosed,,Not disclosed,,0,significant_accounting_policies,Note 2—Summary of Significant Accounting Policies (continued),3,False,,"score=5,idx=11481,zone=12416",686,ERROR,'<' not supported between instances of 'NoneType' and 'float'
0001387467,AOSL,2013,0001387467_AOSL_FY2013_10K.html,,,Not disclosed,Not disclosed,,,No,,Not disclosed,,Not disclosed,NVIDIA,1,unknown,,0,False,,"score=3,idx=10939,zone=782",12,OK,
0001387467,AOSL,2014,0001387467_AOSL_FY2014_10K.html,,,Not disclosed,Not disclosed,,,No,,Not disclosed,,Not disclosed,,0,unknown,,0,False,,"score=3,idx=10466,zone=823",11,OK,
0001387467,AOSL,2015,0001387467_AOSL_FY2015_10K.html,,,Not disclosed,Not disclosed,,,No,,Not disclosed,,"Since the beginning of calendar year 2013, we have experienced a significant global decline in the PC markets due to continued growth of demand in tablets and smart phones, worldwide economic conditions and the industry inventory correction which had and may continue to have a material negative impact on the demand for our products, revenue, factory utilization, gross margin, our ability to resell excess inventory, and other performance measures. In response to this trend, we have been and are continuing to execute our strategies to diversify our product portfolio, penetrate into other market segments, including the consumer, communications and industrial markets, improve gross margin and profit by implementing cost control measures. We are making progress in reducing our reliance on the computing market, and we are also committed to continue to support our computing business and capitalize on the opportunity with a more focused and competitive PC product strategy. However, as we develop and sell new products that serve more diversified markets, we expect that sales based on the PC markets, as a percentage of the total revenue, will continue to decline. If the rate of decline in the PC markets is faster than we expected, or if we cannot successfully diversify or introduce new products to keep pace with the declining PC markets, we may not be able to alleviate its negative impact, which will adversely affect our results of operations.",,0,unknown,,0,False,,"score=3,idx=10179,zone=819",11,OK,
0001387467,AOSL,2016,0001387467_AOSL_FY2016_10K.html,,,Not disclosed,Not disclosed,,,No,,Not disclosed,,"We have experienced a significant global decline in the PC markets due to continued growth of demand in tablets and smart phones, worldwide economic conditions and the industry inventory correction which had and may continue to have a material negative impact on the demand for our products, revenue, factory utilization, gross margin, our ability to resell excess inventory, and other performance measures. In response to this trend, we have been and are continuing to execute our strategies to diversify our product portfolio, penetrate into other market segments, including the consumer, communications and industrial markets, improve gross margin and profit by implementing cost control measures. We are making progress in reducing our reliance on the computing market, and we are also committed to continue to support our computing business and capitalize on the opportunity with a more focused and competitive PC product strategy. However, as we develop and sell new products that serve more diversified markets, we expect that sales based on the PC markets, as a percentage of the total revenue, will continue to decline. If the rate of decline in the PC markets is faster than we expected, or if we cannot successfully diversify or introduce new products to keep pace with the declining PC markets, we may not be able to alleviate its negative impact, which will adversely affect our results of operations.",,0,unknown,,0,False,,"score=3,idx=11009,zone=1345",19,OK,
0001387467,AOSL,2017,0001387467_AOSL_FY2017_10K.html,,,Not disclosed,Not disclosed,,,No,,Not disclosed,,"reliance on the computing market, we continue to support our computing business and capitalize on the opportunity with a more focused and competitive PC product strategy. As we develop and sell new products that serve more diversified markets, we expect sales based on the PC market, as a percentage of the total revenue to decline. If the rate of decline in the PC markets is faster than we expected, or if we cannot successfully diversify or introduce new products to keep pace with the declining PC markets, we may not be able to alleviate its negative impact on our results of operations.",,0,unknown,,0,False,,"score=3,idx=11296,zone=1294",17,OK,
0001387467,AOSL,2018,0001387467_AOSL_FY2018_10K.html,,,Not disclosed,Not disclosed,,,No,,Not disclosed,,", respectively. In the past, we have experienced a significant global decline in the PC markets due to continued growth of demand in tablets and smart phones, worldwide economic conditions and the industry inventory correction which had and may continue to have a material negative impact on the demand for our products, revenue, factory utilization, gross margin, our ability to resell excess inventory, and other performance measures. We have executed and continue to execute strategies to diversify our product portfolio, penetrate into other market segments, including the consumer, communications and industrial markets, and improve gross margins and profit by implementing cost control measures. While making progress in reducing our reliance on the computing market, we continue to support our computing business and capitalize on the opportunities in this market with a more focused and competitive PC product strategy. ||| The global, regional economic and PC market conditions : Because our products primarily serve consumer electronic applications, a deterioration of the global and regional economic conditions could materially affect our revenue and results of operations. For example, because a significant amount of our revenue is derived from sales of products in the personal computing (""PC"") markets, such as notebooks, motherboards and notebook battery packs, a significant decline or downturn in the PC market can have a material adverse effect on our revenue and results of operations. Our revenue from the PC markets accounted for approximately 41.6% , 39.1% and 38.5% of our total revenue for the years ended June 30, 2018 , 2017 and 2016 , respectively. In the past, we have experienced a significant global decline in the PC markets due to continued growth of demand in tablets and smart phones, worldwide economic conditions and the industry inventory correction which had and may continue to have a material negative impact on the demand for our products, revenue, factory utilization, gross margin, our ability to resell excess inventory, and other performance measures. We have executed and continue to execute strategies to diversify our product portfolio, penetrate into other market segments, including the consumer, communications and industrial markets, and improve gross margins and profit by implementing cost control measures. While making progress in reducing our reliance on the computing market, we continue to support our computing business and capitalize on the opportunities in this market with a more focused and competitive PC product strategy.",,0,unknown,,0,False,,"score=3,idx=11934,zone=1303",15,OK,
0001387467,AOSL,2019,0001387467_AOSL_FY2019_10K.html,,,Not disclosed,Not disclosed,,,No,,Not disclosed,,", respectively. In the past, we have experienced a significant global decline in the PC markets due to continued growth of demand in tablets and smart phones, worldwide economic conditions and the industry inventory correction which had and may continue to have a material negative impact on the demand for our products, revenue, factory utilization, gross margin, our ability to resell excess inventory, and other performance measures. We have executed and continue to execute strategies to diversify our product portfolio, penetrate other market segments, including the consumer, communications and industrial markets, and improve gross margins and profit by implementing cost control measures. While making efforts in reducing our reliance on the computing market, we continue to support our computing business and capitalize on the opportunities in this market with a more focused and competitive PC product strategy. ||| The global, regional economic and PC market conditions : Because our products primarily serve consumer electronic applications, a deterioration of the global and regional economic conditions could materially affect our revenue and results of operations. For example, because a significant amount of our revenue is derived from sales of products in the personal computing (""PC"") markets, such as notebooks, motherboards and notebook battery packs, a significant decline or downturn in the PC market can have a material adverse effect on our revenue and results of operations. Our revenue from the PC markets accounted for approximately 45.9% , 41.6% and 39.1% of our total revenue for the years ended June 30, 2019 , 2018 and 2017 , respectively. In the past, we have experienced a significant global decline in the PC markets due to continued growth of demand in tablets and smart phones, worldwide economic conditions and the industry inventory correction which had and may continue to have a material negative impact on the demand for our products, revenue, factory utilization, gross margin, our ability to resell excess inventory, and other performance measures. We have executed and continue to execute strategies to diversify our product portfolio, penetrate other market segments, including the consumer, communications and industrial markets, and improve gross margins and profit by implementing cost control measures. While making efforts in reducing our reliance on the computing market, we continue to support our computing business and capitalize on the opportunities in this market with a more focused and competitive PC product strategy.",,0,unknown,,0,False,,"score=3,idx=11125,zone=1290",17,OK,
0001387467,AOSL,2020,0001387467_AOSL_FY2020_10K.html,,"June 30, 2020",Not disclosed,Not disclosed,,,No,,Not disclosed,,"The global, regional economic and PC market conditions : Because our products primarily serve consumer electronic applications, a deterioration of the global and regional economic conditions could materially affect our revenue and results of operations. For example, because a significant amount of our revenue is derived from sales of products in the personal computing (""PC"") markets, such as notebooks, motherboards and notebook battery packs, a significant decline or downturn in the PC market can have a material adverse effect on our revenue and results of operations. Our revenue from the PC markets accounted for approximately 41.1% , 45.9% and 41.6% of our total revenue for the years ended June 30, 2020 , 2019 and 2018 , respectively. The PC markets have experienced a modest global decline in recent years due to continued growth of demand in tablets and smart phones, worldwide economic conditions and the industry inventory correction which had and may continue to have a material impact on the demand for our products. While recently we have experienced an increase of demand in PC market due to the impact of the COVID-19 pandemic, we cannot predict whether and how long this trend will continue. A decline of the PC market may have negative impact on our revenue, factory utilization, gross margin, our ability to resell excess inventory, and other performance measures. We have executed and continue to execute strategies to diversify our product portfolio, penetrate other market segments, including the consumer, communications and industrial markets, and improve gross margins and profit by implementing cost control measures. While making efforts to reduce our reliance on the computing market, we continue to support our computing business and capitalize on the opportunities in this market with a more focused and competitive PC product strategy to gain market share. ||| , respectively. The PC markets have experienced a modest global decline in recent years due to continued growth of demand in tablets and smart phones, worldwide economic conditions and the industry inventory correction which had and may continue to have a material impact on the demand for our products. While recently we have experienced an increase of demand in PC market due to the impact of the COVID-19 pandemic, we cannot predict whether and how long this trend will continue. A decline of the PC market may have negative impact on our revenue, factory utilization, gross margin, our ability to resell excess inventory, and other performance measures. We have executed and continue to execute strategies to diversify our product portfolio, penetrate other market segments, including the consumer, communications and industrial markets, and improve gross margins and profit by implementing cost control measures. While making efforts to reduce our reliance on the computing market, we continue to support our computing business and capitalize on the opportunities in this market with a more focused and competitive PC product strategy to gain market share.",,0,unknown,,0,False,,"score=3,idx=13788,zone=1278",14,OK,
0001387467,AOSL,2021,0001387467_AOSL_FY2021_10K.html,,2021-08-18,Not disclosed,Not disclosed,,,No,,Not disclosed,,"The global, regional economic and PC market conditions: Because our products primarily serve consumer electronic applications, any significant change in global and regional economic conditions could materially affect our revenue and results of operations. For example, because a significant amount of our revenue is derived from sales of products in the personal computing (""PC"") markets, such as notebooks, motherboards and notebook battery packs, a substantial decline or downturn in the PC market could have a material adverse effect on our revenue and results of operations. The PC markets have experienced a modest global decline in recent years due to continued growth of demand in tablets and smart phones, worldwide economic conditions and the industry inventory correction which had and may continue to have a material impact on the demand for our products. However, we recently have experienced a significant increase of demand in PC market due to the impact of the COVID-19 pandemic and resulting shift in market trend and consumer behaviors. We cannot predict whether and how long this trend will continue due to the uncertainty and unpredictability of COVID-19 pandemic. A decline of the PC market may have a negative impact on our revenue, factory utilization, gross margin, our ability to resell excess inventory, and other performance measures. We have executed and continue to execute strategies to diversify our product portfolio, penetrate other market segments, including the consumer, communications and industrial markets, and improve gross margins and profit by implementing cost control measures. While making efforts to reduce our reliance on the computing market, we continue to support our computing business and capitalize on the opportunities in this market with a more focused and competitive PC product strategy to gain market share. ||| Because our products primarily serve consumer electronic applications, any significant change in global and regional economic conditions could materially affect our revenue and results of operations. For example, because a significant amount of our revenue is derived from sales of products in the personal computing (""PC"") markets, such as notebooks, motherboards and notebook battery packs, a substantial decline or downturn in the PC market could have a material adverse effect on our revenue and results of operations. The PC markets have experienced a modest global decline in recent years due to continued growth of demand in tablets and smart phones, worldwide economic conditions and the industry inventory correction which had and may continue to have a material impact on the demand for our products. However, we recently have experienced a significant increase of demand in PC market due to the impact of the COVID-19 pandemic and resulting shift in market trend and consumer behaviors. We cannot predict whether and how long this trend will continue due to the uncertainty and unpredictability of COVID-19 pandemic. A decline of the PC market may have a negative impact on our revenue, factory utilization, gross margin, our ability to resell excess inventory, and other performance measures. We have executed and continue to execute strategies to diversify our product portfolio, penetrate other market segments, including the consumer, communications and industrial markets, and improve gross margins and profit by implementing cost control measures. While making efforts to reduce our reliance on the computing market, we continue to support our computing business and capitalize on the opportunities in this market with a more focused and competitive PC product strategy to gain market share.",,0,unknown,,0,False,,"score=2,idx=9991,zone=669",14,OK,
0001387467,AOSL,2022,0001387467_AOSL_FY2022_10K.html,,2022-06-30,Not disclosed,Not disclosed,,,No,,Not disclosed,,"The global, regional economic and PC market conditions : Because our products primarily serve consumer electronic applications, any significant change in global and regional economic conditions could materially affect our revenue and results of operations. A significant amount of our revenue is derived from sales of products in the PC markets, such as notebooks, motherboards and notebook battery packs, therefore a substantial decline or downturn in the PC market could have a material adverse effect on our revenue and results of operations. The PC markets have experienced a modest global decline in recent years due to continued growth of demand in tablets and smart phones, worldwide economic conditions and the industry inventory correction which had and may continue to have a material impact on the demand for our products. However, we recently have experienced a significant increase of demand in PC market due to the impact of the COVID-19 pandemic and resulting shift in market trend and consumer behaviors. We cannot predict whether and how long this trend will continue due to the uncertainty and unpredictability of COVID-19 pandemic. A decline of the PC market may have a negative impact on our revenue, factory utilization, gross margin, our ability to resell excess inventory, and other performance measures. We have executed and continue to execute strategies to diversify our product portfolio, penetrate other market segments, including the consumer, communications and industrial markets, and improve gross margins and profit by implementing cost control measures. While making efforts to reduce our reliance on the computing market, we continue to support our computing business and capitalize on the opportunities in this market with a more focused and competitive PC product strategy to gain market share. ||| : Because our products primarily serve consumer electronic applications, any significant change in global and regional economic conditions could materially affect our revenue and results of operations. A significant amount of our revenue is derived from sales of products in the PC markets, such as notebooks, motherboards and notebook battery packs, therefore a substantial decline or downturn in the PC market could have a material adverse effect on our revenue and results of operations. The PC markets have experienced a modest global decline in recent years due to continued growth of demand in tablets and smart phones, worldwide economic conditions and the industry inventory correction which had and may continue to have a material impact on the demand for our products. However, we recently have experienced a significant increase of demand in PC market due to the impact of the COVID-19 pandemic and resulting shift in market trend and consumer behaviors. We cannot predict whether and how long this trend will continue due to the uncertainty and unpredictability of COVID-19 pandemic. A decline of the PC market may have a negative impact on our revenue, factory utilization, gross margin, our ability to resell excess inventory, and other performance measures. We have executed and continue to execute strategies to diversify our product portfolio, penetrate other market segments, including the consumer, communications and industrial markets, and improve gross margins and profit by implementing cost control measures. While making efforts to reduce our reliance on the computing market, we continue to support our computing business and capitalize on the opportunities in this market with a more focused and competitive PC product strategy to gain market share.",,0,unknown,,0,False,,"score=2,idx=9249,zone=11",2,OK,
0001387467,AOSL,2023,0001387467_AOSL_FY2023_10K.html,,2023-07-31,Not disclosed,Not disclosed,,,No,,Not disclosed,,"A decline of the PC market may have a negative impact on our revenue, factory utilization, gross margin, our ability to resell excess inventory, and other performance measures. We have executed and continue to execute strategies to diversify our product portfolio, penetrate other market segments, including the consumer, communications and industrial markets, and improve gross margins and profit by implementing cost control measures. While making efforts to reduce our reliance on the computing market, we continue to support our computing business and capitalize on the opportunities in this market with a more focused and competitive PC product strategy to gain market share.",,0,unknown,,0,False,,"score=2,idx=9839,zone=11",2,OK,
0001387467,AOSL,2024,0001387467_AOSL_FY2024_10K.html,,2024-06-30,Not disclosed,Not disclosed,,,No,,Not disclosed,,"A decline of the PC market may have a negative impact on our revenue, factory utilization, gross margin, our ability to resell excess inventory, and other performance measures. We have executed and continue to execute strategies to diversify our product portfolio, penetrate other market segments, including the consumer, communications and industrial markets, and improve gross margins and profit by implementing cost control measures. While making efforts to reduce our reliance on the computing market, we continue to support our computing business and capitalize on the opportunities in this market with a more focused and competitive PC product strategy to gain market share.",NVIDIA,1,unknown,,0,False,,"score=2,idx=9731,zone=11",2,OK,
0001413447,NXPI,2019,0001413447_NXPI_FY2019_10K.html,,"December 31, 2019",equipment,"2019 2018 2017 Depreciation of property, plant and equipment 518 478 611 Amortization of internal use software 8 8 21 Amortization of other identified intangible assets (*) 1,521 1,501 1,541 2,047 1,987 2,173",,,No,,Not disclosed,,"In August 2018, the FASB issued ASU 2018-15, Intangibles – Goodwill and Other – Internal-Use Software (Subtopic 350-40): Customer’s Accounting for Implementation Costs Incurred in a Cloud Computing Arrangement That Is a Service Contract. ASU 2018-15 requires a customer in a hosting arrangement that is a service contract to follow the guidance in Subtopic 350-40 to determine which implementation costs to capitalize as an asset related to the service contract and which costs to expense. Therefore, a customer in a hosting arrangement that is a service contract determines which project stage an implementation activity relates to. Costs for implementation activities in the application development stage are capitalized depending on the nature of the costs, while costs incurred during the preliminary project and post-implementation stages are expensed as the activities are performed. ASU 2018-15 also requires the customer to expense the capitalized implementation costs over the term of the hosting arrangement, and to apply the existing impairment guidance in Subtopic 350-40 to the capitalized implementation costs as if the costs were long-lived assets. ASU 2018-15 can be applied either retrospectively or prospectively and is effective for annual reporting periods beginning after December 15, 2019, and interim periods therein, with early adoption permitted. The Company does not expect the adoption of this guidance to have a material impact on our financial position or results of operations.",,0,significant_accounting_policies,Note 5 - Supplemental Financial Information,3,False,,"score=4,idx=17000,zone=27706",1152,OK,
0001413447,NXPI,2020,0001413447_NXPI_FY2020_10K.html,,"December 31, 2020",equipment,"2020 2019 2018 Depreciation of property, plant and equipment 547 518 478 Amortization of internal use software 6 8 8 Amortization of other identified intangible assets (*) 1,435 1,521 1,501 1,988 2,047 1,987",,,No,,Not disclosed,,"In August 2018, the FASB issued ASU 2018-15, Intangibles – Goodwill and Other – Internal-Use Software (Subtopic 350-40): Customer’s Accounting for Implementation Costs Incurred in a Cloud Computing Arrangement That Is a Service Contract. ASU 2018-15 requires a customer in a hosting arrangement that is a service contract to follow the guidance in Subtopic 350-40 to determine which implementation costs to capitalize as an asset related to the service contract and which costs to expense. Therefore, a customer in a hosting arrangement that is a service contract determines which project stage an implementation activity relates to. Costs for implementation activities in the application development stage are capitalized depending on the nature of the costs, while costs incurred during the preliminary project and post-implementation stages are expensed as the activities are performed. ASU 2018-15 also requires the customer to expense the capitalized implementation costs over the term of the hosting arrangement, and to apply the existing impairment guidance in Subtopic 350-40 to the capitalized implementation costs as if the costs were long-lived assets. ASU 2018-15 can be applied either retrospectively or prospectively and is effective for annual reporting periods beginning after December 15, 2019, and interim periods therein, with early adoption permitted. ASU 2018-15 became effective",B200,1,significant_accounting_policies,Note 5 - Supplemental Financial Information,3,False,,"score=2,idx=10677,zone=13111",838,OK,
0001413447,NXPI,2021,0001413447_NXPI_FY2021_10K.html,,"December 31, 2021",equipment,"2021 2020 2019 Depreciation of property, plant and equipment 551 547 518 Amortization of internal use software 7 6 8 Amortization of other identified intangible assets (*) 704 1,435 1,521 1,262 1,988 2,047",,,No,,Not disclosed,,Not disclosed,NVIDIA,1,significant_accounting_policies,Note 4 - Supplemental Financial Information,3,False,,"score=2,idx=9380,zone=12711",807,OK,
0001413447,NXPI,2022,0001413447_NXPI_FY2022_10K.html,,2023-12-31,equipment,"2022 2021 2020 Depreciation of property, plant and equipment 605 551 547 Amortization of internal use software 12 7 6 Amortization of other identified intangible assets (*) 633 704 1,435 1,250 1,262 1,988",,,No,,Not disclosed,,Not disclosed,NVIDIA,1,significant_accounting_policies,Note 4 - Supplemental Financial Information,3,False,,"score=2,idx=9184,zone=12551",792,OK,
0001413447,NXPI,2023,0001413447_NXPI_FY2023_10K.html,,2024-12-31,equipment,"2023 2022 2021 Depreciation of property, plant and equipment 652 605 551 Amortization of internal use software 20 12 7 Amortization of other identified intangible assets (*) 434 633 704 1,106 1,250 1,262",,,No,,Not disclosed,,Not disclosed,,0,significant_accounting_policies,Note 4 - Supplemental Financial Information,3,False,,"score=2,idx=8802,zone=12703",788,OK,
0001413447,NXPI,2024,0001413447_NXPI_FY2024_10K.html,,2025-12-31,equipment,"2024 2023 2022 Depreciation of property, plant and equipment 630 652 605 Amortization of internal use software 30 20 12 Amortization of other identified intangible assets 265 434 633 925 1,106 1,250",,,No,,Not disclosed,,Not disclosed,,0,significant_accounting_policies,Note 4 - Supplemental Financial Information,3,False,,"score=2,idx=9792,zone=12723",794,OK,
0001446847,IRWD,2013,0001446847_IRWD_FY2013_10K.html,,"December 31, 2013",Not disclosed,Not disclosed,,,No,,Not disclosed,,Not disclosed,,0,unknown,,0,False,,"score=4,idx=10343,zone=7",2,OK,
0001446847,IRWD,2014,0001446847_IRWD_FY2014_10K.html,,"December 31, 2014",Not disclosed,Not disclosed,,,No,,Not disclosed,,Not disclosed,,0,unknown,,0,False,,"score=4,idx=10239,zone=7",2,OK,
0001446847,IRWD,2015,0001446847_IRWD_FY2015_10K.html,,"December 31, 2015",Not disclosed,Not disclosed,,,No,,Not disclosed,,Not disclosed,,0,unknown,,0,False,,"score=4,idx=10236,zone=7",2,OK,
0001446847,IRWD,2016,0001446847_IRWD_FY2016_10K.html,,"December 31, 2016",Not disclosed,Not disclosed,,,No,,Not disclosed,,Not disclosed,,0,unknown,,0,False,,"score=4,idx=12349,zone=6",2,OK,
0001446847,IRWD,2017,0001446847_IRWD_FY2017_10K.html,,"December 31, 2017",Not disclosed,Not disclosed,,,No,,Not disclosed,,Not disclosed,,0,unknown,,0,False,,"score=4,idx=13853,zone=6",2,OK,
0001446847,IRWD,2018,0001446847_IRWD_FY2018_10K.html,,"December 31, 2018",Not disclosed,Not disclosed,,,No,,Not disclosed,,Not disclosed,,0,unknown,,0,False,,"score=4,idx=14145,zone=6",2,OK,
0001446847,IRWD,2019,0001446847_IRWD_FY2019_10K.html,,2019-12-31,Not disclosed,Not disclosed,,,No,,"Our lease portfolio for the year ended December 31, 2019 includes: leases for our prior and current headquarters locations, a data center colocation lease, vehicle leases for our salesforce representatives, and leases for computer and office equipment. We determine if an arrangement is a lease at the inception of the contract. The asset component of our operating leases is recorded as the operating lease right-of-use asset, and the liability component is recorded as the current portion of operating lease liabilities and operating lease liabilities, net of current portion in our consolidated balance sheet. As of December 31, 2019, we did not record any finance leases.",MD&A (Item 7),Not disclosed,,0,unknown,,0,False,,"score=6,idx=15848,zone=6",3,OK,
0001446847,IRWD,2020,0001446847_IRWD_FY2020_10K.html,,2021-01-31,Not disclosed,Not disclosed,,,No,,"Our lease portfolio for the year ended December 31, 2020 includes: a lease for our headquarters location, a data center colocation lease, vehicle leases for our salesforce representatives, and leases for computer and office equipment. We determine if an arrangement is a lease at the inception of the contract. The asset component of our operating leases is recorded as the operating lease right-of-use asset, and the liability component is recorded as the current portion of operating lease liabilities and operating lease liabilities, net of current portion in our consolidated balance sheet. As of December 31, 2020, we did not record any finance leases.",MD&A (Item 7),Not disclosed,,0,unknown,,0,False,,"score=6,idx=14135,zone=16",3,OK,
0001446847,IRWD,2021,0001446847_IRWD_FY2021_10K.html,,2022-02-15,Not disclosed,Not disclosed,,,No,,Not disclosed,,Not disclosed,,0,unknown,,0,False,,"score=6,idx=10109,zone=6",3,OK,
0001446847,IRWD,2022,0001446847_IRWD_FY2022_10K.html,,2022-12-31,Not disclosed,Not disclosed,,,No,,Not disclosed,,Not disclosed,,0,unknown,,0,False,,"score=6,idx=8917,zone=6",3,OK,
0001446847,IRWD,2023,0001446847_IRWD_FY2023_10K.html,,2023-12-31,Not disclosed,Not disclosed,,,No,,Not disclosed,,Not disclosed,,0,unknown,,0,False,,"score=6,idx=10035,zone=6",3,OK,
0001446847,IRWD,2024,0001446847_IRWD_FY2024_10K.html,,2025-01-31,Not disclosed,Not disclosed,,,No,,Not disclosed,,Not disclosed,,0,unknown,,0,False,,"score=6,idx=10109,zone=6",3,OK,
0001472787,FAF,2013,0001472787_FAF_FY2013_10K.html,,"December 31, 2013",Not disclosed,Not disclosed,,,No,,Not disclosed,,Not disclosed,,0,unknown,,0,False,,"score=3,idx=12867,zone=36681",151,OK,
0001472787,FAF,2014,0001472787_FAF_FY2014_10K.html,,"December 31, 2014",Not disclosed,Not disclosed,,,No,,Not disclosed,,Not disclosed,,0,unknown,,0,False,,"score=3,idx=8469,zone=29099",141,OK,
0001472787,FAF,2015,0001472787_FAF_FY2015_10K.html,,"December 31, 2015",Not disclosed,Not disclosed,,,No,,Not disclosed,,"In April 2015, the FASB issued updated guidance intended to clarify the accounting treatment for cloud computing arrangements that include software licenses. Under the updated guidance, if a cloud computing arrangement includes a software license, the customer should account for the software license element of the arrangement consistent with the acquisition of other software licenses. If a cloud computing arrangement does not include a software license, the customer should account for the arrangement as a service contract. The updated guidance is effective for interim and annual reporting periods beginning after December 15, 2015, with early adoption permitted. The Company does not expect the adoption of this guidance to have a material impact on its consolidated financial statements.",,0,unknown,,0,False,,"score=3,idx=7819,zone=30159",139,OK,
0001472787,FAF,2016,0001472787_FAF_FY2016_10K.html,,"December 31, 2016",Not disclosed,Not disclosed,,,No,,Not disclosed,,"In April 2015, the FASB issued updated guidance intended to clarify the accounting treatment for cloud computing arrangements that include software licenses. Under the updated guidance, if a cloud computing arrangement includes a software license, the customer should account for the software license element of the arrangement consistent with the acquisition of other software licenses. If a cloud computing arrangement does not include a software license, the customer should account for the arrangement as a service contract. The updated guidance is effective for interim and annual reporting periods beginning after December 15, 2015, with early adoption permitted. The Company elected to adopt the updated guidance prospectively for all arrangements entered into or materially modified after the effective date. The adoption of this guidance did not have a material impact on the Company’s consolidated financial statements. The financial statement line items impacted by the adoption of the updated guidance include other intangible assets, net and depreciation and amortization. See Note 6 Other Intangible Assets to the consolidated financial statements for further information on the Company’s internal-use software licenses.",,0,unknown,,0,False,,"score=3,idx=7990,zone=33392",137,OK,
0001472787,FAF,2017,0001472787_FAF_FY2017_10K.html,,"December 31, 2017",Not disclosed,Not disclosed,,,No,,Not disclosed,,Not disclosed,,0,unknown,,0,False,,"score=3,idx=8099,zone=32930",144,OK,
0001472787,FAF,2018,0001472787_FAF_FY2018_10K.html,,"December 31, 2018",Not disclosed,Not disclosed,,,No,,Not disclosed,,"In August 2018, the FASB issued updated guidance that is intended to reduce potential diversity in practice in accounting for the costs of implementing cloud computing arrangements (i.e., hosting arrangements) that are service contracts. The updated guidance aligns the requirements for capitalizing implementation costs for these arrangements with the requirements for capitalizing implementation costs incurred to develop or obtain internal-use software and hosting arrangements that include an internal-use software license. The updated guidance is effective for interim and annual reporting periods beginning after December 15, 2019, with early adoption permitted. The Company is currently assessing the impact of this guidance on its consolidated financial statements.",,0,unknown,,0,False,,"score=3,idx=8218,zone=32470",157,OK,
0001472787,FAF,2019,0001472787_FAF_FY2019_10K.html,,2020-02-13,Not disclosed,Not disclosed,,,No,,Not disclosed,,"In August 2018, the FASB issued updated guidance that is intended to reduce potential diversity in practice in accounting for the costs of implementing cloud computing arrangements (i.e., hosting arrangements) that are service contracts. The updated guidance aligns the requirements for capitalizing implementation costs for these arrangements with the requirements for capitalizing implementation costs incurred to develop or obtain internal-use software and hosting arrangements that include an internal-use software license. The updated guidance is effective for interim and annual reporting periods beginning after December 15, 2019. The adoption of this guidance, effective January 1, 2020, did not have a material impact on the Company’s consolidated financial statements.",,0,unknown,,0,False,,"score=3,idx=11831,zone=31483",176,OK,
0001472787,FAF,2020,0001472787_FAF_FY2020_10K.html,,2020-12-31,Not disclosed,Not disclosed,,,No,,Not disclosed,,"In August 2018, the Financial Accounting Standards Board (“FASB”) issued updated guidance intended to reduce potential diversity in practice in accounting for the costs of implementing cloud computing arrangements (i.e., hosting arrangements) that are service contracts. The updated guidance aligns the requirements for capitalizing implementation costs for these arrangements with the requirements for capitalizing implementation costs incurred to develop or obtain internal-use software and hosting arrangements that include an internal-use software license. The updated guidance is effective for interim and annual reporting periods beginning after December 15, 2019. The adoption of this guidance on a prospective basis, effective January 1, 2020, did not have a material impact on the Company’s consolidated financial statements.",,0,unknown,,0,False,,"score=3,idx=12156,zone=32441",174,OK,
0001472787,FAF,2021,0001472787_FAF_FY2021_10K.html,,2022-01-12,Not disclosed,Not disclosed,,,No,,Not disclosed,,Not disclosed,,0,unknown,,0,False,,"score=3,idx=10693,zone=29770",163,OK,
0001472787,FAF,2022,0001472787_FAF_FY2022_10K.html,,2023-02-01,"furniture, equipment, Computer software","Buildings and furniture and equipment are initially recorded at cost and are generally depreciated using the straight-line method over estimated useful lives ranging from 3 to 40 years and from 3 to 15 years, respectively. Computer software developed for internal use and for use with the Company’s products is amortized over estimated useful lives ranging from 1 to 15 years using the straight-line method.",3.0,15.0,No,,Not disclosed,,Not disclosed,B200,1,significant_accounting_policies,NOTE 1.	Basis of Presentation and Significant Accounting Policies:,3,True,1.0-15.0 ans | 3.0-15.0 ans,"score=4,idx=13469,zone=45619",909,OK,
0001472787,FAF,2023,0001472787_FAF_FY2023_10K.html,,2023-12-31,"furniture, equipment, Computer software","Buildings and furniture and equipment are initially recorded at cost and are generally depreciated using the straight-line method over estimated useful lives ranging from 3 to 40 years and from 3 to 15 years, respectively. Computer software developed for internal use and for use with the Company’s products is amortized over estimated useful lives ranging from 2 to 15 years using the straight-line method.",3.0,15.0,No,,Not disclosed,,Not disclosed,A100;B100,2,significant_accounting_policies,NOTE 1.	Basis of Presentation and Significant Accounting Policies:,3,True,2.0-15.0 ans | 3.0-15.0 ans,"score=4,idx=14476,zone=46765",921,OK,
0001472787,FAF,2024,0001472787_FAF_FY2024_10K.html,,2024-12-31,"furniture, equipment, Computer software","Buildings and furniture and equipment are initially recorded at cost and are generally depreciated using the straight-line method over estimated useful lives ranging from 10 to 40 years and from 1 to 15 years, respectively. Computer software developed for internal use and for use with the Company’s products is amortized over estimated useful lives ranging from 1 to 15 years using the straight-line method.",1.0,15.0,No,,Not disclosed,,Not disclosed,,0,significant_accounting_policies,NOTE 1.	Basis of Presentation and Significant Accounting Policies:,3,False,,"score=4,idx=14452,zone=48735",956,OK,
0001476045,CLDT,2013,0001476045_CLDT_FY2013_10K.html,,,Not disclosed,Not disclosed,,,No,,Not disclosed,,Not disclosed,,0,unknown,,0,False,,"score=4,idx=15091,zone=12",2,OK,
0001476045,CLDT,2014,0001476045_CLDT_FY2014_10K.html,,,Not disclosed,Not disclosed,,,No,,Not disclosed,,Not disclosed,,0,unknown,,0,False,,"score=4,idx=21165,zone=12",2,OK,
0001476045,CLDT,2015,0001476045_CLDT_FY2015_10K.html,,,Not disclosed,Not disclosed,,,No,,Not disclosed,,Not disclosed,,0,unknown,,0,False,,"score=4,idx=22941,zone=12",2,OK,
0001476045,CLDT,2016,0001476045_CLDT_FY2016_10K.html,,,Not disclosed,Not disclosed,,,No,,Not disclosed,,Not disclosed,,0,unknown,,0,False,,"score=4,idx=22963,zone=13",2,OK,
0001476045,CLDT,2017,0001476045_CLDT_FY2017_10K.html,,,Not disclosed,Not disclosed,,,No,,Not disclosed,,Not disclosed,,0,unknown,,0,False,,"score=4,idx=23556,zone=13",2,OK,
0001476045,CLDT,2018,0001476045_CLDT_FY2018_10K.html,,2019-01-16,Not disclosed,Not disclosed,,,No,,Not disclosed,,Not disclosed,,0,unknown,,0,False,,"score=2,idx=14721,zone=10",2,OK,
0001476045,CLDT,2019,0001476045_CLDT_FY2019_10K.html,,"December 31, 2019",Not disclosed,Not disclosed,,,No,,Not disclosed,,Not disclosed,,0,unknown,,0,False,,"score=2,idx=15264,zone=10",2,OK,
0001476045,CLDT,2020,0001476045_CLDT_FY2020_10K.html,,2020-12-31,Not disclosed,Not disclosed,,,No,,Not disclosed,,Not disclosed,,0,unknown,,0,False,,"score=2,idx=14656,zone=10",2,OK,
0001476045,CLDT,2021,0001476045_CLDT_FY2021_10K.html,,2022-01-18,Not disclosed,Not disclosed,,,No,,Not disclosed,,Not disclosed,,0,unknown,,0,False,,"score=2,idx=12996,zone=10",2,OK,
0001476045,CLDT,2022,0001476045_CLDT_FY2022_10K.html,,2023-02-06,Not disclosed,Not disclosed,,,No,,Not disclosed,,Not disclosed,,0,unknown,,0,False,,"score=2,idx=12764,zone=10",2,OK,
0001476045,CLDT,2023,0001476045_CLDT_FY2023_10K.html,,2024-01-16,Not disclosed,Not disclosed,,,No,,Not disclosed,,Not disclosed,,0,unknown,,0,False,,"score=2,idx=13207,zone=10",2,OK,
0001476045,CLDT,2024,0001476045_CLDT_FY2024_10K.html,,2025-01-15,Not disclosed,Not disclosed,,,No,,Not disclosed,,Not disclosed,,0,unknown,,0,False,,"score=2,idx=13415,zone=10",2,OK,
0001482512,HPP,2013,0001482512_HPP_FY2013_10K.html,,,Not disclosed,Not disclosed,,,No,,Not disclosed,,Not disclosed,,0,unknown,,0,False,,"score=4,idx=17995,zone=8",2,OK,
0001482512,HPP,2014,0001482512_HPP_FY2014_10K.html,,,Not disclosed,Not disclosed,,,No,,Not disclosed,,Not disclosed,,0,unknown,,0,False,,"score=4,idx=27152,zone=8",2,OK,
0001482512,HPP,2015,0001482512_HPP_FY2015_10K.html,,,Not disclosed,Not disclosed,,,No,,Not disclosed,,Not disclosed,,0,unknown,,0,False,,"score=4,idx=32959,zone=11",2,OK,
0001482512,HPP,2016,0001482512_HPP_FY2016_10K.html,,,Not disclosed,Not disclosed,,,No,,Not disclosed,,Not disclosed,,0,unknown,,0,False,,"score=4,idx=30811,zone=12",2,OK,
0001482512,HPP,2017,0001482512_HPP_FY2017_10K.html,,,Not disclosed,Not disclosed,,,No,,Not disclosed,,Not disclosed,,0,unknown,,0,False,,"score=7,idx=31642,zone=11",2,OK,
0001482512,HPP,2018,0001482512_HPP_FY2018_10K.html,,2019-02-12,Not disclosed,Not disclosed,,,No,,Not disclosed,,Not disclosed,,0,unknown,,0,False,,"score=5,idx=21579,zone=10",2,OK,
0001482512,HPP,2019,0001482512_HPP_FY2019_10K.html,,2020-01-01,Not disclosed,Not disclosed,,,No,,Not disclosed,,Not disclosed,,0,unknown,,0,False,,"score=5,idx=23941,zone=10",2,OK,
0001482512,HPP,2020,0001482512_HPP_FY2020_10K.html,,2021-01-31,Not disclosed,Not disclosed,,,No,,Not disclosed,,Not disclosed,,0,unknown,,0,False,,"score=5,idx=18891,zone=10",2,OK,
0001482512,HPP,2021,0001482512_HPP_FY2021_10K.html,,2022-08-09,Not disclosed,Not disclosed,,,No,,Not disclosed,,Not disclosed,,0,unknown,,0,False,,"score=5,idx=19403,zone=10",2,OK,
0001482512,HPP,2022,0001482512_HPP_FY2022_10K.html,,2023-02-06,Not disclosed,Not disclosed,,,No,,Not disclosed,,Not disclosed,B200,1,unknown,,0,False,,"score=5,idx=19331,zone=10",2,OK,
0001482512,HPP,2023,0001482512_HPP_FY2023_10K.html,,2023-12-31,Not disclosed,Not disclosed,,,No,,Not disclosed,,Not disclosed,,0,unknown,,0,False,,"score=5,idx=18294,zone=10",2,OK,
0001482512,HPP,2024,0001482512_HPP_FY2024_10K.html,,2025-02-25,Not disclosed,Not disclosed,,,No,,Not disclosed,,Not disclosed,,0,unknown,,0,False,,"score=5,idx=17966,zone=10",2,OK,
0001486159,CHRD,2013,0001486159_CHRD_FY2013_10K.html,,,equipment,"Expenditures for maintenance, repairs and minor renewals necessary to maintain properties in operating condition are expensed as incurred. Major betterments, replacements and renewals are capitalized to the appropriate property and equipment accounts. Estimated dismantlement and abandonment costs for oil and natural gas properties are capitalized, net of salvage, at their estimated net present value and amortized on a unit-of-production basis over the remaining life of the related proved developed reserves.",,,No,,Not disclosed,,Not disclosed,,0,significant_accounting_policies,2. Summary of Significant Accounting Policies Basis of Presentation,3,False,,"score=4,idx=17303,zone=28007",819,OK,
0001486159,CHRD,2014,0001486159_CHRD_FY2014_10K.html,,,equipment,"Expenditures for maintenance, repairs and minor renewals necessary to maintain properties in operating condition are expensed as incurred. Major betterments, replacements and renewals are capitalized to the appropriate property and equipment accounts. Estimated dismantlement and abandonment costs for oil and natural gas properties are capitalized, net of salvage, at their estimated net present value and amortized on a unit-of-production basis over the remaining life of the related proved developed reserves.",,,No,,Not disclosed,,Not disclosed,,0,significant_accounting_policies,2. Summary of Significant Accounting Policies Basis of Presentation,3,False,,"score=4,idx=18789,zone=28480",842,OK,
0001486159,CHRD,2015,0001486159_CHRD_FY2015_10K.html,,,equipment,"Expenditures for maintenance, repairs and minor renewals necessary to maintain properties in operating condition are expensed as incurred. Major betterments, replacements and renewals are capitalized to the appropriate property and equipment accounts. Estimated dismantlement and abandonment costs for oil and natural gas properties are capitalized, net of salvage, at their estimated net present value and amortized on a unit-of-production basis over the remaining life of the related proved developed reserves.",,,No,,Not disclosed,,Not disclosed,,0,significant_accounting_policies,2. Summary of Significant Accounting Policies Basis of Presentation,3,False,,"score=4,idx=17212,zone=28206",916,OK,
0001486159,CHRD,2016,0001486159_CHRD_FY2016_10K.html,,,equipment,"Expenditures for maintenance, repairs and minor renewals necessary to maintain properties in operating condition are expensed as incurred. Major betterments, replacements and renewals are capitalized to the appropriate property and equipment accounts. Estimated dismantlement and abandonment costs for oil and natural gas properties are capitalized, net of salvage, at their estimated net present value and amortized on a unit-of-production basis over the remaining life of the related proved developed reserves.",,,No,,Not disclosed,,Not disclosed,,0,significant_accounting_policies,2. Summary of Significant Accounting Policies Basis of Presentation,3,False,,"score=4,idx=19369,zone=30537",916,OK,
0001486159,CHRD,2017,0001486159_CHRD_FY2017_10K.html,,,Not disclosed,Not disclosed,,,No,,Not disclosed,,Not disclosed,,0,unknown,,0,False,,"score=2,idx=22287,zone=34577",2997,OK,
0001486159,CHRD,2018,0001486159_CHRD_FY2018_10K.html,,,"furniture, equipment","The Company’s produced and flowback water disposal facilities, natural gas processing plants, pipelines, buildings, furniture, software, equipment and leasehold improvements are recorded at cost and are depreciated on the straight-line method based on expected lives of the individual assets.",,,No,,Not disclosed,,Not disclosed,,0,ppe_note,25. Quarterly Financial Data — Unaudited,3,False,,"score=2,idx=24032,zone=44079",3470,OK,
0001486159,CHRD,2019,0001486159_CHRD_FY2019_10K.html,,"December 31, 2019","its produced and flowback water disposal facilities, natural gas processing plants and pipelines","The Company’s produced and flowback water disposal facilities, natural gas processing plants, pipelines, buildings, furniture, software, equipment and leasehold improvements are recorded at cost and are depreciated on the straight-line method based on expected lives of the individual assets. The Company uses estimated lives of 30 years for its produced and flowback water disposal facilities, natural gas processing plants and pipelines, 20 years for its buildings, two to seven years for its furniture, software and equipment and the remaining lease term for its leasehold improvements.",2.0,7.0,No,,Not disclosed,,Not disclosed,A100,1,significant_accounting_policies,2. Summary of Significant Accounting Policies,3,False,,"score=2,idx=17163,zone=27293",1205,OK,
0001486159,CHRD,2020,0001486159_CHRD_FY2020_10K.html,,2021-03-08,"its produced and flowback water disposal facilities, natural gas processing plants and pipelines","The Company’s produced and flowback water disposal facilities, natural gas processing plants, pipelines, buildings, furniture, software, equipment and leasehold improvements are recorded at cost and are depreciated on the straight-line method based on expected lives of the individual assets. The Company uses estimated lives of 30 years for its produced and flowback water disposal facilities, natural gas processing plants and pipelines, 20 years for its buildings, two to seven years for its furniture, software and equipment and the remaining lease term for its leasehold improvements.",2.0,7.0,No,,Not disclosed,,Not disclosed,,0,significant_accounting_policies,4. Summary of Significant Accounting Policies,3,False,,"score=2,idx=16460,zone=17800",1222,OK,
0001486159,CHRD,2021,0001486159_CHRD_FY2021_10K.html,,2025-12-31,"its produced and flowback water disposal facilities, natural gas processing plants and pipelines","The Company’s produced and flowback water disposal facilities, natural gas processing plants, pipelines, buildings, furniture, software, equipment and leasehold improvements are recorded at cost and are depreciated on the straight-line method based on expected lives of the individual assets. The Company uses estimated lives of 30 years for its produced and flowback water disposal facilities, natural gas processing plants and pipelines, 20 years for its buildings, two to seven years for its furniture, software and equipment and the remaining lease term for its leasehold improvements.",2.0,7.0,No,,Not disclosed,,Not disclosed,B100,1,significant_accounting_policies,4. Summary of Significant Accounting Policies,3,False,,"score=2,idx=12691,zone=16299",1118,OK,
0001486159,CHRD,2022,0001486159_CHRD_FY2022_10K.html,,2025-12-31,"equipment, furniture","Other property and equipment consists primarily of field office buildings, furniture, software, oilfield equipment and leasehold improvements and is recorded at cost and depreciated using the straight-line method based on expected lives of the individual assets (ranging from two years to 30 years) and net of estimated salvage values.",2.0,,No,,Not disclosed,,Not disclosed,,0,significant_accounting_policies,4. Summary of Significant Accounting Policies,3,False,,"score=2,idx=11398,zone=18275",1297,OK,
0001486159,CHRD,2023,0001486159_CHRD_FY2023_10K.html,,2025-12-31,"equipment, furniture","Other property and equipment consists primarily of field office buildings, oilfield equipment, furniture, software, and leasehold improvements, and is recorded at cost and depreciated using the straight-line method based on expected lives of the individual assets (ranging from two years to 30 years) and net of estimated salvage values.",2.0,,No,,Not disclosed,,Not disclosed,,0,significant_accounting_policies,2. Summary of Significant Accounting Policies,3,False,,"score=2,idx=10639,zone=14976",982,OK,
0001486159,CHRD,2024,0001486159_CHRD_FY2024_10K.html,,2025-12-31,"equipment, furniture","Other property and equipment consists primarily of field office buildings, oilfield equipment, furniture, software, and leasehold improvements, and is recorded at cost and depreciated using the straight-line method based on expected lives of the individual assets (ranging from two years to 30 years) and net of estimated salvage values.",2.0,,No,,Not disclosed,,Not disclosed,,0,significant_accounting_policies,2. Summary of Significant Accounting Policies,3,False,,"score=2,idx=10758,zone=16146",1010,OK,
0001486957,BWXT,2013,0001486957_BWXT_FY2013_10K.html,,"December 31, 2013",equipment,"We carry our property, plant and equipment at depreciated cost, less any impairment provisions.",,,No,,Not disclosed,,Not disclosed,,0,significant_accounting_policies,NOTE 1 – BASIS OF PRESENTATION AND SIGNIFICANT ACCOUNTING POLICIES,3,False,,"score=7,idx=10109,zone=32802",686,OK,
0001486957,BWXT,2014,0001486957_BWXT_FY2014_10K.html,,"December 31, 2014",buildings,"We carry our property, plant and equipment at depreciated cost, less any impairment provisions. We depreciate our property, plant and equipment using the straight-line method over estimated economic
useful lives of eight to 33 years for buildings and three to 28 years for machinery and equipment.",8.0,33.0,No,,Not disclosed,,Not disclosed,,0,significant_accounting_policies,NOTE 1 – BASIS OF PRESENTATION AND SIGNIFICANT ACCOUNTING POLICIES,3,False,,"score=7,idx=11820,zone=33957",727,OK,
0001486957,BWXT,2015,0001486957_BWXT_FY2015_10K.html,,"December 31, 2015",buildings,"We carry our property, plant and equipment at depreciated cost, less any impairment provisions. We depreciate our property, plant and equipment
using the straight-line method over estimated economic useful lives of eight to 33 years for buildings and three to 14 years for machinery and equipment.",8.0,33.0,No,,Not disclosed,,Not disclosed,,0,significant_accounting_policies,NOTE 1 – BASIS OF PRESENTATION AND SIGNIFICANT ACCOUNTING POLICIES,3,False,,"score=7,idx=6608,zone=21722",726,OK,
0001486957,BWXT,2016,0001486957_BWXT_FY2016_10K.html,,,equipment,"Year Ended December 31, 2015 2014 (In thousands) Non-cash items included in net income (loss): Depreciation and amortization $ 21,458 $ 30,661 Income (loss) of investees, net of dividends $ (2,293 ) $ (8,726 ) Losses on asset disposals and impairments, net $ 10,544 $ 5,989 Purchases of property, plant and equipment $ 11,494 $ 15,449",,,No,,Not disclosed,,Not disclosed,,0,significant_accounting_policies,NOTE 3 – DISCONTINUED OPERATIONS,3,False,,"score=3,idx=11913,zone=37514",1203,OK,
0001486957,BWXT,2017,0001486957_BWXT_FY2017_10K.html,,,equipment,"Year Ended December 31, 2015 (In thousands) Non-cash items included in net income (loss): Depreciation and amortization $ 21,458 Income (loss) of investees, net of dividends $ (2,293 ) Losses on asset disposals and impairments, net $ 10,544 Purchases of property, plant and equipment $ 11,494",,,No,,Not disclosed,,Not disclosed,,0,significant_accounting_policies,NOTE 3 – DISCONTINUED OPERATIONS,3,False,,"score=3,idx=12157,zone=34971",1091,OK,
0001486957,BWXT,2018,0001486957_BWXT_FY2018_10K.html,,,Not disclosed,Not disclosed,,,No,,Not disclosed,,Not disclosed,,0,unknown,,0,False,,"score=3,idx=11344,zone=34645",1103,OK,
0001486957,BWXT,2019,0001486957_BWXT_FY2019_10K.html,,"December 31, 2019",buildings,"We carry our property, plant and equipment at depreciated cost, less any impairment provisions. We depreciate our property, plant and equipment using the straight-line method over estimated economic useful lives of eight to 40 years for buildings and three to 14 years for machinery and equipment.",8.0,40.0,No,,Not disclosed,,Not disclosed,,0,significant_accounting_policies,Note 9,3,False,,"score=3,idx=16190,zone=36296",1044,OK,
0001486957,BWXT,2020,0001486957_BWXT_FY2020_10K.html,,2020-12-31,buildings,"We carry our property, plant and equipment at depreciated cost, less any impairment provisions. We depreciate our property, plant and equipment using the straight-line method over estimated economic useful lives of eight to 40 years for buildings and three to 14 years for machinery and equipment.",8.0,40.0,No,,Not disclosed,,Not disclosed,,0,significant_accounting_policies,NOTE 1 – BASIS OF PRESENTATION AND SIGNIFICANT ACCOUNTING POLICIES,3,False,,"score=2,idx=11208,zone=17806",804,OK,
0001486957,BWXT,2021,0001486957_BWXT_FY2021_10K.html,,2021-12-31,buildings,"We carry our property, plant and equipment at depreciated cost, less any impairment provisions. We depreciate our property, plant and equipment using the straight-line method over estimated economic useful lives of eight to 40 years for buildings and three to 14 years for machinery and equipment.",8.0,40.0,No,,Not disclosed,,Not disclosed,B100,1,significant_accounting_policies,NOTE 1 – BASIS OF PRESENTATION AND SIGNIFICANT ACCOUNTING POLICIES,3,False,,"score=2,idx=10828,zone=17320",751,OK,
0001486957,BWXT,2022,0001486957_BWXT_FY2022_10K.html,,2022-12-31,buildings,"We carry our property, plant and equipment at depreciated cost, less any impairment provisions. We depreciate our property, plant and equipment using the straight-line method over estimated economic useful lives of eight to 40 years for buildings and three to 14 years for machinery and equipment.",8.0,40.0,No,,Not disclosed,,Not disclosed,,0,significant_accounting_policies,NOTE 1 – BASIS OF PRESENTATION AND SIGNIFICANT ACCOUNTING POLICIES,3,False,,"score=2,idx=10788,zone=16535",742,OK,
0001486957,BWXT,2023,0001486957_BWXT_FY2023_10K.html,,2023-12-31,buildings,"We carry our property, plant and equipment at depreciated cost, less any impairment provisions. We depreciate our property, plant and equipment using the straight-line method over estimated economic useful lives of eight to 40 years for buildings and three to 14 years for machinery and equipment.",8.0,40.0,No,,Not disclosed,,Not disclosed,,0,significant_accounting_policies,NOTE 1 – BASIS OF PRESENTATION AND SIGNIFICANT ACCOUNTING POLICIES,3,False,,"score=2,idx=10328,zone=16025",716,OK,
0001486957,BWXT,2024,0001486957_BWXT_FY2024_10K.html,,2025-01-03,buildings,"We carry our property, plant and equipment at depreciated cost, less any impairment provisions. We depreciate our property, plant and equipment using the straight-line method over estimated economic useful lives of eight to 40 years for buildings and three to 14 years for machinery and equipment.",8.0,40.0,No,,Not disclosed,,Not disclosed,,0,significant_accounting_policies,NOTE 1 – BASIS OF PRESENTATION AND SIGNIFICANT ACCOUNTING POLICIES,3,False,,"score=2,idx=10137,zone=15626",722,OK,
0001495320,VRA,2013,0001495320_VRA_FY2013_10K.html,,,Not disclosed,Not disclosed,,,Yes,"When a decision is made to abandon property, plant, and equipment prior to the end of the previously estimated useful life, depreciation or amortization estimates are revised to reflect the use of the asset over the shortened estimated useful life.",Not disclosed,,Not disclosed,,0,unknown,,0,False,,"score=4,idx=9997,zone=9976",388,OK,
0001495320,VRA,2014,0001495320_VRA_FY2014_10K.html,,,Not disclosed,Not disclosed,,,Yes,"When a decision is made to abandon property, plant, and equipment prior to the end of the previously estimated useful life, depreciation or amortization estimates are revised to reflect the use of the asset over the shortened estimated useful life.",Not disclosed,,Not disclosed,,0,unknown,,0,False,,"score=4,idx=11363,zone=12471",467,OK,
0001495320,VRA,2015,0001495320_VRA_FY2015_10K.html,,,Not disclosed,Not disclosed,,,Yes,"When a decision is made to abandon property, plant, and equipment prior to the end of the previously estimated useful life, depreciation or amortization estimates are revised to reflect the use of the asset over the shortened estimated useful life.",Not disclosed,,Not disclosed,,0,unknown,,0,False,,"score=4,idx=11429,zone=12679",478,OK,
0001495320,VRA,2016,0001495320_VRA_FY2016_10K.html,,,"Furniture, computer equipment, Equipment","January 28, 2017 January 30, 2016 Land and land improvements $ 5,981 $ 5,981 Building and building improvements 46,233 46,145 Furniture, fixtures, leasehold improvements, computer equipment and software 127,791 127,913 Equipment and vehicles 20,329 19,931 Construction in progress 7,885 8,034 208,219 208,004 Less: Accumulated depreciation and amortization (106,642 ) (94,293 ) Property, plant, and equipment, net $ 101,577 $ 113,711",,,Yes,"When a decision is made to abandon property, plant, and equipment prior to the end of the previously estimated useful life, depreciation or amortization estimates are revised to reflect the use of the asset over the shortened estimated useful life.",Not disclosed,,Not disclosed,,0,item_8_other,,1,False,,"score=4,idx=12040,zone=11939",511,OK,
0001495320,VRA,2017,0001495320_VRA_FY2017_10K.html,,,"Furniture, computer equipment, Equipment","February 3, 2018 January 28, 2017 Land and land improvements $ 5,981 $ 5,981 Building and building improvements 46,233 46,233 Furniture, fixtures, leasehold improvements, computer equipment and software 108,351 127,791 Equipment and vehicles 20,264 20,329 Construction in progress 903 7,885 181,732 208,219 Less: Accumulated depreciation and amortization (95,269 ) (106,642 ) Property, plant, and equipment, net $ 86,463 $ 101,577",,,Yes,"When a decision is made to abandon property, plant, and equipment prior to the end of the previously estimated useful life, depreciation or amortization estimates are revised to reflect the use of the asset over the shortened estimated useful life.",Not disclosed,,Not disclosed,,0,item_8_other,,1,False,,"score=4,idx=12772,zone=13740",600,OK,
0001495320,VRA,2018,0001495320_VRA_FY2018_10K.html,,,"Furniture, computer equipment, Equipment","February 2, 2019 February 3, 2018 Land and land improvements $ 5,981 $ 5,981 Building and building improvements 46,233 46,233 Furniture, fixtures, leasehold improvements, computer equipment and software 112,316 108,351 Equipment and vehicles 21,002 20,264 Construction in progress 1,699 903 187,231 181,732 Less: Accumulated depreciation and amortization (109,280 ) (95,269 ) Property, plant, and equipment, net $ 77,951 $ 86,463",,,Yes,"When a decision is made to abandon property, plant, and equipment prior to the end of the previously estimated useful life, depreciation or amortization estimates are revised to reflect the use of the asset over the shortened estimated useful life.",Not disclosed,,"Customers Accounting for Implementation Costs Incurred in a Cloud Computing Arrangement That Is a Service Contract ||| In August 2018, the FASB issued ASU 2018-15, Customers Accounting for Implementation Costs Incurred in a Cloud Computing Arrangement That Is a Service Contract , which aligns the requirements for capitalizing or expensing implementation costs in hosting arrangements (regardless of whether they convey a license to the hosted software) with capitalizing or expensing implementation costs incurred to develop or obtain internal-use software. This guidance is effective for interim and annual periods beginning on or after December 15, 2019 (fiscal 2021). Early adoption is",,0,item_8_other,,1,False,,"score=4,idx=12533,zone=15675",634,OK,
0001495320,VRA,2019,0001495320_VRA_FY2019_10K.html,,,"Furniture, computer equipment, Equipment","February 1, 2020 February 2, 2019 Land and land improvements $ 5,981 $ 5,981 Building and building improvements 46,233 46,233 Furniture, fixtures, leasehold improvements, computer equipment and software 116,238 112,316 Equipment and vehicles 21,205 21,002 Construction in progress 6,002 1,699 195,659 187,231 Less: Accumulated depreciation and amortization (122,632 ) (109,280 ) Property, plant, and equipment, net $ 73,027 $ 77,951",,,Yes,"When a decision is made to abandon property, plant, and equipment prior to the end of the previously estimated useful life, depreciation or amortization estimates are revised to reflect the use of the asset over the shortened estimated useful life.",Not disclosed,,"Customers Accounting for Implementation Costs Incurred in a Cloud Computing Arrangement That Is a Service Contract ||| In August 2018, the FASB issued ASU 2018-15, Customers Accounting for Implementation Costs Incurred in a Cloud Computing Arrangement That Is a Service Contract , which aligns the requirements for capitalizing or expensing implementation costs in hosting arrangements (regardless of whether they convey a license to the hosted software) with capitalizing or expensing implementation costs incurred to develop or obtain internal-use software. This guidance is effective for interim and annual periods beginning on or after December 15, 2019 (fiscal 2021). Early adoption is permitted, and the amendments can be adopted either retrospectively or prospectively. The Company adopted this standard at the beginning of its fiscal 2020 (February 3, 2019) on a prospective basis. The adoption of this standard had an immaterial impact on the Company's Consolidated Financial Statements.",,0,item_8_other,,1,False,,"score=4,idx=13093,zone=19762",817,OK,
0001495320,VRA,2020,0001495320_VRA_FY2020_10K.html,,2021-01-30,equipment,"Capitalized costs are included in property, plant, and equipment and are amortized over three to five years.",3.0,5.0,Yes,"When a decision is made to abandon property, plant, and equipment prior to the end of the previously estimated useful life, depreciation or amortization estimates are revised to reflect the use of the asset over the shortened estimated useful life.",Not disclosed,,"Cloud Computing Arrangements ||| The Company capitalizes implementation costs associated with its Cloud Computing Arrangements (“CCA”) consistent with costs capitalized for internal-use software. The CCA costs are amortized over the term of the related hosting agreement, taking into consideration renewal options, if any. The renewal period is included in the amortization period if determined that the option is reasonably certain to be exercised. The amortization expense is recorded in the same line item within the Company's Consolidated Statements of Operations as the related hosting fees. The balance of the unamortized CCA implementation costs totaled $8.1 million and $3.8 million as of January 30, 2021 and February 1, 2020, respectively. Of this total, $2.4 million and $0.3 million was recorded within prepaid expenses and other current assets and $5.7 million and $3.5 million was recorded within other assets on the Company's Consolidated Balance Sheets as of January 30, 2021 and February 1, 2020, respectively. The CCA implementation costs are recorded within operating activities in the Company's Consolidated Statements of Cash Flows.",B200,1,significant_accounting_policies,2. Summary of Significant Accounting Policies,3,False,,"score=2,idx=7588,zone=9701",687,OK,
0001495320,VRA,2021,0001495320_VRA_FY2021_10K.html,,2022-01-29,equipment,"Capitalized costs are included in property, plant, and equipment and are amortized over three to five years.",3.0,5.0,Yes,"When a decision is made to abandon property, plant, and equipment prior to the end of the previously estimated useful life, depreciation or amortization estimates are revised to reflect the use of the asset over the shortened estimated useful life.",Not disclosed,,"• Amortization expense of certain cloud computing costs associated with Project Novus technology enhancements. ||| Amortization expense of certain cloud computing costs associated with Project Novus technology enhancements. ||| Corporate Unallocated . For fiscal 2022, unallocated expenses increased $8.4 million, or 12.4% to $76.4 million from $68.0 million in the prior-year period. The increase in unallocated expenses was primarily due to prior-year period initiatives to reduce expenses in light of COVID-19 that did not recur in the current-year including the temporary furlough of certain associates; temporarily reducing the base compensation for all other salaried associates; and reducing other non-payroll expenses including marketing, as well as amortization expense associated with certain cloud computing costs for Project Novus technology enhancements. These increases in SG&A expense were partially offset by a decrease in depreciation expense, as described above.",,0,significant_accounting_policies,2. Summary of Significant Accounting Policies,3,False,,"score=2,idx=7356,zone=8419",563,OK,
0001495320,VRA,2022,0001495320_VRA_FY2022_10K.html,,2023-01-30,equipment,"Capitalized costs are included in property, plant, and equipment and are amortized over three to five years.",3.0,5.0,Yes,"When a decision is made to abandon property, plant, and equipment prior to the end of the previously estimated useful life, depreciation or amortization estimates are revised to reflect the use of the asset over the shortened estimated useful life.",Not disclosed,,"Cloud Computing Arrangements ||| The Company capitalizes implementation costs associated with its Cloud Computing Arrangements (“CCA”) consistent with costs capitalized for internal-use software. The CCA costs are amortized over the term of the related hosting agreement, taking into consideration renewal options, if any. The renewal period is included in the amortization period if determined that the option is reasonably certain to be exercised. The amortization expense is recorded in the same line item within the Company's Consolidated Statements of Operations as the related hosting fees. The balance of the unamortized CCA implementation costs totaled $6.4 million and $8.0 million as of January 28, 2023 and January 29, 2022, respectively. Of this total, $3.0 million and $2.8 million was recorded within prepaid expenses and other current assets and $3.4 million and $5.2 million was recorded within other assets on the Company's Consolidated Balance Sheets as of January 28, 2023 and January 29, 2022, respectively. The CCA implementation costs are recorded within operating activities in the Company's Consolidated Statements of Cash Flows.",,0,significant_accounting_policies,2. Summary of Significant Accounting Policies,3,False,,"score=2,idx=6844,zone=8603",556,OK,
0001495320,VRA,2023,0001495320_VRA_FY2023_10K.html,,2024-02-03,equipment,"Capitalized costs are included in property, plant, and equipment and are amortized over three to five years.",3.0,5.0,Yes,"When a decision is made to abandon property, plant, and equipment prior to the end of the previously estimated useful life, depreciation or amortization estimates are revised to reflect the use of the asset over the shortened estimated useful life.",Not disclosed,,"Cloud Computing Arrangements ||| The Company capitalizes implementation costs associated with its Cloud Computing Arrangements (“CCA”) consistent with costs capitalized for internal-use software. The CCA costs are amortized over the term of the related hosting agreement, taking into consideration renewal options, if any. The renewal period is included in the amortization period if determined that the option is reasonably certain to be exercised. The amortization expense is recorded within selling, general, and administrative expenses in the Company's Consolidated Statements of Operations, which is within the same line item as the related hosting fees. The balance of the unamortized CCA implementation costs totaled $3.8 million and $6.4 million as of February 3, 2024 and January 28, 2023, respectively. Of this total, $2.8 million and $3.0 million was recorded within prepaid expenses and other current assets and $1.0 million and $3.4 million was recorded within other assets on the Company's Consolidated Balance Sheets as of February 3, 2024 and January 28, 2023, respectively. The CCA implementation costs are recorded within operating activities in the Company's Consolidated Statements of Cash Flows.",,0,significant_accounting_policies,2. Summary of Significant Accounting Policies,3,False,,"score=2,idx=7042,zone=8705",613,OK,
0001495320,VRA,2024,0001495320_VRA_FY2024_10K.html,,2025-03-11,equipment,"Capitalized costs are included in property, plant, and equipment and are amortized over three to five years.",3.0,5.0,Yes,"When a decision is made to abandon property, plant, and equipment prior to the end of the previously estimated useful life, depreciation or amortization estimates are revised to reflect the use of the asset over the shortened estimated useful life.",Not disclosed,,"Cloud Computing Arrangements ||| The Company capitalizes implementation costs associated with its Cloud Computing Arrangements (“CCA”) consistent with costs capitalized for internal-use software. The CCA costs are amortized over the term of the related hosting agreement, taking into consideration renewal options, if any. The renewal period is included in the amortization period if determined that the option is reasonably certain to be exercised. The amortization expense is recorded within selling, general, and administrative expenses in the Company's Consolidated Statements of Operations, which is within the same line item as the related hosting fees. The balance of the unamortized CCA implementation costs totaled $0.6 million and $3.8 million as of February 1, 2025 and February 3, 2024, respectively. Of this total, $0.4 million and $2.8 million was recorded within prepaid expenses and other current assets and $0.2 million and $1.0 million was recorded within other assets on the Company's Consolidated Balance Sheets as of February 1, 2025 and February 3, 2024, respectively. In the fourth quarter of fiscal 2025, the Company recorded a software abandonment charge of $1.1 million. The CCA implementation costs are recorded within operating activities in the Company's Consolidated Statements of Cash Flows.",,0,significant_accounting_policies,2. Summary of Significant Accounting Policies,3,False,,"score=2,idx=6871,zone=9143",600,OK,
