firm_cik,firm_ticker,fiscal_year,filename,filing_date,period_end_date,asset_category,useful_life_text,useful_life_min_years,useful_life_max_years,policy_change,policy_change_text,ai_infra_text,ai_infra_source,segment_ai_text,hardware_mentions,hardware_count,source_section,section_title,confidence,ambiguity_flag,ambiguity_detail,item8_method,item8_segment_count,extraction_status,error_message
0000081362,KWR,2013,0000081362_KWR_FY2013_10K.html,,"December 31, 2013","Capitalized software, equipment","Capitalized software: The Company capitalizes certain costs incurred in connection with developing or obtaining software for internal use. These costs are amortized over a period of three to five years once the assets are ready for their intended use. In connection with the implementations and upgrades to the Company’s global transaction, consolidation and other related systems, approximately $1,198 and $2,395 of net costs were capitalized in property, plant and equipment on the Company’s December 31, 2013 and December 31, 2012 Consolidated Balance Sheets, respectively.",3.0,5.0,Yes,"Depreciation is computed using the straight-line method on an individual asset basis over the following estimated useful lives: buildings and improvements, 10 to 45 years; and machinery and equipment, 1 to 15 years.",Not disclosed,,Not disclosed,,0,significant_accounting_policies,Note 1 – Significant Accounting Policies,3,True,1.0-15.0 ans | 3.0-5.0 ans,"score=2,idx=5236,zone=30994",725,OK,
0000081362,KWR,2014,0000081362_KWR_FY2014_10K.html,,"December 31, 2014","Capitalized software, equipment","Capitalized software: The Company capitalizes certain costs in connection with developing or obtaining software for internal use. These costs are amortized over a period of three to five years once the assets are ready for their intended use. In connection with the implementations and upgrades to the Company’s global transaction, consolidation and other related systems, approximately $1,350 and $1,198 of net costs were capitalized in property, plant and equipment on the Company’s December 31, 2014 and December 31, 2013 Consolidated Balance Sheets, respectively.",3.0,5.0,Yes,"Depreciation is computed using the straight-line method on an individual asset basis over the following estimated useful lives: buildings and improvements, 10 to 45 years; and machinery and equipment, 1 to 15 years.",Not disclosed,,Not disclosed,,0,significant_accounting_policies,Note 1 – Significant Accounting Policies,3,True,1.0-15.0 ans | 3.0-5.0 ans,"score=2,idx=6023,zone=31778",730,OK,
0000081362,KWR,2015,0000081362_KWR_FY2015_10K.html,,"December 31, 2015",equipment,"Gross property, plant and equipment includes $460 and $656 of
capital leases with $341 and $455 of accumulated depreciation at December 31,
2015 and 2014, respectively.",,,Yes,"Depreciation is computed using the straight-line method on an
individual asset basis over the following estimated useful lives: buildings and
improvements, 10 to 45 years; and machinery and equipment, 1 to 15 years.",Not disclosed,,Not disclosed,,0,ppe_note,"Note 12 – Property, Plant and Equipment",3,False,,"score=4,idx=6172,zone=34223",790,OK,
0000081362,KWR,2016,0000081362_KWR_FY2016_10K.html,,"December 31, 2016",equipment,"Gross
property, plant and equipment includes $0.5 million and $0.5 million of
capital leases with $0.4 million and $0.3 million of related accumulated
depreciation as of December 31, 2016 and 2015, respectively.",,,Yes,"Depreciation is computed using the straight-line method on an
individual asset basis over the following estimated useful lives: buildings and
improvements, 10 to 45 years; and machinery and equipment, 1 to 15 years.",Not disclosed,,Not disclosed,,0,ppe_note,"Note 11 – Property, Plant and Equipment",3,False,,"score=4,idx=6654,zone=33400",802,OK,
0000081362,KWR,2017,0000081362_KWR_FY2017_10K.html,,"December 31, 2017",Not disclosed,Not disclosed,,,Yes,"Depreciation is computed using the straight-line method on an
individual asset basis over the following estimated useful lives: buildings and
improvements, 10 to 45 years; and machinery and equipment, 1 to 15 years.",Not disclosed,,Not disclosed,,0,unknown,,0,False,,"score=4,idx=7089,zone=33198",825,OK,
0000081362,KWR,2018,0000081362_KWR_FY2018_10K.html,,,Not disclosed,Not disclosed,,,Yes,"Depreciation is computed using the straight-line method on an
individual asset basis over the following estimated useful lives: buildings and
improvements, 10 to 45 years; and machinery and equipment, 1 to 15 years.",Not disclosed,,Not disclosed,,0,unknown,,0,False,,"score=4,idx=7487,zone=33483",840,OK,
0000081362,KWR,2019,0000081362_KWR_FY2019_10K.html,,2019-12-31,Capitalized software,"Capitalized software: The Company capitalizes certain costs in connection with developing or obtaining software for internal use, depending on the associated project. These costs are amortized over a period of 3 to 5 years once the assets are ready for their intended use. In connection with the implementations and upgrades to the Company’s global transaction, consolidation and other related systems, approximately $2.6 million and $1.1 million of net costs were capitalized in PP&E on the Company’s December 31, 2019 and 2018 Consolidated Balance Sheets, respectively.",3.0,5.0,Yes,"Long-lived assets: Property, plant and equipment (“PP&E”) are stated at gross cost, less accumulated depreciation. Depreciation is computed using the straight-line method on an individual asset basis over the following estimated useful lives: buildings and improvements, 10 to 45 years; and machinery and equipment, 1 to 15 years.",Not disclosed,,"The FASB also issued an accounting standard update in August 2018 that clarifies the accounting for implementation costs incurred in a cloud computing arrangement under a service contract. This guidance generally aligns the requirements for capitalizing implementation costs incurred in a hosting arrangement under a service contract with the requirements for capitalizing implementation costs related to internal-use software. The guidance within this accounting standard update is effective for annual periods beginning after December 15, 2019 and may be applied either retrospectively or prospectively to all implementation costs incurred after the date of adoption. Early adoption is permitted. The Company has not early adopted the guidance, is currently working through the implementation of this guidance and does not currently expect the guidance to have a material impact to its financial statements.",,0,significant_accounting_policies,Note 1 – Significant Accounting Policies,3,True,1.0-15.0 ans | 3.0-5.0 ans,"score=4,idx=11924,zone=36287",1202,OK,
0000081362,KWR,2020,0000081362_KWR_FY2020_10K.html,,2020-12-31,"equipment, machinery and equipment","Property, plant and equipment (“PP&E”) are stated at gross cost, less accumulated depreciation. Depreciation is computed using the straight-line method on an individual asset basis over the following estimated useful lives: building s and improvements, 10 to 45 years; and machinery and equipment, 1 to 15 years.",1.0,15.0,Yes,"Property, plant and equipment (“PP&E”) are stated at gross cost, less accumulated depreciation. Depreciation is computed using the straight-line method on an individual asset basis over the following estimated useful lives: building s and improvements, 10 to 45 years; and machinery and equipment, 1 to 15 years.",Not disclosed,,", Customer’s Accounting for Implementation Costs Incurred in a Cloud Computing Arrangement ||| in August 2018 that clarifies the accounting for implementation costs incurred in a cloud computing",,0,significant_accounting_policies,Note 1 – Significant Accounting Policies,3,True,1.0-15.0 ans | 3.0-5.0 ans,"score=4,idx=13807,zone=16108",2236,OK,
0000081362,KWR,2021,0000081362_KWR_FY2021_10K.html,,2022-01-31,machinery and equipment,"Depreciation is computed using the straight- line method on an individual asset basis over the following estimated useful lives: buildings and improvements, 10 to 45 years; and machinery and equipment, 1 to 15 years.",1.0,15.0,Yes,"Depreciation is computed using the straight- line method on an individual asset basis over the following estimated useful lives: buildings and improvements, 10 to 45 years; and machinery and equipment, 1 to 15 years.",Not disclosed,,Not disclosed,A100,1,significant_accounting_policies,Note 1 – Significant Accounting Policies,3,True,1.0-15.0 ans | 3.0-5.0 ans,"score=4,idx=12230,zone=14189",2009,OK,
0000081362,KWR,2022,0000081362_KWR_FY2022_10K.html,,2022-12-31,Capitalized software,"Capitalized software: The Company capitalizes certain costs in connection with developing or obtaining software for internal use, depending on the associated project. These costs are amortized over a period of 3 to 5 years once the assets are ready for their intended use. In connection with the implementations and upgrades to the Company’s global transaction, consolidation and other related systems, approximately $3.5 million and $3.6 million of net costs were capitalized in PP&E on the Company’s Consolidated Balance Sheets at December 31, 2022 and 2021, respectively.",3.0,5.0,Yes,"Depreciation is computed using the straight-line method on an individual asset basis over the following estimated useful lives: buildings and improvements, 10 to 33 years, or the remaining term of the lease; and machinery and equipment, 4 to 10 years, or the remaining term of the lease.",Not disclosed,,Not disclosed,B100,1,significant_accounting_policies,Note 1 – Significant Accounting Policies,3,True,3.0-5.0 ans | 4.0-10.0 ans,"score=2,idx=9495,zone=16544",898,OK,
0000081362,KWR,2023,0000081362_KWR_FY2023_10K.html,,2024-02-29,Capitalized software,"Capitalized software: The Company capitalizes certain costs in connection with developing or obtaining software for internal use, depending on the associated project. These costs are amortized over a period of 3 to 5 years once the assets are ready for their intended use. In connection with the implementations and upgrades to the Company’s global transaction, consolidation and other related systems, approximately $4.5 million and $3.5 million of net costs were capitalized in PP&E on the Company’s Consolidated Balance Sheets as of December 31, 2023 and 2022, respectively.",3.0,5.0,Yes,"Depreciation is computed using the straight-line method on an individual asset basis over the following estimated useful lives: buildings and improvements, 10 to 33 years, or the remaining term of the lease; and machinery and equipment, 4 to 10 years, or the remaining term of the lease.",Not disclosed,,Not disclosed,,0,significant_accounting_policies,Note 1 – Basis of Presentation and Significant Accounting Policies,3,True,3.0-5.0 ans | 4.0-10.0 ans,"score=2,idx=8705,zone=15889",874,OK,
0000081362,KWR,2024,0000081362_KWR_FY2024_10K.html,,2025-02-24,Capitalized software,These costs are amortized over the expected useful life of the software- generally 3 to 5 years once the assets are ready for their intended use.,3.0,5.0,Yes,"Depreciation is computed using the straight-line method on an individual asset basis over the following estimated useful lives: buildings and improvements, 10 to 33 years (for finance leases, the remaining term of the lease); and machinery and equipment, 4 to 10 years (for financing leases, the remaining term of the lease).",Not disclosed,,"The Company capitalizes costs incurred with the implementation of a cloud computing arrangement that is a service contract, consistent with its policy for software for internal use. The capitalized costs are reflected in ""Other non-current assets"" on its Consolidated Balance Sheets and expensed over the term of the related hosting arrangement.",,0,significant_accounting_policies,Note 1 – Basis of Presentation and Significant Accounting Policies,3,True,3.0-5.0 ans | 4.0-10.0 ans,"score=2,idx=8794,zone=16290",939,OK,
0000082811,RRX,2013,0000082811_RRX_FY2013_10K.html,,"December 28, 2013",Not disclosed,Not disclosed,,,No,,Not disclosed,,Not disclosed,,0,unknown,,0,False,,"score=7,idx=8383,zone=23750",748,OK,
0000082811,RRX,2014,0000082811_RRX_FY2014_10K.html,,"January 3, 2015",Not disclosed,Not disclosed,,,No,,Not disclosed,,Not disclosed,,0,unknown,,0,False,,"score=7,idx=8363,zone=26715",868,OK,
0000082811,RRX,2015,0000082811_RRX_FY2015_10K.html,,"January 2, 2016",Not disclosed,Not disclosed,,,No,,Not disclosed,,Not disclosed,,0,unknown,,0,False,,"score=7,idx=8772,zone=27914",911,OK,
0000082811,RRX,2016,0000082811_RRX_FY2016_10K.html,,"December 31, 2016",Not disclosed,Not disclosed,,,Yes,"The Company incurred restructuring and restructuring related costs on projects beginning in 2014. Restructuring costs includes employee termination and plant relocation costs. Restructuring-related costs includes costs directly associated with actions resulting from our Simplification initiatives, such as asset write-downs or accelerated depreciation due to shortened useful lives in connection with site closures, discretionary employment benefit costs and other facility rationalization costs. Restructuring costs for employee termination expenses are generally required to be accrued over the employees remaining service period while restructuring costs for plant relocation costs and restructuring-related costs are generally required to be expensed as incurred",Not disclosed,,Not disclosed,,0,unknown,,0,False,,"score=7,idx=9100,zone=27525",899,OK,
0000082811,RRX,2017,0000082811_RRX_FY2017_10K.html,,"December 30, 2017",Not disclosed,Not disclosed,,,Yes,"The Company incurred restructuring and restructuring related costs on projects beginning in 2014. Restructuring costs include employee termination and plant relocation costs. Restructuring-related costs include costs directly associated with actions resulting from our Simplification initiatives, such as asset write-downs or accelerated depreciation due to shortened useful lives in connection with site closures, discretionary employment benefit costs and other facility rationalization costs. Restructuring costs for employee termination expenses are generally required to be accrued over the employees remaining service period while restructuring costs for plant relocation costs and restructuring-related costs are generally required to be expensed as incurred.",Not disclosed,,Not disclosed,,0,unknown,,0,False,,"score=7,idx=8661,zone=26385",863,OK,
0000082811,RRX,2018,0000082811_RRX_FY2018_10K.html,,,Not disclosed,Not disclosed,,,Yes,"The Company incurred restructuring and restructuring-related costs on projects beginning in 2014. Restructuring costs include employee termination and plant relocation costs. Restructuring-related costs include costs directly associated with actions resulting from the Company's Simplification initiatives, such as asset write-downs or accelerated depreciation due to shortened useful lives in connection with site closures, discretionary employment benefit costs and other facility rationalization costs. Restructuring costs for employee termination expenses are generally required to be accrued over the employees remaining service period while restructuring costs for plant relocation costs and restructuring-related costs are generally required to be expensed as incurred.",Not disclosed,,Not disclosed,,0,unknown,,0,False,,"score=7,idx=9725,zone=27538",923,OK,
0000082811,RRX,2019,0000082811_RRX_FY2019_10K.html,,2019-12-28,Not disclosed,Not disclosed,,,Yes,"The Company incurred restructuring and restructuring-related costs on projects during fiscal 2019 , 2018 and 2017 . Restructuring costs include associate termination and plant relocation costs. Restructuring-related costs include costs directly associated with actions resulting from the Company's Simplification initiatives, such as asset write-downs or accelerated depreciation due to shortened useful lives in connection with site closures, discretionary employment benefit costs and other facility rationalization costs. Restructuring costs for associate termination expenses are generally required to be accrued over the associate remaining service period while restructuring costs for plant relocation costs and restructuring-related costs are generally required to be expensed as incurred.","Industrial Systems segment produces integral motors, generators, alternators and switchgear for industrial applications, along with aftermarket parts and kits to support such products . These products serve markets including agriculture, marine, mining, oil and gas, food and beverage, data centers, healthcare, prime and standby power, and general industrial equipment.",Item 8,Not disclosed,,0,unknown,,0,False,,"score=7,idx=16409,zone=32467",1013,OK,
0000082811,RRX,2020,0000082811_RRX_FY2020_10K.html,,2021-01-02,Not disclosed,Not disclosed,,,Yes,"The Company incurred restructuring and restructuring-related costs on projects during fiscal 2020, 2019 and 2018. Restructuring costs include associate termination and plant relocation costs. Restructuring-related costs include costs directly associated with actions resulting from the Company's simplification initiatives, such as asset write-downs or accelerated depreciation due to shortened useful lives in connection with site closures, discretionary employment benefit costs and other facility rationalization costs. Restructuring costs for associate termination expenses are generally required to be accrued over the associate's remaining service period while restructuring costs for plant relocation costs and restructuring-related costs are generally required to be expensed as incurred.","Industrial Systems segment produces integral motors, generators, alternators and switchgear for industrial applications, along with aftermarket parts and kits to support such products. These products serve markets including agriculture, marine, mining, oil and gas, food and beverage, data centers, healthcare, prime and standby power, and general industrial equipment.",Item 8,Not disclosed,A100,1,unknown,,0,False,,"score=5,idx=12566,zone=17013",722,OK,
0000082811,RRX,2021,0000082811_RRX_FY2021_10K.html,,2022-01-01,Not disclosed,Not disclosed,,,Yes,"The Company incurred restructuring and restructuring-related costs on projects during fiscal 2021, 2020 and 2019. Restructuring costs include associate termination and plant relocation costs. Restructuring-related costs include costs directly associated with actions resulting from the Company's simplification initiatives, such as asset write-downs or accelerated depreciation due to shortened useful lives in connection with site closures, discretionary employment benefit costs and other facility rationalization costs. Restructuring costs for associate termination expenses are generally required to be accrued over the associate's remaining service period while restructuring costs for plant relocation costs and restructuring-related costs are generally required to be expensed as incurred.","Industrial Systems segment designs and produces integral motors, automatic transfer switches, alternators and switchgear for industrial applications, along with aftermarket parts and kits to support such products. These products serve markets including agriculture, marine, mining, oil and gas, food and beverage, data centers, healthcare, prime and standby power, and general industrial equipment.",Item 8,Not disclosed,,0,unknown,,0,False,,"score=5,idx=12208,zone=18327",838,OK,
0000082811,RRX,2022,0000082811_RRX_FY2022_10K.html,,2023-01-24,Not disclosed,Not disclosed,,,Yes,"The Company incurred restructuring and restructuring-related costs on projects during fiscal 2022, 2021 and 2020. Restructuring costs include associate termination and plant relocation costs. Restructuring-related costs include costs directly associated with actions resulting from the Company's simplification initiatives, such as asset write-downs or accelerated depreciation due to shortened useful lives in connection with site closures, discretionary employment benefit costs and other facility rationalization costs. Restructuring costs for associate termination expenses are generally required to be accrued over the associate's remaining service period while restructuring costs for plant relocation costs and restructuring-related costs are generally required to be expensed as incurred.","Industrial Systems segment designs and produces integral motors, automatic transfer switches, alternators and switchgear for industrial applications, along with aftermarket parts and kits to support such products. These products serve markets including agriculture, marine, mining, oil and gas, food and beverage, data centers, healthcare, prime and standby power, and general industrial equipment.",Item 8,Not disclosed,,0,unknown,,0,False,,"score=5,idx=11964,zone=17833",769,OK,
0000082811,RRX,2023,0000082811_RRX_FY2023_10K.html,,2023-12-31,Not disclosed,Not disclosed,,,Yes,"The Company incurred restructuring and restructuring-related costs on projects during fiscal 2023, 2022 and 2021. The Company has initiated restructuring plans to achieve cost synergies from procurement, distribution efficiencies, footprint rationalization and other general cost savings measures. Restructuring costs include employee termination and plant relocation costs. Restructuring-related costs include costs directly associated with actions resulting from the Company's simplification initiatives, such as asset write-downs or accelerated depreciation due to shortened useful lives in connection with site closures, discretionary employment benefit costs and other facility rationalization costs. Restructuring costs for employee termination expenses are generally recognized when the severance liability is determined to be probable of being paid and reasonably estimable while plant relocation costs and related costs are generally required to be expensed as incurred.","AMC consists of the Company's previous MCS aerospace and conveying business units, Altra's Automation & Specialty segment and the Thomson Power Systems business that was previously in the Company's Industrial Systems segment. The AMC segment designs, produces and services conveyor products, conveying automation subsystems, aerospace components, rotary precision motion solutions, high-efficiency miniature motors and motion control products, automation transfer switches, switchgear for industrial applications and automation systems that enable and control the transition of rotary motion to linear motion. These products serve markets including material handling, aerospace and defense, factory automation, data centers, medical device, packaging, printing, semiconductor, robotic, industrial power tool, mobile off-highway, food & beverage processing and other applications.",Item 8,Not disclosed,,0,unknown,,0,False,,"score=5,idx=11934,zone=18237",886,OK,
0000082811,RRX,2024,0000082811_RRX_FY2024_10K.html,,2024-12-31,Not disclosed,Not disclosed,,,Yes,"The Company incurred restructuring and restructuring-related costs on projects during 2024, 2023 and 2022. The Company has initiated restructuring plans to achieve cost synergies from procurement, distribution efficiencies, footprint rationalization and other general cost savings measures. Restructuring costs include employee termination and plant relocation costs. Restructuring-related costs include costs directly associated with actions resulting from the Company's simplification initiatives, such as asset write-downs or accelerated depreciation due to shortened useful lives in connection with site closures, discretionary employment benefit costs and other facility rationalization costs. Restructuring costs for employee termination expenses are generally recognized when the severance liability is determined to be probable of being paid and reasonably estimable while plant relocation costs and related costs are generally required to be expensed as incurred.","The AMC segment designs, produces and services conveyor products, conveying automation subsystems, aerospace components, precision motion control solutions, high-efficiency miniature servo motors, controls, drives and linear actuators, as well as power management products that include automatic transfer switches and paralleling switchgear. The segment sells into markets that include industrial automation, robotics, food and beverage, aerospace, medical, agricultural and construction, general industrial, data center, and other markets.",Item 8,Not disclosed,,0,unknown,,0,False,,"score=5,idx=11495,zone=17359",817,OK,
0000084748,ROG,2013,0000084748_ROG_FY2013_10K.html,,"December 31, 2013",equipment,"Property, plant and equipment are stated on the basis of cost. For financial reporting purposes, provisions for depreciation are calculated on a straight‑line basis over the following estimated useful lives of the underlying assets:",,,No,,Not disclosed,,Not disclosed,,0,significant_accounting_policies,NOTE 1 ‑ ORGANIZATION AND SUMMARY OF SIGNIFICANT ACCOUNTING POLICIES,3,False,,"score=4,idx=8944,zone=25997",1160,OK,
0000084748,ROG,2014,0000084748_ROG_FY2014_10K.html,,"December 31, 2014","computer software, Capitalized software, equipment","Capitalized software costs are included in property, plant and equipment on our balance sheet and amortized on a straight-line basis when placed into service over the estimated useful lives of the software, which approximates three to five years. We have recorded software amortization of",3.0,5.0,No,,Not disclosed,,Not disclosed,,0,significant_accounting_policies,NOTE 1 ‑ ORGANIZATION AND SUMMARY OF SIGNIFICANT ACCOUNTING POLICIES,3,False,,"score=4,idx=8602,zone=24963",1104,OK,
0000084748,ROG,2015,0000084748_ROG_FY2015_10K.html,,"December 31, 2015","computer software, Capitalized software, equipment","Capitalized software costs are included in property, plant and equipment on our consolidated statement of financial position and amortized on a straight-line basis when placed into service over the estimated useful lives of the software, which approximates three to five years.",3.0,5.0,No,,Not disclosed,,Not disclosed,,0,significant_accounting_policies,NOTE 1 ‑ ORGANIZATION AND SUMMARY OF SIGNIFICANT ACCOUNTING POLICIES,3,False,,"score=4,idx=9675,zone=25893",1017,OK,
0000084748,ROG,2016,0000084748_ROG_FY2016_10K.html,,,"computer software, Capitalized software","Capitalized software costs are amortized on a straight-line basis when placed into service over the estimated useful lives of the software, which approximates three to five years.",3.0,5.0,No,,Not disclosed,,Not disclosed,,0,significant_accounting_policies,NOTE 1 ‑ ORGANIZATION AND SUMMARY OF SIGNIFICANT ACCOUNTING POLICIES,3,False,,"score=4,idx=10110,zone=24319",1060,OK,
0000084748,ROG,2017,0000084748_ROG_FY2017_10K.html,,,"computer software, Capitalized software","Capitalized software costs are amortized on a straight-line basis when placed into service over the estimated useful lives of the software, which approximates",,,No,,Not disclosed,,Not disclosed,,0,significant_accounting_policies,NOTE 1 ‑ ORGANIZATION AND SUMMARY OF SIGNIFICANT ACCOUNTING POLICIES,3,False,,"score=4,idx=9483,zone=23633",1090,OK,
0000084748,ROG,2018,0000084748_ROG_FY2018_10K.html,,,"computer software, Capitalized software","Capitalized software costs are amortized on a straight-line basis when placed into service over the estimated useful lives of the software, which approximates",,,No,,Not disclosed,,"Intangibles - Goodwill and Other - Internal-Use Software (Subtopic 350-40): Customer’s Accounting for Implementation Costs Incurred in a Cloud computing Arrangement that is a Service Contract ||| In August 2018, the FASB issued Accounting Standards Update ASU No. 2018-15, Intangibles - Goodwill and Other - Internal-Use Software (Subtopic 350-40): Customer’s Accounting for Implementation Costs Incurred in a Cloud computing Arrangement that is a Service Contract , which aligns the requirements for capitalizing costs incurred in the implementation of a hosting arrangement that is a service contract with the requirements for capitalizing costs incurred to develop or obtain internal use software. This ASU is effective for our fiscal year ending December 31, 2020 and for the interim periods within that year, with early adoption permitted. The amendments in this update may be applied either retrospectively or prospectively to all implementation costs incurred after the date of adoption. The Company is currently evaluating the potential impact of adopting this guidance on our consolidated financial statements.",,0,significant_accounting_policies,Note 19 – Recent Accounting Standards,3,True,3.0-10.0 ans | 5.0-15.0 ans,"score=4,idx=9883,zone=26146",1107,OK,
0000084748,ROG,2019,0000084748_ROG_FY2019_10K.html,,2019-12-31,"computer software, capitalized software, equipment","We amortize capitalized internal use software costs using the straight-line method over the estimated useful lives of the software, generally from three to five years . Capitalized software is included within “Property, plant and equipment, net of accumulated depreciation” in the consolidated statements of financial position.",3.0,5.0,No,,Not disclosed,,"In August 2018, the FASB issued ASU 2018-15, Intangibles - Goodwill and Other - Internal-Use Software (Subtopic 350-40): Customer’s Accounting for Implementation Costs Incurred in a Cloud Computing Arrangement that is a Service Contract , which aligns the requirements for capitalizing costs incurred in the implementation of a hosting arrangement that is a service contract ||| Intangibles - Goodwill and Other - Internal-Use Software (Subtopic 350-40): Customer’s Accounting for Implementation Costs Incurred in a Cloud Computing Arrangement that is a Service Contract",,0,significant_accounting_policies,"Note 1 – Basis of Presentation, Organization and Summary of Significant Accounting Policies",3,True,3.0-5.0 ans | 3.0-10.0 ans | 5.0-15.0 ans,"score=4,idx=11511,zone=25696",952,OK,
0000084748,ROG,2020,0000084748_ROG_FY2020_10K.html,,2021-02-18,"computer software, capitalized software, equipment","We amortize capitalized internal use software costs using the straight-line method over the estimated useful lives of the software, generally from three to five years. Capitalized software is included within “Property, plant and equipment, net of accumulated depreciation” in the consolidated statements of financial position.",3.0,5.0,No,,Not disclosed,,Not disclosed,B200,1,significant_accounting_policies,"Note 1 – Basis of Presentation, Organization and Summary of Significant Accounting Policies",3,True,3.0-5.0 ans | 3.0-10.0 ans | 5.0-15.0 ans,"score=2,idx=8671,zone=12875",714,OK,
0000084748,ROG,2021,0000084748_ROG_FY2021_10K.html,,2021-12-31,"computer software, capitalized software, equipment","We amortize capitalized internal use software costs using the straight-line method over the estimated useful lives of the software, generally from three to five years. Capitalized software is included within “Property, plant and equipment, net of accumulated depreciation” in the consolidated statements of financial position.",3.0,5.0,No,,Not disclosed,,Not disclosed,,0,significant_accounting_policies,"Note 1 – Basis of Presentation, Organization and Summary of Significant Accounting Policies",3,True,3.0-5.0 ans | 3.0-10.0 ans | 5.0-15.0 ans,"score=2,idx=6953,zone=12483",708,OK,
0000084748,ROG,2022,0000084748_ROG_FY2022_10K.html,,2023-03-31,"computer software, capitalized software, equipment","We amortize capitalized internal use software costs using the straight-line method over the estimated useful lives of the software, generally from three to five years. Capitalized software is included within “Property, plant and equipment, net of accumulated depreciation” in the consolidated statements of financial position.",3.0,5.0,No,,Not disclosed,,Not disclosed,,0,significant_accounting_policies,"Note 1 – Basis of Presentation, Organization and Summary of Significant Accounting Policies",3,True,3.0-5.0 ans | 3.0-10.0 ans | 5.0-15.0 ans,"score=2,idx=7012,zone=12309",679,OK,
0000084748,ROG,2023,0000084748_ROG_FY2023_10K.html,,2023-12-31,"computer software, capitalized software, equipment","We amortize capitalized internal use software costs using the straight-line method over the estimated useful lives of the software, generally from three to five years. Capitalized software is included within the “Property, plant and equipment, net of accumulated depreciation” line item in the consolidated statements of financial position.",3.0,5.0,No,,Not disclosed,,Not disclosed,,0,significant_accounting_policies,"Note 1 – Basis of Presentation, Organization and Summary of Significant Accounting Policies",3,True,3.0-5.0 ans | 3.0-10.0 ans | 5.0-15.0 ans,"score=2,idx=7003,zone=11989",679,OK,
0000084748,ROG,2024,0000084748_ROG_FY2024_10K.html,,2024-12-31,"computer software, capitalized software, equipment","We amortize capitalized internal use software costs using the straight-line method over the estimated useful lives of the software, generally from three to five years.",3.0,5.0,No,,Not disclosed,,"Additionally, we had a $6.0 million net balance as of December 31, 2024 related to our cloud computing arrangements, which was contained in “Other long-term assets” and “Other current assets” line items in the consolidated statements of financial position.",,0,significant_accounting_policies,Note 14 – Supplemental Financial Information.,3,True,3.0-5.0 ans | 3.0-10.0 ans | 5.0-15.0 ans,"score=2,idx=7134,zone=12411",703,OK,
0000084839,ROL,2013,0000084839_ROL_FY2013_10K.html,,,Not disclosed,Not disclosed,,,No,,Not disclosed,,Not disclosed,,0,unknown,,0,False,,"score=4,idx=2821,zone=7804",409,OK,
0000084839,ROL,2014,0000084839_ROL_FY2014_10K.html,,,Not disclosed,Not disclosed,,,No,,Not disclosed,,Not disclosed,,0,unknown,,0,False,,"score=4,idx=3573,zone=15051",438,OK,
0000084839,ROL,2015,0000084839_ROL_FY2015_10K.html,,,Not disclosed,Not disclosed,,,No,,Not disclosed,,Not disclosed,,0,unknown,,0,False,,"score=4,idx=2838,zone=8373",439,OK,
0000084839,ROL,2016,0000084839_ROL_FY2016_10K.html,,,Not disclosed,Not disclosed,,,No,,Not disclosed,,Not disclosed,,0,unknown,,0,False,,"score=4,idx=4749,zone=11505",432,OK,
0000084839,ROL,2017,0000084839_ROL_FY2017_10K.html,,,"Equipment, furniture","Equipment and Property — Equipment and Property are stated at cost, net of accumulated depreciation, and are provided principally on a straight-line basis over the estimated useful lives of the related assets. Annual provisions for depreciation are computed using the following asset lives: buildings, 10 to 40 years; and furniture, fixtures, and operating equipment, 2 to 10 years.",2.0,10.0,No,,Not disclosed,,Not disclosed,,0,significant_accounting_policies,1. SUMMARY OF SIGNIFICANT ACCOUNTING POLICIES,3,False,,"score=4,idx=5953,zone=17864",747,OK,
0000084839,ROL,2018,0000084839_ROL_FY2018_10K.html,,,"Equipment, furniture","Equipment
and Property — Equipment and Property are stated at cost, net of accumulated depreciation, and are provided principally
on a straight-line basis over the estimated useful lives of the related assets. Annual provisions for depreciation are computed
using the following asset lives: buildings, 10 to 40 years; and furniture, fixtures, and operating equipment, 2 to 10 years.",2.0,10.0,No,,Not disclosed,,Not disclosed,,0,significant_accounting_policies,"1. SUMMARY
OF SIGNIFICANT ACCOUNTING POLICIES",3,False,,"score=4,idx=4558,zone=14778",466,OK,
0000084839,ROL,2019,0000084839_ROL_FY2019_10K.html,,"December 31, 2019","Equipment, furniture","Equipment
and Property — Equipment and Property are stated at cost, net of accumulated depreciation, and are provided principally
on a straight-line basis over the estimated useful lives of the related assets. Annual provisions for depreciation are computed
using the following asset lives: buildings, 10 to 40 years; and furniture, fixtures, and operating equipment, 2 to 10 years.",2.0,10.0,No,,Not disclosed,,Not disclosed,,0,significant_accounting_policies,1. SUMMARY OF SIGNIFICANT ACCOUNTING POLICIES,3,False,,"score=4,idx=5456,zone=9594",584,OK,
0000084839,ROL,2020,0000084839_ROL_FY2020_10K.html,,"DECEMBER 31, 2020","Equipment, furniture","Equipment
and Property — Equipment and Property are stated at cost, net of accumulated depreciation, and are provided principally
on a straight-line basis over the estimated useful lives of the related assets. Annual provisions for depreciation are computed
using the following asset lives: buildings, 10 to 40 years; and furniture, fixtures, and operating equipment, 2 to 10 years.",2.0,10.0,No,,Not disclosed,,Not disclosed,,0,significant_accounting_policies,1. SUMMARY OF SIGNIFICANT ACCOUNTING POLICIES,3,False,,"score=4,idx=5343,zone=9771",528,OK,
0000084839,ROL,2021,0000084839_ROL_FY2021_10K.html,,2022-01-27,"Equipment, furniture","Equipment and Property — Equipment and Property are stated at cost, net of accumulated depreciation, and are provided principally on a straight-line basis over the estimated useful lives of the related assets. Annual provisions for depreciation are computed using the following asset lives: buildings, 10 to 40 years; and furniture, fixtures, and operating equipment , 2 to 10 years.",2.0,10.0,No,,Not disclosed,,Not disclosed,,0,significant_accounting_policies,1. SUMMARY OF SIGNIFICANT ACCOUNTING POLICIES,3,True,2.0-10.0 ans | 3.0-7.0 ans,"score=6,idx=6136,zone=14411",491,OK,
0000084839,ROL,2022,0000084839_ROL_FY2022_10K.html,,2023-01-23,"Equipment, furniture","Equipment and Property — Equipment and property are stated at cost, net of accumulated depreciation, and are depreciated on a straight-line basis over the estimated useful lives of the related assets. Annual provisions for depreciation are computed using the following asset lives: buildings, 10 to 40 years; and furniture, fixtures and operating equipment , 2 to 10 years.",2.0,10.0,No,,Not disclosed,,Not disclosed,,0,significant_accounting_policies,1. SUMMARY OF SIGNIFICANT ACCOUNTING POLICIES,3,True,2.0-10.0 ans | 3.0-7.0 ans,"score=6,idx=6163,zone=17477",496,OK,
0000084839,ROL,2023,0000084839_ROL_FY2023_10K.html,,2024-01-22,"Equipment, furniture","Equipment and Property —Equipment and property are stated at cost, net of accumulated depreciation, and are depreciated on a straight-line basis over the estimated useful lives of the related assets. Depreciation expense is computed using the following asset lives: buildings, 10 to 40 years; and furniture, fixtures and operating equipment, 2 to 10 years.",2.0,10.0,No,,Not disclosed,,Not disclosed,,0,significant_accounting_policies,1. SUMMARY OF SIGNIFICANT ACCOUNTING POLICIES,3,True,2.0-10.0 ans | 3.0-7.0 ans,"score=2,idx=6289,zone=7757",295,OK,
0000084839,ROL,2024,0000084839_ROL_FY2024_10K.html,,2025-01-22,"Equipment, furniture","Equipment and Property —Equipment and property are stated at cost, net of accumulated depreciation, and are depreciated on a straight-line basis over the estimated useful lives of the related assets. Depreciation expense is computed using the following asset lives: buildings, 10 to 40 years; and furniture, fixtures and operating equipment, 2 to 10 years.",2.0,10.0,No,,Not disclosed,,Cloud Computing Costs —The Company capitalizes software license fees and implementation costs associated with cloud hosting arrangements that are service contracts. These amounts are included in other current assets and other assets in the accompanying balance sheets. Amortization of the software license fees is calculated using the straight-line method over the term of the service contract. Amortization of the implementation costs is calculated using the straight-line method based on the term of the service contract or based on the expected utilization of the asset and commences once the module or component is ready for its intended use. ||| Cloud Computing Costs,,0,significant_accounting_policies,1. SUMMARY OF SIGNIFICANT ACCOUNTING POLICIES,3,True,2.0-10.0 ans | 3.0-7.0 ans,"score=2,idx=7228,zone=8161",287,OK,
0000110621,RPM,2013,0000110621_RPM_FY2013_10K.html,,"May 31, 2013",Not disclosed,Not disclosed,,,No,,Not disclosed,,Not disclosed,,0,unknown,,0,False,,"score=4,idx=4028,zone=15",1,OK,
0000110621,RPM,2014,0000110621_RPM_FY2014_10K.html,,"May 31, 2014",Not disclosed,Not disclosed,,,No,,Not disclosed,,Not disclosed,,0,unknown,,0,False,,"score=4,idx=4155,zone=5",1,OK,
0000110621,RPM,2015,0000110621_RPM_FY2015_10K.html,,"May 31, 2015",Not disclosed,Not disclosed,,,No,,Not disclosed,,Not disclosed,,0,unknown,,0,False,,"score=4,idx=4338,zone=14",1,OK,
0000110621,RPM,2016,0000110621_RPM_FY2016_10K.html,,"May 31, 2016",Not disclosed,Not disclosed,,,No,,Not disclosed,,Not disclosed,,0,unknown,,0,False,,"score=4,idx=3267,zone=7",139,OK,
0000110621,RPM,2017,0000110621_RPM_FY2017_10K.html,,"May 31, 2017",Not disclosed,Not disclosed,,,No,,Not disclosed,,Not disclosed,,0,unknown,,0,False,,"score=4,idx=3284,zone=7",130,OK,
0000110621,RPM,2018,0000110621_RPM_FY2018_10K.html,,"May 31, 2018",Not disclosed,Not disclosed,,,No,,Not disclosed,,Not disclosed,,0,unknown,,0,False,,"score=4,idx=3272,zone=7",128,OK,
0000110621,RPM,2019,0000110621_RPM_FY2019_10K.html,,"May 31, 2019",Not disclosed,Not disclosed,,,No,,Not disclosed,,Not disclosed,,0,unknown,,0,False,,"score=4,idx=3492,zone=7",128,OK,
0000110621,RPM,2020,0000110621_RPM_FY2020_10K.html,,2020-05-31,Not disclosed,Not disclosed,,,No,,Not disclosed,,Not disclosed,,0,unknown,,0,False,,"score=4,idx=13937,zone=28654",976,OK,
0000110621,RPM,2021,0000110621_RPM_FY2021_10K.html,,2021-07-23,Not disclosed,Not disclosed,,,No,,Not disclosed,,Not disclosed,,0,unknown,,0,False,,"score=4,idx=14303,zone=27914",903,OK,
0000110621,RPM,2022,0000110621_RPM_FY2022_10K.html,,2022-07-22,Not disclosed,Not disclosed,,,No,,Not disclosed,,Not disclosed,B100,1,unknown,,0,False,,"score=4,idx=16334,zone=41282",1226,OK,
0000110621,RPM,2023,0000110621_RPM_FY2023_10K.html,,2023-05-31,Not disclosed,Not disclosed,,,No,,Not disclosed,,Not disclosed,B200,1,unknown,,0,False,,"score=4,idx=14922,zone=39773",1163,OK,
0000110621,RPM,2024,0000110621_RPM_FY2024_10K.html,,2024-05-31,Not disclosed,Not disclosed,,,No,,Not disclosed,,Not disclosed,,0,unknown,,0,False,,"score=4,idx=15316,zone=40453",1193,OK,
0000350698,AN,2013,0000350698_AN_FY2013_10K.html,,,equipment,"Expenses under real property, equipment, and software leases were $47.6 million in 2013 , $47.6 million in 2012 , and $53.9 million in 2011 . The leases require payment of real estate taxes, insurance, and maintenance in addition to rent. Most of the leases contain renewal options, rent abatements, and rent escalation clauses. Lease expense is recognized on a straight-line basis over the term of the lease, including any option periods, as appropriate. The same lease term is used for lease classification, the amortization period of related leasehold improvements, and the estimation of future lease commitments.",,,No,,Not disclosed,,Not disclosed,,0,ppe_note,21. MULTIEMPLOYER PENSION PLANS,3,False,,"score=7,idx=24567,zone=16975",812,OK,
0000350698,AN,2014,0000350698_AN_FY2014_10K.html,,,equipment,"Expenses under real property, equipment, and software leases were $49.0 million in 2014 , $47.6 million in 2013 , and $47.6 million in 2012 . The leases require payment of real estate taxes, insurance, and maintenance in addition to rent. Most of the leases contain renewal options, rent abatements, and rent escalation clauses. Lease expense is recognized on a straight-line basis over the term of the lease, including any option periods, as appropriate. The same lease term is used for lease classification, the amortization period of related leasehold improvements, and the estimation of future lease commitments.",,,No,,Not disclosed,,Not disclosed,,0,ppe_note,21. MULTIEMPLOYER PENSION PLANS,3,False,,"score=7,idx=24633,zone=17048",793,OK,
0000350698,AN,2015,0000350698_AN_FY2015_10K.html,,,equipment,"Expenses under real property, equipment, and software leases were $51.4 million in 2015 , $49.0 million in 2014 , and $47.6 million in 2013 . The leases require payment of real estate taxes, insurance, and maintenance in addition to rent. Most of the leases contain renewal options, rent abatements, and rent escalation clauses. Lease expense is recognized on a straight-line basis over the term of the lease, including any option periods, as appropriate. The same lease term is used for lease classification, the amortization period of related leasehold improvements, and the estimation of future lease commitments.",,,No,,Not disclosed,,Not disclosed,,0,ppe_note,20. MULTIEMPLOYER PENSION PLANS,3,False,,"score=7,idx=24875,zone=17601",799,OK,
0000350698,AN,2016,0000350698_AN_FY2016_10K.html,,,equipment,"Expenses under real property, equipment, and software leases were $52.8 million in 2016 , $51.4 million in 2015 , and $49.0 million in 2014 . The leases require payment of real estate taxes, insurance, and maintenance in addition to rent. Most of the leases contain renewal options, rent abatements, and rent escalation clauses. Lease expense is recognized on a straight-line basis over the term of the lease, including any option periods, as appropriate. The same lease term is used for lease classification, the amortization period of related leasehold improvements, and the estimation of future lease commitments.",,,No,,Not disclosed,,Not disclosed,,0,ppe_note,20. MULTIEMPLOYER PENSION PLANS,3,False,,"score=7,idx=25113,zone=17971",793,OK,
0000350698,AN,2017,0000350698_AN_FY2017_10K.html,,,equipment,"Expenses under real property, equipment, and software leases were $56.3 million in 2017 , $52.8 million in 2016 , and $51.4 million in 2015 . The leases require payment of real estate taxes, insurance, and maintenance in addition to rent. Most of the leases contain renewal options, rent abatements, and rent escalation clauses. Lease expense is recognized on a straight-line basis over the term of the lease, including any option periods, as appropriate. The same lease term is used for lease classification, the amortization period of related leasehold improvements, and the estimation of future lease commitments.",,,No,,Not disclosed,,Not disclosed,,0,ppe_note,20. MULTIEMPLOYER PENSION PLANS,3,False,,"score=7,idx=25102,zone=18150",803,OK,
0000350698,AN,2018,0000350698_AN_FY2018_10K.html,,"December 31, 2018",equipment,"Expenses under real property, equipment, and software leases were $66.2 million in 2018 , $56.3 million in 2017 , and $52.8 million in 2016 . The leases require payment of real estate taxes, insurance, and maintenance in addition to rent. Most of the leases contain renewal options, rent abatements, and rent escalation clauses. Lease expense is recognized on a straight-line basis over the term of the lease, including any option periods, as appropriate. The same lease term is used for lease classification, the amortization period of related leasehold improvements, and the estimation of future lease commitments.",,,No,,Not disclosed,,Not disclosed,,0,ppe_note,18. COMMITMENTS AND CONTINGENCIES,3,False,,"score=7,idx=27045,zone=22181",853,OK,
0000350698,AN,2019,0000350698_AN_FY2019_10K.html,,"December 31, 2019",equipment,Property and equipment are recorded at cost less accumulated depreciation.,,,No,,Not disclosed,,Not disclosed,,0,significant_accounting_policies,1. DESCRIPTION OF BUSINESS AND SUMMARY OF SIGNIFICANT ACCOUNTING POLICIES,3,False,,"score=7,idx=27880,zone=22656",877,OK,
0000350698,AN,2020,0000350698_AN_FY2020_10K.html,,"December 31, 2020",equipment,Property and equipment are recorded at cost less accumulated depreciation.,,,No,,Not disclosed,,Not disclosed,,0,significant_accounting_policies,1. DESCRIPTION OF BUSINESS AND SUMMARY OF SIGNIFICANT ACCOUNTING POLICIES,3,False,,"score=5,idx=17910,zone=12576",740,OK,
0000350698,AN,2021,0000350698_AN_FY2021_10K.html,,"December 31, 2021",equipment,Property and equipment are recorded at cost less accumulated depreciation.,,,No,,Not disclosed,,Not disclosed,,0,significant_accounting_policies,1. DESCRIPTION OF BUSINESS AND SUMMARY OF SIGNIFICANT ACCOUNTING POLICIES,3,False,,"score=5,idx=17437,zone=12277",692,OK,
0000350698,AN,2022,0000350698_AN_FY2022_10K.html,,2023-01-26,Not disclosed,Not disclosed,,,No,,Not disclosed,,Not disclosed,,0,unknown,,0,False,,"score=5,idx=17501,zone=12884",758,OK,
0000350698,AN,2023,0000350698_AN_FY2023_10K.html,,2024-02-16,Not disclosed,Not disclosed,,,No,,Not disclosed,,Not disclosed,,0,unknown,,0,False,,"score=5,idx=17404,zone=12818",725,OK,
0000350698,AN,2024,0000350698_AN_FY2024_10K.html,,2024-12-31,Not disclosed,Not disclosed,,,No,,Not disclosed,,Not disclosed,,0,unknown,,0,False,,"score=5,idx=18467,zone=15151",758,OK,
0000709283,QMCO,2013,0000709283_QMCO_FY2013_10K.html,,"March 31, 2014",equipment,"Property and equipment are
carried at cost, less accumulated depreciation and amortization, computed on a
straight-line basis over the estimated useful lives of the assets as follows:",,,No,,"Our goals for fiscal 2014 were
to continue to capitalize on market opportunities while balancing cash flow
generation and operating profit against revenue growth associated with potential
opportunities and go-to-market strategies, with an emphasis on delivering
results that we expect to be more predictable going forward. In some cases, as
was the case in the second through fourth quarters of fiscal 2014, this means we
may generate lower overall revenue but more cash flow and profit in order to
provide greater operating leverage for future revenue increases. Our revenue
growth strategy in fiscal 2014 was focused on leveraging our StorNext and Lattus
solutions to drive deeper into rich media and other vertical markets and
extending the reach of these solutions into the data center and the cloud in
addition to expanding relationships with our partners and gaining additional
access to end users through existing and new channel partners. We continued our
efforts to further leverage our tape automation and DXi expertise, our installed
product base and our broad data protection product portfolio in order to gain
market share in the data center.",MD&A (Item 7),Not disclosed,,0,significant_accounting_policies,"NOTE 3: SUMMARY OF
SIGNIFICANT ACCOUNTING POLICIES",3,False,,"score=7,idx=5732,zone=10513",466,OK,
0000709283,QMCO,2014,0000709283_QMCO_FY2014_10K.html,,"March 31, 2015",equipment,"Property and equipment are carried at cost, less accumulated depreciation and amortization, computed on a straight-line basis over the estimated useful lives of the assets as follows:",,,No,,Not disclosed,,Not disclosed,,0,significant_accounting_policies,NOTE 2: SUMMARY OF SIGNIFICANT ACCOUNTING POLICIES,3,False,,"score=7,idx=10359,zone=14519",652,OK,
0000709283,QMCO,2015,0000709283_QMCO_FY2015_10K.html,,"March 31, 2016",equipment,"Property and equipment are carried at cost, less accumulated depreciation and amortization, computed on a straight-line basis over the estimated useful lives of the assets as follows:",,,No,,Not disclosed,,"Customer's Accounting for Fees Paid in a Cloud Computing Arrangement ||| (""ASU 2015-05""). ASU 2015-05 requires that customers apply the same criteria as vendors to determine whether a cloud computing arrangement (""CCA"") contains a software license or is solely a service contract. Under ASU 2015-05, fees paid by a customer in a CCA will be within the scope of internal-use software guidance if both of the following criteria are met: 1) the customer has the contractual right to take possession of the software at any time without significant penalty, and 2) it is feasible for the customer to run the software on its own hardware (or to contract with another party to host the software). ASU 2015-05 will be effective for us beginning April 1, 2016, or fiscal 2017. We do not anticipate adoption will impact our statements of financial position or results of operations. ||| In April 2015, the FASB issued ASU No. 2015-05, Customer's Accounting for Fees Paid in a Cloud Computing Arrangement (""ASU 2015-05""). ASU 2015-05 requires that customers apply the same criteria as vendors to determine whether a cloud computing arrangement (""CCA"") contains a software license or is solely a service contract. Under ASU 2015-05, fees paid by a customer in a CCA will be within the scope of internal-use software guidance if both of the following criteria are met: 1) the customer has the contractual right to take possession of the software at any time without significant penalty, and 2) it is feasible for the customer to run the software on its own hardware (or to contract with another party to host the software). ASU 2015-05 will be effective for us beginning April 1, 2016, or fiscal 2017. We do not anticipate adoption will impact our statements of financial position or results of operations.",,0,significant_accounting_policies,NOTE 2: SUMMARY OF SIGNIFICANT ACCOUNTING POLICIES,3,False,,"score=7,idx=11035,zone=15016",742,OK,
0000709283,QMCO,2016,0000709283_QMCO_FY2016_10K.html,,"March 31, 2017",software,Machinery and equipment 3 to 5 years Computer equipment 3 to 5 years ERP software 10 years Other software 3 years Furniture and fixtures 5 years Other office equipment 5 years Leasehold improvements Shorter of useful life or life of lease,3.0,5.0,Not disclosed,,Not disclosed,,Not disclosed,,0,significant_accounting_policies,NOTE 3 : SUMMARY OF SIGNIFICANT ACCOUNTING POLICIES,3,False,,"score=7,idx=10897,zone=18044",767,ERROR,'<' not supported between instances of 'NoneType' and 'float'
0000709283,QMCO,2017,0000709283_QMCO_FY2017_10K.html,,"March 31, 2017",software,Machinery and equipment 3 to 5 years Computer equipment 3 to 5 years ERP software 10 years Other software 3 years Furniture and fixtures 5 years Other office equipment 5 years Leasehold improvements Shorter of useful life or life of lease,3.0,5.0,Not disclosed,,Not disclosed,,Not disclosed,,0,significant_accounting_policies,NOTE 3 : SUMMARY OF SIGNIFICANT ACCOUNTING POLICIES,3,False,,"score=7,idx=10897,zone=18044",767,ERROR,'<' not supported between instances of 'NoneType' and 'float'
0000709283,QMCO,2019,0000709283_QMCO_FY2019_10K.html,,"March 31, 2020",software,Machinery and equipment 3 to 5 years Computer equipment 3 to 5 years ERP software 10 years Other software 3 years Furniture and fixtures 5 years Other office equipment 5 years Leasehold improvements Shorter of useful life or life of lease,3.0,5.0,Not disclosed,,Not disclosed,,Not disclosed,,0,significant_accounting_policies,NOTE 1 : DESCRIPTION OF BUSINESS AND SIGNIFICANT ACCOUNTING POLICIES,3,False,,"score=7,idx=13441,zone=13918",799,ERROR,'<' not supported between instances of 'NoneType' and 'float'
0000709283,QMCO,2020,0000709283_QMCO_FY2020_10K.html,,2022-12-12,software,Machinery and equipment 3 to 5 years Computer equipment 3 to 5 years Enterprise resource planning software (1) 10 years Other software 3 years Furniture and fixtures 5 years Other office equipment 5 years Leasehold improvements Shorter of useful life or life of lease,3.0,5.0,Not disclosed,,Not disclosed,,Not disclosed,,0,significant_accounting_policies,NOTE 1: DESCRIPTION OF BUSINESS AND SIGNIFICANT ACCOUNTING POLICIES,3,False,,"score=5,idx=9105,zone=8464",581,ERROR,'<' not supported between instances of 'NoneType' and 'float'
0000709283,QMCO,2021,0000709283_QMCO_FY2021_10K.html,,2022-12-12,software,Machinery and equipment 3 to 5 years Computer equipment 3 to 5 years Other software 3 years Furniture and fixtures 5 years Other office equipment 5 years Leasehold improvements Shorter of useful life or life of lease,3.0,5.0,Not disclosed,,Not disclosed,,Not disclosed,,0,significant_accounting_policies,Note 5: Debt,3,False,,"score=5,idx=8968,zone=8396",562,ERROR,'<' not supported between instances of 'NoneType' and 'float'
0000709283,QMCO,2022,0000709283_QMCO_FY2022_10K.html,,2023-06-01,software,Machinery and equipment 3 to 5 years Computer equipment 3 to 5 years Other software 3 years Furniture and fixtures 5 years Other office equipment 5 years Leasehold improvements Shorter of useful life or life of lease,3.0,5.0,Not disclosed,,Not disclosed,,Not disclosed,,0,significant_accounting_policies,Note 13: Subsequent Events),3,False,,"score=5,idx=7538,zone=9534",559,ERROR,'<' not supported between instances of 'NoneType' and 'float'
0000709283,QMCO,2023,0000709283_QMCO_FY2023_10K.html,,2024-04-02,software,Machinery and equipment 3 to 5 years Computer equipment 3 to 5 years Other software 3 years Furniture and fixtures 5 years Other office equipment 5 years Leasehold improvements Shorter of useful life or life of lease,3.0,5.0,Not disclosed,,Not disclosed,,Not disclosed,,0,significant_accounting_policies,Note 14: Restatement of Previously Issued Financial Statements.,3,False,,"score=5,idx=17633,zone=39347",762,ERROR,'<' not supported between instances of 'NoneType' and 'float'
0000709283,QMCO,2024,0000709283_QMCO_FY2024_10K.html,,2024-04-02,software,Machinery and equipment 3 to 5 years Computer equipment 3 to 5 years Other software 3 years Furniture and fixtures 5 years Other office equipment 5 years Leasehold improvements Shorter of useful life or life of lease,3.0,5.0,Not disclosed,,Not disclosed,,Not disclosed,,0,significant_accounting_policies,Note 14: Restatement of Previously Issued Financial Statements.,3,False,,"score=5,idx=17633,zone=39347",762,ERROR,'<' not supported between instances of 'NoneType' and 'float'
0000716643,RGS,2013,0000716643_RGS_FY2013_10K.html,,"June 30, 2013",buildings,"Property and equipment are carried at cost, less accumulated depreciation and amortization. Depreciation of property and equipment is
computed using the straight-line method over their estimated useful asset lives (30 to 39 years for buildings, 10 years for improvements and three to ten years for equipment, furniture
and software).",3.0,10.0,Not disclosed,,Not disclosed,,Not disclosed,,0,significant_accounting_policies,1. BUSINESS DESCRIPTION AND SUMMARY OF SIGNIFICANT ACCOUNTING POLICIES (Continued),3,False,,"score=4,idx=9640,zone=18046",640,ERROR,'<' not supported between instances of 'NoneType' and 'float'
0000716643,RGS,2014,0000716643_RGS_FY2014_10K.html,,"June 30, 2014","equipment, furniture","for equipment, furniture and software). Depreciation expense was",,,Yes,depreciation and amortization accounts are adjusted for property retirements and disposals with the resulting gain or loss included in operating income. Fully depreciated or amortized assets remain in the accounts until retired from service.,Not disclosed,,Not disclosed,,0,significant_accounting_policies,1. BUSINESS DESCRIPTION AND SUMMARY OF SIGNIFICANT ACCOUNTING POLICIES (Continued),3,False,,"score=4,idx=11123,zone=20078",915,OK,
0000716643,RGS,2015,0000716643_RGS_FY2015_10K.html,,"June 30, 2015","equipment, furniture","for equipment, furniture and software). Depreciation expense was",,,Yes,"Expenditures for maintenance and repairs and minor renewals and betterments, which do not improve or extend the life of the respective assets, are expensed. All other expenditures for renewals and betterments are capitalized. The assets and related depreciation and amortization accounts are adjusted for property retirements and disposals with the resulting gain or loss included in operating income. Fully depreciated or amortized assets remain in the accounts until retired from service.",Not disclosed,,Not disclosed,,0,significant_accounting_policies,1. BUSINESS DESCRIPTION AND SUMMARY OF SIGNIFICANT ACCOUNTING POLICIES (Continued),3,False,,"score=4,idx=11400,zone=22421",865,OK,
0000716643,RGS,2016,0000716643_RGS_FY2016_10K.html,,"June 30, 2016","equipment, furniture","for equipment, furniture and software). Depreciation expense was",,,Yes,"Expenditures for maintenance and repairs and minor renewals and betterments, which do not improve or extend the life of the respective assets, are expensed. All other expenditures for renewals and betterments are capitalized. The assets and related depreciation and amortization accounts are adjusted for property retirements and disposals with the resulting gain or loss included in operating income. Fully depreciated or amortized assets remain in the accounts until retired from service.",Not disclosed,,Not disclosed,,0,significant_accounting_policies,1. BUSINESS DESCRIPTION AND SUMMARY OF SIGNIFICANT ACCOUNTING POLICIES (Continued),3,False,,"score=4,idx=11143,zone=17542",711,OK,
0000716643,RGS,2017,0000716643_RGS_FY2017_10K.html,,"June 30, 2017","equipment, furniture","for equipment, furniture and software). Depreciation expense was",,,Yes,"Expenditures for maintenance and repairs and minor renewals and betterments, which do not improve or extend the life of the respective assets, are expensed. All other expenditures for renewals and betterments are capitalized. The assets and related depreciation and amortization accounts are adjusted for property retirements and disposals with the resulting gain or loss included in operating income. Fully depreciated or amortized assets remain in the accounts until retired from service.",Not disclosed,,Not disclosed,,0,significant_accounting_policies,1. BUSINESS DESCRIPTION AND SUMMARY OF SIGNIFICANT ACCOUNTING POLICIES (Continued),3,False,,"score=4,idx=13676,zone=20075",703,OK,
0000716643,RGS,2018,0000716643_RGS_FY2018_10K.html,,"June 30, 2018","equipment, furniture","for equipment, furniture and software). Depreciation expense was",,,Yes,"Expenditures for maintenance and repairs and minor renewals and betterments, which do not improve or extend the life of the respective assets, are expensed. All other expenditures for renewals and betterments are capitalized. The assets and related depreciation and amortization accounts are adjusted for property retirements and disposals with the resulting gain or loss included in operating income. Fully depreciated or amortized assets remain in the accounts until retired from service.",Not disclosed,,Not disclosed,,0,significant_accounting_policies,1. BUSINESS DESCRIPTION AND SUMMARY OF SIGNIFICANT ACCOUNTING POLICIES,3,False,,"score=4,idx=12690,zone=20705",839,OK,
0000716643,RGS,2019,0000716643_RGS_FY2019_10K.html,,2020-06-30,"equipment, furniture and software)","Property and equipment are carried at cost, less accumulated depreciation and amortization. Depreciation of property and equipment is computed using the straight-line method over their estimated useful asset lives ( 30 to 39 years for buildings, 10 years for improvements and three to ten years for equipment, furniture and software).",3.0,10.0,Yes,"Expenditures for maintenance and repairs and minor renewals and betterments, which do not improve or extend the life of the respective assets, are expensed. All other expenditures for renewals and betterments are capitalized. The assets and related depreciation and amortization accounts are adjusted for property retirements and disposals with the resulting gain or loss included in operating income. Fully depreciated or amortized assets remain in the accounts until retired from service.",Not disclosed,,Not disclosed,,0,significant_accounting_policies,1. BUSINESS DESCRIPTION AND SUMMARY OF SIGNIFICANT ACCOUNTING POLICIES,3,True,3.0-7.0 ans | 3.0-10.0 ans | 10.0 ans,"score=4,idx=16183,zone=28856",881,OK,
0000716643,RGS,2020,0000716643_RGS_FY2020_10K.html,,"June 30, 2020",Not disclosed,Not disclosed,,,No,,Not disclosed,,Not disclosed,,0,unknown,,0,False,,"score=2,idx=11340,zone=15087",166,OK,
0000716643,RGS,2021,0000716643_RGS_FY2021_10K.html,,2021-06-30,buildings,"Property and equipment are carried at cost, less accumulated depreciation and amortization. Depreciation of property and equipment is computed using the straight-line method over their estimated useful asset lives (i.e., 30 to 39 years for buildings, 10 years or lease life for improvements and three to ten years or lease life for equipment, furniture and software).",3.0,10.0,Yes,"Expenditures for maintenance and repairs and minor renewals and betterments, which do not improve or extend the life of the respective assets, are expensed. All other expenditures for renewals and betterments are capitalized. The assets and related depreciation and amortization accounts are adjusted for property retirements and disposals with the resulting gain or loss included in operating income. Fully depreciated or amortized assets remain in the accounts until retired from service.",Not disclosed,,Not disclosed,B100,1,significant_accounting_policies,1. BUSINESS DESCRIPTION AND SUMMARY OF SIGNIFICANT ACCOUNTING POLICIES,3,True,3.0-7.0 ans | 3.0-10.0 ans | 10.0 ans,"score=2,idx=9498,zone=11787",647,OK,
0000716643,RGS,2022,0000716643_RGS_FY2022_10K.html,,2022-08-12,buildings,"Property and equipment are carried at cost, less accumulated depreciation and amortization. Depreciation of property and equipment is computed using the straight-line method over their estimated useful asset lives (i.e., 30 to 39 years for buildings, 10 years or lease life for improvements and three to 10 years or lease life for equipment, furniture and software).",3.0,10.0,Yes,"Expenditures for maintenance and repairs and minor renewals and betterments, which do not improve or extend the life of the respective assets, are expensed. All other expenditures for renewals and betterments are capitalized. The assets and related depreciation and amortization accounts are adjusted for property retirements and disposals with the resulting gain or loss included in operating income. Fully depreciated or amortized assets remain in the accounts until retired from service.",Not disclosed,,Not disclosed,,0,significant_accounting_policies,1. BUSINESS DESCRIPTION AND SUMMARY OF SIGNIFICANT ACCOUNTING POLICIES,3,True,3.0-7.0 ans | 3.0-10.0 ans | 10.0 ans,"score=2,idx=7807,zone=10617",621,OK,
0000716643,RGS,2023,0000716643_RGS_FY2023_10K.html,,"JUNE 30, 2023","equipment, furniture","Property and equipment are carried at cost, less accumulated depreciation and amortization. Depreciation of property and equipment is computed using the straight-line method over their estimated useful asset lives (i.e., 10 years or lease life for improvements and three to 10 years or lease life for equipment, furniture and software).",3.0,10.0,Yes,"Expenditures for maintenance and repairs and minor renewals and betterments, which do not improve or extend the life of the respective assets, are expensed. All other expenditures for renewals and betterments are capitalized. The assets and related depreciation and amortization accounts are adjusted for property retirements and disposals with the resulting gain or loss included in operating income (loss). Fully depreciated or amortized assets remain in the accounts until retired from service.",Not disclosed,,Not disclosed,,0,significant_accounting_policies,1. BUSINESS DESCRIPTION AND SUMMARY OF SIGNIFICANT ACCOUNTING POLICIES,3,True,3.0-7.0 ans | 3.0-10.0 ans | 10.0 ans,"score=2,idx=8037,zone=10725",568,OK,
0000716643,RGS,2024,0000716643_RGS_FY2024_10K.html,,"JUNE 30, 2024","equipment, furniture","Property and equipment are carried at cost, less accumulated depreciation and amortization. Depreciation of property and equipment is computed using the straight-line method over their estimated useful asset lives (i.e., 10 years or lease life for improvements and three to 10 years or lease life for equipment, furniture, and software).",3.0,10.0,Yes,"Expenditures for maintenance and repairs and minor renewals and betterments, which do not improve or extend the life of the respective assets, are expensed. All other expenditures for renewals and betterments are capitalized. The assets and related depreciation and amortization accounts are adjusted for property retirements and disposals with the resulting gain or loss included in operating income (loss). Fully depreciated or amortized assets remain in the accounts until retired from service.",Not disclosed,,Not disclosed,,0,significant_accounting_policies,1. BUSINESS DESCRIPTION AND SUMMARY OF SIGNIFICANT ACCOUNTING POLICIES,3,True,3.0-7.0 ans | 3.0-10.0 ans | 10.0 ans,"score=2,idx=8097,zone=10659",588,OK,
0000720005,RJF,2013,0000720005_RJF_FY2013_10K.html,,,Not disclosed,Not disclosed,,,No,,". The primary investing activity was the use of $865 million in cash to fund an increase in bank loans (net of proceeds received from the sale of loans held for investment). We also invested $73 million in equipment assets which are comprised of buildings, including our new data center in the Denver, Colorado area (see Item 2, Properties, in this Form 10-K for additional information), equipment, and technology assets. Partially offsetting these uses of cash, we generated cash through the sale of private equity investments, net of purchases of additional equity investments, of $229 million, driven most significantly by the sale of our indirect investment in Albion (see the Other MD&A discussion in this Item 7 for additional information). We received proceeds from the maturation, repayment, redemption or sale of securities in our available for sale security portfolio of $55 million, net of purchases of additional securities. All other components of investing activities combined to net a $2 million increase in cash.",MD&A (Item 7),Not disclosed,,0,unknown,,0,False,,"score=3,idx=38732,zone=65707",86,OK,
0000720005,RJF,2014,0000720005_RJF_FY2014_10K.html,,,Not disclosed,Not disclosed,,,No,,Not disclosed,,Not disclosed,,0,unknown,,0,False,,"score=3,idx=39012,zone=67720",121,OK,
0000720005,RJF,2015,0000720005_RJF_FY2015_10K.html,,,Not disclosed,Not disclosed,,,No,,Not disclosed,,"In April 2015, the FASB issued guidance governing a customer’s accounting for fees paid in a cloud computing arrangement. Under the new guidance, if a cloud computing arrangement includes a software license, then the customer should account for the software license element of the arrangement consistent with the acquisition of other software licenses. If a cloud computing arrangement does not include a software license, the customer should account for the arrangement as a service contract. This new guidance is effective for us for our fiscal year commencing on October 1, 2016, and may be adopted either prospectively, or retrospectively, as of such date. Given that we have a limited number of cloud computing arrangements, we do not expect the adoption of this new guidance to have a material impact on our consolidated financial statements.",,0,unknown,,0,False,,"score=3,idx=39346,zone=68525",124,OK,
0000720005,RJF,2016,0000720005_RJF_FY2016_10K.html,,"September 30, 2016",Not disclosed,Not disclosed,,,No,,Not disclosed,,"In April 2015, the FASB issued guidance governing a customer’s accounting for fees paid in a cloud computing arrangement. Under the new guidance, if a cloud computing arrangement includes a software license, then the customer should account for the software license element of the arrangement consistent with the acquisition of other software licenses. If a cloud computing arrangement does not include a software license, the customer should account for the arrangement as a service contract. This new guidance is effective for us for our fiscal year commencing on October 1, 2016. Given that we have a limited number of cloud computing arrangements, we do not expect the adoption of this new guidance to have a material impact on our consolidated financial statements.",,0,unknown,,0,False,,"score=3,idx=39989,zone=69796",123,OK,
0000720005,RJF,2017,0000720005_RJF_FY2017_10K.html,,"September 30, 2017",Not disclosed,Not disclosed,,,No,,Not disclosed,,Not disclosed,,0,unknown,,0,False,,"score=3,idx=37120,zone=61215",124,OK,
0000720005,RJF,2018,0000720005_RJF_FY2018_10K.html,,,"equipment, computer software","Depreciation expense associated with property, equipment and leasehold improvements is included in “Occupancy and equipment costs” in our Consolidated Statements of Income and Comprehensive Income. Amortization expense associated with computer software is included in “Communications and information processing” expense in our Consolidated Statements of Income and Comprehensive Income.",,,No,,Not disclosed,,"Internal use software (cloud computing) - ||| In August 2018, the FASB guidance that issued guidance on the accounting for implementation costs incurred by customers in cloud computing arrangements (ASU 2018-15). This guidance requires implementation costs incurred by customers in cloud computing arrangements to be deferred over the non-cancellable term of the cloud computing ||| Internal use software (cloud computing) - In August 2018, the FASB guidance that issued guidance on the accounting for implementation costs incurred by customers in cloud computing arrangements (ASU 2018-15). This guidance requires implementation costs incurred by customers in cloud computing arrangements to be deferred over the non-cancellable term of the cloud computing",,0,significant_accounting_policies,Note 9,3,True,2.0-10.0 ans | 3.0-5.0 ans,"score=6,idx=34771,zone=57640",1898,OK,
0000720005,RJF,2019,0000720005_RJF_FY2019_10K.html,,2019-09-30,"equipment, furniture, technology, furniture and fixtures","Property, equipment and leasehold improvements are stated at cost less accumulated depreciation and amortization.",,,No,,Not disclosed,,"Internal use software (cloud computing) - In August 2018, the FASB issued guidance on the accounting for implementation costs incurred by customers in cloud computing arrangements (ASU 2018-15). This guidance requires implementation costs incurred by ||| Internal use software (cloud computing) - ||| In August 2018, the FASB issued guidance on the accounting for implementation costs incurred by customers in cloud computing arrangements (ASU 2018-15). This guidance requires implementation costs incurred by",,0,significant_accounting_policies,Note 8,3,True,2.0-10.0 ans | 3.0-5.0 ans,"score=7,idx=42989,zone=62139",1536,OK,
0000720005,RJF,2020,0000720005_RJF_FY2020_10K.html,,2021-09-30,"equipment, furniture, technology",Property and equipment on our Consolidated Statements of Financial Condition are stated at cost less accumulated depreciation and amortization.,,,No,,Not disclosed,,"Internal use software (cloud computing) - In August 2018, the FASB issued guidance on the accounting for implementation costs incurred by customers in cloud computing arrangements (ASU 2018-15). This guidance requires implementation costs incurred by customers in cloud computing arrangements that are service contracts to be deferred and recognized over the non-cancelable term of the service contract plus any optional renewal periods (1) that are reasonably certain to be exercised by the customer or (2) for which exercise of the renewal option is controlled by the cloud service provider. We adopted this new guidance on October 1, 2020 using a prospective approach as of the adoption date. The impact of this amended guidance is dependent on implementation costs incurred subsequent to adoption. The adoption did not have an impact on our financial position, results of operations, or cash flows. ||| Internal use software (cloud computing) - ||| In August 2018, the FASB issued guidance on the accounting for implementation costs incurred by customers in cloud computing arrangements (ASU 2018-15). This guidance requires implementation costs incurred by customers in cloud computing arrangements that are service contracts to be deferred and recognized over the non-cancelable term of the service contract plus any optional renewal periods (1) that are reasonably certain to be exercised by the customer or (2) for which exercise of the renewal option is controlled by the cloud service provider. We adopted this new guidance on October 1, 2020 using a prospective approach as of the adoption date. The impact of this amended guidance is dependent on implementation costs incurred subsequent to adoption. The adoption did not have an impact on our financial position, results of operations, or cash flows.",,0,significant_accounting_policies,NOTE 2 - SUMMARY OF SIGNIFICANT ACCOUNTING POLICIES,3,True,2.0-10.0 ans | 3.0-5.0 ans,"score=5,idx=28774,zone=31030",1105,OK,
0000720005,RJF,2021,0000720005_RJF_FY2021_10K.html,,2022-09-30,"equipment, furniture, technology",Property and equipment are stated at cost less accumulated depreciation and software amortization.,,,No,,Not disclosed,,Not disclosed,,0,significant_accounting_policies,NOTE 2 - SUMMARY OF SIGNIFICANT ACCOUNTING POLICIES,3,True,2.0-10.0 ans | 3.0-5.0 ans,"score=5,idx=26548,zone=31838",1165,OK,
0000720005,RJF,2022,0000720005_RJF_FY2022_10K.html,,2023-09-30,"equipment, furniture, technology",Property and equipment are stated at cost less accumulated depreciation and software amortization.,,,No,,Not disclosed,,Not disclosed,A100;B200,2,significant_accounting_policies,NOTE 2 - SUMMARY OF SIGNIFICANT ACCOUNTING POLICIES,3,True,2.0-10.0 ans | 3.0-5.0 ans,"score=5,idx=27464,zone=37259",1264,OK,
0000720005,RJF,2023,0000720005_RJF_FY2023_10K.html,,2023-09-30,"equipment, furniture, technology",Property and equipment are stated at cost less accumulated depreciation and software amortization.,,,No,,Not disclosed,,Not disclosed,,0,significant_accounting_policies,NOTE 2 - SUMMARY OF SIGNIFICANT ACCOUNTING POLICIES,3,True,2.0-10.0 ans | 3.0-5.0 ans,"score=5,idx=29409,zone=39250",1276,OK,
0000720005,RJF,2024,0000720005_RJF_FY2024_10K.html,,2024-09-30,"equipment, furniture, technology",Property and equipment are stated at cost less accumulated depreciation and software amortization.,,,No,,Not disclosed,,Not disclosed,,0,significant_accounting_policies,NOTE 2 - SUMMARY OF SIGNIFICANT ACCOUNTING POLICIES,3,True,2.0-10.0 ans | 3.0-10.0 ans,"score=5,idx=30205,zone=38697",1286,OK,
0000742278,RES,2013,0000742278_RES_FY2013_10K.html,,,software,"Property,
plant and equipment, including software costs, are reported at cost less accumulated depreciation and amortization, which is provided
on a straight-line basis over the estimated useful lives of the assets. Annual depreciation and amortization expenses
are computed using the following useful lives: operating equipment, 3 to 20 years; buildings and leasehold improvements, 15 to
39 years; furniture and fixtures, 5 to 7 years; software, 5 years; and vehicles, 3 to 5 years.",3.0,20.0,Not disclosed,,Not disclosed,,Not disclosed,,0,significant_accounting_policies,"Note
1: Significant Accounting Policies",3,False,,"score=4,idx=4709,zone=13572",409,ERROR,'<' not supported between instances of 'float' and 'NoneType'
0000742278,RES,2014,0000742278_RES_FY2014_10K.html,,"December 31, 2014",software,"Property,
plant and equipment, including software costs, are reported at cost less accumulated depreciation and amortization, which
is provided on a straight-line basis over the estimated useful lives of the assets. Annual depreciation and
amortization expenses are computed using the following useful lives: operating equipment, 3 to 20 years; buildings and
leasehold improvements, 15 to 39 years or the life of the lease; furniture and fixtures, 5 to 7 years; software, 5 years; and
vehicles, 3 to 5 years.",3.0,20.0,Not disclosed,,Not disclosed,,Not disclosed,,0,significant_accounting_policies,Note 1: Significant Accounting Policies,3,False,,"score=2,idx=3035,zone=8762",396,ERROR,'<' not supported between instances of 'float' and 'NoneType'
0000742278,RES,2015,0000742278_RES_FY2015_10K.html,,"December 31,
2015",software,"Property,
plant and equipment, including software costs, are reported at cost less accumulated depreciation and amortization, which is provided
on a straight-line basis over the estimated useful lives of the assets. Annual depreciation and amortization expenses are computed
using the following useful lives: operating equipment, 3 to 20 years; buildings and leasehold improvements or the life of the lease,
15 to 39 years; furniture and fixtures, 5 to 7 years; software, 5 years; and vehicles, 3 to 5 years.",3.0,20.0,Not disclosed,,Not disclosed,,Not disclosed,,0,significant_accounting_policies,Note 1: Significant Accounting Policies,3,False,,"score=2,idx=2867,zone=7229",373,ERROR,'<' not supported between instances of 'float' and 'NoneType'
0000742278,RES,2016,0000742278_RES_FY2016_10K.html,,"December 31, 2016",software,"Property,
plant and equipment, including software costs, are reported at cost less accumulated depreciation and amortization, which is provided
on a straight-line basis over the estimated useful lives of the assets. Annual depreciation and amortization expenses are computed
using the following useful lives: operating equipment, 3 to 20 years; buildings and leasehold improvements, 15 to 39 years or
the life of the lease; furniture and fixtures, 5 to 7 years; software, 5 years; and vehicles, 3 to 5 years.",3.0,20.0,Not disclosed,,Not disclosed,,Not disclosed,,0,significant_accounting_policies,Note 1: Significant Accounting Policies,3,False,,"score=2,idx=3078,zone=6521",376,ERROR,'<' not supported between instances of 'float' and 'NoneType'
0000742278,RES,2017,0000742278_RES_FY2017_10K.html,,"December 31,
2017",software,"Property,
plant and equipment, including software costs, are reported at cost less accumulated depreciation and amortization, which is provided
on a straight-line basis over the estimated useful lives of the assets. Annual depreciation and amortization expenses are computed
using the following useful lives: operating equipment, 3 to 20 years; buildings and leasehold improvements, 15 to 39 years or the
life of the lease; furniture and fixtures, 5 to 7 years; software, 5 years; and vehicles, 3 to 5 years.",3.0,20.0,Not disclosed,,Not disclosed,,Not disclosed,,0,significant_accounting_policies,Note 1: Significant Accounting Policies,3,False,,"score=2,idx=3135,zone=6621",367,ERROR,'<' not supported between instances of 'float' and 'NoneType'
0000742278,RES,2018,0000742278_RES_FY2018_10K.html,,"December 31,
2018",equipment,"Property, plant and equipment are presented
at cost net of accumulated depreciation and consist of the following:",,,No,,Not disclosed,,"ASU No. 2018-15, Intangibles - Goodwill
and Other - Internal-Use Software (Subtopic 350-40): Customer's Accounting for Implementation Costs Incurred in a Cloud Computing
Arrangement That Is a Service Contract. The amendments reduce the complexity for the accounting for costs of implementing a
cloud computing service arrangement and align the requirements for capitalizing implementation costs that are incurred in a hosting
arrangement that is a service contract with the costs incurred to develop or obtain internal-use software. The provisions may be
applied prospectively or retrospectively. The amendments are effective starting in the first quarter of 2020, with early adoption
permitted. The Company is currently evaluating the impact of adopting these provisions on its consolidated financial statements.",,0,ppe_note,"Note 5: Property, Plant and Equipment",3,False,,"score=2,idx=3029,zone=6912",385,OK,
0000742278,RES,2019,0000742278_RES_FY2019_10K.html,,2019-12-31,software,"Property, plant and equipment, including software costs, are reported at cost less accumulated depreciation and amortization, which is provided on a straight-line basis over the estimated useful lives of the assets. Annual depreciation and amortization expenses are computed using the following useful lives: operating equipment, 3 to 20 years; buildings and leasehold improvements, 15 to 39 years or the life of the lease; furniture and fixtures, 5 to 7 years; software, 5 years; and vehicles, 3 to 5 years.",3.0,20.0,Not disclosed,,Not disclosed,,Not disclosed,,0,significant_accounting_policies,Note 1: Significant Accounting Policies,3,False,,"score=4,idx=7354,zone=14699",438,ERROR,'<' not supported between instances of 'float' and 'NoneType'
0000742278,RES,2020,0000742278_RES_FY2020_10K.html,,2020-12-31,software,"Property, plant and equipment, including software costs, are reported at cost less accumulated depreciation and amortization, which is provided on a straight-line basis over the estimated useful lives of the assets. Annual depreciation and amortization expenses are computed using the following useful lives: operating equipment, 3 to 20 years; buildings and leasehold improvements, 15 to 39 years or the life of the lease; furniture and fixtures, 5 to 7 years; software, 5 years; and vehicles, 3 to 5 years.",3.0,20.0,Not disclosed,,Not disclosed,,Not disclosed,,0,significant_accounting_policies,Note 1: Significant Accounting Policies,3,False,,"score=4,idx=7347,zone=15181",429,ERROR,'<' not supported between instances of 'float' and 'NoneType'
0000742278,RES,2021,0000742278_RES_FY2021_10K.html,,2021-12-31,software,"Property, plant and equipment, including software costs, are reported at cost less accumulated depreciation and amortization, which is provided on a straight-line basis over the estimated useful lives of the assets. Annual depreciation and amortization expenses are computed using the following useful lives: operating equipment, 3 to 20 years; buildings and leasehold improvements, 15 to 39 years or the life of the lease; furniture and fixtures, 5 to 7 years; software, 5 years; and vehicles, 3 to 5 years.",3.0,20.0,Not disclosed,,Not disclosed,,Not disclosed,,0,significant_accounting_policies,Note 1: Significant Accounting Policies,3,False,,"score=6,idx=5172,zone=15920",440,ERROR,'<' not supported between instances of 'float' and 'NoneType'
0000742278,RES,2022,0000742278_RES_FY2022_10K.html,,2023-03-31,software,"Property, plant and equipment, including software costs, are reported at cost less accumulated depreciation and amortization, which is provided on a straight-line basis over the estimated useful lives of the assets. Annual depreciation and amortization expenses are computed using the following useful lives: operating equipment, 3 to 20 years; buildings and leasehold improvements, 15 to 39 years or the life of the lease; furniture and fixtures, 5 to 7 years; software, 5 years; and vehicles, 3 to 5 years.",3.0,20.0,Not disclosed,,Not disclosed,,Not disclosed,,0,significant_accounting_policies,Note 1: Significant Accounting Policies,3,False,,"score=6,idx=5203,zone=15971",432,ERROR,'<' not supported between instances of 'float' and 'NoneType'
0000742278,RES,2023,0000742278_RES_FY2023_10K.html,,2024-01-23,software,"Property, plant and equipment, including software costs, are reported at cost less accumulated depreciation and amortization, which is provided on a straight-line basis over the estimated useful lives of the assets. Annual depreciation and amortization expenses are computed using the following useful lives: operating equipment, 3 to 20 years; buildings and leasehold improvements, 15 to 39 years or the life of the lease; furniture and fixtures, 5 to 7 years; software, 5 years; and vehicles, 3 to 5 years.",3.0,20.0,Not disclosed,,Not disclosed,,Not disclosed,,0,significant_accounting_policies,Note 1: Significant Accounting Policies,3,False,,"score=6,idx=4733,zone=17581",501,ERROR,'<' not supported between instances of 'float' and 'NoneType'
0000742278,RES,2024,0000742278_RES_FY2024_10K.html,,"DECEMBER 31, 2024",software,"Property, plant and equipment, including software costs, are reported at cost less accumulated depreciation and amortization, which is provided on a straight-line basis over the estimated useful lives of the assets. Annual depreciation and amortization expenses are computed using the following useful lives: operating equipment, 3 to 20 years; buildings and leasehold improvements, 15 to 39 years or the life of the lease; furniture and fixtures, 5 to 7 years; software, 5 years; and vehicles, 3 to 5 years.",3.0,20.0,Not disclosed,,Not disclosed,,Not disclosed,,0,significant_accounting_policies,Note 1: Significant Accounting Policies,3,False,,"score=6,idx=7698,zone=19029",477,ERROR,'<' not supported between instances of 'float' and 'NoneType'
0000745732,ROST,2013,0000745732_ROST_FY2013_10K.html,,"February 1, 2014",Computer hardware,"Computer hardware and software costs, net of depreciation, of",,,No,,increased by approximately 15 basis points compared to the prior year primarily due to higher costs related to the relocation of our data center.,MD&A (Item 7),Not disclosed,,0,item_8_other,,1,True,3.0-7.0 ans | 3.0-12.0 ans,"score=7,idx=9099,zone=16143",522,OK,
0000745732,ROST,2014,0000745732_ROST_FY2014_10K.html,,"January 31, 2015",Not disclosed,Not disclosed,,,No,,increased by approximately 15 basis points compared to the prior year primarily due to higher costs related to the relocation of our data center.,MD&A (Item 7),Not disclosed,,0,unknown,,0,False,,"score=7,idx=9080,zone=16488",520,OK,
0000745732,ROST,2015,0000745732_ROST_FY2015_10K.html,,"January 30, 2016",Not disclosed,Not disclosed,,,No,,Not disclosed,,Not disclosed,,0,unknown,,0,False,,"score=7,idx=9011,zone=13533",505,OK,
0000745732,ROST,2016,0000745732_ROST_FY2016_10K.html,,"January 28, 2017",Not disclosed,Not disclosed,,,No,,Not disclosed,,Not disclosed,,0,unknown,,0,False,,"score=7,idx=9262,zone=13266",517,OK,
0000745732,ROST,2017,0000745732_ROST_FY2017_10K.html,,"February 3, 2018",Not disclosed,Not disclosed,,,No,,Not disclosed,,Not disclosed,,0,unknown,,0,False,,"score=7,idx=9398,zone=13350",530,OK,
0000745732,ROST,2018,0000745732_ROST_FY2018_10K.html,,"February 2, 2019",equipment,"Property and equipment are stated at cost, less accumulated depreciation and amortization. Depreciation is calculated using the straight-line method over the estimated useful life of the asset, typically ranging from three to 12 years for equipment, 20 to 40 years for land improvements and buildings, and three to seven years for computer software costs incurred in developing or obtaining software for internal use. Depreciation and amortization expense on property and equipment was $",3.0,12.0,No,,Not disclosed,,Not disclosed,,0,item_8_other,,1,True,3.0-7.0 ans | 3.0-12.0 ans,"score=7,idx=10064,zone=13652",565,OK,
0000745732,ROST,2019,0000745732_ROST_FY2019_10K.html,,"February 1, 2020",equipment,"Property and equipment are stated at cost, less accumulated depreciation and amortization. Depreciation is calculated using the straight-line method over the estimated useful life of the asset, typically ranging from three to 12 years for equipment, 20 to 40 years for land improvements and buildings, and three to seven years for computer software costs incurred in developing or obtaining software for internal use. Depreciation and amortization expense on property and equipment was $350.9 million, $330.4 million, and $313.2 million for fiscal 2019, 2018, and 2017, respectively.",3.0,12.0,Yes,"Impairment of long-lived assets. Property and other long-term assets that are subject to depreciation and amortization are reviewed for impairment whenever events or changes in circumstances indicate that the carrying amount of an asset may not be recoverable based on estimated undiscounted future cash flows. For stores that are closed, the Company records an impairment charge, if appropriate, or accelerates depreciation over the revised useful life of the asset. Intangible assets that are not subject to amortization, including goodwill, are tested for impairment annually or more frequently if events or changes in circumstances indicate that the asset may be impaired. Based on the Company’s evaluation during fiscal 2019, 2018, and 2017, no impairment charges were recorded.",Not disclosed,,Not disclosed,,0,item_8_other,,1,True,3.0-7.0 ans | 3.0-12.0 ans,"score=5,idx=8715,zone=8673",472,OK,
0000745732,ROST,2020,0000745732_ROST_FY2020_10K.html,,2021-03-31,equipment,"Property and equipment are stated at cost, less accumulated depreciation and amortization. Depreciation is calculated using the straight-line method over the estimated useful life of the asset, typically ranging from three to 12 years for equipment, 20 to 40 years for land improvements and buildings, and three to seven years for computer software costs incurred in developing or obtaining software for internal use. Depreciation and amortization expense on property and equipment was $364.2 million, $350.9 million, and $330.4 million for fiscal 2020, 2019, and 2018, respectively.",3.0,12.0,Yes,"Impairment of long-lived assets. Property and other long-term assets that are subject to depreciation and amortization are reviewed for impairment whenever events or changes in circumstances indicate that the carrying amount of an asset may not be recoverable based on estimated undiscounted future cash flows. For stores that are closed, the Company records an impairment charge, if appropriate, or accelerates depreciation over the revised useful life of the asset. Intangible assets that are not subject to amortization, including goodwill, are tested for impairment annually or more frequently if events or changes in circumstances indicate that the asset may be impaired. Based on the Company’s evaluation during fiscal 2020, 2019, and 2018, no impairment charges were recorded.",Not disclosed,,Not disclosed,,0,item_8_other,,1,True,3.0-7.0 ans | 3.0-12.0 ans,"score=5,idx=8241,zone=8058",476,OK,
0000745732,ROST,2021,0000745732_ROST_FY2021_10K.html,,2023-01-28,equipment,"Property and equipment are stated at cost, less accumulated depreciation and amortization. Depreciation is calculated using the straight-line method over the estimated useful life of the asset, typically ranging from three years to 12 years for equipment, 20 years to 40 years for land improvements and buildings, and three years to seven years for computer software costs incurred in developing or obtaining software for internal use. Depreciation and amortization expense on property and equipment was $ 360.7 million , $364.2 million, and $350.9 million for fiscal 2021, 2020, and 2019, respectively.",12.0,,Yes,"Impairment of long-lived assets. Property and other long-term assets that are subject to depreciation and amortization are reviewed for impairment whenever events or changes in circumstances indicate that the carrying amount of an asset may not be recoverable based on estimated undiscounted future cash flows. For stores that are closed, the Company records an impairment charge, if appropriate, or accelerates depreciation over the revised useful life of the asset. Intangible assets that are not subject to amortization, including goodwill, are tested for impairment annually or more frequently if events or changes in circumstances indicate that the asset may be impaired. No material impairment charges were recorded during fiscal 2021, 2020, and 2019.",Not disclosed,,Not disclosed,,0,item_8_other,,1,True,3.0 ans | 7.0 ans | 12.0 ans,"score=5,idx=6927,zone=6780",483,OK,
0000745732,ROST,2022,0000745732_ROST_FY2022_10K.html,,2023-02-28,equipment,"Property and equipment are stated at cost, less accumulated depreciation and amortization. Depreciation is calculated using the straight-line method over the estimated useful life of the asset, typically ranging from three years to 12 years for equipment, 20 years to 40 years for land improvements and buildings, and three years to seven years for computer software costs incurred in developing or obtaining software for internal use. Depreciation and amortization expense on property and equipment was $394.7 million, $360.7 million, and $364.2 million for fiscal 2022, 2021, and 2020, respectively.",12.0,,Yes,"Impairment of long-lived assets. Property and other long-term assets that are subject to depreciation and amortization are reviewed for impairment whenever events or changes in circumstances indicate that the carrying amount of an asset may not be recoverable based on estimated undiscounted future cash flows. For stores that are closed, the Company records an impairment charge, if appropriate, or accelerates depreciation over the revised useful life of the asset. Intangible assets that are not subject to amortization, including goodwill, are tested for impairment annually or more frequently if events or changes in circumstances indicate that the asset may be impaired. No material impairment charges were recorded during fiscal 2022, 2021, and 2020.",Not disclosed,,Not disclosed,,0,item_8_other,,1,True,3.0 ans | 7.0 ans | 12.0 ans,"score=5,idx=6353,zone=6450",402,OK,
0000745732,ROST,2023,0000745732_ROST_FY2023_10K.html,,2024-03-31,equipment,"Property and equipment are stated at cost, less accumulated depreciation and amortization. Depreciation is calculated using the straight-line method over the estimated useful life of the asset, typically ranging from three years to 12 years for equipment, 20 years to 40 years for land improvements and buildings, and three years to seven years for computer software costs incurred in developing or obtaining software for internal use. Depreciation and amortization expense on property and equipment was $419.4 million, $394.7 million, and $360.7 million for fiscal 2023, 2022, and 2021, respectively.",12.0,,Yes,"Impairment of long-lived assets. Property and other long-term assets that are subject to depreciation and amortization are reviewed for impairment whenever events or changes in circumstances indicate that the carrying amount of an asset may not be recoverable based on estimated undiscounted future cash flows. For stores that are closed, the Company records an impairment charge, if appropriate, or accelerates depreciation over the revised useful life of the asset. Intangible assets that are not subject to amortization, including goodwill, are tested for impairment annually or more frequently if events or changes in circumstances indicate that the asset may be impaired. No material impairment charges were recorded during fiscal 2023, 2022, and 2021.",Not disclosed,,Not disclosed,,0,item_8_other,,1,True,3.0 ans | 7.0 ans | 12.0 ans,"score=5,idx=6391,zone=6382",397,OK,
0000745732,ROST,2024,0000745732_ROST_FY2024_10K.html,,2025-02-01,equipment,"Property and equipment are stated at cost, less accumulated depreciation and amortization. Depreciation is calculated using the straight-line method over the estimated useful life of the asset, typically ranging from three years to 12 years for equipment, 20 years to 40 years for land improvements and buildings, and three years to seven years for computer software costs incurred in developing or obtaining software for internal use. Depreciation and amortization expense on property and equipment was $446.8 million, $419.4 million, and $394.7 million for fiscal 2024, 2023, and 2022, respectively.",12.0,,Yes,"Impairment of long-lived assets. Property and other long-term assets that are subject to depreciation and amortization are reviewed for impairment whenever events or changes in circumstances indicate that the carrying amount of an asset may not be recoverable based on estimated undiscounted future cash flows. For stores that are closed, the Company records an impairment charge, if appropriate, or accelerates depreciation over the revised useful life of the asset. Intangible assets that are not subject to amortization, including goodwill, are tested for impairment annually or more frequently if events or changes in circumstances indicate that the asset may be impaired. No material impairment charges were recorded during fiscal 2024, 2023, and 2022.",Not disclosed,,Not disclosed,,0,item_8_other,,1,True,3.0 ans | 7.0 ans | 12.0 ans,"score=5,idx=6476,zone=6745",429,OK,
0000822416,PHM,2013,0000822416_PHM_FY2013_10K.html,,,equipment,"Property and equipment, net, and depreciation",,,No,,Not disclosed,,Not disclosed,,0,significant_accounting_policies,Note 1,3,False,,"score=7,idx=17679,zone=30196",740,OK,
0000822416,PHM,2014,0000822416_PHM_FY2014_10K.html,,,equipment,"Property and equipment, net, and depreciation",,,No,,Not disclosed,,Not disclosed,,0,significant_accounting_policies,Note 5,3,False,,"score=7,idx=16874,zone=30284",747,OK,
0000822416,PHM,2015,0000822416_PHM_FY2015_10K.html,,,equipment,"Property and equipment, net, and depreciation",,,No,,Not disclosed,,Not disclosed,,0,significant_accounting_policies,Note 5,3,False,,"score=7,idx=17567,zone=29638",743,OK,
0000822416,PHM,2016,0000822416_PHM_FY2016_10K.html,,,Not disclosed,Not disclosed,,,No,,Not disclosed,,Not disclosed,,0,unknown,,0,False,,"score=6,idx=17912,zone=29981",767,OK,
0000822416,PHM,2017,0000822416_PHM_FY2017_10K.html,,,equipment,"Property and equipment, net, and depreciation",,,No,,Not disclosed,,Not disclosed,,0,significant_accounting_policies,Note 4,3,False,,"score=6,idx=17969,zone=30068",766,OK,
0000822416,PHM,2018,0000822416_PHM_FY2018_10K.html,,2018-12-31,"equipment, furniture","Depreciation is computed by the straight-line method based upon estimated useful lives as follows: office furniture and equipment - 3 to 10 years; leasehold improvements - life of the lease; software and hardware - 3 to 5 years; model park improvements and furnishings - 1 to 5 years. Property and equipment are included in other assets and totaled $92.9 million net of accumulated depreciation of $209.3 million at December 31, 2018 and $70.7 million net of accumulated depreciation of $206.5 million at December 31, 2017 .",3.0,10.0,No,,Not disclosed,,Not disclosed,,0,significant_accounting_policies,Note 4,3,True,1.0-5.0 ans | 3.0-5.0 ans | 3.0-10.0 ans,"score=6,idx=20284,zone=32169",277,OK,
0000822416,PHM,2019,0000822416_PHM_FY2019_10K.html,,"December 31, 2019","equipment, furniture","Depreciation is computed by the straight-line method based upon estimated useful lives as follows: office furniture and equipment - 3 to 10 years; leasehold improvements - life of the lease; software and hardware - 3 to 5 years; model park improvements and furnishings - 1 to 5 years. Property and equipment are included in other assets and totaled $111.7 million net of accumulated depreciation of $218.9 million at December 31, 2019 and $92.9 million net of accumulated depreciation of $209.3 million at December 31, 2018 .",3.0,10.0,No,,Not disclosed,,Not disclosed,,0,significant_accounting_policies,Note 4,3,True,1.0-5.0 ans | 3.0-5.0 ans | 3.0-10.0 ans,"score=6,idx=17422,zone=31263",279,OK,
0000822416,PHM,2020,0000822416_PHM_FY2020_10K.html,,2022-12-31,"equipment, furniture","Depreciation is computed by the straight-line method based upon estimated useful lives as follows: office furniture and equipment - 3 to 10 years; leasehold improvements - life of the lease; software and hardware - 3 to 5 years; model park improvements and furnishings - 1 to 5 years. Property and equipment are included in other assets and totaled $131.7 million net of accumulated depreciation of $228.8 million at December 31, 2020 and $111.7 million net of accumulated depreciation of $218.9 million at December 31, 2019.",3.0,10.0,Not disclosed,,Not disclosed,,Not disclosed,,0,significant_accounting_policies,Note 4,3,False,,"score=5,idx=10311,zone=10143",503,ERROR,'<' not supported between instances of 'float' and 'NoneType'
0000822416,PHM,2021,0000822416_PHM_FY2021_10K.html,,2022-12-31,"equipment, furniture","Depreciation is computed by the straight-line method based upon estimated useful lives as follows: office furniture and equipment - 3 to 10 years; leasehold improvements - life of the lease; software and hardware - 3 to 5 years; model park improvements and furnishings - 1 to 5 years. Property and equipment are included in other assets and totaled $149.2 million net of accumulated depreciation of $228.5 million at December 31, 2021 and $131.7 million net of accumulated depreciation of $228.8 million at December 31, 2020.",3.0,10.0,Not disclosed,,Not disclosed,,Not disclosed,,0,significant_accounting_policies,Note 4,3,False,,"score=5,idx=8416,zone=8448",458,ERROR,'<' not supported between instances of 'float' and 'NoneType'
0000822416,PHM,2022,0000822416_PHM_FY2022_10K.html,,2022-12-31,"equipment, furniture","Depreciation is computed by the straight-line method based upon estimated useful lives as follows: office furniture and equipment - 3 to 10 years; leasehold improvements - life of the lease; software and hardware - 3 to 5 years; model park improvements and furnishings - 1 to 5 years. Property and equipment are included in other assets and totaled $200.3 million net of accumulated depreciation of $242.3 million at December 31, 2022 and $149.2 million net of accumulated depreciation of $228.5 million at December 31, 2021.",3.0,10.0,Not disclosed,,Not disclosed,,Not disclosed,,0,significant_accounting_policies,Note 4,3,False,,"score=5,idx=8209,zone=8556",447,ERROR,'<' not supported between instances of 'float' and 'NoneType'
0000822416,PHM,2023,0000822416_PHM_FY2023_10K.html,,2023-12-31,"equipment, furniture","Depreciation is computed by the straight-line method based upon estimated useful lives as follows: office furniture and equipment - 3 to 10 years; leasehold improvements - life of the lease; software and hardware - 3 to 5 years; model park improvements and furnishings - 1 to 5 years. Property and equipment are included in other assets and totaled $221.5 million net of accumulated depreciation of $264.4 million at December 31, 2023 and $200.3 million net of accumulated depreciation of $242.3 million at December 31, 2022.",3.0,10.0,Not disclosed,,Not disclosed,,Not disclosed,,0,significant_accounting_policies,Note 4,3,False,,"score=5,idx=8377,zone=8420",435,ERROR,'<' not supported between instances of 'float' and 'NoneType'
0000822416,PHM,2024,0000822416_PHM_FY2024_10K.html,,2025-01-29,"equipment, furniture","Depreciation is computed by the straight-line method based upon estimated useful lives as follows: office furniture and equipment - 3 to 10 years; leasehold improvements - life of the lease; software and hardware - 3 to 5 years; model park improvements and furnishings - 1 to 5 years. Property and equipment are included in other assets and totaled $253.1 million net of accumulated depreciation of $286.8 million at December 31, 2024 and $221.5 million net of accumulated depreciation of $264.4 million at December 31, 2023.",3.0,10.0,No,,Not disclosed,,Not disclosed,,0,notes_to_financials,"Note 4 PULTEGROUP, INC. NOTES TO CONSOLIDATED FINANCIAL STATEMENTS (continued)",2,True,1.0-5.0 ans | 3.0-5.0 ans | 3.0-10.0 ans,"score=5,idx=8204,zone=8563",439,OK,
0001024478,ROK,2013,0001024478_ROK_FY2013_10K.html,,,computer hardware and internal-use software,"We calculate depreciation of property using the straight-line method over 5 to 40 years for buildings and improvements, 3 to 10 years for machinery and equipment and 3 to 8 years for computer hardware and internal-use software.",3.0,8.0,No,,Not disclosed,,Not disclosed,,0,significant_accounting_policies,18. Quarterly Financial Information (Unaudited),3,True,3.0-8.0 ans | 3.0-10.0 ans,"score=4,idx=13319,zone=25013",743,OK,
0001024478,ROK,2014,0001024478_ROK_FY2014_10K.html,,,computer hardware and internal-use software,"We calculate depreciation of property using the straight-line method over 5 to 40 years for buildings and improvements, 3 to 20 years for machinery and equipment and 3 to 8 years for computer hardware and internal-use software.",3.0,8.0,No,,Not disclosed,,Not disclosed,,0,significant_accounting_policies,16. Quarterly Financial Information (Unaudited),3,False,,"score=4,idx=13588,zone=24544",737,OK,
0001024478,ROK,2015,0001024478_ROK_FY2015_10K.html,,,computer hardware and internal-use software,"We calculate depreciation of property using the straight-line method over 5 to 40 years for buildings and improvements, 3 to 20 years for machinery and equipment and 3 to 8 years for computer hardware and internal-use software.",3.0,8.0,No,,Not disclosed,,Not disclosed,,0,significant_accounting_policies,16. Quarterly Financial Information (Unaudited),3,False,,"score=4,idx=13513,zone=25485",814,OK,
0001024478,ROK,2016,0001024478_ROK_FY2016_10K.html,,,computer hardware and internal-use software,"We calculate depreciation of property using the straight-line method over 5 to 40 years for buildings and improvements, 3 to 20 years for machinery and equipment and 3 to 8 years for computer hardware and internal-use software.",3.0,8.0,No,,Not disclosed,,Not disclosed,,0,significant_accounting_policies,17. Rocky Flats Settlement,3,False,,"score=4,idx=13757,zone=25469",794,OK,
0001024478,ROK,2017,0001024478_ROK_FY2017_10K.html,,,computer hardware and internal-use software,"We calculate depreciation of property using the straight-line method over 5 to 40 years for buildings and improvements, 3 to 20 years for machinery and equipment and 3 to 8 years for computer hardware and internal-use software.",3.0,8.0,No,,Not disclosed,,Not disclosed,,0,significant_accounting_policies,18. Rocky Flats Settlement,3,False,,"score=4,idx=13542,zone=27170",832,OK,
0001024478,ROK,2018,0001024478_ROK_FY2018_10K.html,,,computer hardware and internal-use software,"We calculate depreciation of property using the straight-line method over 5 to 40 years for buildings and improvements, 3 to 20 years for machinery and equipment and 3 to 10 years for computer hardware and internal-use software.",3.0,10.0,No,,Not disclosed,,Not disclosed,,0,significant_accounting_policies,18. Rocky Flats Settlement,3,False,,"score=4,idx=14730,zone=27330",891,OK,
0001024478,ROK,2019,0001024478_ROK_FY2019_10K.html,,"September 30, 2019",computer hardware and internal-use software,"We calculate depreciation of property using the straight-line method over 5 to 40 years for buildings and improvements, 3 to 20 years for machinery and equipment and 3 to 10 years for computer hardware and internal-use software.",3.0,10.0,No,,Not disclosed,,Not disclosed,,0,significant_accounting_policies,1. Basis of Presentation and Accounting Policies,3,False,,"score=4,idx=19409,zone=32378",936,OK,
0001024478,ROK,2020,0001024478_ROK_FY2020_10K.html,,"September 30, 2020",computer hardware and internal-use software,"We calculate depreciation of property using the straight-line method over 5 to 40 years for buildings and improvements, 3 to 20 years for machinery and equipment and 3 to 10 years for computer hardware and internal-use software.",3.0,10.0,No,,Not disclosed,,Not disclosed,,0,significant_accounting_policies,1. Basis of Presentation and Accounting Policies,3,False,,"score=4,idx=18631,zone=31981",976,OK,
0001024478,ROK,2021,0001024478_ROK_FY2021_10K.html,,"September 30, 2021",computer hardware and internal-use software,"We calculate depreciation of property using the straight-line method over 5 to 40 years for buildings and improvements, 3 to 20 years for machinery and equipment and 3 to 10 years for computer hardware and internal-use software.",3.0,10.0,No,,Not disclosed,,"Property, including internal-use software, is recorded at cost. Equipment under finance leases are stated at the present value of minimum lease payments. We calculate depreciation of property using the straight-line method over 5 to 40 years for buildings and improvements, 3 to 20 years for machinery and equipment and 3 to 10 years for computer hardware and internal-use software. We capitalize significant renewals and enhancements and write off replaced units. Implementation costs incurred in a cloud computing arrangement that is a service contract are recorded in Other current assets and Other assets on the Consolidated Balance Sheet and are amortized over the expected service period. We expense maintenance and repairs, as well as renewals of minor amounts. Property acquired during the year that is accrued within accounts payable or other current liabilities at year end is considered to be a non-cash investing activity and is excluded from cash used for capital expenditures in the Consolidated Statement of Cash Flows. Capital expenditures of $31.5 million, $27.2 million and $26.4 million were accrued within accounts payable and other current liabilities at September 30, 2021, 2020 and 2019, respectively. ||| We evaluate the recoverability of the recorded amount of long-lived assets, including property, operating lease right-of-use assets, capitalized implementation costs of a cloud computing arrangement, and other intangible assets, whenever events or changes in circumstances indicate that the recorded amount of an asset may not be fully recoverable. Impairment is assessed when the undiscounted expected future cash flows derived from an asset are less than its carrying amount. If we determine that an asset is impaired, we measure the impairment to be recognized as the amount by which the recorded amount of the asset exceeds its fair value. We report assets to be disposed of at the lower of the recorded amount or fair value less cost to sell. We determine fair value using a discounted future cash flow analysis.",,0,significant_accounting_policies,1. Basis of Presentation and Accounting Policies,3,False,,"score=2,idx=12378,zone=15669",787,OK,
0001024478,ROK,2022,0001024478_ROK_FY2022_10K.html,,"September 30, 2022",computer hardware and internal-use software,"We calculate depreciation of property using the straight-line method over 3 to 40 years for buildings and improvements, 3 to 20 years for machinery and equipment, and 3 to 10 years for computer hardware and internal-use software.",3.0,10.0,No,,Not disclosed,,"Property, including internal-use software and software to provide a service (e.g. SaaS arrangements), is recorded at cost. Equipment under finance leases are stated at the present value of minimum lease payments. We calculate depreciation of property using the straight-line method over 3 to 40 years for buildings and improvements, 3 to 20 years for machinery and equipment, and 3 to 10 years for computer hardware and internal-use software. We capitalize significant renewals and enhancements and write off replaced units. Implementation costs incurred in a cloud computing arrangement that is a service contract are recorded in Other current assets and Other assets on the Consolidated Balance Sheet and are amortized over the expected service period. We expense maintenance and repairs, as well as renewals of minor amounts. Property acquired during the year that is accrued within Accounts payable or Other current liabilities at year end is considered to be a non-cash investing activity and is excluded from cash used for capital expenditures in the Consolidated Statement of Cash Flows. Capital expenditures of $23.0 million, $31.5 million, and $27.2 million were accrued within Accounts payable and Other current liabilities at September 30, 2022, 2021, and 2020, respectively. ||| We evaluate the recoverability of the recorded amount of long-lived assets, including property, operating lease right-of-use assets, capitalized implementation costs of a cloud computing arrangement, and other intangible assets, whenever events or changes in circumstances indicate that the recorded amount of an asset may not be fully recoverable. Impairment is assessed when the undiscounted expected future cash flows derived from an asset are less than its carrying amount. If we determine that an asset is impaired, we measure the impairment to be recognized as the amount by which the recorded amount of the asset exceeds its fair value. We report assets to be disposed of at the lower of the recorded amount or fair value less cost to sell. We determine fair value using a discounted future cash flow analysis.",B200,1,significant_accounting_policies,1. Basis of Presentation and Accounting Policies,3,False,,"score=2,idx=11697,zone=15602",762,OK,
0001024478,ROK,2023,0001024478_ROK_FY2023_10K.html,,"September 30, 2023",computer hardware and internal-use software,"We calculate depreciation of property using the straight-line method over 3 to 40 years for buildings and improvements, 3 to 20 years for machinery and equipment, and 3 to 10 years for computer hardware and internal-use software.",3.0,10.0,No,,Not disclosed,,"Property, including internal-use software and software to provide a service (e.g. SaaS arrangements), is recorded at cost. Equipment under finance leases are stated at the present value of minimum lease payments. We calculate depreciation of property using the straight-line method over 3 to 40 years for buildings and improvements, 3 to 20 years for machinery and equipment, and 3 to 10 years for computer hardware and internal-use software. We capitalize significant renewals and enhancements and write off replaced units. Implementation costs incurred in a cloud computing arrangement that is a service contract are recorded in Other current assets and Other assets on the Consolidated Balance Sheet and are amortized over the expected service period. We expense maintenance and repairs, as well as renewals of minor amounts. Property acquired during the year that is accrued within Accounts payable or Other current liabilities at year end is considered to be a non-cash investing activity and is excluded from cash used for capital expenditures in the Consolidated Statement of Cash Flows. Capital expenditures of $42.7 million, $23.0 million, and $31.5 million were accrued within Accounts payable and Other current liabilities at September 30, 2023, 2022, and 2021, respectively. ||| We evaluate the recoverability of the recorded amount of long-lived assets, including property, operating lease right-of-use assets, capitalized implementation costs of a cloud computing arrangement, and other intangible assets, whenever events or changes in circumstances indicate that the recorded amount of an asset may not be fully recoverable. Impairment is assessed when the undiscounted expected future cash flows derived from an asset are less than its carrying amount. If we determine that an asset is impaired, we measure the impairment to be recognized as the amount by which the recorded amount of the asset exceeds its fair value. We report assets to be disposed of at the lower of the recorded amount or fair value less cost to sell. We determine fair value using a discounted future cash flow analysis.",,0,significant_accounting_policies,1. Basis of Presentation and Accounting Policies,3,False,,"score=2,idx=10972,zone=15116",751,OK,
0001024478,ROK,2024,0001024478_ROK_FY2024_10K.html,,"September 30, 2024",computer hardware and internal-use software,"We calculate depreciation of property using the straight-line method over 3 to 40 years for buildings and improvements, 3 to 20 years for machinery and equipment, and 3 to 10 years for computer hardware and internal-use software.",3.0,10.0,No,,Not disclosed,,"Property, including internal-use software and software to provide a service (e.g. SaaS arrangements), is recorded at cost. Equipment under finance leases are stated at the present value of minimum lease payments. We calculate depreciation of property using the straight-line method over 3 to 40 years for buildings and improvements, 3 to 20 years for machinery and equipment, and 3 to 10 years for computer hardware and internal-use software. We capitalize significant renewals and enhancements and write off replaced units. Implementation costs incurred in a cloud computing arrangement that is a service contract are recorded in Other current assets and Other assets on the Consolidated Balance Sheet and are amortized over the expected service period. We expense maintenance and repairs, as well as renewals of minor amounts. Property acquired during the year that is accrued within Accounts payable or Other current liabilities at year end is considered to be a non-cash investing activity and is excluded from cash used for capital expenditures in the Consolidated Statement of Cash Flows. Capital expenditures of $42.4 million, $42.7 million, and $23.0 million were accrued within Accounts payable and Other current liabilities at September 30, 2024, 2023, and 2022, respectively. ||| We evaluate the recoverability of the recorded amount of long-lived assets, including property, operating lease right-of-use assets, capitalized implementation costs of a cloud computing arrangement, and other intangible assets, whenever events or changes in circumstances indicate that the recorded amount of an asset may not be fully recoverable. Impairment is assessed when the undiscounted expected future cash flows derived from an asset are less than its carrying amount. If we determine that an asset is impaired, we measure the impairment to be recognized as the amount by which the recorded amount of the asset exceeds its fair value. We report assets to be disposed of at the lower of the recorded amount or fair value less cost to sell. We determine fair value using a discounted future cash flow analysis.",,0,significant_accounting_policies,1. Basis of Presentation and Accounting Policies,3,False,,"score=2,idx=11300,zone=15351",756,OK,
