firm_cik,firm_ticker,fiscal_year,filename,filing_date,period_end_date,asset_category,useful_life_text,useful_life_min_years,useful_life_max_years,policy_change,policy_change_text,ai_infra_text,ai_infra_source,segment_ai_text,hardware_mentions,hardware_count,source_section,section_title,confidence,ambiguity_flag,ambiguity_detail,item8_method,item8_segment_count,extraction_status,error_message
0000701347,CPF,2013,0000701347_CPF_FY2013_10K.html,,"December 31, 2013",Not disclosed,Not disclosed,,,No,,Not disclosed,,Not disclosed,,0,unknown,,0,False,,"score=5,idx=26336,zone=40915",187,OK,
0000701347,CPF,2014,0000701347_CPF_FY2014_10K.html,,"December 31, 2014",equipment,"We provide equipment financing to our customers through a variety of lease arrangements. Direct financing leases are carried at the aggregate of lease payments receivable plus estimated residual value of the leased property, less unearned income. Unearned income on direct financing leases is amortized over the lease terms by methods that approximate the interest method. Our lease portfolio has declined over the last five years and had an outstanding balance of $3.1 million and $6.2 million at December 31, 2014 and 2013, respectively.",5.0,,No,,Not disclosed,,Not disclosed,,0,significant_accounting_policies,1. SUMMARY OF SIGNIFICANT ACCOUNTING POLICIES,3,True,1.0-7.0 ans | 5.0 ans | 30.0-9.0 ans,"score=7,idx=29234,zone=41002",819,OK,
0000701347,CPF,2015,0000701347_CPF_FY2015_10K.html,,,Not disclosed,Not disclosed,,,No,,Not disclosed,,Not disclosed,,0,unknown,,0,False,,"score=7,idx=34112,zone=45329",1158,OK,
0000701347,CPF,2016,0000701347_CPF_FY2016_10K.html,,,equipment,"We provide equipment financing to our customers through a variety of lease arrangements. Direct financing leases are carried at the aggregate of lease payments receivable plus estimated residual value of the leased property, less unearned income. Unearned income on direct financing leases is amortized over the lease terms by methods that approximate the interest method.",,,No,,Not disclosed,,Not disclosed,,0,significant_accounting_policies,Note 15 - Mortgage Banking Income,3,False,,"score=7,idx=39537,zone=47896",1154,OK,
0000701347,CPF,2017,0000701347_CPF_FY2017_10K.html,,,equipment,"Premises and equipment are stated at cost, net of accumulated depreciation and amortization.",,,No,,Not disclosed,,Not disclosed,,0,significant_accounting_policies,Note 26 - Segment Information,3,False,,"score=7,idx=39669,zone=47324",1165,OK,
0000701347,CPF,2018,0000701347_CPF_FY2018_10K.html,,,equipment,"Premises and equipment are stated at cost, net of accumulated depreciation and amortization.",,,No,,Not disclosed,,"""Intangibles—Goodwill and Other— Internal-Use Software (Subtopic 350-40): Customer’s Accounting for Implementation Costs Incurred in a Cloud Computing Arrangement That Is a Service Contract,"" ||| which requires an entity in a cloud computing arrangement (i.e., hosting arrangement) that is a service contract to follow the internal-use software guidance in ASC 350-40 to determine which implementation costs to capitalize as assets or expense as incurred. Capitalized implementation costs should be presented in the same line item on the balance sheet as amounts prepaid for the hosted service, if any (generally as an “other asset”). The capitalized costs will be amortized over the term of the hosting arrangement, with the amortization expense being presented in the same income statement line item as the fees paid for the hosted service. ASU 2018-15 is effective for the Company's reporting period beginning January 1, 2020 and early adoption is permitted. We are currently in the process of evaluating the potential impact the amendments will have on our consolidated financial statements, but we do not expect the adoption of the ASU to have a material impact on our consolidated financial statements. ||| In August 2018, the FASB issued ASU 2018-15, ""Intangibles—Goodwill and Other— Internal-Use Software (Subtopic 350-40): Customer’s Accounting for Implementation Costs Incurred in a Cloud Computing Arrangement That Is a Service Contract,"" which requires an entity in a cloud computing arrangement (i.e., hosting arrangement) that is a service contract to follow the internal-use software guidance in ASC 350-40 to determine which implementation costs to capitalize as assets or expense as incurred. Capitalized implementation costs should be presented in the same line item on the balance sheet as amounts prepaid for the hosted service, if any (generally as an “other asset”). The capitalized costs will be amortized over the term of the hosting arrangement, with the amortization expense being presented in the same income statement line item as the fees paid for the hosted service. ASU 2018-15 is effective for the Company's reporting period beginning January 1, 2020 and early adoption is permitted. We are currently in the process of evaluating the potential impact the amendments will have on our consolidated financial statements, but we do not expect the adoption of the ASU to have a material impact on our consolidated financial statements.",,0,significant_accounting_policies,Note 26 - Segment Information,3,False,,"score=7,idx=41242,zone=49880",1289,OK,
0000701347,CPF,2019,0000701347_CPF_FY2019_10K.html,,2019-12-31,"equipment. Major improvements and betterments are capitalized, while recurring maintenance and repairs are charged to operating expense","Premises and equipment are stated at cost, net of accumulated depreciation and amortization. Useful lives generally range from five to thirty-nine years for premises and improvements, and one to seven years for equipment.",1.0,7.0,No,,Not disclosed,,"In August 2018, the FASB issued ASU 2018-15, ""Intangibles—Goodwill and Other— Internal-Use Software (Subtopic 350-40): Customer’s Accounting for Implementation Costs Incurred in a Cloud Computing Arrangement That Is a Service Contract,"" which requires an entity in a cloud computing arrangement (i.e., hosting arrangement) that is a service contract to follow the internal-use software guidance in ASC 350-40 to determine which implementation costs to capitalize as assets or expense as incurred. Capitalized implementation costs should be presented in the same line item on the balance sheet as amounts prepaid for the hosted service, if any (generally as an “other asset”). The capitalized costs will be amortized over the term of the hosting arrangement, with the amortization expense being presented in the same income statement line item as the fees paid for the hosted service. ASU 2018-15 is effective for the Company's reporting period beginning January 1, 2020 and early adoption is permitted. The Company early adopted ASU 2018-15 during the second quarter of 2019. The adoption of the ASU did not have a material impact on our consolidated financial statements. ||| ""Intangibles—Goodwill and Other— Internal-Use Software (Subtopic 350-40): Customer’s Accounting for Implementation Costs Incurred in a Cloud Computing Arrangement That Is a Service Contract,"" ||| which requires an entity in a cloud computing arrangement (i.e., hosting arrangement) that is a service contract to follow the internal-use software guidance in ASC 350-40 to determine which implementation costs to capitalize as assets or expense as incurred. Capitalized implementation costs should be presented in the same line item on the balance sheet as amounts prepaid for the hosted service, if any (generally as an “other asset”). The capitalized costs will be amortized over the term of the hosting arrangement, with the amortization expense being presented in the same income statement line item as the fees paid for the hosted service. ASU 2018-15 is effective for the Company's reporting period beginning January 1, 2020 and early adoption is permitted. The Company early adopted ASU 2018-15 during the second quarter of 2019. The adoption of the ASU did not have a material impact on our consolidated financial statements.",,0,significant_accounting_policies,Note 26 - Segment Information,3,True,1.0-7.0 ans | 30.0-9.0 ans,"score=7,idx=48604,zone=53690",1283,OK,
0000701347,CPF,2020,0000701347_CPF_FY2020_10K.html,,2020-12-31,"equipment. Major improvements and betterments are capitalized, while recurring maintenance and repairs are charged to operating expense","Premises and equipment are stated at cost, net of accumulated depreciation and amortization. Useful lives generally range from five to thirty-nine years for premises and improvements, and one to seven years for equipment.",1.0,7.0,No,,Not disclosed,,Not disclosed,,0,significant_accounting_policies,1. SUMMARY OF SIGNIFICANT ACCOUNTING POLICIES,3,True,1.0-7.0 ans | 30.0-9.0 ans,"score=5,idx=29042,zone=28548",1096,OK,
0000701347,CPF,2021,0000701347_CPF_FY2021_10K.html,,2021-12-31,equipment,Depreciation and amortization of premises and equipment,,,No,,Not disclosed,,Not disclosed,A100,1,significant_accounting_policies,Note 28 - Subsequent Events,3,True,1.0-7.0 ans | 30.0-9.0 ans,"score=5,idx=25552,zone=28177",1094,OK,
0000701347,CPF,2022,0000701347_CPF_FY2022_10K.html,,2022-12-31,equipment,Depreciation and amortization of premises and equipment,,,No,,Not disclosed,,Not disclosed,B100,1,significant_accounting_policies,Note 2 6 - Subsequent Events,3,True,1.0-7.0 ans | 30.0-9.0 ans,"score=5,idx=22027,zone=30151",1093,OK,
0000701347,CPF,2023,0000701347_CPF_FY2023_10K.html,,2023-12-31,equipment,Depreciation and amortization of premises and equipment,,,No,,Not disclosed,,Not disclosed,,0,significant_accounting_policies,Note 23 - Subsequent Events,3,True,1.0-7.0 ans | 30.0-9.0 ans,"score=5,idx=21489,zone=29886",1043,OK,
0000701347,CPF,2024,0000701347_CPF_FY2024_10K.html,,2025-01-24,equipment,Depreciation and amortization of premises and equipment,,,No,,Not disclosed,,Not disclosed,,0,significant_accounting_policies,Note 24 - Subsequent Events,3,True,1.0-7.0 ans | 30.0-9.0 ans,"score=5,idx=23179,zone=29929",1017,OK,
0000711377,NEOG,2013,0000711377_NEOG_FY2013_10K.html,,"May 31, 2013",Not disclosed,Not disclosed,,,No,,Not disclosed,,Not disclosed,,0,unknown,,0,False,,"score=7,idx=5783,zone=10",2,OK,
0000711377,NEOG,2014,0000711377_NEOG_FY2014_10K.html,,"May 31, 2014",Not disclosed,Not disclosed,,,No,,Not disclosed,,Not disclosed,,0,unknown,,0,False,,"score=7,idx=6026,zone=10",2,OK,
0000711377,NEOG,2015,0000711377_NEOG_FY2015_10K.html,,"May 31, 2015",Not disclosed,Not disclosed,,,No,,Not disclosed,,Not disclosed,,0,unknown,,0,False,,"score=7,idx=4017,zone=7",2,OK,
0000711377,NEOG,2016,0000711377_NEOG_FY2016_10K.html,,"May 31, 2016",Not disclosed,Not disclosed,,,No,,Not disclosed,,Not disclosed,,0,unknown,,0,False,,"score=7,idx=3888,zone=7",2,OK,
0000711377,NEOG,2017,0000711377_NEOG_FY2017_10K.html,,"May 31, 2017",Not disclosed,Not disclosed,,,No,,Not disclosed,,Not disclosed,,0,unknown,,0,False,,"score=7,idx=4447,zone=8",2,OK,
0000711377,NEOG,2018,0000711377_NEOG_FY2018_10K.html,,"May 31, 2018",Not disclosed,Not disclosed,,,No,,Not disclosed,,Not disclosed,,0,unknown,,0,False,,"score=7,idx=4984,zone=8",2,OK,
0000711377,NEOG,2019,0000711377_NEOG_FY2019_10K.html,,"May 31, 2019",Not disclosed,Not disclosed,,,No,,Not disclosed,,Not disclosed,,0,unknown,,0,False,,"score=7,idx=5224,zone=9",2,OK,
0000711377,NEOG,2020,0000711377_NEOG_FY2020_10K.html,,"May 31, 2020",Not disclosed,Not disclosed,,,No,,Not disclosed,,Not disclosed,,0,unknown,,0,False,,"score=6,idx=9374,zone=17",2,OK,
0000711377,NEOG,2021,0000711377_NEOG_FY2021_10K.html,,2021-05-31,Not disclosed,Not disclosed,,,No,,Not disclosed,,Not disclosed,,0,unknown,,0,False,,"score=6,idx=8980,zone=10",2,OK,
0000711377,NEOG,2022,0000711377_NEOG_FY2022_10K.html,,2022-07-22,Not disclosed,Not disclosed,,,No,,Not disclosed,,Not disclosed,,0,unknown,,0,False,,"score=6,idx=9937,zone=10",2,OK,
0000711377,NEOG,2023,0000711377_NEOG_FY2023_10K.html,,2023-06-01,Not disclosed,Not disclosed,,,No,,Not disclosed,,Not disclosed,,0,unknown,,0,False,,"score=7,idx=9840,zone=5",2,OK,
0000711377,NEOG,2024,0000711377_NEOG_FY2024_10K.html,,2024-05-31,Not disclosed,Not disclosed,,,No,,Not disclosed,,Not disclosed,,0,unknown,,0,False,,"score=7,idx=9590,zone=5",2,OK,
0000712515,EA,2013,0000712515_EA_FY2013_10K.html,,"March 31, 2014",Not disclosed,Not disclosed,,,No,,Not disclosed,,Not disclosed,,0,unknown,,0,False,,"score=2,idx=465,zone=11",0,OK,
0000712515,EA,2014,0000712515_EA_FY2014_10K.html,,"March 31, 2015",Not disclosed,Not disclosed,,,No,,Not disclosed,,Not disclosed,,0,unknown,,0,False,,"score=2,idx=465,zone=11",0,OK,
0000712515,EA,2015,0000712515_EA_FY2015_10K.html,,"March 31, 2016",Not disclosed,Not disclosed,,,No,,Not disclosed,,Not disclosed,,0,unknown,,0,False,,"score=2,idx=470,zone=11",0,OK,
0000712515,EA,2016,0000712515_EA_FY2016_10K.html,,"March 31, 2017",Not disclosed,Not disclosed,,,No,,Not disclosed,,Not disclosed,,0,unknown,,0,False,,"score=2,idx=475,zone=11",0,OK,
0000712515,EA,2017,0000712515_EA_FY2017_10K.html,,"March 31, 2018",Not disclosed,Not disclosed,,,No,,Not disclosed,,Not disclosed,,0,unknown,,0,False,,"score=2,idx=475,zone=11",0,OK,
0000712515,EA,2018,0000712515_EA_FY2018_10K.html,,"March 31, 2019",Not disclosed,Not disclosed,,,No,,Not disclosed,,Not disclosed,,0,unknown,,0,False,,"score=2,idx=492,zone=11",0,OK,
0000712515,EA,2019,0000712515_EA_FY2019_10K.html,,2026-03-01,Not disclosed,Not disclosed,,,No,,Not disclosed,,Not disclosed,A100,1,unknown,,0,False,,"score=2,idx=3991,zone=11",10,OK,
0000712515,EA,2020,0000712515_EA_FY2020_10K.html,,2021-05-26,Not disclosed,Not disclosed,,,No,,Not disclosed,,Not disclosed,B200,1,unknown,,0,False,,"score=2,idx=3883,zone=11",0,OK,
0000712515,EA,2021,0000712515_EA_FY2021_10K.html,,2022-03-31,Not disclosed,Not disclosed,,,No,,Not disclosed,,Not disclosed,,0,unknown,,0,False,,"score=2,idx=3733,zone=11",0,OK,
0000712515,EA,2022,0000712515_EA_FY2022_10K.html,,2023-03-31,Not disclosed,Not disclosed,,,No,,Not disclosed,,Not disclosed,A100,1,unknown,,0,False,,"score=2,idx=4101,zone=11",0,OK,
0000712515,EA,2023,0000712515_EA_FY2023_10K.html,,2024-03-31,Not disclosed,Not disclosed,,,No,,Not disclosed,,Not disclosed,,0,unknown,,0,False,,"score=2,idx=4350,zone=11",0,OK,
0000712515,EA,2024,0000712515_EA_FY2024_10K.html,,2025-04-25,Not disclosed,Not disclosed,,,No,,Not disclosed,,Not disclosed,,0,unknown,,0,False,,"score=2,idx=4156,zone=11",0,OK,
0000723188,CBU,2013,0000723188_CBU_FY2013_10K.html,,,Not disclosed,Not disclosed,,,No,,Not disclosed,,Not disclosed,,0,unknown,,0,False,,"score=2,idx=12021,zone=17298",177,OK,
0000723188,CBU,2014,0000723188_CBU_FY2014_10K.html,,,Not disclosed,Not disclosed,,,No,,Not disclosed,,Not disclosed,,0,unknown,,0,False,,"score=2,idx=12040,zone=16758",173,OK,
0000723188,CBU,2015,0000723188_CBU_FY2015_10K.html,,,Not disclosed,Not disclosed,,,No,,Not disclosed,,Not disclosed,,0,unknown,,0,False,,"score=2,idx=11871,zone=17170",175,OK,
0000723188,CBU,2016,0000723188_CBU_FY2016_10K.html,,,equipment,Premises and equipment are stated at cost less accumulated depreciation. Useful lives range from three to 10 years for equipment; three to seven years for software and hardware; and 10 to 40 years for building and building improvements.,3.0,10.0,No,,Not disclosed,,Not disclosed,,0,item_8_other,,1,True,3.0-7.0 ans | 3.0-10.0 ans,"score=2,idx=14509,zone=21429",791,OK,
0000723188,CBU,2017,0000723188_CBU_FY2017_10K.html,,,equipment,Premises and equipment are stated at cost less accumulated depreciation. Useful lives range from three to 10 years for equipment; three to seven years for software and hardware; and 10 to 40 years for building and building improvements.,3.0,10.0,No,,Not disclosed,,Not disclosed,,0,item_8_other,,1,True,3.0-7.0 ans | 3.0-10.0 ans,"score=2,idx=16832,zone=22884",819,OK,
0000723188,CBU,2018,0000723188_CBU_FY2018_10K.html,,,equipment,Premises and equipment are stated at cost less accumulated depreciation. Useful lives range from three to 10 years for equipment; three to seven years for software and hardware; and 10 to 40 years for building and building improvements.,3.0,10.0,No,,Not disclosed,,Not disclosed,,0,item_8_other,,1,True,3.0-7.0 ans | 3.0-10.0 ans,"score=4,idx=20699,zone=29815",844,OK,
0000723188,CBU,2019,0000723188_CBU_FY2019_10K.html,,2019-12-31,equipment,Premises and Equipment Premises and equipment are stated at cost less accumulated depreciation. Useful lives range from two to 20 years for equipment; three to seven years for software and hardware; and 10 to 40 years for building and building improvements.,2.0,20.0,No,,Not disclosed,,Not disclosed,,0,item_8_other,,1,False,,"score=4,idx=20600,zone=25443",967,OK,
0000723188,CBU,2020,0000723188_CBU_FY2020_10K.html,,2020-12-31,Not disclosed,Not disclosed,,,No,,Not disclosed,,Not disclosed,,0,unknown,,0,False,,"score=6,idx=35499,zone=43187",202,OK,
0000723188,CBU,2021,0000723188_CBU_FY2021_10K.html,,2021-12-31,Not disclosed,Not disclosed,,,No,,Not disclosed,,Not disclosed,,0,unknown,,0,False,,"score=6,idx=24942,zone=42778",238,OK,
0000723188,CBU,2022,0000723188_CBU_FY2022_10K.html,,2023-03-31,Not disclosed,Not disclosed,,,No,,Not disclosed,,"Third party vendors provide key components of the Company’s business infrastructure, including certain data processing, cloud computing, and information services. On behalf of the Company, third parties may transmit confidential, propriety information. Although the Company requires third party providers to maintain certain levels of information security which are verified through review of documentation collected as part of due diligence and ongoing monitoring of third party providers, such providers may remain vulnerable to breaches, unauthorized access, misuse, computer viruses, or other malicious attacks that could ultimately compromise sensitive information or result in funds being transferred. While the Company may contractually limit liability in connection with attacks against third party providers, the Company remains exposed to the risk of loss associated with such vendors. In addition, a number of the Company’s vendors are large national entities with dominant market presence in their respective fields. Their services could prove difficult to replace in a timely manner if a failure or other service interruption were to occur. Failures of certain vendors to provide contracted services could adversely affect the Company’s ability to deliver products and services to customers and cause the Company to incur significant expense.",,0,unknown,,0,False,,"score=6,idx=26023,zone=43685",202,OK,
0000723188,CBU,2023,0000723188_CBU_FY2023_10K.html,,2024-03-31,Not disclosed,Not disclosed,,,No,,Not disclosed,,"Third party service providers provide key components of the Company’s business infrastructure, including certain data processing, cloud computing, and information services. On behalf of the Company, third parties may transmit confidential, propriety information. Although the Company requires third party providers to maintain certain levels of information security which are verified through review of documentation collected as part of due diligence and ongoing monitoring of third party providers, such providers may remain vulnerable to breaches, unauthorized access, misuse, computer viruses, or other malicious attacks that could ultimately compromise sensitive information or result in funds being transferred. While the Company may contractually limit liability in connection with attacks against third party providers, the Company remains exposed to the risk of loss associated with such third party service providers. In addition, a number of the Company’s third party service providers are large national entities with dominant market presence in their respective fields. Their services could prove difficult to replace in a timely manner if a failure or other service interruption were to occur. Failures of certain third party service providers to provide contracted services could adversely affect the Company’s ability to deliver products and services to customers and cause the Company to incur significant expense.",,0,unknown,,0,False,,"score=6,idx=29517,zone=50428",201,OK,
0000723188,CBU,2024,0000723188_CBU_FY2024_10K.html,,2024-12-31,Not disclosed,Not disclosed,,,No,,Not disclosed,,"Third party service providers provide key components of the Company’s business infrastructure, including certain data processing, cloud computing, and information services. On behalf of the Company, third parties may transmit confidential, propriety information. Although the Company requires third party providers to maintain certain levels of information security which are verified through review of documentation collected as part of due diligence and ongoing monitoring of third-party providers, such providers may remain vulnerable to breaches, unauthorized access, misuse, computer viruses, or other malicious attacks that could ultimately compromise sensitive information or result in funds being transferred. While the Company may contractually limit liability in connection with attacks against third party providers, the Company remains exposed to the risk of loss associated with such third-party service providers. In addition, a number of the Company’s third-party service providers are large national entities with dominant market presence in their respective fields. Their services could prove difficult to replace in a timely manner if a failure or other service interruption were to occur. Failures of certain third-party service providers to provide contracted services could adversely affect the Company’s ability to deliver products and services to customers and cause the Company to incur significant expense.",,0,unknown,,0,False,,"score=6,idx=34058,zone=58213",255,OK,
0000726854,CHCO,2013,0000726854_CHCO_FY2013_10K.html,,,Not disclosed,Not disclosed,,,No,,Not disclosed,,Not disclosed,,0,unknown,,0,False,,"score=4,idx=3345,zone=12",3,OK,
0000726854,CHCO,2014,0000726854_CHCO_FY2014_10K.html,,,Not disclosed,Not disclosed,,,No,,Not disclosed,,Not disclosed,,0,unknown,,0,False,,"score=4,idx=3692,zone=12",3,OK,
0000726854,CHCO,2015,0000726854_CHCO_FY2015_10K.html,,,Not disclosed,Not disclosed,,,No,,Not disclosed,,Not disclosed,,0,unknown,,0,False,,"score=4,idx=5175,zone=12",3,OK,
0000726854,CHCO,2016,0000726854_CHCO_FY2016_10K.html,,,Not disclosed,Not disclosed,,,No,,Not disclosed,,Not disclosed,,0,unknown,,0,False,,"score=4,idx=5514,zone=13",3,OK,
0000726854,CHCO,2017,0000726854_CHCO_FY2017_10K.html,,,Not disclosed,Not disclosed,,,No,,Not disclosed,,Not disclosed,,0,unknown,,0,False,,"score=4,idx=22316,zone=33465",998,OK,
0000726854,CHCO,2018,0000726854_CHCO_FY2018_10K.html,,,Not disclosed,Not disclosed,,,No,,Not disclosed,,Not disclosed,,0,unknown,,0,False,,"score=4,idx=23311,zone=35126",1065,OK,
0000726854,CHCO,2019,0000726854_CHCO_FY2019_10K.html,,"December 31, 2019",Not disclosed,Not disclosed,,,No,,Not disclosed,,"In August 2018, the FASB issued ASU No. 2018-15, ""Intangibles—Goodwill and Other—Internal-Use Software (Subtopic 350-40): Customer's Accounting for Implementation Costs Incurred in a Cloud Computing Arrangement that is a Service Contract."" The amendments in this update align the requirements for capitalizing implementation costs incurred in a hosting arrangement that is a service contract with the requirements for capitalizing implementation costs incurred to develop or obtain internal-use software. This ASU became effective for the Company on January 1, 2020. The adoption of ASU No. 2018-15 is not expected to have a material impact on the Company's financial statements. ||| ""Intangibles—Goodwill and Other—Internal-Use Software (Subtopic 350-40): Customer's Accounting for Implementation Costs Incurred in a Cloud Computing Arrangement that is a Service Contract.""",,0,unknown,,0,False,,"score=4,idx=25651,zone=34970",971,OK,
0000726854,CHCO,2020,0000726854_CHCO_FY2020_10K.html,,"December 31, 2020",Not disclosed,Not disclosed,,,No,,Not disclosed,,"In August 2018, the FASB issued ASU No. 2018-15, ""Intangibles—Goodwill and Other—Internal-Use Software (Subtopic 350-40): Customer's Accounting for Implementation Costs Incurred in a Cloud Computing Arrangement that is a Service Contract."" The amendments in this update align the requirements for capitalizing implementation costs incurred in a hosting arrangement that is a service contract with the requirements for capitalizing implementation costs incurred to develop or obtain internal-use software. This ASU became effective for the Company on January 1, 2020. The adoption of ASU No. 2018-15 did not have a material impact on the Company's financial statements. ||| ""Intangibles—Goodwill and Other—Internal-Use Software (Subtopic 350-40): Customer's Accounting for Implementation Costs Incurred in a Cloud Computing Arrangement that is a Service Contract.""",,0,unknown,,0,False,,"score=2,idx=16725,zone=19847",836,OK,
0000726854,CHCO,2021,0000726854_CHCO_FY2021_10K.html,,"December 31, 2021",Not disclosed,Not disclosed,,,No,,Not disclosed,,Not disclosed,B100,1,unknown,,0,False,,"score=2,idx=14536,zone=21135",763,OK,
0000726854,CHCO,2022,0000726854_CHCO_FY2022_10K.html,,2023-12-31,Not disclosed,Not disclosed,,,No,,Not disclosed,,Not disclosed,,0,unknown,,0,False,,"score=2,idx=14629,zone=20958",747,OK,
0000726854,CHCO,2023,0000726854_CHCO_FY2023_10K.html,,2024-12-31,Not disclosed,Not disclosed,,,No,,Not disclosed,,Not disclosed,,0,unknown,,0,False,,"score=2,idx=14343,zone=20293",799,OK,
0000726854,CHCO,2024,0000726854_CHCO_FY2024_10K.html,,2025-12-31,Not disclosed,Not disclosed,,,No,,Not disclosed,,Not disclosed,,0,unknown,,0,False,,"score=2,idx=14013,zone=20141",797,OK,
0000811589,FBNC,2013,0000811589_FBNC_FY2013_10K.html,,"December 31, 2013",Equipment,"(d)
Premises and Equipment - Premises and equipment are stated at cost less accumulated depreciation.",2.0,40.0,No,,Not disclosed,,Not disclosed,,0,significant_accounting_policies,"Note 1. Summary of Significant Accounting
Policies",3,False,,"score=4,idx=20825,zone=23287",921,OK,
0000811589,FBNC,2014,0000811589_FBNC_FY2014_10K.html,,"December 31, 2014",Equipment,"(d)
Premises and Equipment - Premises and equipment are stated at cost less accumulated depreciation.",2.0,40.0,No,,Not disclosed,,Not disclosed,,0,significant_accounting_policies,"Note 1. Summary of Significant Accounting
Policies",3,False,,"score=4,idx=22432,zone=22743",868,OK,
0000811589,FBNC,2015,0000811589_FBNC_FY2015_10K.html,,"December 31, 2015",Equipment,"(d)
Premises and Equipment - Premises and equipment are stated at cost less accumulated depreciation.",2.0,40.0,No,,Not disclosed,,Not disclosed,,0,significant_accounting_policies,"Note 1. Summary of Significant Accounting
Policies",3,False,,"score=4,idx=22350,zone=22590",876,OK,
0000811589,FBNC,2016,0000811589_FBNC_FY2016_10K.html,,"December 31,
2016",Equipment,"(d)
Premises and Equipment - Premises
and equipment are stated at cost less accumulated depreciation.",2.0,40.0,No,,Not disclosed,,Not disclosed,,0,significant_accounting_policies,"Note 1. Summary of Significant Accounting
Policies",3,False,,"score=4,idx=19754,zone=19200",883,OK,
0000811589,FBNC,2017,0000811589_FBNC_FY2017_10K.html,,"December 31, 2017",Equipment,"(f)
Premises and Equipment - Premises
and equipment are stated at cost less accumulated depreciation.",2.0,40.0,No,,Not disclosed,,Not disclosed,,0,significant_accounting_policies,"Note 1. Summary of Significant Accounting
Policies",3,False,,"score=4,idx=19092,zone=20330",935,OK,
0000811589,FBNC,2018,0000811589_FBNC_FY2018_10K.html,,"December 31, 2018",Equipment,"(f)
Premises and Equipment - Premises
and equipment are stated at cost less accumulated depreciation.",2.0,40.0,No,,Not disclosed,,Not disclosed,,0,significant_accounting_policies,"Note 1. Summary of Significant Accounting
Policies",3,False,,"score=4,idx=18435,zone=21204",916,OK,
0000811589,FBNC,2019,0000811589_FBNC_FY2019_10K.html,,"December 31, 2019",equipment,"SBA Loan Originations – Through its SBA Lending Division, the Company offers loans guaranteed by the Small Business Administration (“SBA”) for the purchase of businesses, business startups, business expansion, equipment, and working capital. All SBA loans are underwritten and documented as prescribed by the SBA. SBA loans are generally fully amortizing and have maturity dates and amortizations of up to 25 years. The portion of SBA loans originated that are guaranteed and intended for sale on the secondary market are classified as held for sale and are carried at the lower of cost or fair value - there were an insignificant amount of these loans held for sale at December 31, 2019 and 2018 . The Company generally sells the guaranteed portion of the SBA loan soon as soon as it is eligible to be sold and retains the servicing right. When the guaranteed portion of an SBA loan is sold, the Company allocates the carrying basis of the loan between the guaranteed portion of the loan sold, the unguaranteed portion of the loans retained, and the servicing asset based on their relative fair values. A gain is recorded for the difference between the proceeds received from the sale and the basis allocated to the sold portion. The relative fair value allocation results in a discount that is recorded on the unguaranteed portion of the loan that is retained. The discount is amortized as a yield adjustment over the life of the loan, so long as the loan performs. In the event of default, the remaining discount is available to offset the write-off of the remaining servicing asset and deferred origination costs, with any remaining discount available to offset any loan charge-off.",25.0,,No,,Not disclosed,,Not disclosed,,0,significant_accounting_policies,Note 1. Summary of Significant Accounting Policies,3,False,,"score=4,idx=41592,zone=45774",1328,OK,
0000811589,FBNC,2020,0000811589_FBNC_FY2020_10K.html,,"December 31, 2020",equipment,"SBA Loan Originations – Through its SBA Lending Division, the Company offers loans guaranteed by the Small Business Administration (“SBA”) for the purchase of businesses, business startups, business expansion, equipment, and working capital. All SBA loans are underwritten and documented as prescribed by the SBA. SBA loans are generally fully amortizing and have maturity dates and amortizations of up to 25 years. The portion of SBA loans originated that are guaranteed and intended for sale on the secondary market are classified as held for sale and are carried at the lower of cost or fair value. The Company generally sells the guaranteed portion of the SBA loan as soon as it is eligible to be sold and retains the servicing right. When the guaranteed portion of an SBA loan is sold, the Company allocates the carrying basis of the loan between the guaranteed portion of the loan sold, the unguaranteed portion of the loans retained, and the servicing asset based on their relative fair values. A gain is recorded for the difference between the proceeds received from the sale and the basis allocated to the sold portion. The relative fair value allocation results in a discount that is recorded on the unguaranteed portion of the loan that is retained. The discount is amortized as a yield adjustment over the life of the loan, so long as the loan performs. In the event the loan is moved to nonaccrual status, the Company ceases the amortization of the discount and upon any subsequent transfer to foreclosed properties or liquidation of the loan, the remaining discount is amortized, along with any remaining servicing asset and deferred loan costs.",25.0,,No,,Not disclosed,,Not disclosed,B200,1,significant_accounting_policies,Note 1. Summary of Significant Accounting Policies,3,False,,"score=2,idx=24736,zone=20340",988,OK,
0000811589,FBNC,2021,0000811589_FBNC_FY2021_10K.html,,2022-02-28,equipment,"SBA Loans – Through its SBA Lending Division, the Company offers loans guaranteed by the SBA for the purchase of businesses, business startups, business expansion, equipment, and working capital. All SBA loans are underwritten and documented as prescribed by the SBA. SBA loans are generally fully amortizing and have maturity dates and amortizations of up to 25 years. The portion of SBA loans originated that are guaranteed and intended for sale on the secondary market are classified as held for sale and are carried at the lower of cost or fair value. The Company generally sells the guaranteed portion of the SBA loan as soon as it is eligible to be sold and retains the servicing right. When the guaranteed portion of an SBA loan is sold, the Company allocates the carrying basis of the loan between the guaranteed portion of the loan sold, the unguaranteed portion of the loans retained, and the servicing asset based on their relative fair values. A gain is recorded for the difference between the proceeds received from the sale and the basis allocated to the sold portion. The relative fair value allocation results in a discount that is recorded on the unguaranteed portion of the loan that is retained. The discount is amortized as a yield adjustment over the life of the loan, so long as the loan performs. In the event the loan is moved to nonaccrual status, the Company ceases the amortization of the discount and upon any subsequent transfer to foreclosed properties or liquidation of the loan, the remaining discount is amortized, along with any remaining servicing asset and deferred loan costs. Refer also to SBA Servicing Assets below.",25.0,,No,,Not disclosed,,Not disclosed,B200,1,significant_accounting_policies,Note 1. Summary of Significant Accounting Policies,3,False,,"score=2,idx=19684,zone=20483",1068,OK,
0000811589,FBNC,2022,0000811589_FBNC_FY2022_10K.html,,2023-01-01,Not disclosed,Not disclosed,,,No,,Not disclosed,,Not disclosed,A100,1,unknown,,0,False,,"score=2,idx=16957,zone=19856",1027,OK,
0000811589,FBNC,2023,0000811589_FBNC_FY2023_10K.html,,2023-12-31,Not disclosed,Not disclosed,,,No,,Not disclosed,,Not disclosed,,0,unknown,,0,False,,"score=2,idx=19976,zone=23759",1136,OK,
0000811589,FBNC,2024,0000811589_FBNC_FY2024_10K.html,,"December 31, 2024",equipment,"Depreciation expense amounted to $7.8 million, $7.8 million, and $6.9 million for the years ended December 31, 2024, 2023, and 2022, respectively, and is recorded in occupancy and equipment expense.",,,No,,Not disclosed,,Not disclosed,,0,significant_accounting_policies,Note 5. Premises and Equipment,3,False,,"score=2,idx=20184,zone=24061",1060,OK,
0000821189,EOG,2013,0000821189_EOG_FY2013_10K.html,,"December 31, 2013",Not disclosed,Not disclosed,,,No,,Not disclosed,,Not disclosed,,0,unknown,,0,False,,"score=5,idx=10061,zone=11",3,OK,
0000821189,EOG,2014,0000821189_EOG_FY2014_10K.html,,,Not disclosed,Not disclosed,,,No,,Not disclosed,,Not disclosed,,0,unknown,,0,False,,"score=7,idx=17469,zone=11",2,OK,
0000821189,EOG,2015,0000821189_EOG_FY2015_10K.html,,,Not disclosed,Not disclosed,,,No,,Not disclosed,,Not disclosed,,0,unknown,,0,False,,"score=7,idx=16461,zone=11",2,OK,
0000821189,EOG,2016,0000821189_EOG_FY2016_10K.html,,,Not disclosed,Not disclosed,,,No,,Not disclosed,,Not disclosed,,0,unknown,,0,False,,"score=7,idx=17324,zone=12",2,OK,
0000821189,EOG,2017,0000821189_EOG_FY2017_10K.html,,,Not disclosed,Not disclosed,,,No,,Not disclosed,,Not disclosed,,0,unknown,,0,False,,"score=7,idx=17716,zone=12",2,OK,
0000821189,EOG,2018,0000821189_EOG_FY2018_10K.html,,,Not disclosed,Not disclosed,,,No,,Not disclosed,,Not disclosed,,0,unknown,,0,False,,"score=7,idx=16855,zone=12",2,OK,
0000821189,EOG,2019,0000821189_EOG_FY2019_10K.html,,2020-02-27,Not disclosed,Not disclosed,,,No,,Not disclosed,,Not disclosed,,0,unknown,,0,False,,"score=7,idx=22360,zone=12",2,OK,
0000821189,EOG,2020,0000821189_EOG_FY2020_10K.html,,2021-02-25,Not disclosed,Not disclosed,,,No,,Not disclosed,,Not disclosed,A100;B100,2,unknown,,0,False,,"score=5,idx=15793,zone=11",2,OK,
0000821189,EOG,2021,0000821189_EOG_FY2021_10K.html,,2022-02-24,Not disclosed,Not disclosed,,,No,,Not disclosed,,Not disclosed,,0,unknown,,0,False,,"score=5,idx=14363,zone=11",2,OK,
0000821189,EOG,2022,0000821189_EOG_FY2022_10K.html,,2023-02-28,Not disclosed,Not disclosed,,,No,,Not disclosed,,Not disclosed,B100,1,unknown,,0,False,,"score=5,idx=12785,zone=11",2,OK,
0000821189,EOG,2023,0000821189_EOG_FY2023_10K.html,,2024-02-22,Not disclosed,Not disclosed,,,No,,Not disclosed,,Not disclosed,,0,unknown,,0,False,,"score=5,idx=11400,zone=11",2,OK,
0000821189,EOG,2024,0000821189_EOG_FY2024_10K.html,,2025-12-31,Not disclosed,Not disclosed,,,No,,Not disclosed,,Not disclosed,,0,unknown,,0,False,,"score=5,idx=10240,zone=11",2,OK,
0000842162,LEA,2013,0000842162_LEA_FY2013_10K.html,,"December 31, 2013",Not disclosed,Not disclosed,,,No,,Not disclosed,,Not disclosed,,0,unknown,,0,False,,"score=7,idx=7402,zone=25146",594,OK,
0000842162,LEA,2014,0000842162_LEA_FY2014_10K.html,,,Not disclosed,Not disclosed,,,No,,Not disclosed,,Not disclosed,,0,unknown,,0,False,,"score=7,idx=12080,zone=37461",1062,OK,
0000842162,LEA,2015,0000842162_LEA_FY2015_10K.html,,,Not disclosed,Not disclosed,,,No,,Not disclosed,,Not disclosed,,0,unknown,,0,False,,"score=7,idx=12432,zone=39052",1075,OK,
0000842162,LEA,2016,0000842162_LEA_FY2016_10K.html,,,Not disclosed,Not disclosed,,,No,,Not disclosed,,"The standard provides guidance about whether a cloud computing arrangement includes a software license. ||| Standards Adopted Description Effective Date ASU 2015-01, Income Statement — Extraordinary and Unusual Items The standard eliminates the concept of extraordinary items. January 1, 2016 ASU 2015-02, Amendments to the Consolidation Analysis The standard provides guidance related to the application of both the variable interest and voting interest consolidation models. January 1, 2016 ASU 2015-05, Internal-Use Software The standard provides guidance about whether a cloud computing arrangement includes a software license. January 1, 2016 ASU 2015-07, Disclosures for Investments in Certain Entities that Calculate Net Asset Value Per Share The standard removes the requirement to categorize, within the fair value hierarchy, investments for which fair values are estimated using the net asset value as a practical expedient. The Company early adopted the provisions of this standard with respect to its defined benefit pension plan assets. See Note 8, ""Pension and Other Postretirement Benefit Plans."" January 1, 2016 ASU 2015-16, Simplifying the Accounting for Measurement-Period Adjustments The standard eliminates the requirement for an acquirer in a business combination to account for measurement-period adjustments retrospectively. January 1, 2016 ASU 2014-15, Presentation of Financial Statements — Going Concern The standard requires management to make a going concern assessment for 24 months after the financial statement date. Previously, this assessment was made by the Company's independent registered public accounting firm. December 31, 2016",,0,unknown,,0,False,,"score=7,idx=14537,zone=42273",1156,OK,
0000842162,LEA,2017,0000842162_LEA_FY2017_10K.html,,,Not disclosed,Not disclosed,,,No,,Not disclosed,,Not disclosed,,0,unknown,,0,False,,"score=7,idx=14575,zone=32956",1156,OK,
0000842162,LEA,2018,0000842162_LEA_FY2018_10K.html,,,Not disclosed,Not disclosed,,,No,,Not disclosed,,ASU 2018-15. Customer's Accounting for Implementation Cost Incurred in a Cloud Computing Arrangement that is a Service Contract ||| The standard requires implementation costs in a cloud computing arrangement that is a service contract to be capitalized and amortized over the non-cancellable term of the contract and any renewals that are reasonably certain.,,0,unknown,,0,False,,"score=7,idx=13659,zone=34731",1193,OK,
0000842162,LEA,2019,0000842162_LEA_FY2019_10K.html,,2019-12-31,Not disclosed,Not disclosed,,,No,,Not disclosed,,Not disclosed,,0,unknown,,0,False,,"score=7,idx=19576,zone=37878",1275,OK,
0000842162,LEA,2020,0000842162_LEA_FY2020_10K.html,,2020-12-31,Not disclosed,Not disclosed,,,No,,Not disclosed,,Not disclosed,,0,unknown,,0,False,,"score=5,idx=12971,zone=18570",868,OK,
0000842162,LEA,2021,0000842162_LEA_FY2021_10K.html,,2021-12-31,Not disclosed,Not disclosed,,,No,,Not disclosed,,Not disclosed,,0,unknown,,0,False,,"score=5,idx=11654,zone=17897",854,OK,
0000842162,LEA,2022,0000842162_LEA_FY2022_10K.html,,2022-12-31,Not disclosed,Not disclosed,,,No,,Not disclosed,,Not disclosed,,0,unknown,,0,False,,"score=5,idx=11654,zone=17582",854,OK,
0000842162,LEA,2023,0000842162_LEA_FY2023_10K.html,,2023-12-31,Not disclosed,Not disclosed,,,No,,Not disclosed,,"quality, supply chain management and all major administrative functions, such as corporate finance, executive administration, human resources, information technology and legal. We continue to build on our reputation for operational excellence through investment in Industry 4.0 technologies. Industry 4.0 refers to the current era of digital transformation in manufacturing. It involves the integration of new technologies, such as Industrial Internet of Things (IIoT), cloud computing, artificial intelligence (AI), machine learning and advanced automation, into production facilities and business operations. These technologies enable smart and automated machines and smart factories to communicate, analyze and optimize processes and products, resulting in higher efficiency, quality and responsiveness to customers.",,0,unknown,,0,False,,"score=5,idx=11479,zone=17326",851,OK,
0000842162,LEA,2024,0000842162_LEA_FY2024_10K.html,,2024-12-31,Not disclosed,Not disclosed,,,No,,Not disclosed,,"engineering and program management, the agility to establish and/or transfer production between facilities quickly, and a unique, customer-focused culture. In select instances, we are able to manufacture both Seating and E-Systems components in the same facility. Our businesses also utilize proprietary, industry-specific processes and standards, leverage common low-cost engineering centers and share centralized operating support functions. These functions include health and safety, logistics, quality, supply chain management and all major administrative functions, such as corporate finance, executive administration, human resources, information technology and legal. We continue to build on our reputation for operational excellence through organic and inorganic investments in automation and other advanced manufacturing technologies and the digital transformation of both our operations and administrative functions. It involves the integration of new technologies, such as Industrial Internet of Things (IIoT), cloud computing, artificial intelligence (AI), machine learning and advanced automation, into production facilities and business operations. These technologies enable smart and automated machines and smart factories to communicate, analyze and optimize products and processes, resulting in higher efficiency, quality and responsiveness to customers.",,0,unknown,,0,False,,"score=5,idx=11326,zone=18068",850,OK,
0000854775,DGII,2013,0000854775_DGII_FY2013_10K.html,,,"equipment, Furniture and fixtures","As of September 30, 2013 2012 Accounts receivable, net: Accounts receivable $ 27,142 $ 24,929 Less allowance for doubtful accounts 313 295 Total accounts receivable, net $ 26,829 $ 24,634 Inventories: Raw materials $ 21,171 $ 18,159 Work in process 224 428 Finished goods 4,745 5,848 Total inventories $ 26,140 $ 24,435 Property, equipment and improvements, net: Land $ 1,800 $ 1,800 Buildings 10,522 10,522 Improvements 3,863 3,763 Equipment 14,989 14,093 Purchased software 12,296 11,971 Furniture and fixtures 2,481 2,595 Total property, equipment and improvements, gross 45,951 44,744 Less accumulated depreciation and amortization 32,041 29,587 Total property, equipment and improvements, net $ 13,910 $ 15,157",,,Yes,"Expenditures for maintenance and repairs are charged to operations as incurred, while major renewals and betterments are capitalized. The assets and related accumulated depreciation accounts are adjusted for asset retirements and disposals with the resulting gain or loss included in operations.",Not disclosed,,"Our services offerings, which we consider to be part of our growth portfolio, include wireless product design and development services, CRM consulting services, application development services, licenses to use The Social Machine® application for use on the Force.com platform, our PAAS recurring revenue generated from Device Cloud platform, and post-contract customer support and fees associated with technical support and training. The majority of our service revenue is generated from CRM consulting services and wireless product design and development services. A smaller amount of revenue was generated from application development services, PAAS recurring revenue from the Device Cloud platform, post-contract customer support, and fees associated with technical support and training. No revenue was recorded in fiscal 2013 for licenses to use The Social Machine® application as we won our first contract late in fiscal 2013.",,0,significant_accounting_policies,18. SUBSEQUENT EVENTS,3,False,,"score=7,idx=12728,zone=12290",616,OK,
0000854775,DGII,2014,0000854775_DGII_FY2014_10K.html,,,"equipment, Furniture and fixtures","As of September 30, 2014 2013 Accounts receivable, net: Accounts receivable $ 28,943 $ 27,142 Less allowance for doubtful accounts 367 313 Total accounts receivable, net $ 28,576 $ 26,829 Inventories: Raw materials $ 26,402 $ 21,171 Work in process 315 224 Finished goods 4,530 4,745 Total inventories $ 31,247 $ 26,140 Property, equipment and improvements, net: Land $ 1,800 $ 1,800 Buildings 10,522 10,522 Improvements 3,420 3,863 Equipment 13,646 14,989 Purchased software 3,559 12,296 Furniture and fixtures 2,477 2,481 Total property, equipment and improvements, gross 35,424 45,951 Less accumulated depreciation and amortization 22,193 32,041 Total property, equipment and improvements, net $ 13,231 $ 13,910",,,Yes,"Expenditures for maintenance and repairs are charged to operations as incurred, while major renewals and betterments are capitalized. The assets and related accumulated depreciation accounts are adjusted for asset retirements and disposals with the resulting gain or loss included in operations.",Not disclosed,,"Our services offerings, which we consider to be part of our growth portfolio, include wireless product design and development services, CRM consulting services, application development services, licenses to use The Social Machine® application for use on the Force.com platform, our PaaS recurring revenue generated from Device Cloud platform, and post-contract customer support and fees associated with technical support and training. The majority of our service revenue was generated from CRM ||| consulting services and wireless product design and development services. A smaller amount of revenue was generated from application development services, licenses to use The Social Machine® application, PaaS recurring revenue from the Device Cloud platform, post-contract customer support, and fees associated with technical support and training.",,0,significant_accounting_policies,19. SUBSEQUENT EVENTS,3,False,,"score=7,idx=13257,zone=12870",614,OK,
0000854775,DGII,2015,0000854775_DGII_FY2015_10K.html,,,"equipment, Furniture and fixtures","As of September 30, 2015 2014 Accounts receivable, net: Accounts receivable $ 29,688 $ 28,943 Less allowance for doubtful accounts 483 367 Total accounts receivable, net $ 29,205 $ 28,576 Inventories: Raw materials $ 26,037 $ 26,402 Work in process 598 315 Finished goods 5,242 4,530 Total inventories $ 31,877 $ 31,247 Property, equipment and improvements, net: Land $ 1,800 $ 1,800 Buildings 10,522 10,522 Improvements 3,328 3,420 Equipment 15,691 13,646 Purchased software 3,458 3,559 Furniture and fixtures 2,742 2,477 Total property, equipment and improvements, gross 37,541 35,424 Less accumulated depreciation and amortization 23,184 22,193 Total property, equipment and improvements, net $ 14,357 $ 13,231",,,Yes,"Expenditures for maintenance and repairs are charged to operations as incurred, while major renewals and betterments are capitalized. The assets and related accumulated depreciation accounts are adjusted for asset retirements and disposals with the resulting gain or loss included in operations.",Not disclosed,,"Our service offerings in fiscal 2015 include wireless design services, Etherios CRM services, revenue generated from the Digi Device Cloud platform and our enterprise support services. The significant majority of our service revenue was generated from our Etherios CRM services and our wireless design services. We completed the sale of our Etherios business in the first quarter of fiscal 2016. ||| In April 2015, FASB issued ASU 2015-05, “Intangibles-Goodwill and Other-Internal-Use Software (Subtopic 350-40) - Customer’s Accounting for Fees Paid in a Cloud Computing Arrangement. The new standard provides guidance to customers about whether a cloud computing arrangement includes a software license. If the arrangement does include a software license, the software license element of the arrangement should be accounted for in the same manner as the acquisition of other software licenses. This guidance is effective for fiscal years, and interim periods within those years, beginning after December 15, 2015, with early adoption permitted. We expect to adopt this guidance beginning with our fiscal quarter ending December 31, 2016. We do not expect this guidance to have a material impact on our consolidated financial statements.",,0,significant_accounting_policies,18. SUBSEQUENT EVENTS,3,False,,"score=7,idx=12797,zone=13127",636,OK,
0000854775,DGII,2016,0000854775_DGII_FY2016_10K.html,,,"equipment, Furniture and fixtures","As of September 30, 2016 2015 Accounts receivable, net: Accounts receivable $ 30,885 $ 29,890 Less allowance for doubtful accounts 209 285 Less reserve for future returns and pricing adjustments 1,991 1,817 Total accounts receivable, net $ 28,685 $ 27,788 Inventories: Raw materials $ 21,116 $ 26,037 Work in process 802 598 Finished goods 4,358 5,242 Total inventories $ 26,276 $ 31,877 Property, equipment and improvements, net: Land $ 1,800 $ 1,800 Buildings 10,522 10,522 Improvements 3,239 3,328 Equipment 15,778 15,691 Purchased software 3,377 3,458 Furniture and fixtures 2,803 2,720 Total property, equipment and improvements, gross 37,519 37,519 Less accumulated depreciation and amortization 23,478 23,180 Total property, equipment and improvements, net $ 14,041 $ 14,339",,,Yes,"Expenditures for maintenance and repairs are charged to operations as incurred, while major renewals and betterments are capitalized. The assets and related accumulated depreciation accounts are adjusted for asset retirements and disposals with the resulting gain or loss included in operations.",Not disclosed,,"We are a leading provider of Internet of Things (IoT) networking hardware products and solutions. We provide Machine-to-Machine (M2M) and IoT connections to solve business and mission-critical machine communication challenges for our customers that are reliable, secure, scalable and managed. We create secure, easy to implement embedded solutions and services to help customers build IoT connectivity. In addition, we deploy ready to use, complete box solutions to connect remote machinery. We also manage cloud services, offer professional services and complete IoT solutions. Our solutions are deployed by a wide range of businesses and institutions. Any business that utilizes a significant number of devices, whose operations could benefit from remote monitoring or control, may realize benefits from IoT networking. ||| In April 2015, FASB issued ASU 2015-05, “Intangibles-Goodwill and Other-Internal-Use Software (Subtopic 350-40) - Customer’s Accounting for Fees Paid in a Cloud Computing Arrangement.” The new standard provides guidance to customers about whether a cloud computing arrangement includes a software license. If the arrangement does include a software license, the software license element of the arrangement should be accounted for in the same manner as the acquisition of other software licenses. This guidance is effective for fiscal years, and interim periods within those years, beginning after December 15, 2015, with early adoption permitted. We expect to adopt this guidance beginning with our fiscal quarter ending December 31, 2016. We do not expect this guidance to have a material impact on our consolidated financial statements. ||| Our service offerings include Cold Chain Solutions, wireless product design and development services, our PaaS recurring revenue generated from Device Cloud platform, and technical support services.",,0,significant_accounting_policies,19. SUBSEQUENT EVENT,3,False,,"score=7,idx=14043,zone=15428",712,OK,
0000854775,DGII,2017,0000854775_DGII_FY2017_10K.html,,,"equipment, Furniture and fixtures","Property, equipment and improvements are carried at cost, net of accumulated depreciation. Furniture and fixtures, purchased software and other equipment are depreciated over a period of",,,Yes,"Expenditures for maintenance and repairs are charged to operations as incurred, while major renewals and betterments are capitalized. The assets and related accumulated depreciation accounts are adjusted for asset retirements and disposals with the resulting gain or loss included in operations.",Not disclosed,,"Our M2M segment consists primarily of distinct communications products and communication product development services. Among other things, these products and services help our customers create next generation connected products and deploy and manage critical communications infrastructures in demanding environments with high levels of security and reliability. We create secure, easy to implement embedded solutions and services to help customers build IoT connectivity. We also deploy ready to use, complete box solutions to connect remote machinery. We also offer dedicated professional services for the design of specialized wireless communications products for customers. Finally, through this segment we offer managed cloud services that enable customers to capture and manage data from devices they connect to networks. The products and services of this segment are used by a wide range of businesses and institutions.",,0,significant_accounting_policies,1. SUMMARY OF SIGNIFICANT ACCOUNTING POLICIES (CONTINUED),3,False,,"score=7,idx=15532,zone=15599",756,OK,
0000854775,DGII,2018,0000854775_DGII_FY2018_10K.html,,,"equipment, Furniture and fixtures","Property, equipment and improvements are carried at cost, net of accumulated depreciation. Furniture and fixtures, purchased software and other equipment are depreciated over a period of",,,Yes,"Expenditures for maintenance and repairs are charged to operations as incurred, while major renewals and betterments are capitalized. The assets and related accumulated depreciation accounts are adjusted for asset retirements and disposals with the resulting gain or loss included in operations.",Not disclosed,,"Our IoT Products & Services segment consists primarily of distinct communications products and communication product development services. Among other things, these products and services help our customers create next-generation connected products and deploy and manage critical communications infrastructures in demanding environments with high levels of security and reliability. This segment creates secure, easy-to-implement embedded solutions and services to help customers build IoT connectivity. It also deploys ready-to-use, complete box solutions to connect remote equipment, including products from our January 2018 acquisition of Accelerated. The IoT Products & Services segment also offers dedicated professional services for the design of specialized wireless communications products for customers. Finally, this segment offers managed cloud services that enable customers to capture and manage data from devices they connect to networks. Our IoT products and services are used by a wide range of businesses and institutions.",,0,significant_accounting_policies,1. SUMMARY OF SIGNIFICANT ACCOUNTING POLICIES (CONTINUED),3,False,,"score=7,idx=15692,zone=16764",855,OK,
0000854775,DGII,2019,0000854775_DGII_FY2019_10K.html,,,"equipment, Furniture and fixtures","Property, equipment and improvements are carried at cost, net of accumulated depreciation. Furniture and fixtures, purchased software and other equipment are depreciated over a period of",,,Yes,"Expenditures for maintenance and repairs are charged to operations as incurred, while major renewals and betterments are capitalized. The assets and related accumulated depreciation accounts are adjusted for asset retirements and disposals with the resulting gain or loss included in operations.",Not disclosed,,Not disclosed,,0,significant_accounting_policies,1. SUMMARY OF SIGNIFICANT ACCOUNTING POLICIES (CONTINUED),3,False,,"score=7,idx=12710,zone=14567",736,OK,
0000854775,DGII,2020,0000854775_DGII_FY2020_10K.html,,"September 30, 2020",software and other equipment are depreciated over a period of,"Property, equipment and improvements are carried at cost, net of accumulated depreciation. Furniture and fixtures, purchased software and other equipment are depreciated over a period of three years to ten years.",3.0,,Yes,"Expenditures for maintenance and repairs are charged to operations as incurred, while major renewals and betterments are capitalized. The assets and related accumulated depreciation accounts are adjusted for asset retirements and disposals with the resulting gain or loss included in operations.",Not disclosed,,Not disclosed,,0,significant_accounting_policies,1. SUMMARY OF SIGNIFICANT ACCOUNTING POLICIES (CONTINUED),3,True,3.0 ans | 10.0 ans | 30.0-9.0 ans,"score=5,idx=11451,zone=7822",560,OK,
0000854775,DGII,2021,0000854775_DGII_FY2021_10K.html,,2021-11-01,software and other equipment are depreciated over a period of,"Property, equipment and improvements are carried at cost, net of accumulated depreciation. Furniture and fixtures, purchased software and other equipment are depreciated over a period of three years to ten years.",3.0,,Yes,"Expenditures for maintenance and repairs are charged to operations as incurred, while major renewals and betterments are capitalized. The assets and related accumulated depreciation accounts are adjusted for asset retirements and disposals with the resulting gain or loss included in operations.",• Console Servers - similar to cellular routers except they are exclusively for edge computing installations and data center applications exclusively using cellular communications.,Item 8,Not disclosed,,0,significant_accounting_policies,1. SUMMARY OF SIGNIFICANT ACCOUNTING POLICIES (CONTINUED),3,True,3.0 ans | 10.0 ans,"score=5,idx=10802,zone=7962",587,OK,
0000854775,DGII,2022,0000854775_DGII_FY2022_10K.html,,2022-09-30,software and other equipment are depreciated over a period of,"Property, equipment and improvements are carried at cost, net of accumulated depreciation. Furniture and fixtures, purchased software and other equipment are depreciated over a period of three years to ten years.",3.0,,Yes,"Expenditures for maintenance and repairs are charged to operations as incurred, while major renewals and betterments are capitalized. The assets and related accumulated depreciation accounts are adjusted for asset retirements and disposals with the resulting gain or loss included in operations.",• Console Servers - similar to cellular routers except they are exclusively for edge computing installations and data center applications exclusively using cellular communications.,Item 8,Not disclosed,,0,significant_accounting_policies,1. SUMMARY OF SIGNIFICANT ACCOUNTING POLICIES (CONTINUED),3,True,3.0 ans | 10.0 ans,"score=5,idx=9487,zone=7340",532,OK,
0000854775,DGII,2023,0000854775_DGII_FY2023_10K.html,,2023-09-30,software and other equipment are depreciated over a period of,"Property, equipment and improvements are carried at cost, net of accumulated depreciation. Furniture and fixtures, purchased software and other equipment are depreciated over a period of three years to ten years.",3.0,,Yes,"Expenditures for maintenance and repairs are charged to operations as incurred, while major renewals and betterments are capitalized. The assets and related accumulated depreciation accounts are adjusted for asset retirements and disposals with the resulting gain or loss included in operations.",• Console Servers - similar to cellular routers except they are exclusively for edge computing installations and data center applications exclusively using cellular communications.,Item 8,Not disclosed,,0,significant_accounting_policies,1. SUMMARY OF SIGNIFICANT ACCOUNTING POLICIES (CONTINUED),3,True,3.0 ans | 10.0 ans,"score=5,idx=8863,zone=6889",506,OK,
0000854775,DGII,2024,0000854775_DGII_FY2024_10K.html,,2024-09-30,software and other equipment are depreciated over a period of,"Property, equipment and improvements are carried at cost, net of accumulated depreciation. Furniture and fixtures, purchased software and other equipment are depreciated over a period of three years to ten years.",3.0,,Yes,"Expenditures for maintenance and repairs are charged to operations as incurred, while major renewals and betterments are capitalized. The assets and related accumulated depreciation accounts are adjusted for asset retirements and disposals with the resulting gain or loss included in operations.",Not disclosed,,Not disclosed,,0,significant_accounting_policies,1. SUMMARY OF SIGNIFICANT ACCOUNTING POLICIES (CONTINUED),3,True,3.0 ans | 10.0 ans,"score=5,idx=8654,zone=6165",432,OK,
0000855658,LSCC,2013,0000855658_LSCC_FY2013_10K.html,,"DECEMBER 28, 2013",Not disclosed,Not disclosed,,,No,,Not disclosed,,Not disclosed,,0,unknown,,0,False,,"score=4,idx=11227,zone=14845",586,OK,
0000855658,LSCC,2014,0000855658_LSCC_FY2014_10K.html,,"JANUARY 3, 2015",equipment,"Property and equipment are stated at cost. Depreciation and amortization are computed using the straight-line method for financial reporting purposes over the estimated useful lives of the related assets, generally",,,No,,Not disclosed,,Not disclosed,,0,significant_accounting_policies,Note 1 - Nature of Operations and Significant Accounting Policies,3,False,,"score=4,idx=10866,zone=14480",561,OK,
0000855658,LSCC,2015,0000855658_LSCC_FY2015_10K.html,,"JANUARY 2, 2016",equipment,"Property and equipment are stated at cost. Depreciation and amortization are computed using the straight-line method for financial reporting purposes over the estimated useful lives of the related assets, generally",,,No,,Not disclosed,,Not disclosed,,0,significant_accounting_policies,Note 1 - Nature of Operations and Significant Accounting Policies,3,False,,"score=4,idx=15122,zone=18124",795,OK,
0000855658,LSCC,2016,0000855658_LSCC_FY2016_10K.html,,"DECEMBER 31, 2016",equipment,"Property and equipment are stated at cost. Depreciation and amortization are computed using the straight-line method for financial reporting purposes over the estimated useful lives of the related assets, generally",,,No,,Not disclosed,,Not disclosed,,0,significant_accounting_policies,Note 1 - Nature of Operations and Significant Accounting Policies,3,False,,"score=4,idx=14834,zone=19181",835,OK,
0000855658,LSCC,2017,0000855658_LSCC_FY2017_10K.html,,"DECEMBER 30, 2017",equipment,"Property and equipment are stated at cost. Depreciation and amortization are computed using the straight-line method for financial reporting purposes over the estimated useful lives of the related assets, generally",,,No,,Not disclosed,,Not disclosed,,0,significant_accounting_policies,Note 1 - Nature of Operations and Significant Accounting Policies,3,False,,"score=4,idx=14490,zone=19249",903,OK,
0000855658,LSCC,2018,0000855658_LSCC_FY2018_10K.html,,"DECEMBER 29, 2018","equipment, furniture","(In thousands) December 29, 2018 December 30, 2017 Production equipment and software 160,979 155,492 Leasehold improvements 12,648 13,277 Office furniture and equipment 2,623 2,914 176,250 171,683 Accumulated depreciation and amortization (141,367 ) (131,260 ) $ 34,883 $ 40,423",,,No,,Data Center Computing,MD&A (Item 7),", which clarifies the accounting for implementation costs in cloud computing arrangements. This guidance is effective for interim and annual reporting periods beginning after December 15, 2019, and early adoption is permitted. We are currently assessing the impact of ASU 2018-15 on our consolidated financial statements and related disclosures. ||| In August 2018, the FASB issued ASU 2018-15, Intangibles - Goodwill and Other - Internal-Use Software (Subtopic 350-40) , which clarifies the accounting for implementation costs in cloud computing arrangements. This guidance is effective for interim and annual reporting periods beginning after December 15, 2019, and early adoption is permitted. We are currently assessing the impact of ASU 2018-15 on our consolidated financial statements and related disclosures.",,0,ppe_note,Note 22 - Quarterly Financial Data (Unaudited),3,False,,"score=4,idx=12751,zone=18804",887,OK,
0000855658,LSCC,2019,0000855658_LSCC_FY2019_10K.html,,"DECEMBER 28, 2019",Not disclosed,"Right-of-use (""ROU"") assets represent our right to use an underlying asset for the lease term, and lease liabilities represent our obligation to make lease payments arising from the lease. Operating lease ROU assets and liabilities are recognized on the commencement date of the lease based on the present value of lease payments over the lease term. As most of our leases do not provide an implicit rate, we determine the present value of lease payments using an incremental borrowing rate based on information from our commercial bank for an equivalent borrowing and term in the respective region as of the lease commencement date. At inception, we determine if an arrangement is a lease, if it includes options to extend or terminate the lease, and if it is reasonably certain that we will exercise the options. Lease cost, representing lease payments over the term of the lease and any capitalizable direct costs less any incentives received, is recognized on a straight-line basis over the lease term as lease expense. We have operating leases for corporate offices, sales offices, research and development facilities, storage facilities, and a data center.",,,Not disclosed,,Not disclosed,,Not disclosed,,0,significant_accounting_policies,Note 9 - Intangible Assets,3,False,,"score=4,idx=9582,zone=17790",762,ERROR,'<' not supported between instances of 'NoneType' and 'float'
0000855658,LSCC,2020,0000855658_LSCC_FY2020_10K.html,,"January 2, 2021",equipment and software,"Depreciation and amortization are computed using the straight-line method over the estimated useful lives of the related assets, generally three to five years for equipment and software, and one to three years for tooling. Upon disposal of property and equipment, the accounts are relieved of the costs and related accumulated depreciation and amortization, and resulting gains or losses are reflected in the Consolidated Statements of Operations for recognized gains and losses.",3.0,5.0,Not disclosed,,Not disclosed,,Not disclosed,,0,significant_accounting_policies,Note 1 - Basis of Presentation and Significant Accounting Policies,3,False,,"score=4,idx=7550,zone=8849",463,ERROR,'<' not supported between instances of 'NoneType' and 'float'
0000855658,LSCC,2021,0000855658_LSCC_FY2021_10K.html,,"January 1, 2022",equipment and software,"Depreciation and amortization are computed using the straight-line method over the estimated useful lives of the related assets, generally three to five years for equipment and software, and one to three years for tooling. Upon disposal of property and equipment, the accounts are relieved of the costs and related accumulated depreciation and amortization, and resulting gains or losses are reflected in the Consolidated Statements of Operations for recognized gains and losses.",3.0,5.0,Not disclosed,,Not disclosed,,Not disclosed,,0,significant_accounting_policies,Note 1 - Basis of Presentation and Significant Accounting Policies,3,False,,"score=4,idx=6746,zone=8603",480,ERROR,'<' not supported between instances of 'NoneType' and 'float'
0000855658,LSCC,2022,0000855658_LSCC_FY2022_10K.html,,"DECEMBER 31, 2022",equipment and software,"Depreciation and amortization are computed using the straight-line method over the estimated useful lives of the related assets, generally three to five years for equipment and software, and one to three years for tooling. Upon disposal of property and equipment, the accounts are relieved of the costs and related accumulated depreciation and amortization, and resulting gains or losses are reflected in the Consolidated Statements of Operations for recognized gains and losses.",3.0,5.0,Not disclosed,,Not disclosed,,Not disclosed,,0,significant_accounting_policies,Note 1 - Basis of Presentation and Significant Accounting Policies,3,False,,"score=4,idx=6754,zone=8298",459,ERROR,'<' not supported between instances of 'NoneType' and 'float'
0000855658,LSCC,2023,0000855658_LSCC_FY2023_10K.html,,"DECEMBER 30, 2023",equipment and software,"Depreciation and amortization are computed using the straight-line method over the estimated useful lives of the related assets, generally three to five years for equipment and software, and one to three years for tooling. Upon disposal of property and equipment, the accounts are relieved of the costs and related accumulated depreciation and amortization, and resulting gains or losses are reflected in the Consolidated Statements of Operations for recognized gains and losses.",3.0,5.0,Not disclosed,,Not disclosed,,Not disclosed,,0,significant_accounting_policies,Note 1 - Basis of Presentation and Significant Accounting Policies,3,False,,"score=4,idx=6691,zone=7916",430,ERROR,'<' not supported between instances of 'NoneType' and 'float'
0000855658,LSCC,2024,0000855658_LSCC_FY2024_10K.html,,"DECEMBER 28, 2024",equipment and software,"Depreciation and amortization are computed using the straight-line method over the estimated useful lives of the related assets, generally three to seven years for equipment and software, and one to five years for tooling. Upon disposal of property and equipment, the accounts are relieved of the costs and related accumulated depreciation and amortization, and resulting gains or losses are reflected in the Consolidated Statements of Operations for recognized gains and losses.",3.0,7.0,Not disclosed,,Not disclosed,,Not disclosed,,0,significant_accounting_policies,Note 1 - Basis of Presentation and Significant Accounting Policies,3,False,,"score=4,idx=6869,zone=8240",439,ERROR,'<' not supported between instances of 'NoneType' and 'float'
0000868671,GBCI,2013,0000868671_GBCI_FY2013_10K.html,,,equipment,Premises and equipment are accounted for at cost less depreciation.,,,No,,Not disclosed,,Not disclosed,,0,significant_accounting_policies,Note 1. Nature of Operations and Summary of Significant Accounting Policies (continued),3,False,,"score=4,idx=30311,zone=32373",885,OK,
0000868671,GBCI,2014,0000868671_GBCI_FY2014_10K.html,,,equipment,Premises and equipment are accounted for at cost less depreciation.,,,No,,Not disclosed,,Not disclosed,,0,significant_accounting_policies,Note 1. Nature of Operations and Summary of Significant Accounting Policies (continued),3,False,,"score=4,idx=33484,zone=32111",923,OK,
0000868671,GBCI,2015,0000868671_GBCI_FY2015_10K.html,,,equipment,Premises and equipment are accounted for at cost less depreciation.,,,No,,Not disclosed,,Not disclosed,,0,significant_accounting_policies,Note 1. Nature of Operations and Summary of Significant Accounting Policies (continued),3,False,,"score=4,idx=34136,zone=32990",947,OK,
0000868671,GBCI,2016,0000868671_GBCI_FY2016_10K.html,,,equipment,Premises and equipment are accounted for at cost less depreciation.,,,No,,Not disclosed,,Not disclosed,,0,significant_accounting_policies,Note 1. Nature of Operations and Summary of Significant Accounting Policies (continued),3,False,,"score=4,idx=34876,zone=32813",955,OK,
0000868671,GBCI,2017,0000868671_GBCI_FY2017_10K.html,,,equipment,Premises and equipment are accounted for at cost less depreciation.,,,No,,Not disclosed,,Not disclosed,,0,significant_accounting_policies,Note 1. Nature of Operations and Summary of Significant Accounting Policies (continued),3,False,,"score=4,idx=35932,zone=33023",961,OK,
0000868671,GBCI,2018,0000868671_GBCI_FY2018_10K.html,,,equipment,Premises and equipment are accounted for at cost less depreciation.,,,No,,Not disclosed,,Not disclosed,,0,significant_accounting_policies,Note 1. Nature of Operations and Summary of Significant Accounting Policies (continued),3,False,,"score=4,idx=36472,zone=33064",988,OK,
0000868671,GBCI,2019,0000868671_GBCI_FY2019_10K.html,,2019-12-31,"equipment, furniture","Premises and equipment are accounted for at cost less depreciation. The estimated useful life for office buildings is 15 to 40 years and the estimated useful life for furniture, fixtures, and equipment is 3 to 10 years.",3.0,10.0,No,,Not disclosed,,Not disclosed,,0,significant_accounting_policies,Note 1. Nature of Operations and Summary of Significant Accounting Policies,3,False,,"score=2,idx=24876,zone=21085",877,OK,
0000868671,GBCI,2020,0000868671_GBCI_FY2020_10K.html,,2020-12-31,"equipment, furniture","Premises and equipment are accounted for at cost less depreciation. The estimated useful life for office buildings is 15 to 40 years and the estimated useful life for furniture, fixtures, and equipment is 3 to 10 years.",3.0,10.0,No,,Not disclosed,,Not disclosed,,0,significant_accounting_policies,Note 1. Nature of Operations and Summary of Significant Accounting Policies,3,False,,"score=2,idx=23124,zone=19761",987,OK,
0000868671,GBCI,2021,0000868671_GBCI_FY2021_10K.html,,2021-12-31,"equipment, furniture","Premises and equipment are accounted for at cost less depreciation. The estimated useful life for office buildings is 15 to 40 years and the estimated useful life for furniture, fixtures, and equipment is 3 to 10 years.",3.0,10.0,No,,Not disclosed,,Not disclosed,,0,significant_accounting_policies,Note 1. Nature of Operations and Summary of Significant Accounting Policies,3,False,,"score=2,idx=21796,zone=19983",991,OK,
0000868671,GBCI,2022,0000868671_GBCI_FY2022_10K.html,,2022-12-31,"equipment, furniture","Premises and equipment are accounted for at cost less depreciation. The estimated useful life for office buildings is 15 to 40 years and the estimated useful life for furniture, fixtures, and equipment is 3 to 10 years.",3.0,10.0,No,,Not disclosed,,Not disclosed,B200,1,significant_accounting_policies,Note 1. Nature of Operations and Summary of Significant Accounting Policies,3,False,,"score=2,idx=21270,zone=19673",935,OK,
0000868671,GBCI,2023,0000868671_GBCI_FY2023_10K.html,,2024-01-31,"equipment, furniture","Premises and equipment are accounted for at cost less depreciation. The estimated useful life for office buildings is 15 to 40 years and the estimated useful life for furniture, fixtures, and equipment is 3 to 10 years.",3.0,10.0,No,,Not disclosed,,Not disclosed,,0,significant_accounting_policies,Note 1. Nature of Operations and Summary of Significant Accounting Policies,3,False,,"score=2,idx=21768,zone=20397",942,OK,
0000868671,GBCI,2024,0000868671_GBCI_FY2024_10K.html,,2024-12-31,"equipment, furniture","Premises and equipment are accounted for at cost less depreciation. The estimated useful life for office buildings is 15 to 40 years and the estimated useful life for furniture, fixtures, and equipment is 3 to 10 years.",3.0,10.0,No,,Not disclosed,,Not disclosed,,0,significant_accounting_policies,Note 1. Nature of Operations and Summary of Significant Accounting Policies,3,False,,"score=2,idx=22431,zone=21253",964,OK,
0001057706,FBP,2013,0001057706_FBP_FY2013_10K.html,,"December 31, 2013",equipment,"Premises and equipment are carried at
cost, net of accumulated depreciation.",,,No,,Not disclosed,,Not disclosed,,0,significant_accounting_policies,"NOTE 1 – NATURE OF BUSINESS AND SUMMARY OF SIGNIFICANT
ACCOUNTING POLICIES",3,False,,"score=4,idx=62125,zone=74725",1451,OK,
0001057706,FBP,2014,0001057706_FBP_FY2014_10K.html,,"December 31, 2014",equipment,"Premises and equipment are carried at
cost, net of accumulated depreciation.",,,No,,Not disclosed,,Not disclosed,,0,significant_accounting_policies,"NOTE 1 – NATURE OF BUSINESS AND SUMMARY OF SIGNIFICANT
ACCOUNTING POLICIES",3,False,,"score=4,idx=60396,zone=75035",1444,OK,
0001057706,FBP,2015,0001057706_FBP_FY2015_10K.html,,"December 31, 2015",equipment,"Premises and equipment are carried at
cost, net of accumulated depreciation and amortization.",,,No,,Not disclosed,,Not disclosed,,0,significant_accounting_policies,"NOTE 1 – NATURE OF BUSINESS AND SUMMARY OF SIGNIFICANT
ACCOUNTING POLICIES",3,False,,"score=4,idx=62360,zone=80283",1482,OK,
0001057706,FBP,2016,0001057706_FBP_FY2016_10K.html,,"December 31, 2016",equipment,"Premises and equipment are carried at
cost, net of accumulated depreciation and amortization.",,,No,,Not disclosed,,Not disclosed,,0,significant_accounting_policies,"NOTE 1 – NATURE OF
BUSINESS AND SUMMARY OF SIGNIFICANT ACCOUNTING POLICIES",3,False,,"score=4,idx=69580,zone=83588",1474,OK,
0001057706,FBP,2017,0001057706_FBP_FY2017_10K.html,,"December 31, 2017",equipment,"Premises and equipment are carried at
cost, net of accumulated depreciation and amortization.",,,No,,Not disclosed,,Not disclosed,,0,significant_accounting_policies,"NOTE 1 – NATURE OF BUSINESS AND SUMMARY OF SIGNIFICANT
ACCOUNTING POLICIES",3,False,,"score=4,idx=73629,zone=84160",1464,OK,
0001057706,FBP,2018,0001057706_FBP_FY2018_10K.html,,,equipment,"Premises and
equipment are carried at cost, net of accumulated depreciation and
amortization.",,,No,,Not disclosed,,"Customer’s
Accounting for Implementation Costs Incurred in a Cloud Computing Arrangement
that is a Service Contract ||| In August 2018, the FASB amended the
Codification to address a customer’s accounting for implementation costs
incurred in a cloud computing arrangement that is a service contract. This update aligns the requirements for capitalizing implementation costs
incurred in a hosting arrangement that is a service contract with the
requirements for capitalizing implementation costs incurred to develop or
obtain internal-use software. Costs for implementation activities in the
application development stage are capitalized depending on the nature of the
costs, while costs incurred during the preliminary project and post
implementation stages are expensed as the activities are performed. The
amendments in this update also require the entity to expense the capitalized
implementation costs over the term of the hosting arrangement. Expenses related
to the capitalized implementation costs must be presented in the same line item
in the statement of income as the fees associated with the service of the
arrangement, and payments for capitalized implementation costs must be
classified in the statement of cash flows in the same manner as payments made
for fees associated with the hosting element. With this update, the entity is
also required to present the capitalized implementation costs in the statement
of financial position in the same line item that a prepayment of the fees of
the associated hosting arrangement would be presented.",,0,significant_accounting_policies,"NOTE 1 – NATURE OF
BUSINESS AND SUMMARY OF SIGNIFICANT ACCOUNTING POLICIES",3,False,,"score=4,idx=60684,zone=88536",1486,OK,
0001057706,FBP,2019,0001057706_FBP_FY2019_10K.html,,2019-12-31,equipment,"Premises and equipment are carried at cost, net of accumulated depreciation and amortization.",,,No,,Not disclosed,,Not disclosed,,0,significant_accounting_policies,NOTE 1 – NATURE OF BUSINESS AND SUMMARY OF SIGNIFICANT ACCOUNTING POLICIES,3,False,,"score=4,idx=64589,zone=81689",1963,OK,
0001057706,FBP,2020,0001057706_FBP_FY2020_10K.html,,2020-12-31,equipment,"Premises and equipment are carried at cost, net of accumulated depreciation and amortization.",,,No,,Not disclosed,,Not disclosed,,0,significant_accounting_policies,NOTE 1 – NATURE OF BUSINESS AND SUMMARY OF SIGNIFICANT ACCOUNTING POLICIES,3,False,,"score=4,idx=65732,zone=123148",2137,OK,
0001057706,FBP,2021,0001057706_FBP_FY2021_10K.html,,2021-12-31,equipment,"Premises and equipment Premises and equipment are carried at cost, net of accumulated depreciation and amortization.",,,No,,Not disclosed,,Not disclosed,,0,significant_accounting_policies,NOTE 1 – NATURE OF BUSINESS AND SUMMARY OF SIGNIFICANT ACCOUNTING POLICIES,3,False,,"score=4,idx=70952,zone=51971",3750,OK,
0001057706,FBP,2022,0001057706_FBP_FY2022_10K.html,,2022-12-31,"Furniture, equipment","Useful Life Range In Years As of December 31, Minimum Maximum 2022 2021 (Dollars in thousands) Buildings and improvements 10 35 $ 135,802 $ 138,524 Leasehold improvements 1 10 76,390 79,419 Furniture, equipment and software 2 10 155,567 148,171 367,759 366,114 Accumulated depreciation and amortization (264,233) (251,659) 103,526 114,455 Land 24,485 23,873 Projects in progress 14,924 8,089 Total premises and equipment, net $ 142,935 $ 146,417",,,No,,Not disclosed,,Not disclosed,,0,significant_accounting_policies,NOTE 6 – PREMISES AND EQUIPMENT,3,False,,"score=4,idx=56135,zone=41140",3224,OK,
0001057706,FBP,2023,0001057706_FBP_FY2023_10K.html,,2023-12-31,"EQUIPMENT, Furniture","NOTES TO CONSOLIDATED FINANCIAL STATEMENTS – (Continued) 182 NOTE 6 – PREMISES AND EQUIPMENT Premises and equipment comprise: Useful Life Range In Years As of December 31, Minimum Maximum 2023 2022 (Dollars in thousands) Buildings and improvements 10 35 $ 143,470 $ 135,802 Leasehold improvements 1 10 77,702 76,390 Furniture, equipment and software 2 10 161,886 155,567 383,058 367,759 Accumulated depreciation and amortization (277,853) (264,233) 105,205 103,526 Land 29,965 24,485 Projects in progress 6,846 14,924 Total premises and equipment, net $ 142,016 $ 142,935 Depreciation and amortization expense amounted to $ 20.5 million, $ 22.3 million, and $ 25.0 million for the years ended December 31, 2023, 2022, and 2021, respectively.",,,No,,Not disclosed,,Not disclosed,,0,significant_accounting_policies,"2022. The Corporation estimates the ACL for these off-balance sheet exposures following the methodology described in Note 1 – “Nature of Business and Summary of Significant Accounting Policies.” As of December 31, 2023, the AC",3,False,,"score=4,idx=56155,zone=47937",3121,OK,
0001057706,FBP,2024,0001057706_FBP_FY2024_10K.html,,2024-12-31,"EQUIPMENT, Furniture","NOTES TO CONSOLIDATED FINANCIAL STATEMENTS – (Continued) 175 NOTE 6 – PREMISES AND EQUIPMENT Premises and equipment comprise: Useful Life Range In Years As of December 31, Minimum Maximum 2024 2023 (Dollars in thousands) Buildings and improvements 10 35 $ 144,935 $ 143,470 Leasehold improvements 2 10 79,498 77,702 Furniture, equipment and software 2 10 152,588 161,886 377,021 383,058 Accumulated depreciation and amortization (274,731) (277,853) 102,290 105,205 Land 29,965 29,965 Projects in progress 1,182 6,846 Total premises and equipment, net $ 133,437 $ 142,016 Depreciation and amortization expense amounted to $ 18.6 million, $ 20.5 million, and $ 22.3 million for the years ended December 31, 2024, 2023, and 2022, respectively.",,,No,,Not disclosed,,Not disclosed,,0,significant_accounting_policies,"2023. The Corporation estimates the ACL for these off-balance sheet exposures following the methodology described in Note 1 – “Nature of Business and Summary of Significant Accounting Policies.” As of December 31, 2024, the AC",3,False,,"score=4,idx=53885,zone=85606",3068,OK,
0001328581,BCC,2013,0001328581_BCC_FY2013_10K.html,,"December 31, 2013",Not disclosed,Not disclosed,,,No,,Not disclosed,,Not disclosed,,0,unknown,,0,False,,"score=6,idx=15282,zone=37110",733,OK,
0001328581,BCC,2014,0001328581_BCC_FY2014_10K.html,,"December 31, 2014",Not disclosed,"These costs are amortized using the straight-line method over the expected life of the software, typically three to five years. ""Other assets"" in the Consolidated Balance Sheets includes $4.4 million and $3.7 million , respectively, of deferred software costs at December 31, 2014 and 2013 . We amortized $1.3 million of deferred software costs for each of the years ended December 31, 2014 and 2013 , and $1.2 million for the year ended December 31, 2012 .",3.0,5.0,No,,Not disclosed,,Not disclosed,,0,significant_accounting_policies,2. Summary of Significant Accounting Policies,3,False,,"score=6,idx=14317,zone=36753",717,OK,
0001328581,BCC,2015,0001328581_BCC_FY2015_10K.html,,"December 31, 2015","equipment, information technology, furniture, Machinery and equipment","December 31, 2015 December 31, 2014 General Range of Estimated Useful Lives in Years (thousands) Land $ 36,876 $ 36,819 Buildings 106,269 96,804 20 - 40 Improvements 46,205 42,699 10 - 15 Mobile equipment, information technology, and office furniture 109,702 93,620 3 - 7 Machinery and equipment 437,433 410,633 7 - 12 Construction in progress 34,661 11,118 771,146 691,693 Less accumulated depreciation (368,480 ) (323,565 ) $ 402,666 $ 368,128",,,No,,Not disclosed,,Not disclosed,,0,significant_accounting_policies,2. Summary of Significant Accounting Policies,3,False,,"score=6,idx=15034,zone=37462",759,OK,
0001328581,BCC,2016,0001328581_BCC_FY2016_10K.html,,"December 31, 2016","equipment, information technology, furniture, Machinery and equipment","December 31, 2016 December 31, 2015 General Range of Estimated Useful Lives in Years (thousands) Land $ 38,700 $ 36,876 Buildings 136,087 106,269 20 - 40 Improvements 50,655 46,205 10 - 15 Mobile equipment, information technology, and office furniture 125,486 109,702 3 - 7 Machinery and equipment 613,060 437,433 7 - 12 Construction in progress 34,877 34,661 998,865 771,146 Less accumulated depreciation (430,163 ) (368,480 ) $ 568,702 $ 402,666",,,No,,Not disclosed,,Not disclosed,,0,significant_accounting_policies,2. Summary of Significant Accounting Policies,3,False,,"score=6,idx=16179,zone=20333",834,OK,
0001328581,BCC,2017,0001328581_BCC_FY2017_10K.html,,"December 31, 2017","equipment, information technology, furniture, Machinery and equipment","December 31, 2017 December 31, 2016 General Range of Estimated Useful Lives in Years (thousands) Land $ 38,606 $ 38,700 Buildings 144,404 136,087 20 - 40 Improvements 55,267 50,655 10 - 15 Mobile equipment, information technology, and office furniture 138,245 125,486 3 - 7 Machinery and equipment 659,708 613,060 7 - 12 Construction in progress 23,303 34,877 1,059,533 998,865 Less accumulated depreciation (493,741 ) (430,163 ) $ 565,792 $ 568,702",,,No,,Not disclosed,,Not disclosed,,0,significant_accounting_policies,2. Summary of Significant Accounting Policies,3,False,,"score=6,idx=16025,zone=18143",836,OK,
0001328581,BCC,2018,0001328581_BCC_FY2018_10K.html,,"December 31, 2018","equipment, information technology, furniture, Machinery and equipment","December 31, 2018 (a) December 31, 2017 General Range of Estimated Useful Lives in Years (thousands) Land $ 38,888 $ 38,606 Buildings (b) 164,878 144,404 20 - 40 Improvements 49,509 55,267 10 - 15 Mobile equipment, information technology, and office furniture 150,712 138,245 3 - 7 Machinery and equipment 629,337 659,708 7 - 12 Construction in progress 31,015 23,303 1,064,339 1,059,533 Less accumulated depreciation (577,115 ) (493,741 ) $ 487,224 $ 565,792",,,No,,Not disclosed,,"Intangibles - Goodwill and Other - Internal-Use Software (Subtopic 350-40): Customer's Accounting for Implementation Costs Incurred in a Cloud Computing Arrangement That Is a Service Contract ||| . This ASU provides guidance on implementation costs incurred in a cloud computing arrangement (CCA) that is a service contract. The guidance aligns the accounting for such costs with the guidance on capitalizing costs associated with developing or obtaining internal-use software. Specifically, the ASU amends ASC 350 to include in its scope implementation costs of a CCA that is a service contract and clarifies that a customer should apply ASC 350-40 to determine which implementation costs should be capitalized in such a CCA. The updated guidance is effective for interim and annual reporting periods beginning after December 15, 2019, with early adoption permitted. The amendments should be applied either retrospectively or prospectively to all implementation costs incurred after the date of adoption. We currently do not expect the adoption of the guidance to have a material effect on our financial statements, but will continue to monitor the standard through the effective date. ||| In August 2018, the Financial Accounting Standards Board (FASB) issued Accounting Standards Update (ASU) 2018-15, Intangibles - Goodwill and Other - Internal-Use Software (Subtopic 350-40): Customer's Accounting for Implementation Costs Incurred in a Cloud Computing Arrangement That Is a Service Contract . This ASU provides guidance on implementation costs incurred in a cloud computing arrangement (CCA) that is a service contract. The guidance aligns the accounting for such costs with the guidance on capitalizing costs associated with developing or obtaining internal-use software. Specifically, the ASU amends ASC 350 to include in its scope implementation costs of a CCA that is a service contract and clarifies that a customer should apply ASC 350-40 to determine which implementation costs should be capitalized in such a CCA. The updated guidance is effective for interim and annual reporting periods beginning after December 15, 2019, with early adoption permitted. The amendments should be applied either retrospectively or prospectively to all implementation costs incurred after the date of adoption. We currently do not expect the adoption of the guidance to have a material effect on our financial statements, but will continue to monitor the standard through the effective date.",,0,significant_accounting_policies,2. Summary of Significant Accounting Policies,3,False,,"score=6,idx=14670,zone=20049",959,OK,
0001328581,BCC,2019,0001328581_BCC_FY2019_10K.html,,"December 31, 2019","equipment, information technology, furniture, Machinery and equipment","December 31, 2019 December 31, 2018 General Range of Estimated Useful Lives in Years (thousands) Land $ 39,304 $ 38,888 Buildings (a) 140,008 164,878 20 - 40 Improvements 61,187 49,509 10 - 15 Mobile equipment, information technology, and office furniture 165,445 150,712 3 - 7 Machinery and equipment 666,467 629,337 7 - 12 Construction in progress 34,846 31,015 1,107,257 1,064,339 Less accumulated depreciation (630,308 ) (577,115 ) $ 476,949 $ 487,224",,,No,,Not disclosed,,"In August 2018, the FASB issued ASU 2018-15, Intangibles - Goodwill and Other - Internal-Use Software (Subtopic 350-40): Customer's Accounting for Implementation Costs Incurred in a Cloud Computing Arrangement That Is a Service Contract . This ASU provides guidance on implementation costs incurred in a cloud computing arrangement (CCA) that is a service contract. The guidance aligns the accounting for such costs with the guidance on capitalizing costs associated with developing or obtaining internal-use software. Specifically, the ASU amends ASC 350 to include in its scope implementation costs of a CCA that is a service contract and clarifies that a customer should apply ASC 350-40 to determine which implementation costs should be capitalized in such a CCA. The updated guidance is effective for interim and annual reporting periods beginning after December 15, 2019. We do not expect this guidance to have a material effect on our consolidated financial statements. ||| Intangibles - Goodwill and Other - Internal-Use Software (Subtopic 350-40): Customer's Accounting for Implementation Costs Incurred in a Cloud Computing Arrangement That Is a Service Contract ||| . This ASU provides guidance on implementation costs incurred in a cloud computing arrangement (CCA) that is a service contract. The guidance aligns the accounting for such costs with the guidance on capitalizing costs associated with developing or obtaining internal-use software. Specifically, the ASU amends ASC 350 to include in its scope implementation costs of a CCA that is a service contract and clarifies that a customer should apply ASC 350-40 to determine which implementation costs should be capitalized in such a CCA. The updated guidance is effective for interim and annual reporting periods beginning after December 15, 2019. We do not expect this guidance to have a material effect on our consolidated financial statements.",,0,significant_accounting_policies,"Note 11, Leases",3,False,,"score=6,idx=17923,zone=22501",1011,OK,
0001328581,BCC,2020,0001328581_BCC_FY2020_10K.html,,2021-02-05,"equipment, information technology, furniture, Machinery and equipment","December 31, 2020 December 31, 2019 General Range of Estimated Useful Lives in Years (thousands) Land $ 47,099 $ 39,304 Buildings 151,718 140,008 20 - 40 Improvements 64,178 61,187 10 - 15 Mobile equipment, information technology, and office furniture 178,271 165,445 3 - 7 Machinery and equipment 687,768 666,467 7 - 12 Construction in progress 40,606 34,846 1,169,640 1,107,257 Less accumulated depreciation (708,184) (630,308) $ 461,456 $ 476,949",,,No,,Not disclosed,,Not disclosed,B100,1,significant_accounting_policies,2. Summary of Significant Accounting Policies,3,False,,"score=5,idx=11526,zone=10488",607,OK,
0001328581,BCC,2021,0001328581_BCC_FY2021_10K.html,,2022-02-07,"equipment, information technology, furniture, Machinery and equipment","December 31, 2021 December 31, 2020 General Range of Estimated Useful Lives in Years (thousands) Land $ 51,564 $ 47,099 Buildings 178,323 151,718 20 - 40 Improvements 66,492 64,178 10 - 15 Mobile equipment, information technology, and office furniture 191,134 178,271 3 - 7 Machinery and equipment 735,979 687,768 7 - 12 Construction in progress 35,912 40,606 1,259,404 1,169,640 Less accumulated depreciation (764,164) (708,184) $ 495,240 $ 461,456",,,No,,Not disclosed,,Not disclosed,,0,significant_accounting_policies,2. Summary of Significant Accounting Policies,3,False,,"score=5,idx=10056,zone=9561",537,OK,
0001328581,BCC,2022,0001328581_BCC_FY2022_10K.html,,2023-02-07,"equipment, information technology, furniture, Machinery and equipment","December 31, 2022 December 31, 2021 General Range of Estimated Useful Lives in Years (thousands) Land $ 60,211 $ 51,564 Buildings 231,087 178,323 20 - 40 Improvements 69,832 66,492 10 - 15 Mobile equipment, information technology, and office furniture 210,666 191,134 3 - 7 Machinery and equipment 989,338 735,979 7 - 12 Construction in progress 41,899 35,912 1,603,033 1,259,404 Less accumulated depreciation (833,010) (764,164) $ 770,023 $ 495,240",,,No,,Not disclosed,,Not disclosed,,0,significant_accounting_policies,2. Summary of Significant Accounting Policies,3,False,,"score=5,idx=10347,zone=9039",487,OK,
0001328581,BCC,2023,0001328581_BCC_FY2023_10K.html,,2024-02-06,"equipment, information technology, furniture, Machinery and equipment","December 31, 2023 December 31, 2022 General Range of Estimated Useful Lives in Years (thousands) Land $ 85,572 $ 60,211 Buildings 338,230 231,087 20 - 40 Improvements 79,308 69,832 10 - 15 Mobile equipment, information technology, and office furniture 254,783 210,666 3 - 7 Machinery and equipment 1,037,135 989,338 7 - 12 Construction in progress 64,619 41,899 1,859,647 1,603,033 Less accumulated depreciation (927,014) (833,010) $ 932,633 $ 770,023",,,No,,Not disclosed,,Not disclosed,,0,significant_accounting_policies,2. Summary of Significant Accounting Policies,3,False,,"score=5,idx=10459,zone=8976",475,OK,
0001328581,BCC,2024,0001328581_BCC_FY2024_10K.html,,2025-02-07,"equipment, information technology, furniture, Machinery and equipment","December 31, 2024 December 31, 2023 General Range of Estimated Useful Lives in Years (thousands) Land $ 94,591 $ 85,572 Buildings 360,518 338,230 20 - 40 Improvements 87,512 79,308 10 - 15 Mobile equipment, information technology, and office furniture 296,604 254,783 3 - 7 Machinery and equipment 1,089,117 1,037,135 7 - 12 Construction in progress 147,668 64,619 2,076,010 1,859,647 Less accumulated depreciation (1,028,927) (927,014) $ 1,047,083 $ 932,633",,,No,,Not disclosed,,Not disclosed,,0,significant_accounting_policies,2. Summary of Significant Accounting Policies,3,False,,"score=5,idx=10422,zone=9051",475,OK,
0001430723,SFBS,2013,0001430723_SFBS_FY2013_10K.html,,"DECEMBER 31, 2013",Not disclosed,Not disclosed,,,No,,Not disclosed,,Not disclosed,,0,unknown,,0,False,,"score=7,idx=26893,zone=26619",210,OK,
0001430723,SFBS,2014,0001430723_SFBS_FY2014_10K.html,,,Not disclosed,Not disclosed,,,No,,Not disclosed,,Not disclosed,,0,unknown,,0,False,,"score=7,idx=18937,zone=15903",186,OK,
0001430723,SFBS,2015,0001430723_SFBS_FY2015_10K.html,,"DECEMBER 31, 2015",Not disclosed,Not disclosed,,,No,,Not disclosed,,Not disclosed,,0,unknown,,0,False,,"score=7,idx=19872,zone=16841",199,OK,
0001430723,SFBS,2016,0001430723_SFBS_FY2016_10K.html,,,equipment,"Premises and equipment are stated at cost less
accumulated depreciation.",3.0,10.0,No,,Not disclosed,,Not disclosed,,0,significant_accounting_policies,NOTE 1. SUMMARY OF SIGNIFICANT ACCOUNTING POLICIES,3,False,,"score=7,idx=17830,zone=16129",601,OK,
0001430723,SFBS,2017,0001430723_SFBS_FY2017_10K.html,,"DECEMBER 31, 2017",equipment,Premises and equipment are stated at cost less accumulated depreciation.,3.0,39.5,No,,Not disclosed,,Not disclosed,,0,significant_accounting_policies,NOTE 1. SUMMARY OF SIGNIFICANT ACCOUNTING POLICIES,3,False,,"score=7,idx=17643,zone=17846",637,OK,
0001430723,SFBS,2018,0001430723_SFBS_FY2018_10K.html,,"DECEMBER 31, 2018",equipment,Premises and equipment are stated at cost less accumulated depreciation.,3.0,39.5,No,,Not disclosed,,Not disclosed,,0,significant_accounting_policies,NOTE 1. SUMMARY OF SIGNIFICANT ACCOUNTING POLICIES,3,False,,"score=7,idx=15624,zone=14785",615,OK,
0001430723,SFBS,2019,0001430723_SFBS_FY2019_10K.html,,"DECEMBER 31, 2019",equipment,Premises and equipment are stated at cost less accumulated depreciation.,3.0,39.5,No,,Not disclosed,,Not disclosed,,0,significant_accounting_policies,NOTE 1 . SUMMARY OF SIGNIFICANT ACCOUNTING POLICIES,3,False,,"score=8,idx=21575,zone=17897",546,OK,
0001430723,SFBS,2020,0001430723_SFBS_FY2020_10K.html,,"DECEMBER 31, 2020",equipment,Premises and equipment are stated at cost less accumulated depreciation.,3.0,39.5,No,,Not disclosed,,Not disclosed,,0,significant_accounting_policies,NOTE 1 . SUMMARY OF SIGNIFICANT ACCOUNTING POLICIES,3,False,,"score=7,idx=20096,zone=19408",587,OK,
0001430723,SFBS,2021,0001430723_SFBS_FY2021_10K.html,,"DECEMBER 31, 2021",equipment,"The provisions for depreciation charged to occupancy and equipment expense for the years ended December 31, 2021, 2020 and 2019 were $4.1 million, $3.8 million, and $3.7 million, respectively.",,,No,,Not disclosed,,Not disclosed,,0,significant_accounting_policies,NOTE 5. PREMISES AND EQUIPMENT,3,False,,"score=7,idx=18206,zone=20053",601,OK,
0001430723,SFBS,2022,0001430723_SFBS_FY2022_10K.html,,"DECEMBER 31, 2022",equipment,"The provisions for depreciation charged to occupancy and equipment expense for the years ended December 31, 2022, 2021 and 2020 were $4.1 million, $4.1million, and $3.8 million, respectively.",,,No,,Not disclosed,,Not disclosed,,0,significant_accounting_policies,NOTE 5. PREMISES AND EQUIPMENT,3,False,,"score=7,idx=18239,zone=19987",604,OK,
0001430723,SFBS,2023,0001430723_SFBS_FY2023_10K.html,,"DECEMBER 31, 2023",equipment,"The provisions for depreciation charged to occupancy and equipment expense for the years ended December 31, 2023, 2022 and 2021 were $4.4 million, $4.1million, and $4.1 million, respectively.",,,No,,Not disclosed,,Not disclosed,,0,significant_accounting_policies,NOTE 5. PREMISES AND EQUIPMENT,3,False,,"score=7,idx=18481,zone=20519",602,OK,
0001430723,SFBS,2024,0001430723_SFBS_FY2024_10K.html,,"DECEMBER 31, 2024",equipment,"The provisions for depreciation charged to occupancy and equipment expense for the years ended December 31, 2024, 2023 and 2022 were $4.8 million, $4.4 million and $4.1 million, respectively.",,,No,,Not disclosed,,Not disclosed,,0,significant_accounting_policies,NOTE 5.,3,False,,"score=7,idx=19640,zone=20965",636,OK,
0001562476,TMHC,2013,0001562476_TMHC_FY2013_10K.html,,"December 31, 2013",Equipment,"Property and Equipment, net — Property and equipment are recorded at cost, less accumulated depreciation.",,,No,,Not disclosed,,Not disclosed,,0,significant_accounting_policies,"2. SUMMARY OF SIGNIFICANT ACCOUNTING POLICIES Basis of Presentation and Consolidation — In the Reorganization Transactions, the Company became the",3,False,,"score=7,idx=20144,zone=18448",694,OK,
0001562476,TMHC,2014,0001562476_TMHC_FY2014_10K.html,,"December 31, 2014",Equipment,"Property and Equipment, net — Property and equipment are recorded at cost, less accumulated depreciation.",,,No,,Not disclosed,,Not disclosed,,0,significant_accounting_policies,2. SUMMARY OF SIGNIFICANT ACCOUNTING POLICIES,3,False,,"score=7,idx=12018,zone=15105",587,OK,
0001562476,TMHC,2015,0001562476_TMHC_FY2015_10K.html,,,equipment,"— Property and equipment are recorded at cost, less accumulated depreciation.",,,No,,Not disclosed,,Not disclosed,,0,significant_accounting_policies,Note 3 - Business Combinations,3,False,,"score=7,idx=21112,zone=28173",990,OK,
0001562476,TMHC,2016,0001562476_TMHC_FY2016_10K.html,,,equipment,"— Property and equipment are recorded at cost, less accumulated depreciation.",,,No,,Not disclosed,,Not disclosed,,0,significant_accounting_policies,Note 3 - Business Combinations,3,False,,"score=7,idx=19869,zone=28240",1007,OK,
0001562476,TMHC,2017,0001562476_TMHC_FY2017_10K.html,,,equipment,"— Property and equipment are recorded at cost, less accumulated depreciation.",,,No,,Not disclosed,,Not disclosed,,0,significant_accounting_policies,Note 3 - Business Combinations,3,False,,"score=7,idx=20103,zone=28398",1055,OK,
0001562476,TMHC,2018,0001562476_TMHC_FY2018_10K.html,,,equipment,"— Property and equipment are recorded at cost, less accumulated depreciation.",,,No,,Not disclosed,,Not disclosed,,0,significant_accounting_policies,Note 3 - Business Combinations,3,False,,"score=7,idx=21597,zone=27739",1043,OK,
0001562476,TMHC,2019,0001562476_TMHC_FY2019_10K.html,,"December 31, 2019",Equipment,"Property and Equipment, net — Property and equipment are recorded at cost, less accumulated depreciation.",,,No,,Not disclosed,,Not disclosed,,0,significant_accounting_policies,Note 3 - Business Combinations,3,False,,"score=7,idx=22091,zone=28212",1055,OK,
0001562476,TMHC,2020,0001562476_TMHC_FY2020_10K.html,,2021-02-24,equipment,"Our operating leases primarily consist of office space, construction trailers, model leasebacks, and equipment or storage units. Certain of our leases offer the option to renew or to increase rental square footage. The execution of such options are at our discretion and may result in a lease modification. We have one financing lease which relates to the development of a future project and was acquired as a result of the acquisition of WLH. The weighted average remaining lease term of our financing lease is 87.9 years, and the weighted average discount rate used in determining the lease liability is 7.3%. We currently capitalize all lease costs incurred with this finance lease as it is prepared for its intended use. The amount of interest on the financing lease liability and the amortization of right of use asset was immaterial for the year ended December 31, 2020.",,,No,,Not disclosed,,Not disclosed,,0,significant_accounting_policies,2. SUMMARY OF SIGNIFICANT ACCOUNTING POLICIES,3,False,,"score=5,idx=14911,zone=14767",863,OK,
0001562476,TMHC,2021,0001562476_TMHC_FY2021_10K.html,,2022-02-23,Equipment,"Property and Equipment, net — Property and equipment are recorded at cost, less accumulated depreciation.",,,No,,Not disclosed,,Not disclosed,,0,significant_accounting_policies,2. SUMMARY OF SIGNIFICANT ACCOUNTING POLICIES,3,False,,"score=5,idx=13335,zone=13007",772,OK,
0001562476,TMHC,2022,0001562476_TMHC_FY2022_10K.html,,2022-12-31,Equipment,"Property and Equipment, net — Property and equipment are recorded at cost, less accumulated depreciation.",,,No,,Not disclosed,,Not disclosed,,0,significant_accounting_policies,Note 15 - Mortgage Hedging Activities,3,False,,"score=5,idx=13261,zone=13322",765,OK,
0001562476,TMHC,2023,0001562476_TMHC_FY2023_10K.html,,2023-12-31,Equipment,"Property and Equipment, net — Property and equipment are recorded at cost, less accumulated depreciation.",,,No,,Not disclosed,,Not disclosed,,0,significant_accounting_policies,2. SUMMARY OF SIGNIFICANT ACCOUNTING POLICIES,3,False,,"score=5,idx=41853,zone=297",924,OK,
0001562476,TMHC,2024,0001562476_TMHC_FY2024_10K.html,,2025-02-19,Equipment,"Property and Equipment, net — Property and equipment are recorded at cost, less accumulated depreciation.",,,No,,Not disclosed,,Not disclosed,,0,significant_accounting_policies,Note 15—Mortgage Hedging Activities,3,False,,"score=5,idx=23698,zone=155",753,OK,
