firm_cik,firm_ticker,fiscal_year,filename,filing_date,period_end_date,asset_category,useful_life_text,useful_life_min_years,useful_life_max_years,policy_change,policy_change_text,ai_infra_text,ai_infra_source,segment_ai_text,hardware_mentions,hardware_count,source_section,section_title,confidence,ambiguity_flag,ambiguity_detail,item8_method,item8_segment_count,extraction_status,error_message
0000036104,USB,2013,0000036104_USB_FY2013_10K.html,,"December 31, 2013",Not disclosed,Not disclosed,,,No,,Not disclosed,,Not disclosed,,0,unknown,,0,False,,"score=4,idx=1534,zone=17",2,OK,
0000036104,USB,2014,0000036104_USB_FY2014_10K.html,,"December 31, 2014",Not disclosed,Not disclosed,,,No,,Not disclosed,,Not disclosed,,0,unknown,,0,False,,"score=4,idx=1506,zone=20",3,OK,
0000036104,USB,2015,0000036104_USB_FY2015_10K.html,,"December 31, 2015",Not disclosed,Not disclosed,,,No,,Not disclosed,,Not disclosed,,0,unknown,,0,False,,"score=4,idx=1600,zone=12",2,OK,
0000036104,USB,2016,0000036104_USB_FY2016_10K.html,,"December 31, 2016",Not disclosed,Not disclosed,,,No,,Not disclosed,,Not disclosed,,0,unknown,,0,False,,"score=4,idx=1313,zone=20",3,OK,
0000036104,USB,2017,0000036104_USB_FY2017_10K.html,,"December 31, 2017",Not disclosed,Not disclosed,,,No,,Not disclosed,,Not disclosed,,0,unknown,,0,False,,"score=4,idx=1463,zone=12",2,OK,
0000036104,USB,2018,0000036104_USB_FY2018_10K.html,,"December 31, 2018",Not disclosed,Not disclosed,,,No,,Not disclosed,,Not disclosed,,0,unknown,,0,False,,"score=4,idx=1092,zone=10",2,OK,
0000036104,USB,2019,0000036104_USB_FY2019_10K.html,,"December 31, 2019",Not disclosed,Not disclosed,,,No,,Not disclosed,,Not disclosed,,0,unknown,,0,False,,"score=3,idx=1399,zone=24",3,OK,
0000036104,USB,2020,0000036104_USB_FY2020_10K.html,,2020-12-31,Not disclosed,Not disclosed,,,No,,Not disclosed,,Not disclosed,,0,unknown,,0,False,,"score=3,idx=9608,zone=14",2,OK,
0000036104,USB,2021,0000036104_USB_FY2021_10K.html,,2021-12-31,Not disclosed,Not disclosed,,,No,,Not disclosed,,Not disclosed,,0,unknown,,0,False,,"score=3,idx=9178,zone=14",2,OK,
0000036104,USB,2022,0000036104_USB_FY2022_10K.html,,2022-12-31,Not disclosed,Not disclosed,,,No,,Not disclosed,,Not disclosed,,0,unknown,,0,False,,"score=3,idx=9575,zone=9",2,OK,
0000036104,USB,2023,0000036104_USB_FY2023_10K.html,,2023-12-31,Not disclosed,Not disclosed,,,No,,Not disclosed,,Not disclosed,,0,unknown,,0,False,,"score=2,idx=10227,zone=7",3,OK,
0000036104,USB,2024,0000036104_USB_FY2024_10K.html,,2024-12-31,Not disclosed,Not disclosed,,,No,,Not disclosed,,Not disclosed,,0,unknown,,0,False,,"score=2,idx=9945,zone=4",2,OK,
0000036146,TRMK,2013,0000036146_TRMK_FY2013_10K.html,,"December 31, 2013",buildings,"Premises and equipment are stated at cost, less accumulated depreciation and amortization. Depreciation is charged to expense over the estimated useful lives of the assets, which are up to thirty-nine years for buildings and three to ten years for furniture and equipment.",30.0,9.0,No,,Not disclosed,,Not disclosed,,0,significant_accounting_policies,Note 1 – Significant Accounting Policies,3,True,3.0-10.0 ans | 30.0-9.0 ans,"score=5,idx=25640,zone=34526",494,OK,
0000036146,TRMK,2014,0000036146_TRMK_FY2014_10K.html,,"December 31, 2014",buildings,"Premises and equipment are stated at cost, less accumulated depreciation and amortization. Depreciation is charged to expense over the estimated useful lives of the assets, which are up to thirty-nine years for buildings and three to ten years for furniture and equipment.",30.0,9.0,No,,Not disclosed,,Not disclosed,,0,significant_accounting_policies,Note 1 – Significant Accounting Policies,3,True,3.0-10.0 ans | 30.0-9.0 ans,"score=5,idx=24292,zone=32060",1074,OK,
0000036146,TRMK,2015,0000036146_TRMK_FY2015_10K.html,,"December 31, 2015",buildings,"Premises and equipment are stated at cost, less accumulated depreciation and amortization. Depreciation is charged to expense over the estimated useful lives of the assets, which are up to thirty-nine years for buildings and three to ten years for furniture and equipment.",30.0,9.0,No,,Not disclosed,,Not disclosed,,0,significant_accounting_policies,Note 1 – Significant Accounting Policies,3,True,3.0-10.0 ans | 30.0-9.0 ans,"score=6,idx=31847,zone=46232",1186,OK,
0000036146,TRMK,2016,0000036146_TRMK_FY2016_10K.html,,"December 31, 2016",buildings,"Premises and equipment are stated at cost, less accumulated depreciation and amortization. Depreciation is charged to expense over the estimated useful lives of the assets, which are up to thirty-nine years for buildings and three to ten years for furniture and equipment.",30.0,9.0,No,,Not disclosed,,Not disclosed,,0,significant_accounting_policies,Note 1 – Significant Accounting Policies,3,True,3.0-10.0 ans | 30.0-9.0 ans,"score=6,idx=32351,zone=45645",1053,OK,
0000036146,TRMK,2017,0000036146_TRMK_FY2017_10K.html,,"December 31, 2017",buildings,"Premises and equipment are stated at cost, less accumulated depreciation and amortization. Depreciation is charged to expense over the estimated useful lives of the assets, which are up to thirty-nine years for buildings and three to ten years for furniture and equipment.",30.0,9.0,No,,Not disclosed,,Not disclosed,,0,significant_accounting_policies,Note 1 – Significant Accounting Policies,3,True,3.0-10.0 ans | 30.0-9.0 ans,"score=6,idx=31413,zone=41188",1045,OK,
0000036146,TRMK,2018,0000036146_TRMK_FY2018_10K.html,,"December 31, 2018",buildings,"Premises and equipment are reported at cost, less accumulated depreciation and amortization. Depreciation is charged to expense over the estimated useful lives of the assets, which are up to thirty-nine years for buildings and three to ten years for furniture and equipment.",30.0,9.0,No,,Not disclosed,,"ASU 2018-15, “Intangibles-Goodwill and Other–Internal-Use Software (Subtopic 350-40): Customer’s Accounting for Implementation Costs Incurred in a Cloud Computing Arrangement That Is a Service Contract (a consensus of the FASB Emerging",,0,significant_accounting_policies,Note 1 – Significant Accounting Policies,3,True,3.0-10.0 ans | 30.0-9.0 ans,"score=6,idx=30014,zone=43516",1084,OK,
0000036146,TRMK,2019,0000036146_TRMK_FY2019_10K.html,,2020-12-31,buildings,"Premises and equipment are reported at cost, less accumulated depreciation and amortization. Depreciation is charged to expense over the estimated useful lives of the assets, which are up to thirty-nine years for buildings and three to ten years for furniture and equipment.",30.0,9.0,No,,Not disclosed,,"ASU 2018-15, “Intangibles-Goodwill and Other–Internal-Use Software (Subtopic 350-40): Customer’s Accounting for Implementation Costs Incurred in a Cloud Computing Arrangement That Is a Service Contract (a consensus of the FASB Emerging Issues Task Force).” ||| Issued in August 2018, ASU 2018-15 aims to reduce complexity in the accounting for costs of implementing a cloud computing service arrangement. ASU 2018-15 aligns the requirements for capitalizing implementation costs incurred in a hosting arrangement that is a service contract with the requirements for capitalizing implementation costs incurred to develop or obtain internal-use software (and hosting arrangements that include an internal-use software license). The amendments of ASU 2018-15 require an entity to follow the guidance in FASB ASC Subtopic 350-40, “Intangibles-Goodwill and Other-Internal-Use Software,” in order to determine which implementation costs to capitalize as an asset related to the service contract and which costs to expense. The amendments of ASU 2018-15 also require an entity to expense the capitalized implementation costs of a hosting arrangement that is a service contract over the term of the hosting arrangement (i.e. the noncancellable period of the arrangement plus periods covered by (1) an option to extend the arrangement if the entity is reasonably certain to exercise that option, (2) an option to terminate the arrangement if the entity is reasonably certain not to exercise the option, and (3) an option to extend (or not to terminate) the arrangement in which exercise of the option is in the control of the vendor). ASU 2018-15 also requires an entity to present the expense related to the capitalized implementation costs in the same line item in the statement of income as the fees associated with the hosting element (service) of the arrangement, and to classify payments for capitalized implementation costs in the statement of cash flows in the same manner as payments made for fees associated with the hosting element. ASU 2018-15",,0,significant_accounting_policies,Note 1 – Significant Accounting Policies,3,True,3.0-10.0 ans | 30.0-9.0 ans,"score=6,idx=36238,zone=44183",1174,OK,
0000036146,TRMK,2020,0000036146_TRMK_FY2020_10K.html,,2025-12-01,buildings,"Premises and equipment are reported at cost, less accumulated depreciation and amortization. Depreciation is charged to expense over the estimated useful lives of the assets, which are up to thirty-nine years for buildings and three to ten years for furniture and equipment.",30.0,9.0,No,,Not disclosed,,Not disclosed,,0,significant_accounting_policies,Note 1 – Significant Accounting Policies,3,True,3.0-10.0 ans | 30.0-9.0 ans,"score=6,idx=36948,zone=49597",1232,OK,
0000036146,TRMK,2021,0000036146_TRMK_FY2021_10K.html,,2025-12-01,buildings,"Premises and equipment are reported at cost, less accumulated depreciation and amortization. Depreciation is charged to expense over the estimated useful lives of the assets, which are up to thirty-nine years for buildings and three to ten years for furniture and equipment.",30.0,9.0,No,,Not disclosed,,Not disclosed,B100,1,significant_accounting_policies,Note 1 – Significant Accounting Policies,3,True,3.0-10.0 ans | 30.0-9.0 ans,"score=7,idx=40315,zone=79073",1384,OK,
0000036146,TRMK,2022,0000036146_TRMK_FY2022_10K.html,,2025-12-01,buildings,"Premises and equipment are reported at cost, less accumulated depreciation and amortization. Depreciation is charged to expense over the estimated useful lives of the assets, which are up to thirty-nine years for buildings and three to ten years for furniture and equipment.",30.0,9.0,No,,Not disclosed,,Not disclosed,B200,1,significant_accounting_policies,Note 1 – Significant Accounting Policies,3,True,3.0-10.0 ans | 30.0-9.0 ans,"score=7,idx=39206,zone=78472",1352,OK,
0000036146,TRMK,2023,0000036146_TRMK_FY2023_10K.html,,2025-12-01,buildings,"Premises and equipment are reported at cost, less accumulated depreciation and amortization. Depreciation is charged to expense over the estimated useful lives of the assets, which are up to thirty-nine years for buildings and three to ten years for furniture and equipment.",30.0,9.0,No,,Not disclosed,,Not disclosed,,0,significant_accounting_policies,Note 1 – Significant Accounting Policies,3,True,3.0-10.0 ans | 30.0-9.0 ans,"score=7,idx=39439,zone=78708",1356,OK,
0000036146,TRMK,2024,0000036146_TRMK_FY2024_10K.html,,2025-12-31,buildings,"Premises and equipment are reported at cost, less accumulated depreciation and amortization. Depreciation is charged to expense over the estimated useful lives of the assets, which are up to thirty-nine years for buildings and three to ten years for furniture and equipment.",30.0,9.0,No,,Not disclosed,,Not disclosed,B100,1,significant_accounting_policies,Note 1 – Significant Accounting Policies,3,True,3.0-10.0 ans | 30.0-9.0 ans,"score=7,idx=41795,zone=83945",1386,OK,
0000036270,MTB,2013,0000036270_MTB_FY2013_10K.html,,"December 31, 2013",equipment,Premises and equipment are stated at cost less accumulated depreciation.,,,No,,Not disclosed,,Not disclosed,,0,significant_accounting_policies,1. Significant accounting policies,3,False,,"score=4,idx=47639,zone=62606",883,OK,
0000036270,MTB,2014,0000036270_MTB_FY2014_10K.html,,"December 31, 2014",equipment,Premises and equipment are stated at cost less accumulated depreciation.,,,No,,Not disclosed,,Not disclosed,,0,significant_accounting_policies,1. Significant accounting policies,3,False,,"score=4,idx=47668,zone=60942",857,OK,
0000036270,MTB,2015,0000036270_MTB_FY2015_10K.html,,"December 31, 2015",equipment,Premises and equipment are stated at cost less accumulated depreciation.,,,No,,Not disclosed,,Not disclosed,,0,significant_accounting_policies,1. Significant accounting policies,3,False,,"score=4,idx=47748,zone=62966",899,OK,
0000036270,MTB,2016,0000036270_MTB_FY2016_10K.html,,"December 31, 2016",equipment,Premises and equipment are stated at cost less accumulated depreciation.,,,No,,Not disclosed,,Not disclosed,,0,significant_accounting_policies,1. Significant accounting policies,3,False,,"score=3,idx=44474,zone=55334",1116,OK,
0000036270,MTB,2017,0000036270_MTB_FY2017_10K.html,,"December 31, 2017",equipment,Premises and equipment are stated at cost less accumulated depreciation.,,,No,,Not disclosed,,Not disclosed,,0,significant_accounting_policies,1. Significant accounting policies,3,False,,"score=3,idx=42649,zone=53734",1144,OK,
0000036270,MTB,2018,0000036270_MTB_FY2018_10K.html,,"December 31, 2018",equipment,Premises and equipment are stated at cost less accumulated depreciation.,,,No,,Not disclosed,,Customer’s Accounting for Implementation Costs Incurred in a Cloud Computing Arrangement That Is a Service Contract,,0,significant_accounting_policies,1. Significant accounting policies,3,False,,"score=3,idx=42041,zone=52870",1154,OK,
0000036270,MTB,2019,0000036270_MTB_FY2019_10K.html,,2019-12-31,equipment,Premises and equipment are stated at cost less accumulated depreciation.,,,No,,Not disclosed,,Customer’s Accounting for Implementation Costs Incurred in a Cloud Computing Arrangement That Is a Service Contract,,0,significant_accounting_policies,1. Significant accounting policies,3,False,,"score=3,idx=50888,zone=52391",1220,OK,
0000036270,MTB,2020,0000036270_MTB_FY2020_10K.html,,2020-12-31,equipment,Premises and equipment are stated at cost less accumulated depreciation.,,,No,,Not disclosed,,Customer’s Accounting for Implementation Costs Incurred in a Cloud Computing Arrangement That Is a Service Contract,,0,significant_accounting_policies,1. Significant accounting policies,3,False,,"score=3,idx=55000,zone=55328",1255,OK,
0000036270,MTB,2021,0000036270_MTB_FY2021_10K.html,,2021-12-31,equipment,Premises and equipment are stated at cost less accumulated depreciation.,,,No,,Not disclosed,,Not disclosed,,0,significant_accounting_policies,1. Significant accounting policies,3,False,,"score=3,idx=55792,zone=59676",1208,OK,
0000036270,MTB,2022,0000036270_MTB_FY2022_10K.html,,2022-12-31,equipment,Premises and equipment are stated at cost less accumulated depreciation.,,,No,,Not disclosed,,Not disclosed,A100,1,significant_accounting_policies,1. Significant accounting policies,3,False,,"score=4,idx=71074,zone=89677",1496,OK,
0000036270,MTB,2023,0000036270_MTB_FY2023_10K.html,,2023-12-31,equipment,Premises and equipment are stated at cost less accumulated depreciation.,,,No,,Not disclosed,,Not disclosed,A100;B100,2,significant_accounting_policies,1. Significant accounting policies,3,False,,"score=4,idx=70272,zone=80672",1441,OK,
0000036270,MTB,2024,0000036270_MTB_FY2024_10K.html,,2024-12-31,equipment,Premises and equipment are stated at cost less accumulated depreciation.,,,No,,Not disclosed,,Not disclosed,,0,significant_accounting_policies,1. Significant accounting policies,3,False,,"score=2,idx=38820,zone=31621",1034,OK,
0000036966,FHN,2013,0000036966_FHN_FY2013_10K.html,,"December 31, 2013",Not disclosed,Not disclosed,,,No,,Not disclosed,,Not disclosed,,0,unknown,,0,False,,"score=7,idx=2872,zone=5",1,OK,
0000036966,FHN,2014,0000036966_FHN_FY2014_10K.html,,"December 31, 2014",Not disclosed,Not disclosed,,,No,,Not disclosed,,Not disclosed,,0,unknown,,0,False,,"score=7,idx=3925,zone=14",30,OK,
0000036966,FHN,2015,0000036966_FHN_FY2015_10K.html,,"December 31, 2015",Not disclosed,Not disclosed,,,No,,Not disclosed,,Not disclosed,,0,unknown,,0,False,,"score=7,idx=3881,zone=15",4,OK,
0000036966,FHN,2016,0000036966_FHN_FY2016_10K.html,,"December 31,
2016",Not disclosed,Not disclosed,,,No,,Not disclosed,,Not disclosed,,0,unknown,,0,False,,"score=7,idx=4133,zone=15",4,OK,
0000036966,FHN,2017,0000036966_FHN_FY2017_10K.html,,"December 31,
2017",Not disclosed,Not disclosed,,,No,,Not disclosed,,Not disclosed,,0,unknown,,0,False,,"score=7,idx=4117,zone=13",3,OK,
0000036966,FHN,2018,0000036966_FHN_FY2018_10K.html,,"December 31,
2018",Not disclosed,Not disclosed,,,No,,Not disclosed,,Not disclosed,,0,unknown,,0,False,,"score=7,idx=4013,zone=17",6,OK,
0000036966,FHN,2019,0000036966_FHN_FY2019_10K.html,,2020-01-01,"equipment, computer software","(e) Consists of fees for operations services, communications and courier, equipment rentals, depreciation, and maintenance, supplies, travel and entertainment, computer software, and advertising and public relations.",,,No,,Not disclosed,,"Effective January 1, 2019, FHN adopted the provisions of ASU 2018-15, “Customer’s Accounting for Implementation Costs Incurred in a Cloud Computing Arrangement That Is a Service Contract,” which aligns the requirements for capitalizing implementation costs incurred in a hosting arrangement that is a service contract with the requirements for capitalizing implementation costs incurred to develop or obtain internal-use software (and hosting arrangements that include an internal use software license). Capitalized implemented costs are required to be expensed over the term of the hosting arrangement which includes the non-cancellable period of the arrangement plus periods covered by (1) an option to extend the arrangement if the customer is reasonably certain to exercise that option, (2) an option to terminate the arrangement if the customer is reasonably certain not to exercise the termination option, and (3) an option to extend (or not to terminate) the arrangement in which exercise of the option is in the control of the vendor. ASU 2018-15 also requires application of the impairment guidance applicable to long-lived assets to the capitalized implementation costs. Amortization expense related to capitalized implementation costs must be presented in the same line item in the statement of income as the fees associated with the hosting element (service) of the arrangement and payments for capitalized implementation costs will be classified in the statement of cash flows in the same manner as payments made for fees associated with the hosting element. Capitalized implementation costs will be presented in the statement of financial position in the same line item that a prepayment for the fees of the associated hosting arrangement would be presented. FHN elected early adoption of ASU 2018-15 using the prospective transition method and the effects of adoption were not significant.",,0,significant_accounting_policies,Note 2 – Acquisitions and Divestitures (Continued),3,True,3.0 ans | 7.0 ans | 15.0 ans,"score=7,idx=78462,zone=85791",2081,OK,
0000036966,FHN,2020,0000036966_FHN_FY2020_10K.html,,2020-12-31,Not disclosed,Not disclosed,,,No,,Not disclosed,,Not disclosed,B100,1,unknown,,0,False,,"score=5,idx=39894,zone=44448",527,OK,
0000036966,FHN,2021,0000036966_FHN_FY2021_10K.html,,2021-12-31,Not disclosed,Not disclosed,,,No,,Not disclosed,,Not disclosed,B100,1,unknown,,0,False,,"fallback,idx=87346,zone=2832",183,OK,
0000036966,FHN,2022,0000036966_FHN_FY2022_10K.html,,2022-12-31,Not disclosed,Not disclosed,,,No,,Not disclosed,,Not disclosed,B200,1,unknown,,0,False,,"score=5,idx=82759,zone=761",31,OK,
0000036966,FHN,2023,0000036966_FHN_FY2023_10K.html,,2026-05-01,Not disclosed,Not disclosed,,,No,,Not disclosed,,Not disclosed,,0,unknown,,0,False,,"score=5,idx=84438,zone=721",32,OK,
0000036966,FHN,2024,0000036966_FHN_FY2024_10K.html,,2026-05-01,Not disclosed,Not disclosed,,,No,,Not disclosed,,Not disclosed,,0,unknown,,0,False,,"score=5,idx=86946,zone=711",32,OK,
0000037996,F,2013,0000037996_F_FY2013_10K.html,,"December 31, 2013",Not disclosed,Not disclosed,,,No,,Not disclosed,,Not disclosed,,0,unknown,,0,False,,"score=7,idx=23415,zone=15",3,OK,
0000037996,F,2014,0000037996_F_FY2014_10K.html,,"December 31, 2014",Not disclosed,Not disclosed,,,No,,Not disclosed,,Not disclosed,,0,unknown,,0,False,,"score=7,idx=20902,zone=15",3,OK,
0000037996,F,2015,0000037996_F_FY2015_10K.html,,"December 31, 2015",Not disclosed,Not disclosed,,,No,,Not disclosed,,"Internal-Use Software - Customer’s Accounting for Fees Paid in a Cloud Computing Arrangement ||| Standard Effective Date (a) 2015-16 Business Combinations - Simplifying the Accounting for Measurement-Period Adjustments January 1, 2016 2015-09 Insurance - Disclosures about Short-Duration Contracts January 1, 2016 2015-05 Internal-Use Software - Customer’s Accounting for Fees Paid in a Cloud Computing Arrangement January 1, 2016 2015-02 Consolidation - Amendments to the Consolidation Analysis January 1, 2016 2015-01 Extraordinary and Unusual Items - Simplifying Income Statement Presentation by Eliminating the Concept of Extraordinary Items January 1, 2016 2014-16 Derivatives and Hedging - Determining Whether the Host Contract in a Hybrid Financial Instrument Issued in the Form of a Share Is More Akin to Debt or to Equity January 1, 2016 2014-13 Consolidation - Measuring the Financial Assets and the Financial Liabilities of a Consolidated Collateralized Financing Entity January 1, 2016 2014-12 Stock Compensation - Accounting for Share-Based Payments When the Terms of an Award Provide That a Performance Target Could Be Achieved after the Requisite Service Period January 1, 2016 2014-15 Going Concern - Disclosure of Uncertainties about an Entity’s Ability to Continue as a Going Concern December 31, 2016 2015-17 Income Taxes - Balance Sheet Classification of Deferred Taxes January 1, 2017 2016-01 Financial Instruments - Recognition and Measurement of Financial Assets and Financial Liabilities January 1, 2018 2014-09 Revenue - Revenue from Contracts with Customers January 1, 2018 (b)",,0,unknown,,0,False,,"score=7,idx=20931,zone=15",3,OK,
0000037996,F,2016,0000037996_F_FY2016_10K.html,,"December 31, 2016",Not disclosed,Not disclosed,,,No,,Not disclosed,,Not disclosed,,0,unknown,,0,False,,"score=7,idx=18661,zone=18",6,OK,
0000037996,F,2017,0000037996_F_FY2017_10K.html,,"December 31, 2017",Not disclosed,Not disclosed,,,No,,Not disclosed,,Not disclosed,,0,unknown,,0,False,,"score=7,idx=19047,zone=18",6,OK,
0000037996,F,2018,0000037996_F_FY2018_10K.html,,"December 31, 2018",Not disclosed,Not disclosed,,,No,,Not disclosed,,"Customer’s Accounting for Implementation Costs Incurred in a Cloud Computing Arrangement that is a Service Contract ||| ASU Effective Date (a) 2018-16 Inclusion of the Secured Overnight Financing Rate (SOFR) Overnight Index Swap (OIS) Rate as a Benchmark Interest Rate for Hedge Accounting Purposes January 1, 2019 2018-08 Clarifying the Scope and the Accounting Guidance for Contributions Received and Contributions Made January 1, 2019 2018-07 Improvements to Nonemployee Share-Based Payment Accounting January 1, 2019 2018-02 Reclassification of Certain Tax Effects from Accumulated Other Comprehensive Income January 1, 2019 2016-02 Leases January 1, 2019 (b) 2018-18 Clarifying the Interaction between Collaborative Arrangements and Revenue from Contracts with Customers January 1, 2020 2018-17 Targeted Improvements to Related Party Guidance for Variable Interest Entities January 1, 2020 2018-15 Customer’s Accounting for Implementation Costs Incurred in a Cloud Computing Arrangement that is a Service Contract January 1, 2020 2018-13 Fair Value Measurement - Changes to the Disclosure Requirement for Fair Value Measurement January 1, 2020 2016-13 Credit Losses - Measurement of Credit Losses on Financial Instruments January 1, 2020 2018-14 Changes to the Disclosure Requirements for Defined Benefits Plans January 1, 2021 2018-12 Targeted Improvements to the Accounting for Long Duration Contracts January 1, 2021",,0,unknown,,0,False,,"score=7,idx=18285,zone=18",6,OK,
0000037996,F,2019,0000037996_F_FY2019_10K.html,,2020-01-01,Not disclosed,Not disclosed,,,No,,Not disclosed,,"Customer’s Accounting for Implementation Costs Incurred in a Cloud Computing Arrangement that is a Service Contract ||| ASU Effective Date (a) 2018-18 Clarifying the Interaction between Collaborative Arrangements and Revenue from Contracts with Customers January 1, 2020 2018-15 Customer’s Accounting for Implementation Costs Incurred in a Cloud Computing Arrangement that is a Service Contract January 1, 2020 2016-13 Credit Losses - Measurement of Credit Losses on Financial Instruments January 1, 2020 (b) 2020-01 Clarifying the Interaction between Equity Securities, Equity Method and Joint Ventures, and Derivatives and Hedging January 1, 2021 2019-12 Simplifying the Accounting for Income Taxes January 1, 2021 2018-12 Targeted Improvements to the Accounting for Long Duration Contracts January 1, 2022 ||| Customer’s Accounting for Implementation Costs Incurred in a Cloud Computing Arrangement that is a Service",,0,unknown,,0,False,,"score=7,idx=44979,zone=22",6,OK,
0000037996,F,2020,0000037996_F_FY2020_10K.html,,2021-01-31,Not disclosed,Not disclosed,,,No,,Not disclosed,,Not disclosed,,0,unknown,,0,False,,"score=5,idx=29912,zone=18",4,OK,
0000037996,F,2021,0000037996_F_FY2021_10K.html,,2021-12-31,Not disclosed,Not disclosed,,,No,,Not disclosed,,Not disclosed,,0,unknown,,0,False,,"score=5,idx=29417,zone=14",3,OK,
0000037996,F,2022,0000037996_F_FY2022_10K.html,,2023-03-31,Not disclosed,Not disclosed,,,No,,Not disclosed,,Not disclosed,,0,unknown,,0,False,,"score=5,idx=29048,zone=14",3,OK,
0000037996,F,2023,0000037996_F_FY2023_10K.html,,2024-02-06,Not disclosed,Not disclosed,,,No,,Not disclosed,,Not disclosed,,0,unknown,,0,False,,"score=5,idx=26513,zone=14",3,OK,
0000037996,F,2024,0000037996_F_FY2024_10K.html,,2025-02-05,Not disclosed,Not disclosed,,,No,,Not disclosed,,Not disclosed,,0,unknown,,0,False,,"score=5,idx=26321,zone=14",3,OK,
0000038725,FELE,2013,0000038725_FELE_FY2013_10K.html,,,equipment,Depreciation of plant and equipment is calculated on a straight line basis over the estimated useful lives of,,,No,,Not disclosed,,Not disclosed,,0,significant_accounting_policies,1. SUMMARY OF SIGNIFICANT ACCOUNTING POLICIES,3,False,,"score=7,idx=9395,zone=24705",801,OK,
0000038725,FELE,2014,0000038725_FELE_FY2014_10K.html,,,equipment,Depreciation of plant and equipment is calculated on a straight line basis over the estimated useful lives of,,,No,,Not disclosed,,Not disclosed,,0,significant_accounting_policies,1. SUMMARY OF SIGNIFICANT ACCOUNTING POLICIES,3,False,,"score=7,idx=9607,zone=24613",811,OK,
0000038725,FELE,2015,0000038725_FELE_FY2015_10K.html,,,"furniture, equipment","Betterments and major renewals which extend the useful lives or add to the productive capacity of buildings, improvements, and equipment are capitalized.",,,No,,Not disclosed,,"Intangibles-Goodwill and Other Internal-Use Software (Subtopic 350-40): Customer's Accounting for Fees Paid in a Cloud Computing Agreement ||| . The ASU will require an entity's management to assess, for each annual and interim period, whether a cloud computing arrangement includes a software license. All software licenses within the scope of Subtopic 350-40 will be accounted for consistent with other licenses of intangible assets. If the arrangement does not include a software license, the arrangement should be accounted for as a service contract. The ASU will be effective for interim and annual periods beginning after December 15, 2015 and early adoption is permitted. Entities will have the choice of prospective or retrospective adoption of the standard. The Company does not expect the adoption of this standard beginning in the 2016 fiscal year to have a material impact on the Company's consolidated financial position, results of operations, cash flows, or related disclosures. ||| In April 2015, the FASB issued ASU 2015-05, Intangibles-Goodwill and Other Internal-Use Software (Subtopic 350-40): Customer's Accounting for Fees Paid in a Cloud Computing Agreement . The ASU will require an entity's management to assess, for each annual and interim period, whether a cloud computing arrangement includes a software license. All software licenses within the scope of Subtopic 350-40 will be accounted for consistent with other licenses of intangible assets. If the arrangement does not include a software license, the arrangement should be accounted for as a service contract. The ASU will be effective for interim and annual periods beginning after December 15, 2015 and early adoption is permitted. Entities will have the choice of prospective or retrospective adoption of the standard. The Company does not expect the adoption of this standard beginning in the 2016 fiscal year to have a material impact on the Company's consolidated financial position, results of operations, cash flows, or related disclosures.",,0,significant_accounting_policies,1. SUMMARY OF SIGNIFICANT ACCOUNTING POLICIES,3,True,3.0-7.0 ans | 5.0-10.0 ans,"score=7,idx=9692,zone=23603",749,OK,
0000038725,FELE,2016,0000038725_FELE_FY2016_10K.html,,,"equipment, computer software",Depreciation of plant and equipment is calculated on a straight line basis over the following estimated useful lives:,,,No,,Not disclosed,,Not disclosed,,0,significant_accounting_policies,1. SUMMARY OF SIGNIFICANT ACCOUNTING POLICIES,3,False,,"score=7,idx=9754,zone=21653",754,OK,
0000038725,FELE,2017,0000038725_FELE_FY2017_10K.html,,,"equipment, computer software",Depreciation of plant and equipment is calculated on a straight line basis over the following estimated useful lives:,,,No,,Not disclosed,,Not disclosed,,0,significant_accounting_policies,1. SUMMARY OF SIGNIFICANT ACCOUNTING POLICIES,3,False,,"score=7,idx=7092,zone=22939",783,OK,
0000038725,FELE,2018,0000038725_FELE_FY2018_10K.html,,2018-12-31,"Equipment, computer software",Depreciation of plant and equipment is calculated on a straight line basis over the following estimated useful lives:,,,No,,"During the third quarter ended September 30, 2018, the Company acquired, in separate transactions, substantially all of the assets of the Stationary Power Division (“SPD”) of Midtronics, Inc., and 100 percent of the ownership interest in Industrias Rotor Pump S.A. (“Industrias Rotor Pump”), located in the United States and Argentina, respectively. Neither of the acquisitions were material individually or in the aggregate, and the combined preliminary purchase price was approximately $37 million . The operating results of the two businesses from their respective dates of acquisition through December 31, 2018 were not material to the Company as a whole. SPD offers a variety of products to users in the electrical substation monitoring, data center and mobile telecommunications markets. Annual net sales for SPD are estimated to be less than one percent of consolidated net sales and the fair value of the acquired assets are estimated to be less than one percent of consolidated total assets. Industrias Rotor Pump is the leading provider of water pumping equipment in Argentina. Annual net sales of Industrias Rotor Pump are estimated to be less than one percent of consolidated net sales and the fair value of the acquired assets are estimated to be less than three percent of consolidated total assets.",Item 8,"In August 2018, the FASB issued ASU 2018-15, Goodwill and Other - Internal-Use Software (Subtopic 350-40): Customer’s Accounting for Implementation Costs Incurred in a Cloud Computing Arrangement That Is a Service Contract. This ASU aligns the requirements for capitalizing implementation costs incurred in a hosting arrangement that is a service contract with the requirements for capitalizing implementation costs incurred to develop or obtain internal-use software (and hosting arrangements that include internal-use software license). The ASU should be applied either retrospectively or prospectively to all implementation costs incurred after the date of adoption and is effective for interim and annual periods beginning after December 15, 2019 with early adoption permitted. The Company is still determining the date of adoption for this ASU but does not anticipate the adoption to have a material impact on the Company's consolidated financial position, results of operations, or cash flows. ||| Goodwill and Other - Internal-Use Software (Subtopic 350-40): Customer’s Accounting for Implementation Costs Incurred in a Cloud Computing Arrangement That Is a Service Contract.",,0,significant_accounting_policies,1. SUMMARY OF SIGNIFICANT ACCOUNTING POLICIES,3,False,,"score=7,idx=10383,zone=23990",789,OK,
0000038725,FELE,2019,0000038725_FELE_FY2019_10K.html,,"December 31, 2019","Equipment, computer software",Depreciation of plant and equipment is calculated on a straight line basis over the following estimated useful lives:,,,Yes,"In August 2018, the Financial Accounting Standards Board (""FASB"") issued Accounting Standards Update (""ASU"") 2018-15, Intangibles - Goodwill and Other - Internal-Use Software (Subtopic 350-40): Customer’s Accounting for Implementation Costs Incurred in a Cloud Computing Arrangement That Is a Service Contract. This ASU aligns the requirements for capitalizing implementation costs incurred in a hosting arrangement that is a service contract with the requirements for capitalizing implementation costs incurred to develop or obtain internal-use software (and hosting arrangements that include internal-use software license). The ASU should be applied either retrospectively or prospectively to all implementation costs incurred after the date of adoption and is effective for interim and annual periods beginning after December 15, 2019 with early adoption permitted. The Company prospectively adopted the standard in the third quarter of 2019, and it did not have a material impact on the consolidated financial position, results of operations, and cash flows.","During the third quarter ended September 30, 2018, the Company acquired, in separate transactions, substantially all of the assets of the Stationary Power Division (“SPD”) of Midtronics, Inc., and 100 percent of the ownership interest in Industrias Rotor Pump S.A. (“Industrias Rotor Pump”), located in the United States and Argentina, respectively. Neither of the acquisitions were material individually or in the aggregate, and the final combined purchase price was $37 million. The operating results of the two businesses from their respective dates of acquisition through December 31, 2018 were not material to the Company as a whole. SPD offers a variety of products to users in the electrical substation monitoring, data center and mobile telecommunications markets. Annual net sales for SPD are approximately one percent of consolidated net sales and the fair value of the acquired assets are less than one percent of consolidated total assets. Industrias Rotor Pump is the leading provider of water pumping equipment in Argentina. Annual net sales for Industrias Rotor Pump are less than one percent of consolidated net sales and the fair value of the acquired assets are estimated to be less than three percent of consolidated total assets.",Item 8,"In August 2018, the Financial Accounting Standards Board (""FASB"") issued Accounting Standards Update (""ASU"") 2018-15, Intangibles - Goodwill and Other - Internal-Use Software (Subtopic 350-40): Customer’s Accounting for Implementation Costs Incurred in a Cloud Computing Arrangement That Is a Service Contract. This ASU aligns the requirements for capitalizing implementation costs incurred in a hosting arrangement that is a service contract with the requirements for capitalizing implementation costs incurred to develop or obtain internal-use software (and hosting arrangements that include internal-use software license). The ASU should be applied either retrospectively or prospectively to all implementation costs incurred after the date of adoption and is effective for interim and annual periods beginning after December 15, 2019 with early adoption permitted. The Company prospectively adopted the standard in the third quarter of 2019, and it did not have a material impact on the consolidated financial position, results of operations, and cash flows. ||| Intangibles - Goodwill and Other - Internal-Use Software (Subtopic 350-40): Customer’s Accounting for Implementation Costs Incurred in a Cloud Computing Arrangement That Is a Service Contract.",,0,significant_accounting_policies,1. SUMMARY OF SIGNIFICANT ACCOUNTING POLICIES,3,False,,"score=5,idx=7221,zone=14052",649,OK,
0000038725,FELE,2020,0000038725_FELE_FY2020_10K.html,,"December 31, 2020","Equipment, computer software",Depreciation of plant and equipment is calculated on a straight line basis over the following estimated useful lives:,,,No,,"During the third quarter ended September 30, 2018, the Company acquired, in separate transactions, substantially all of the assets of the Stationary Power Division (“SPD”) of Midtronics, Inc., and 100 percent of the ownership interest in Industrias Rotor Pump S.A. (“Industrias Rotor Pump”), located in the United States and Argentina, respectively. Neither of the acquisitions were material individually or in the aggregate, and the final combined purchase price was $37.0 million. SPD offers a variety of products to users in the electrical substation monitoring, data center and mobile telecommunications markets. Industrias Rotor Pump is the leading provider of water pumping equipment in Argentina.",Item 8,Not disclosed,,0,significant_accounting_policies,1. SUMMARY OF SIGNIFICANT ACCOUNTING POLICIES,3,False,,"score=5,idx=6089,zone=11623",601,OK,
0000038725,FELE,2021,0000038725_FELE_FY2021_10K.html,,"December 31, 2021","Equipment, computer software",Depreciation of plant and equipment is calculated on a straight line basis over the following estimated useful lives:,,,No,,Not disclosed,,Not disclosed,A100,1,significant_accounting_policies,1. SUMMARY OF SIGNIFICANT ACCOUNTING POLICIES,3,False,,"score=5,idx=6201,zone=11626",599,OK,
0000038725,FELE,2022,0000038725_FELE_FY2022_10K.html,,"December 31, 2022","Equipment, computer software","Depreciation of property, plant and equipment is calculated on a straight line basis over the following estimated useful lives:",,,No,,Not disclosed,,Not disclosed,,0,significant_accounting_policies,1. SUMMARY OF SIGNIFICANT ACCOUNTING POLICIES,3,False,,"score=5,idx=6231,zone=11633",599,OK,
0000038725,FELE,2023,0000038725_FELE_FY2023_10K.html,,"December 31, 2023","Equipment, computer software","Depreciation of property, plant and equipment is calculated on a straight line basis over the following estimated useful lives:",,,No,,Not disclosed,,Not disclosed,,0,significant_accounting_policies,1. SUMMARY OF SIGNIFICANT ACCOUNTING POLICIES,3,False,,"score=5,idx=6403,zone=12185",601,OK,
0000038725,FELE,2024,0000038725_FELE_FY2024_10K.html,,"December 31, 2024","Equipment, computer software","Depreciation of property, plant and equipment is calculated on a straight line basis over the following estimated useful lives:",,,No,,Not disclosed,,Not disclosed,,0,significant_accounting_policies,1. SUMMARY OF SIGNIFICANT ACCOUNTING POLICIES,3,False,,"score=5,idx=6591,zone=12894",598,OK,
0000038777,BEN,2013,0000038777_BEN_FY2013_10K.html,,,Not disclosed,"Internal and external costs incurred in connection with developing or obtaining software for internal use are capitalized and amortized over the estimated useful lives of the software, which range from three to five years, beginning when the software project is complete and the application is put into production.",3.0,5.0,No,,Not disclosed,,Not disclosed,,0,significant_accounting_policies,Note 1 – Significant Accounting Policies,3,False,,"fallback,idx=21455,zone=32724",894,OK,
0000038777,BEN,2014,0000038777_BEN_FY2014_10K.html,,,Not disclosed,"Internal and external costs incurred in connection with developing or obtaining software for internal use are capitalized and amortized over the estimated useful lives of the software, which range from three to five years, beginning when the software project is complete and the application is put into production.",3.0,5.0,No,,Not disclosed,,Not disclosed,,0,significant_accounting_policies,Note 1 – Significant Accounting Policies,3,False,,"fallback,idx=21214,zone=29748",864,OK,
0000038777,BEN,2015,0000038777_BEN_FY2015_10K.html,,,Not disclosed,"Internal and external costs incurred in connection with developing or obtaining software for internal use are capitalized and amortized over the estimated useful lives of the software, which range from three to five years, beginning when the software project is complete and the application is put into production.",3.0,5.0,No,,Not disclosed,,Not disclosed,,0,significant_accounting_policies,Note 1 – Significant Accounting Policies,3,False,,"fallback,idx=20822,zone=27881",792,OK,
0000038777,BEN,2016,0000038777_BEN_FY2016_10K.html,,,Not disclosed,"Internal and external costs incurred in connection with developing or obtaining software for internal use are capitalized and amortized over the estimated useful lives of the software, which range from three to five years, beginning when the software project is complete and the application is put into production.",3.0,5.0,No,,Not disclosed,,Not disclosed,,0,significant_accounting_policies,Note 1 – Significant Accounting Policies,3,False,,"fallback,idx=20955,zone=25118",718,OK,
0000038777,BEN,2017,0000038777_BEN_FY2017_10K.html,,,Not disclosed,"Internal and external costs incurred in connection with developing or obtaining software for internal use are capitalized and amortized over the shorter of the estimated useful lives of the software or the license terms, beginning when the software project is complete and the application is put into production.",,,No,,Not disclosed,,Not disclosed,,0,significant_accounting_policies,Note 1 – Significant Accounting Policies,3,False,,"fallback,idx=19841,zone=23256",706,OK,
0000038777,BEN,2018,0000038777_BEN_FY2018_10K.html,,,Not disclosed,"Internal and external costs incurred in connection with developing or obtaining software for internal use are capitalized and amortized over the shorter of the estimated useful lives of the software or the license terms, beginning when the software project is complete and the application is put into production.",,,No,,Not disclosed,,Not disclosed,,0,significant_accounting_policies,Note 1 – Significant Accounting Policies,3,False,,"fallback,idx=19517,zone=22432",723,OK,
0000038777,BEN,2019,0000038777_BEN_FY2019_10K.html,,"September 30, 2019",Equipment,"Property and Equipment, net are recorded at cost and depreciated using the straight-line method over their estimated useful lives which range from three to 35 years.",3.0,35.0,No,,Not disclosed,,Not disclosed,,0,significant_accounting_policies,Note 1 – Significant Accounting Policies,3,False,,"fallback,idx=24136,zone=25413",803,OK,
0000038777,BEN,2020,0000038777_BEN_FY2020_10K.html,,2020-09-30,Equipment,"Property and Equipment, net are recorded at cost and depreciated using the straight-line method over their estimated useful lives which range from three to 35 years.",3.0,35.0,No,,Not disclosed,,Not disclosed,,0,significant_accounting_policies,Note 1 – Significant Accounting Policies,3,False,,"fallback,idx=25282,zone=27706",890,OK,
0000038777,BEN,2021,0000038777_BEN_FY2021_10K.html,,2021-11-01,Equipment,"Property and Equipment, net are recorded at cost and depreciated using the straight-line method over their estimated useful lives which range from three to 35 years.",3.0,35.0,No,,Not disclosed,,Not disclosed,,0,significant_accounting_policies,Note 1 – Significant Accounting Policies,3,False,,"fallback,idx=14270,zone=14264",717,OK,
0000038777,BEN,2022,0000038777_BEN_FY2022_10K.html,,2022-11-01,Equipment,"Property and Equipment, net are recorded at cost and depreciated using the straight-line method over their estimated useful lives which range from three to 35 years.",3.0,35.0,No,,Not disclosed,,Not disclosed,B200,1,significant_accounting_policies,Note 1 – Significant Accounting Policies,3,False,,"fallback,idx=13205,zone=13131",682,OK,
0000038777,BEN,2023,0000038777_BEN_FY2023_10K.html,,2023-09-30,Equipment,"Property and Equipment, net are recorded at cost and depreciated using the straight-line method over their estimated useful lives which range from three to 35 years.",3.0,35.0,No,,Not disclosed,,Not disclosed,,0,significant_accounting_policies,Note 1 – Significant Accounting Policies,3,False,,"fallback,idx=12884,zone=13039",663,OK,
0000038777,BEN,2024,0000038777_BEN_FY2024_10K.html,,2024-09-30,Equipment,"Property and Equipment, net are recorded at cost and depreciated using the straight-line method over their estimated useful lives which range from three to 35 years.",3.0,35.0,No,,Not disclosed,,Not disclosed,,0,significant_accounting_policies,Note 1 – Significant Accounting Policies,3,False,,"fallback,idx=13498,zone=13909",701,OK,
0000039368,FUL,2013,0000039368_FUL_FY2013_10K.html,,"November 30, 2013",equipment,"Cost of Sales: Cost of
sales includes raw materials, container costs, direct labor, manufacturing overhead, shipping and receiving costs, freight costs, depreciation of manufacturing equipment and other less significant indirect costs related to the production of our
products.",,,No,,Not disclosed,,Not disclosed,,0,significant_accounting_policies,Note 1: Nature of Business and Summary of Significant Accounting Policies,3,False,,"score=4,idx=11351,zone=30658",617,OK,
0000039368,FUL,2014,0000039368_FUL_FY2014_10K.html,,"November 29, 2014",equipment,"Cost of Sales: Cost of sales includes raw materials, container costs, direct labor, manufacturing
overhead, shipping and receiving costs, freight costs, depreciation of manufacturing equipment and other less significant indirect costs related to the production of our products.",,,No,,Not disclosed,,Not disclosed,,0,significant_accounting_policies,Note 1: Nature of Business and Summary of Significant Accounting Policies,3,False,,"score=4,idx=11433,zone=30530",598,OK,
0000039368,FUL,2015,0000039368_FUL_FY2015_10K.html,,,equipment,"Cost of Sales : Cost of sales includes raw materials, container costs, direct labor, manufacturing overhead, shipping and receiving costs, freight costs, depreciation of manufacturing equipment and other less significant indirect costs related to the production of our products.",,,No,,Not disclosed,,Not disclosed,,0,significant_accounting_policies,Note 1: Nature of Business and Summary of Significant Accounting Policies,3,False,,"score=4,idx=8347,zone=20151",736,OK,
0000039368,FUL,2016,0000039368_FUL_FY2016_10K.html,,,equipment,"Cost of sales includes raw materials, container costs, direct labor, manufacturing overhead, shipping and receiving costs, freight costs, depreciation of manufacturing equipment and other less significant indirect costs related to the production of our products.",,,No,,Not disclosed,,Not disclosed,,0,significant_accounting_policies,Note 1: Nature of Business and Summary of Significant Accounting Policies,3,False,,"score=4,idx=8578,zone=21347",833,OK,
0000039368,FUL,2017,0000039368_FUL_FY2017_10K.html,,,equipment,"Cost of sales includes raw materials, container costs, direct labor, manufacturing overhead, shipping and receiving costs, freight costs, depreciation of manufacturing equipment and other less significant indirect costs related to the production of our products.",,,No,,Not disclosed,,Not disclosed,,0,significant_accounting_policies,Note 1: Nature of Business and Summary of Significant Accounting Policies,3,False,,"score=4,idx=7545,zone=22228",1023,OK,
0000039368,FUL,2018,0000039368_FUL_FY2018_10K.html,,,buildings and improvements,"Property, plant and equipment are carried at cost and depreciated over the useful lives of the assets using the straight-line method. Estimated useful lives range from 20 to 40 years for buildings and improvements, 3 to 20 years for machinery and equipment, and the shorter of the lease or expected life for leasehold improvements.",20.0,40.0,No,,Not disclosed,,"In August 2018, the FASB issued ASU No. 2018-15, Intangibles - Goodwill and Other - Internal-Use Software (Subtopic 350-40): Customer's Accounting for Implementation Costs Incurred in a Cloud Computing Arrangement That Is a Service Contract (a consensus of the FASB Emerging Issues Task Force). This ASU requires entities that are customers in cloud computing arrangements to defer implementation costs if they would be capitalized by the entity in software licensing arrangements under the internal-use software guidance. The guidance may be applied retrospectively or prospectively to implementation costs incurred after the date of adoption. Our effective date for adoption of this guidance is our fiscal year beginning November 29, 2020 with early adoption permitted. We will early adopt this guidance during the first quarter of 2019 on a prospective basis.",,0,significant_accounting_policies,Note 1: Nature of Business and Summary of Significant Accounting Policies,3,False,,"score=4,idx=7654,zone=19346",790,OK,
0000039368,FUL,2019,0000039368_FUL_FY2019_10K.html,,"November 30, 2019",buildings and improvements,"Property, plant and equipment are carried at cost and depreciated over the useful lives of the assets using the straight-line method. Estimated useful lives range from 20 to 40 years for buildings and improvements, 3 to 20 years for machinery and equipment, and the shorter of the lease or expected life for leasehold improvements.",20.0,40.0,No,,Not disclosed,,Not disclosed,,0,significant_accounting_policies,Note 1: Nature of Business and Summary of Significant Accounting Policies,3,False,,"score=4,idx=11944,zone=20346",709,OK,
0000039368,FUL,2020,0000039368_FUL_FY2020_10K.html,,"November 28, 2020",buildings and improvements,"Property, plant and equipment are carried at cost and depreciated over the useful lives of the assets using the straight-line method. Estimated useful lives range from 20 to 40 years for buildings and improvements, 3 to 20 years for machinery and equipment, and the shorter of the lease or expected life for leasehold improvements.",20.0,40.0,No,,Not disclosed,,Not disclosed,,0,significant_accounting_policies,Note 1: Nature of Business and Summary of Significant Accounting Policies,3,False,,"score=4,idx=10610,zone=19163",680,OK,
0000039368,FUL,2021,0000039368_FUL_FY2021_10K.html,,"November 27, 2021",buildings and improvements,"Property, plant and equipment are carried at cost and depreciated over the useful lives of the assets using the straight-line method. Estimated useful lives range from 20 to 40 years for buildings and improvements, 3 to 20 years for machinery and equipment, and the shorter of the lease or expected life for leasehold improvements.",20.0,40.0,No,,Not disclosed,,Not disclosed,,0,significant_accounting_policies,Note 1: Nature of Business and Summary of Significant Accounting Policies,3,False,,"score=4,idx=9709,zone=17492",664,OK,
0000039368,FUL,2022,0000039368_FUL_FY2022_10K.html,,"December 3, 2022",buildings and improvements,"Property, plant and equipment are carried at cost and depreciated over the useful lives of the assets using the straight-line method. Estimated useful lives range from 20 to 40 years for buildings and improvements, 3 to 20 years for machinery and equipment, and the shorter of the lease or expected life for leasehold improvements.",20.0,40.0,No,,Not disclosed,,Not disclosed,,0,significant_accounting_policies,Note 1: Nature of Business and Summary of Significant Accounting Policies,3,False,,"score=4,idx=9856,zone=17546",656,OK,
0000039368,FUL,2023,0000039368_FUL_FY2023_10K.html,,"December 2, 2023",buildings and improvements,"Property, plant and equipment are carried at cost and depreciated over the useful lives of the assets using the straight-line method. Estimated useful lives range from 20 to 40 years for buildings and improvements, 3 to 20 years for machinery and equipment, and the shorter of the lease or expected life for leasehold improvements.",20.0,40.0,No,,Not disclosed,,Not disclosed,,0,significant_accounting_policies,Note 1: Nature of Business and Summary of Significant Accounting Policies,3,False,,"score=4,idx=9821,zone=17860",684,OK,
0000039368,FUL,2024,0000039368_FUL_FY2024_10K.html,,"November 30, 2024",buildings and improvements,"Property, plant and equipment are carried at cost and depreciated over the useful lives of the assets using the straight-line method. Estimated useful lives range from 20 to 40 years for buildings and improvements, 3 to 20 years for machinery and equipment, and the shorter of the lease or expected life for leasehold improvements.",20.0,40.0,No,,Not disclosed,,Not disclosed,,0,significant_accounting_policies,Note 1: Nature of Business and Summary of Significant Accounting Policies,3,False,,"score=4,idx=9852,zone=18405",720,OK,
0000039911,GAP,2013,0000039911_GAP_FY2013_10K.html,,"February 1, 2014","Furniture, equipment","($ in millions) February 1, 2014 February 2, 2013 Leasehold improvements $ 3,211 $ 3,131 Furniture and equipment 2,493 2,464 Software 1,173 1,078 Land, buildings, and building improvements 1,106 1,101 Construction-in-progress 176 136 Property and equipment, at cost 8,159 7,910 Less: Accumulated depreciation (5,401 ) (5,291 ) Property and equipment, net of accumulated depreciation $ 2,758 $ 2,619",,,Yes,"The decision to close a store, corporate facility, or distribution center can result in accelerated depreciation and amortization over the revised remaining useful lives of the associated long-lived assets. In addition, upon exiting leased premises, we record a charge and corresponding lease loss reserve equal to the incremental amount of the present value of the net future obligation greater than the remaining rent-related deferred balances. The net future obligation is determined as the remaining contractual rent obligations less the amount for which we are able to or expect to be able to sublease the properties. We estimate the amount for which we expect to be able to sublease the properties based on the status of our efforts to sublease vacant office space and stores, a review of real estate market conditions, our projections for sublease income, and our assumptions regarding sublease commencement. Lease losses are recorded in operating expenses in the Consolidated Statements of Income.","and to reduce the scope of services provided by IBM as we opted to take back certain services related to our mainframe services, our data centers, and our corporate network. We pay IBM a combination of fixed and variable charges, with the variable charges fluctuating based on our actual consumption of services, and we have various options to terminate the agreement. IBM also has certain termination rights in the event of our material breach of the agreement and failure to cure. We paid",Item 8,Not disclosed,,0,significant_accounting_policies,Note 18. Quarterly Information (Unaudited),3,False,,"score=4,idx=9817,zone=18446",719,OK,
0000039911,GAP,2014,0000039911_GAP_FY2014_10K.html,,"January 31, 2015","Furniture, equipment","($ in millions) January 31, 2015 February 1, 2014 Leasehold improvements $ 3,220 $ 3,211 Furniture and equipment 2,560 2,493 Software 1,349 1,173 Land, buildings, and building improvements 1,009 1,106 Construction-in-progress 167 176 Property and equipment, at cost 8,305 8,159 Less: Accumulated depreciation (5,532 ) (5,401 ) Property and equipment, net of accumulated depreciation $ 2,773 $ 2,758",,,Yes,"The decision to close a store, corporate facility, or distribution center can result in accelerated depreciation and amortization over the revised remaining useful lives of the associated long-lived assets. In addition, upon exiting leased premises, we record a charge and corresponding lease loss reserve equal to the incremental amount of the present value of the net future obligation greater than the remaining rent-related deferred balances. The net future obligation is determined as the remaining contractual rent obligations less the amount for which we are able to or expect to be able to sublease the properties. We estimate the amount for which we expect to be able to sublease the properties based on the status of our efforts to sublease vacant office space and stores, a review of real estate market conditions, our projections for sublease income, and our assumptions regarding sublease commencement. Lease losses are recorded in operating expenses in the Consolidated Statements of Income.","and to reduce the scope of services provided by IBM as we opted to take back certain services related to our mainframe services, our data centers, and our corporate network. We pay IBM a combination of fixed and variable charges, with the variable charges fluctuating based on our actual consumption of services, and we have various options to terminate the agreement. IBM also has certain termination rights in the event of our material breach of the agreement and failure to cure. We paid",Item 8,Not disclosed,,0,significant_accounting_policies,Note 18. Quarterly Information (Unaudited),3,False,,"score=4,idx=9387,zone=18411",694,OK,
0000039911,GAP,2015,0000039911_GAP_FY2015_10K.html,,"January 30, 2016","Furniture, equipment","($ in millions) January 30, 2016 January 31, 2015 Leasehold improvements $ 3,252 $ 3,220 Furniture and equipment 2,603 2,560 Software 1,433 1,349 Land, buildings, and building improvements 1,019 1,009 Construction-in-progress 187 167 Property and equipment, at cost 8,494 8,305 Less: Accumulated depreciation (5,644 ) (5,532 ) Property and equipment, net of accumulated depreciation $ 2,850 $ 2,773",,,No,,"and to reduce the scope of services provided by IBM as we opted to take back certain services related to our mainframe services, our data centers, and our corporate network. We pay IBM a combination of fixed and variable charges, with the variable charges fluctuating based on our actual consumption of services, and we have various options to terminate the agreement. IBM also has certain termination rights in the event of our material breach of the agreement and failure to cure. We paid",Item 8,Not disclosed,,0,significant_accounting_policies,Note 2 . Additional Financial Statement Information,3,False,,"score=4,idx=9901,zone=18358",733,OK,
0000039911,GAP,2016,0000039911_GAP_FY2016_10K.html,,"January 28, 2017","Furniture, equipment","($ in millions) January 28, 2017 January 30, 2016 Leasehold improvements $ 3,099 $ 3,252 Furniture and equipment 2,508 2,603 Software 1,600 1,433 Land, buildings, and building improvements 1,000 1,019 Construction-in-progress 222 187 Property and equipment, at cost 8,429 8,494 Less: Accumulated depreciation (5,813 ) (5,644 ) Property and equipment, net of accumulated depreciation $ 2,616 $ 2,850",,,No,,Not disclosed,,Not disclosed,,0,significant_accounting_policies,Note 2 . Additional Financial Statement Information,3,False,,"score=4,idx=9260,zone=18957",818,OK,
0000039911,GAP,2017,0000039911_GAP_FY2017_10K.html,,"February 3, 2018","Furniture, equipment","($ in millions) February 3, 2018 January 28, 2017 Leasehold improvements $ 3,140 $ 3,099 Furniture and equipment 2,623 2,508 Software 1,703 1,600 Land, buildings, and building improvements 1,037 1,000 Construction-in-progress 264 222 Property and equipment, at cost 8,767 8,429 Less: Accumulated depreciation (5,962 ) (5,813 ) Property and equipment, net of accumulated depreciation $ 2,805 $ 2,616",,,No,,Not disclosed,,Not disclosed,,0,significant_accounting_policies,Note 2 . Additional Financial Statement Information,3,False,,"score=4,idx=9330,zone=17711",773,OK,
0000039911,GAP,2018,0000039911_GAP_FY2018_10K.html,,"February 2, 2019","Furniture, equipment","($ in millions) February 2, 2019 February 3, 2018 Leasehold improvements $ 3,104 $ 3,140 Furniture and equipment 2,732 2,623 Software 1,525 1,703 Land, buildings, and building improvements 1,123 1,037 Construction-in-progress 183 264 Property and equipment, at cost 8,667 8,767 Less: Accumulated depreciation (5,755 ) (5,962 ) Property and equipment, net of accumulated depreciation $ 2,912 $ 2,805",,,Yes,"In August 2018, the FASB issued ASU No. 2018-15, Customer’s Accounting for Implementation Costs Incurred in a Cloud Computing Arrangement That Is a Service Contract. The ASU is intended to align the requirements for capitalization of implementation costs incurred in a cloud computing arrangement that is a service contract with the existing guidance for internal-use software. This guidance is effective beginning in fiscal 2020. The guidance provides flexibility in adoption, allowing for either retrospective adjustment or prospective adjustment for all implementation costs incurred after the date of adoption. The Company is currently evaluating the impact this guidance may have on the Consolidated Financial Statements and related disclosures.",Not disclosed,,"ASU No. 2018-15, Customer's Accounting for Implementation Costs Incurred in a Cloud Computing Arrangement That Is a Service Contract ||| In August 2018, the FASB issued ASU No. 2018-15, Customer’s Accounting for Implementation Costs Incurred in a Cloud Computing Arrangement That Is a Service Contract. The ASU is intended to align the requirements for capitalization of implementation costs incurred in a cloud computing arrangement that is a service contract with the existing guidance for internal-use software. This guidance is effective beginning in fiscal 2020. The guidance provides flexibility in adoption, allowing for either retrospective adjustment or prospective adjustment for all implementation costs incurred after the date of adoption. The Company is currently evaluating the impact this guidance may have on the Consolidated Financial Statements and related disclosures.",,0,significant_accounting_policies,Note 2 . Additional Financial Statement Information,3,False,,"score=4,idx=9216,zone=17493",789,OK,
0000039911,GAP,2019,0000039911_GAP_FY2019_10K.html,,"February 1, 2020","Furniture, equipment","($ in millions) February 1, 2020 February 2, 2019 Leasehold improvements $ 2,923 $ 3,104 Furniture and equipment 2,802 2,732 Software 1,626 1,525 Land, buildings, and building improvements 1,408 1,123 Construction-in-progress 202 183 Property and equipment, at cost 8,961 8,667 Less: Accumulated depreciation (5,839 ) (5,755 ) Property and equipment, net of accumulated depreciation $ 3,122 $ 2,912",,,Yes,"In August 2018, the FASB issued ASU No. 2018-15, Customer’s Accounting for Implementation Costs Incurred in a Cloud Computing Arrangement That Is a Service Contract. The ASU is intended to align the requirements for capitalization of implementation costs incurred in a cloud computing arrangement that is a service contract with the existing guidance for internal-use software. This guidance is effective for fiscal years and interim periods within those years beginning after December 15, 2019. The guidance provides flexibility in adoption, allowing for either retrospective adjustment or prospective adjustment for all implementation costs incurred after the date of adoption. We do not expect that the adoption of this ASU will have a material impact on our Consolidated Financial Statements.",Not disclosed,,"ASU No. 2018-15, Customer's Accounting for Implementation Costs Incurred in a Cloud Computing Arrangement That Is a Service Contract ||| In August 2018, the FASB issued ASU No. 2018-15, Customer’s Accounting for Implementation Costs Incurred in a Cloud Computing Arrangement That Is a Service Contract. The ASU is intended to align the requirements for capitalization of implementation costs incurred in a cloud computing arrangement that is a service contract with the existing guidance for internal-use software. This guidance is effective for fiscal years and interim periods within those years beginning after December 15, 2019. The guidance provides flexibility in adoption, allowing for either retrospective adjustment or prospective adjustment for all implementation costs incurred after the date of adoption. We do not expect that the adoption of this ASU will have a material impact on our Consolidated Financial Statements.",,0,notes_to_financials,Note 2,2,False,,"score=4,idx=11831,zone=20366",866,OK,
0000039911,GAP,2020,0000039911_GAP_FY2020_10K.html,,"January 30, 2021",information technology,"• lease and other occupancy related cost, depreciation, and amortization related to our store operations, distribution centers, information technology, and certain corporate functions; and",,,No,,Not disclosed,,"ASU No. 2018-15, Customer's Accounting for Implementation Costs Incurred in a Cloud Computing Arrangement That Is a Service Contract ||| In August 2018, the FASB issued accounting standards update (""ASU"") No. 2018-15, Customer’s Accounting for Implementation Costs Incurred in a Cloud Computing Arrangement That Is a Service Contract. The ASU is intended to align the requirements for capitalization of implementation costs incurred in a cloud computing arrangement that is a service contract with the existing guidance for internal-use software. We adopted this ASU on a prospective basis on February 2, 2020. The adoption of this standard did not have a material impact on our Consolidated Financial Statements or related disclosures.",,0,significant_accounting_policies,Note 1. Organization and Summary of Significant Accounting Policies,3,False,,"score=2,idx=6124,zone=9693",651,OK,
0000039911,GAP,2021,0000039911_GAP_FY2021_10K.html,,"January 29, 2022",information technology,"• lease and other occupancy related cost, depreciation, and amortization related to our store operations, distribution centers, information technology, and certain corporate functions; and",,,No,,Not disclosed,,Not disclosed,,0,significant_accounting_policies,Note 1. Organization and Summary of Significant Accounting Policies,3,False,,"score=2,idx=6388,zone=9724",628,OK,
0000039911,GAP,2022,0000039911_GAP_FY2022_10K.html,,"January 28, 2023",information technology,"• lease and other occupancy related cost, depreciation, and amortization related to our store operations, distribution centers, information technology, and certain corporate functions; and",,,No,,Not disclosed,,"When assets are sold or retired, the cost and related accumulated depreciation are removed from the accounts, with any resulting gain or loss recorded within operating expenses on the Consolidated Statements of Operations. Costs of maintenance and repairs are expensed as incurred. Costs incurred to implement cloud computing arrangements hosted by third party vendors are capitalized when incurred during the application development phase and amortized on a straight-line basis over the contractual term of the cloud computing arrangement. Capitalized amounts related to such arrangements are recorded within other current assets and other long-term assets on our Consolidated Balance Sheets and were not material for fiscal 2022, 2021, or 2020.",,0,significant_accounting_policies,Note 1. Organization and Summary of Significant Accounting Policies,3,False,,"score=2,idx=6208,zone=9443",620,OK,
0000039911,GAP,2023,0000039911_GAP_FY2023_10K.html,,"February 3, 2024",information technology,"• lease and other occupancy related cost, depreciation, and amortization related to our store operations, distribution centers, information technology, and certain corporate functions; and",,,No,,Not disclosed,,"When assets are sold or retired, the cost and related accumulated depreciation are removed from the accounts, with any resulting gain or loss recorded within operating expenses on the Consolidated Statements of Operations. Costs of maintenance and repairs are expensed as incurred. Costs incurred to implement cloud computing arrangements hosted by third-party vendors are capitalized when incurred during the application development phase and amortized on a straight-line basis over the contractual term, plus any reasonably certain renewal periods, of the cloud computing arrangement. Capitalized amounts related to such arrangements are recorded within other current assets and other long-term assets on our Consolidated Balance Sheets and were not material for fiscal 2023, 2022, or 2021.",,0,significant_accounting_policies,Note 1. Organization and Summary of Significant Accounting Policies,3,False,,"score=2,idx=5660,zone=9686",593,OK,
0000039911,GAP,2024,0000039911_GAP_FY2024_10K.html,,"February 1, 2025",information technology,"• lease and other occupancy related cost, depreciation, and amortization related to our store operations, distribution centers, information technology, and certain corporate functions; and",,,No,,Not disclosed,,"When assets are sold or retired, the cost and related accumulated depreciation are removed from the accounts, with any resulting gain or loss recorded within operating expenses on the Consolidated Statements of Operations. Costs of maintenance and repairs are expensed as incurred. Costs incurred to implement cloud computing arrangements hosted by third-party vendors are capitalized when incurred during the application development phase and amortized on a straight-line basis over the estimated term of the cloud computing arrangement. Capitalized amounts related to such arrangements are recorded within other current assets and other long-term assets on our Consolidated Balance Sheets and were not material for fiscal 2024, 2023, or 2022.",,0,significant_accounting_policies,Note 1. Organization and Summary of Significant Accounting Policies,3,False,,"score=2,idx=5618,zone=9546",575,OK,
0000040211,GATX,2013,0000040211_GATX_FY2013_10K.html,,"December 31, 2013","furniture, equipment","2013 2012 Inventory $ 45.8 $ 49.1 Office furniture, fixtures and other equipment, net of accumulated depreciation 34.9 35.8 Derivatives 6.0 10.2 Deferred financing costs 18.6 14.8 Assets held for sale 10.3 10.1 Other investments 6.9 6.5 Prepaid items 12.4 9.5 Prepaid pension 32.9 — Other 57.7 50.7 $ 225.5 $ 186.7",,,No,,Not disclosed,,Not disclosed,,0,significant_accounting_policies,NOTE 18 . Allowance for Losses,3,False,,"score=4,idx=18357,zone=29966",893,OK,
0000040211,GATX,2014,0000040211_GATX_FY2014_10K.html,,"December 31, 2014","furniture, equipment","2014 2013 Inventory $ 52.0 $ 45.8 Office furniture, fixtures and other equipment, net of accumulated depreciation 34.1 34.9 Derivatives 11.5 6.0 Deferred financing costs 21.6 18.6 Assets held for sale 7.0 10.3 Other investments 6.0 6.9 Prepaid items 12.4 12.4 Prepaid pension — 32.9 Other 84.4 57.7 $ 229.0 $ 225.5",,,Yes,"During the first quarter of 2014, we completed a review of the estimated useful lives used for our North American railcar fleet and determined that the economic service life of many of our railcars differed from the useful life currently used to calculate depreciation. As a result, effective January 1, 2014, we revised the estimated useful lives from a range of",Not disclosed,,Not disclosed,Hopper,1,significant_accounting_policies,NOTE 18 . Allowance for Losses,3,False,,"score=4,idx=18948,zone=29854",933,OK,
0000040211,GATX,2015,0000040211_GATX_FY2015_10K.html,,"December 31, 2015",Not disclosed,Not disclosed,,,Yes,"In 2014, we completed a review of the estimated useful lives used for our North American railcar fleet and determined that the economic service life of many of our railcars differed from the useful life that was used to calculate depreciation. As a result, effective January 1, 2014, we revised the estimated useful lives from a range of",Not disclosed,,Not disclosed,Hopper,1,unknown,,0,False,,"score=4,idx=20093,zone=31141",973,OK,
0000040211,GATX,2016,0000040211_GATX_FY2016_10K.html,,"December 31, 2016","furniture, equipment","2016 2015 Assets held for sale $ 89.5 $ 106.0 Inventory 51.3 55.2 Office furniture, fixtures and other equipment, net of accumulated depreciation 27.9 31.8 Derivatives 16.4 12.8 Prepaid items 15.1 14.3 Loans 6.2 8.8 Deferred financing costs 4.5 3.4 Prepaid pension 1.1 0.7 Other investments 0.5 4.2 Other 84.6 84.0 $ 297.1 $ 321.2",,,No,,Not disclosed,,Not disclosed,Hopper,1,significant_accounting_policies,NOTE 18 . Other Assets and Other Liabilities,3,False,,"score=4,idx=21983,zone=30574",979,OK,
0000040211,GATX,2017,0000040211_GATX_FY2017_10K.html,,"December 31, 2017",equipment,"We classify leases of certain railcars and other assets and facilities, such as maintenance facilities and equipment, as operating leases. We record the lease expense associated with these leases on a straight-line basis. We defer gains and financing costs associated with sale-leasebacks and amortize those gains and costs as a component of operating lease expense over the related leaseback term. We also classify our leases of office facilities and related administrative assets as operating leases, and we record the associated expense in selling, general and administrative expense. See ""Note",,,No,,Not disclosed,,Not disclosed,,0,significant_accounting_policies,NOTE 1. Description of Business,3,False,,"score=4,idx=21840,zone=30957",1090,OK,
0000040211,GATX,2018,0000040211_GATX_FY2018_10K.html,,"December 31, 2018",equipment,"We classify leases of certain railcars and other assets and facilities, such as maintenance facilities and equipment, as operating leases. We record the lease expense associated with these leases on a straight-line basis. We defer gains and transaction costs associated with sale-leasebacks of certain railcars and amortize those gains and costs as a component of operating lease expense over the related leaseback term. Upon adoption of the new lease standard, deferred gains will be eliminated and we will record a one-time increase to equity of approximately",,,Yes,"Year Ended December 31 2018 2017 2016 Operating Activities Net income $ 211.3 $ 502.0 $ 257.1 Adjustments to reconcile net income to net cash provided by operating activities: Depreciation expense 338.2 322.7 310.2 Change in accrued operating lease expense (4.0 ) (13.9 ) 3.0 Net gains on sales of assets (79.4 ) (52.5 ) (52.9 ) Asset impairments 9.0 8.6 38.5 Employee benefit plans 4.6 3.3 7.1 Share-based compensation 16.4 9.9 15.8 Deferred income taxes 19.2 (260.5 ) 72.8 Share of affiliates’ earnings, net of dividends (15.2 ) (13.7 ) (12.2 ) Other 8.4 (9.1 ) (10.0 ) Net cash provided by operating activities 508.5 496.8 629.4 Investing Activities Additions to operating assets and facilities (929.3 ) (566.8 ) (595.7 ) Investments in affiliates (14.1 ) (36.6 ) (25.0 ) Portfolio investments and capital additions (943.4 ) (603.4 ) (620.7 ) Purchases of leased-in assets (66.6 ) (111.8 ) (117.1 ) Portfolio proceeds 234.4 165.6 223.7 Proceeds from sales of other assets 37.3 30.3 23.0 Proceeds from sale-leasebacks 59.1 90.6 82.5 Other 3.1 0.4 2.3 Net cash used in investing activities (676.1 ) (428.3 ) (406.3 ) Financing Activities Net proceeds from issuances of debt (original maturities longer than 90 days) 693.7 792.6 859.4 Repayments of debt (original maturities longer than 90 days) (632.8 ) (703.0 ) (800.0 ) Net increase (decrease) in debt with original maturities of 90 days or less 106.5 (0.3 ) (3.6 ) Payments on capital lease obligations (1.2 ) (2.4 ) (3.6 ) Stock repurchases (115.5 ) (100.0 ) (120.1 ) Dividends (69.3 ) (68.2 ) (67.4 ) Other (2.8 ) (2.6 ) 4.8 Net cash used in financing activities (21.4 ) (83.9 ) (130.5 ) Effect of Exchange Rate Changes on Cash and Cash Equivalents (4.0 ) 4.0 (1.2 ) Net (decrease) increase in Cash, Cash Equivalents, and Restricted Cash during the year (193.0 ) (11.4 ) 91.4 Cash, Cash Equivalents, and Restricted Cash at beginning of year 299.7 311.1 219.7 Cash, Cash Equivalents, and Restricted Cash at end of year $ 106.7 $ 299.7 $ 311.1",Not disclosed,,Not disclosed,,0,significant_accounting_policies,NOTE 1. Description of Business,3,False,,"score=4,idx=21599,zone=30193",1021,OK,
0000040211,GATX,2019,0000040211_GATX_FY2019_10K.html,,"December 31, 2019","furniture, equipment","Office furniture, fixtures and other equipment, net of accumulated depreciation",,,No,,Not disclosed,,Not disclosed,,0,significant_accounting_policies,Note 25. Subsequent Events,3,False,,"score=4,idx=25446,zone=34466",1065,OK,
0000040211,GATX,2020,0000040211_GATX_FY2020_10K.html,,2021-01-31,"furniture, equipment","Office furniture, fixtures and other equipment, net of accumulated depreciation",,,No,,Not disclosed,,Not disclosed,,0,significant_accounting_policies,Note 28. Subsequent Events,3,False,,"score=2,idx=16884,zone=18689",865,OK,
0000040211,GATX,2021,0000040211_GATX_FY2021_10K.html,,2021-12-31,"furniture, equipment","Office furniture, fixtures and other equipment, net of accumulated depreciation",,,No,,Not disclosed,,Not disclosed,B100,1,significant_accounting_policies,Note 2 5 . Discontinued Operations,3,False,,"score=2,idx=15009,zone=17261",817,OK,
0000040211,GATX,2022,0000040211_GATX_FY2022_10K.html,,2023-01-31,"furniture, equipment","Office furniture, fixtures and other equipment, net of accumulated depreciation",,,No,,Not disclosed,,Not disclosed,,0,significant_accounting_policies,Note 26. Subsequent Events,3,False,,"score=2,idx=14085,zone=17256",827,OK,
0000040211,GATX,2023,0000040211_GATX_FY2023_10K.html,,2023-12-31,"furniture, equipment","Office furniture, fixtures and other equipment, net of accumulated depreciation",,,No,,Not disclosed,,Not disclosed,,0,significant_accounting_policies,Note 24. Financial Data of Business Segments,3,False,,"score=2,idx=13336,zone=16328",842,OK,
0000040211,GATX,2024,0000040211_GATX_FY2024_10K.html,,2025-02-03,"furniture, equipment","Office furniture, fixtures and other equipment, net of accumulated depreciation",,,No,,Not disclosed,,Not disclosed,,0,significant_accounting_policies,Note 24. Financial Data of Business Segments,3,False,,"score=2,idx=13177,zone=16058",830,OK,
0000354190,AJG,2013,0000354190_AJG_FY2013_10K.html,,"December 31, 2013",Not disclosed,Not disclosed,,,No,,Not disclosed,,Not disclosed,,0,unknown,,0,False,,"score=4,idx=22072,zone=26415",524,OK,
0000354190,AJG,2014,0000354190_AJG_FY2014_10K.html,,"December 31, 2014",Not disclosed,Not disclosed,,,No,,Not disclosed,,Not disclosed,,0,unknown,,0,False,,"score=4,idx=23903,zone=29076",570,OK,
0000354190,AJG,2015,0000354190_AJG_FY2015_10K.html,,"December 31, 2015",Not disclosed,Not disclosed,,,No,,Not disclosed,,Not disclosed,,0,unknown,,0,False,,"score=4,idx=24304,zone=31165",575,OK,
0000354190,AJG,2016,0000354190_AJG_FY2016_10K.html,,"December 31, 2016",Not disclosed,Not disclosed,,,No,,Not disclosed,,"In April 2015, the FASB issued ASU No. 2015-05, Intangibles—Goodwill and Other—Internal-Use Software (Subtopic 350-40): Customer’s Accounting for Fees Paid in a Cloud Computing Arrangement. This new guidance provides additional information to help entities determine whether a cloud computing arrangement
contains a software license that should be accounted for as internal-use software or as a service contract. The new guidance was effective in first quarter 2016 and has been applied by us. The adoption of this
guidance did not have a material impact on our consolidated financial statements.",,0,unknown,,0,False,,"score=4,idx=31763,zone=33031",612,OK,
0000354190,AJG,2017,0000354190_AJG_FY2017_10K.html,,"December 31, 2017",Not disclosed,Not disclosed,,,No,,Not disclosed,,Not disclosed,,0,unknown,,0,False,,"score=4,idx=31795,zone=31943",661,OK,
0000354190,AJG,2018,0000354190_AJG_FY2018_10K.html,,"December 31, 2018",Not disclosed,Not disclosed,,,Yes,"Other costs that are not costs to obtain or fulfill are expensed as incurred. Examples include other operating costs such as rent, utilities,
management costs, overhead costs, legal and other professional fees, technology costs, insurance related costs, communication and advertising, and travel and entertainment. Depreciation, amortization and change in estimated acquisition earnout
payable are expensed as incurred.",Not disclosed,,"In August 2018, the FASB issued ASU No. 2018-15, Intangibles-Goodwill and Other-Internal-Use Software (Subtopic 350-40): Customer’s Accounting for Implementation Costs Incurred in a Cloud Computing Arrangement That Is a Service Contract. This new accounting guidance requires deferral of certain
implementation costs associated with a cloud computing arrangement, or hosting arrangement, thereby aligning deferral of such costs with implementation costs associated with developing internal-use software.
Accounting for the service component of a hosting arrangement remains unchanged. An entity will defer these implementation costs over the term of the hosting arrangement, including optional renewal periods that are reasonably certain of exercise.
Amounts expensed would be presented through operating expense, rather than depreciation or amortization. The new guidance is effective January 1, 2020, with early adoption permitted. An entity may adopt the guidance either prospectively for all
cloud computing arrangement implementation costs incurred on or after the effective date or retrospectively, including comparative periods. We are currently assessing the impact that adopting this guidance will have on our consolidated financial
statements.",,0,unknown,,0,False,,"score=4,idx=28784,zone=37521",734,OK,
0000354190,AJG,2019,0000354190_AJG_FY2019_10K.html,,2019-12-31,"Office equipment, Furniture and fixtures, Computer equipment","Fixed Assets Major classes of fixed assets consist of the following (in millions): December 31, 2019 2018 Office equipment $ 32.6 $ 30.0 Furniture and fixtures 126.0 116.9 Leasehold improvements 150.2 132.1 Computer equipment 176.3 145.1 Land and buildings - corporate headquarters 144.9 144.3 Software 392.3 346.0 Other 19.0 12.4 Work in process 18.0 14.9 1,059.3 941.7 Accumulated depreciation (591.9 ) (504.8 ) Net fixed assets $ 467.4 $ 436.9 The amounts in work in process in the table above primarily are for capitalized expenditures incurred related to IT development projects in 2019 and 2018. 7.",,,Yes,"Other costs that are not costs to obtain or fulfill are expensed as incurred. Examples include other operating costs such as rent, utilities, management costs, overhead costs, legal and other professional fees, technology costs, insurance related costs, communication and advertising, and travel and entertainment. Depreciation, amortization and change in estimated acquisition earnout payable are expensed as incurred.","We have operating leases primarily related to branch facilities, data centers, sales offices, and agent locations, automobiles and office equipment. Many of our leases include both lease (fixed rent payments) and non-lease components (common-area or other maintenance costs) which are accounted for as a single lease component as we have elected the practical expedient to group lease and non-lease components for all leases. Variable lease payments, such as periodically indexed and/or market adjustments, are presented as lease expense in the period in which they are incurred. Since we did not elect the short-term policy election, we record leases of 12 months or less on the balance sheet.",Item 8,"In August 2018, the FASB issued ASU No. 2018-15, Intangibles-Goodwill and Other-Internal-Use Software (Subtopic 350-40): Customer’s Accounting for Implementation Costs Incurred in a Cloud Computing Arrangement That Is a Service Contract. This new accounting guidance requires deferral of certain implementation costs associated with a cloud computing arrangement, or hosting arrangement, thereby aligning deferral of such costs with implementation costs associated with developing internal-use software. Accounting for the service component of a hosting arrangement remains unchanged. An entity will defer these implementation costs over the term of the hosting arrangement, including optional renewal periods that are reasonably certain of exercise. Amounts expensed would be presented through operating expense, rather than depreciation or amortization. The new guidance is effective January 1, 2020, with early adoption permitted. An entity may adopt the guidance either prospectively for all cloud computing arrangement implementation costs incurred on or after the effective date or retrospectively, including comparative periods. We are currently assessing the impact that adopting this guidance will have on our consolidated financial statements.",,0,ppe_note,"6. Fixed Assets Major classes of fixed assets consist of the following (in millions): December 31, 2019 2018 Office equipment $ 32.6 $ 30.0 Furniture ",3,False,,"score=4,idx=32312,zone=28523",813,OK,
0000354190,AJG,2020,0000354190_AJG_FY2020_10K.html,,2020-12-31,"Office equipment, Furniture and fixtures, Computer equipment",Useful Life Office equipment Three to ten years Furniture and fixtures Three to ten years Computer equipment Three to five years Building Fifteen to forty years Software Three to five years Refined fuel plants Ten years Leasehold improvements Shorter of the lease term or useful life of the asset,3.0,10.0,Yes,"Other costs that are not costs to obtain or fulfill are expensed as incurred. Examples include other operating costs such as rent, utilities, management costs, overhead costs, legal and other professional fees, technology costs, insurance related costs, communication and advertising, and travel and entertainment. Depreciation, amortization and change in estimated acquisition earnout payable are expensed as incurred.","We have operating leases primarily related to branch facilities, data centers, sales offices, and agent locations, automobiles and office equipment. Many of our leases include both lease (fixed rent payments) and non-lease components (common-area or other maintenance costs) which are accounted for as a single lease component as we have elected the practical expedient to group lease and non-lease components for all leases. Variable lease payments, such as periodically indexed and/or market adjustments, are presented as lease expense in the period in which they are incurred. Since we did not elect the short-term policy election, we record leases of 12 months or less on the balance sheet.",Item 8,"In August 2018, the FASB issued ASU No. 2018-15, Intangibles-Goodwill and Other-Internal-Use Software (Subtopic 350-40): Customer’s Accounting for Implementation Costs Incurred in a Cloud Computing Arrangement That Is a Service Contract. This new accounting guidance requires deferral of certain implementation costs associated with a cloud computing arrangement, or hosting arrangement, thereby aligning deferral of such costs with implementation costs associated with developing internal-use software. Accounting for the service component of a hosting arrangement remains unchanged. An entity will defer these implementation costs over the term of the hosting arrangement, including optional renewal periods that are reasonably certain of exercise. Amounts expensed would be presented through operating expense, rather than depreciation or amortization. The new guidance was effective January 1, 2020. An entity may adopt the guidance either prospectively for all cloud computing arrangement implementation costs incurred on or after the effective date or retrospectively, including comparative periods. We adopted this new guidance effective January 1, 2020 on a prospective basis. The adoption did not have a material impact on our consolidated financial statements.",,0,ppe_note,23. Segment Information,3,True,3.0-5.0 ans | 3.0-10.0 ans | 10.0 ans,"score=4,idx=26046,zone=27273",1024,OK,
0000354190,AJG,2021,0000354190_AJG_FY2021_10K.html,,2021-12-31,"Office equipment, Furniture and fixtures, Computer equipment",Useful Life Office equipment Three to ten years Furniture and fixtures Three to ten years Computer equipment Three to five years Building Fifteen to forty years Software Three to five years Refined fuel plants Ten years Leasehold improvements Shorter of the lease term or useful life of the asset,3.0,10.0,Yes,"Other costs that are not costs to obtain or fulfill are expensed as incurred. Examples include other operating costs such as rent, utilities, management costs, overhead costs, legal and other professional fees, technology costs, insurance related costs, communication and advertising, and travel and entertainment. Depreciation, amortization and change in estimated acquisition earnout payable are expensed as incurred.","We have operating leases primarily related to branch facilities, data centers, sales offices, and agent locations, automobiles and office equipment. Many of our leases include both lease (fixed rent payments) and non-lease components (common-area or other maintenance costs) which are accounted for as a single lease component as we have elected the practical expedient to group lease and non-lease components for all leases. Variable lease payments, such as periodically indexed and/or market adjustments, are presented as lease expense in the period in which they are incurred. Since we did not elect the short-term policy election, we record leases of 12 months or less on the balance sheet.",Item 8,"In August 2018, the FASB issued ASU No. 2018-15, Intangibles-Goodwill and Other-Internal-Use Software (Subtopic 350-40): Customer’s Accounting for Implementation Costs Incurred in a Cloud Computing Arrangement That Is a Service Contract. This new accounting guidance requires deferral of certain implementation costs associated with a cloud computing arrangement, or hosting arrangement, thereby aligning deferral of such costs with implementation costs associated with developing internal-use software. Accounting for the service component of a hosting arrangement remains unchanged. An entity will defer these implementation costs over the term of the hosting arrangement, including optional renewal periods that are reasonably certain of exercise. Amounts expensed would be presented through operating expense, rather than depreciation or amortization. The new guidance was effective January 1, 2020. An entity may adopt the guidance either prospectively for all cloud computing arrangement implementation costs incurred on or after the effective date or retrospectively, including comparative periods. We adopted this new guidance effective January 1, 2020 on a prospective basis. The adoption did not have a material impact on our consolidated financial statements.",,0,ppe_note,22. Segment Information,3,True,3.0-5.0 ans | 3.0-10.0 ans | 10.0 ans,"score=4,idx=24851,zone=27159",1042,OK,
0000354190,AJG,2022,0000354190_AJG_FY2022_10K.html,,2023-03-31,"Office equipment, Furniture and fixtures, Computer equipment",Depreciation for fixed assets is computed using the straight-line method over the following estimated useful lives: Useful Life Office equipment Three to ten years Furniture and fixtures Three to ten years Computer equipment Three to five years Building Fifteen to forty years Software Three to five years Refined fuel plants Ten years Leasehold improvements Shorter of the lease term or useful life of the asset,3.0,10.0,Yes,"Deferred Costs We incur costs to provide brokerage and risk management services. Those costs are either (i) costs to obtain a contract or (ii) costs to fulfill such contract, or (iii) all other costs. (i) Costs to obtain - we incur costs to obtain a contract with a client. Those costs would not have been incurred if the contract had not been obtained. Almost all of our costs to obtain are incurred prior to, or on, the effective date of the contract and consist primarily of incentive compensation we pay to our production employees. Our costs to obtain are expensed as incurred as described in Note 4 to these consolidated financial statements. (ii) Costs to fulfill - we incur costs to fulfill a contract (or anticipated contract) with a client. Those costs are incurred prior to the effective date of the contract and relate to fulfilling our primary placement obligations to our clients. Our costs to fulfill prior to the effective date are capitalized and amortized on the effective date. These fulfillment activities include collecting underwriting information from our client, assessing their insurance needs and negotiating their placement with one or more underwriting enterprises. The majority of costs that we incur relate to compensation and benefits of our client service employees. Costs incurred during preplacement activities are expected to be recovered in the future. If the capitalized costs are no longer deemed to be recoverable, then they would be expensed. (iii) Other costs that are not costs to obtain or fulfill are expensed as incurred. Examples include other operating costs such as rent, utilities, management costs, overhead costs, legal and other professional fees, technology costs, insurance related costs, communication and advertising, and travel and entertainment. Depreciation, amortization and change in estimated acquisition earnout payable are expensed as incurred.","We have operating leases primarily related to branch facilities, data centers, sales offices, and agent locations, automobiles and office equipment. Many of our leases include both lease (fixed rent payments) and non-lease components (common-area or other maintenance costs) which are accounted for as a single lease component as we have elected the practical expedient to group lease and non-lease components for all leases. Variable lease payments, such as periodically indexed and/or market adjustments, are presented as lease expense in the period in which they are incurred. Since we did not elect the short-term policy election, we record leases of 12 months or less on the balance sheet.",Item 8,Not disclosed,B200,1,significant_accounting_policies,1. Summary of Significant Accounting Policies Terms Used in Notes to Consolidated Financial Statements ASC - Accounting Standards Codification. ASU - ,3,True,3.0-5.0 ans | 3.0-10.0 ans | 10.0 ans,"score=4,idx=29916,zone=40354",1268,OK,
0000354190,AJG,2023,0000354190_AJG_FY2023_10K.html,,2024-12-31,"Office equipment, Furniture and fixtures, Computer equipment",Depreciation for fixed assets is computed using the straight-line method over the following estimated useful lives: Useful Life Office equipment Three to ten years Furniture and fixtures Three to ten years Computer equipment Three to five years Building Fifteen to forty years Software Three to five years Refined fuel plants Ten years Leasehold improvements Shorter of the lease term or useful life of the asset,3.0,10.0,Yes,"Deferred Costs We incur costs to provide brokerage and risk management services. Those costs are either (i) costs to obtain a contract or (ii) costs to fulfill such contract, or (iii) all other costs. (i) Costs to obtain - we incur costs to obtain a contract with a client. Those costs would not have been incurred if the contract had not been obtained. Almost all of our costs to obtain are incurred prior to, or on, the effective date of the contract and consist primarily of incentive compensation we pay to our production employees. Our costs to obtain are expensed as incurred as described in Note 4 to these consolidated financial statements. (ii) Costs to fulfill - we incur costs to fulfill a contract (or anticipated contract) with a client. Those costs are incurred prior to the effective date of the contract and relate to fulfilling our primary placement obligations to our clients. Our costs to fulfill prior to the effective date are capitalized and amortized on the effective date. These fulfillment activities include collecting underwriting information from our client, assessing their insurance needs and negotiating their placement with one or more underwriting enterprises. The majority of costs that we incur relate to compensation and benefits of our client service employees. Costs incurred during preplacement activities are 78 expected to be recovered in the future. If the capitalized costs are no longer deemed to be recoverable, then they would be expensed. (iii) Other costs that are not costs to obtain or fulfill are expensed as incurred. Examples include other operating costs such as rent, utilities, management costs, overhead costs, legal and other professional fees, technology costs, insurance related costs, communication and advertising, and travel and entertainment. Depreciation, amortization and change in estimated acquisition earnout payable are expensed as incurred.","We have operating leases primarily related to branch facilities, data centers, sales offices, and agent locations, automobiles and office equipment. Many of our leases include both lease (fixed rent payments) and non-lease components (common-area or other maintenance costs) which are accounted for as a single lease component as we have elected the practical expedient to group lease and non-lease components for all leases. Variable lease payments, such as periodically indexed and/or market adjustments, are presented as lease expense in the period in which they are incurred. Since we did not elect the short-term policy election, we record leases of 12 months or less on the balance sheet.",Item 8,Not disclosed,,0,significant_accounting_policies,1. Summary of Significant Accounting Policies Terms Used in Notes to Consolidated Financial Statements ASC - Accounting Standards Codification. ASU - ,3,True,3.0-5.0 ans | 3.0-10.0 ans | 10.0 ans,"score=4,idx=30253,zone=43182",1298,OK,
0000354190,AJG,2024,0000354190_AJG_FY2024_10K.html,,2025-01-07,"Office equipment, Furniture and fixtures, Computer equipment",Depreciation for fixed assets is computed using the straight-line method over the following estimated useful lives: Useful Life Office equipment Three to ten years Furniture and fixtures Two to ten years Computer equipment Three to five years Building Fifteen to forty years Software Three to five years Leasehold improvements Shorter of the lease term or useful life of the asset,3.0,10.0,Yes,"The unaudited pro forma results above have been prepared for comparative purposes only and do not purport to be indicative of the results of operations which actually would have resulted had these acquisitions occurred at January 1, 2023, nor are they necessarily indicative of future operating results. Annualized revenues of entities acquired in 2024 totaled approximately $ 386.5 million. Total revenues, pre-tax loss and net earnings before interest, income taxes, depreciation, amortization and the change in estimated acquisition earnout payables recorded in our consolidated statement of earnings for 2024 related to the 2024 acquisitions in the aggregate, were $ 169.2 million, $( 18.0 ) million and $ 33.1 million, respectively.","We have operating leases primarily related to branch facilities, data centers, sales offices, and agent locations, automobiles and office equipment. Many of our leases include both lease (fixed rent payments) and non-lease components (common-area or other maintenance costs) which are accounted for as a single lease component as we have elected the practical expedient to group lease and non-lease components for all leases. Variable lease payments, such as periodically indexed and/or market adjustments, are presented as lease expense in the period in which they are incurred. Since we did not elect the short-term policy election, we record leases of 12 months or less on the balance sheet.",Item 8,Not disclosed,B100;B200,2,significant_accounting_policies,1. Summary of Significant Accounting Policies Terms Used in Notes to Consolidated Financial Statements ASC - Accounting Standards Codification. ASU - ,3,True,2.0-10.0 ans | 3.0-5.0 ans | 3.0-10.0 ans,"score=4,idx=30503,zone=39477",1198,OK,
0001124198,FLR,2013,0001124198_FLR_FY2013_10K.html,,"December 31, 2013",Not disclosed,Not disclosed,,,No,,Not disclosed,,Not disclosed,,0,unknown,,0,False,,"score=4,idx=6918,zone=7",2,OK,
0001124198,FLR,2014,0001124198_FLR_FY2014_10K.html,,"December 31, 2014",Not disclosed,Not disclosed,,,No,,Not disclosed,,Not disclosed,,0,unknown,,0,False,,"score=4,idx=7768,zone=7",2,OK,
0001124198,FLR,2015,0001124198_FLR_FY2015_10K.html,,"December 31, 2015",Not disclosed,Not disclosed,,,No,,Not disclosed,,Not disclosed,,0,unknown,,0,False,,"score=4,idx=8081,zone=7",2,OK,
0001124198,FLR,2016,0001124198_FLR_FY2016_10K.html,,"December 31, 2016",Not disclosed,Not disclosed,,,No,,Not disclosed,,Not disclosed,,0,unknown,,0,False,,"score=4,idx=8290,zone=7",2,OK,
0001124198,FLR,2017,0001124198_FLR_FY2017_10K.html,,"December 31, 2017",Not disclosed,Not disclosed,,,No,,Not disclosed,,Not disclosed,,0,unknown,,0,False,,"score=4,idx=8256,zone=7",2,OK,
0001124198,FLR,2018,0001124198_FLR_FY2018_10K.html,,,Not disclosed,Not disclosed,,,No,,Not disclosed,,Not disclosed,,0,unknown,,0,False,,"score=3,idx=7838,zone=8",2,OK,
0001124198,FLR,2019,0001124198_FLR_FY2019_10K.html,,,Not disclosed,Not disclosed,,,No,,Not disclosed,,Not disclosed,,0,unknown,,0,False,,"score=3,idx=7838,zone=8",2,OK,
0001124198,FLR,2020,0001124198_FLR_FY2020_10K.html,,2021-02-28,Not disclosed,Not disclosed,,,No,,Not disclosed,,Not disclosed,B200,1,unknown,,0,False,,"score=2,idx=10907,zone=5",2,OK,
0001124198,FLR,2021,0001124198_FLR_FY2021_10K.html,,2022-02-22,Not disclosed,Not disclosed,,,No,,"Revenue in 2021 decreased due to the close out of data center projects in Europe and mining projects in South America and Australia as well as the cancellation of a rail project and a steel project that were in progress in the prior year periods. Revenue in 2020 declined due to a six-month suspension in 2020 of a large mining project in South America due to COVID and a decline in the volume of execution activities for a large life sciences project and two mining projects completed or nearing completion. The revenue decline in 2020 was partially offset by increased execution activities on two advanced technologies projects, a mining project and a metals project.",MD&A (Item 7),Not disclosed,,0,unknown,,0,False,,"score=2,idx=10673,zone=5",2,OK,
0001124198,FLR,2022,0001124198_FLR_FY2022_10K.html,,2023-01-31,Not disclosed,Not disclosed,,,No,,Revenue in 2022 decreased primarily due to the completion of three large mining projects partially offset by increased execution activities on a life sciences project and a mining project in South America. Revenue in 2021 decreased due to the close out of data center projects in Europe and mining projects in South America and Australia as well as the cancellation of a rail project and a steel project that were in progress in the prior year periods.,MD&A (Item 7),Not disclosed,,0,unknown,,0,False,,"score=2,idx=9884,zone=5",2,OK,
0001124198,FLR,2023,0001124198_FLR_FY2023_10K.html,,2023-12-31,Not disclosed,Not disclosed,,,No,,Not disclosed,,Not disclosed,,0,unknown,,0,False,,"score=2,idx=8906,zone=5",2,OK,
0001124198,FLR,2024,0001124198_FLR_FY2024_10K.html,,"December 31, 2024",Not disclosed,Not disclosed,,,No,,Not disclosed,,Not disclosed,,0,unknown,,0,False,,"score=2,idx=8174,zone=14",2,OK,
0001128928,FLO,2013,0001128928_FLO_FY2013_10K.html,,"December 28, 2013",Not disclosed,Not disclosed,,,No,,Not disclosed,,Not disclosed,,0,unknown,,0,False,,"score=4,idx=17918,zone=13",2,OK,
0001128928,FLO,2014,0001128928_FLO_FY2014_10K.html,,"January 3, 2015",Not disclosed,Not disclosed,,,No,,Not disclosed,,Not disclosed,,0,unknown,,0,False,,"score=4,idx=20787,zone=13",2,OK,
0001128928,FLO,2015,0001128928_FLO_FY2015_10K.html,,"January 2, 2016",Not disclosed,Not disclosed,,,No,,Not disclosed,,Not disclosed,,0,unknown,,0,False,,"score=3,idx=16335,zone=9",2,OK,
0001128928,FLO,2016,0001128928_FLO_FY2016_10K.html,,"December 31, 2016",Not disclosed,Not disclosed,,,No,,Not disclosed,,Not disclosed,,0,unknown,,0,False,,"score=3,idx=16777,zone=7",2,OK,
0001128928,FLO,2017,0001128928_FLO_FY2017_10K.html,,"December 30, 2017",Not disclosed,Not disclosed,,,No,,Not disclosed,,Not disclosed,,0,unknown,,0,False,,"score=3,idx=17001,zone=7",2,OK,
0001128928,FLO,2018,0001128928_FLO_FY2018_10K.html,,"December 29, 2018",Not disclosed,Not disclosed,,,No,,Not disclosed,,Not disclosed,,0,unknown,,0,False,,"score=3,idx=16735,zone=7",2,OK,
0001128928,FLO,2019,0001128928_FLO_FY2019_10K.html,,"December 28, 2019",Not disclosed,Not disclosed,,,No,,Not disclosed,,Not disclosed,,0,unknown,,0,False,,"score=3,idx=16401,zone=5",2,OK,
0001128928,FLO,2020,0001128928_FLO_FY2020_10K.html,,"January 2, 2021",Not disclosed,Not disclosed,,,No,,Not disclosed,,Not disclosed,,0,unknown,,0,False,,"score=3,idx=13853,zone=5",2,OK,
0001128928,FLO,2021,0001128928_FLO_FY2021_10K.html,,"January 1, 2022",Not disclosed,Not disclosed,,,No,,Not disclosed,,"Business process improvement consulting costs related to the transformation strategy initiatives. In the second half of Fiscal 2020, we launched i nitiatives to transform how we operate our business, which includes upgrading our information system to a more robust platform, as well as investments in e-commerce, autonomous planning, and our “bakery of the future” initiative. These transformation strategy initiatives are further discussed in Item 1., Business, of this Form 10-K. In Fiscal 2022, w e currently expect costs for the upgrade of our ERP system (a portion of which may be expensed as incurred, capitalized, recognized as a cloud computing arrangement, or recognized as a prepaid service contract) to be approximately $85 million to $95 million. Costs related to our digital strategy initiatives are anticipated in Fiscal 2022, but these amounts cannot currently be estimated. The expensed portion of the c onsulting costs related to both the ERP upgrade and digital strategy initiatives incurred in Fiscal 2021 was $31.3 million and is reflected in the selling, distribution, and administrative expenses line item of the Consolidated Statements of Income. Initial road mapping costs for these initiatives were incurred in Fiscal 2020 and are included in the “ERP Road Mapping consulting costs” in the table above. ||| e currently expect costs for the upgrade of our ERP system (a portion of which may be expensed as incurred, capitalized, recognized as a cloud computing arrangement, or recognized as a prepaid service contract) to be approximately $85 million to $95 million. Costs related to our digital strategy initiatives are anticipated in Fiscal 2022, but these amounts cannot currently be estimated. The expensed portion of the c",,0,unknown,,0,False,,"score=3,idx=12020,zone=5",2,OK,
0001128928,FLO,2022,0001128928_FLO_FY2022_10K.html,,2023-02-17,Not disclosed,Not disclosed,,,No,,Not disclosed,,"We expect the transformation strategy initiatives will require significant capital investment and expense over the next several years. We currently anticipate the upgrade of our ERP system will cost approximately $350 million (of which approximately 32% has been or is anticipated to be capitalized) and anticipate the upgrade to be completed in 2026. Previously, these costs were estimated to be approximately $275 million. The increase in estimated costs resulted from expanding the project scope and anticipation of greater reliance on external resources for bakery deployments due to labor constraints. As of December 31, 2022, we have incurred costs related to the project of approximately $153 million. In Fiscal 2023, we expect costs for the upgrade of our ERP system (a portion of which may be expensed as incurred, capitalized, recognized as a cloud computing arrangement, or recognized as a prepaid service contract) to be approximately $80 million to $90 million. Costs related to our digital initiatives are more fluid and cannot currently be estimated. See Item 1A., Risk Factors , “We may experience difficulties in designing and implementing the upgrade of our ERP system.”",A100,1,unknown,,0,False,,"score=4,idx=13333,zone=6",2,OK,
0001128928,FLO,2023,0001128928_FLO_FY2023_10K.html,,2024-02-16,Not disclosed,Not disclosed,,,No,,Not disclosed,,"We expect the transformation strategy initiatives will require significant capital investment and expense over the next several years. We currently anticipate the upgrade of our ERP system will cost approximately $350 million (of which approximately 34% has been or is anticipated to be capitalized) and anticipate the upgrade to be completed in 2026. Previously, these costs were estimated to be approximately $275 million. The increase in estimated costs resulted from expanding the project scope and anticipation of greater reliance on external resources for bakery deployments due to labor constraints. As of December 30, 2023, we have incurred costs related to the project of approximately $214 million. In Fiscal 2024, we expect costs for the upgrade of our ERP system (a portion of which may be expensed as incurred, capitalized, recognized as a cloud computing arrangement, or recognized as a prepaid service contract) to be approximately $25 million to $35 million. Costs related to our digital initiatives are more fluid and cannot currently be estimated. See Item 1A., Risk Factors , “We may experience difficulties in designing and implementing the upgrade of our ERP system.”",A100;B200,2,unknown,,0,False,,"score=4,idx=13608,zone=6",2,OK,
0001128928,FLO,2024,0001128928_FLO_FY2024_10K.html,,2025-04-19,Not disclosed,Not disclosed,,,No,,Not disclosed,,"We expect the transformation strategy initiatives will require significant capital investment and expense over the next two years. We currently anticipate the upgrade of our ERP system will cost approximately $350 million (of which approximately 35% has been or is anticipated to be capitalized) and anticipate the upgrade to be completed in Fiscal 2026. As of December 28, 2024, we have incurred costs related to the project of approximately $238 million. In Fiscal 2025, we expect costs for the upgrade of our ERP system (a portion of which may be expensed as incurred, capitalized, recognized as a cloud computing arrangement, or recognized as a prepaid service contract) to be approximately $30 million to $35 million. The increase in costs is due to an increase in the number of planned deployments for Fiscal 2025. Costs related to our digital initiatives are more fluid and cannot currently be estimated. See Item 1A., Risk Factors , “We may experience difficulties in deploying the upgrade of our ERP system.”",,0,unknown,,0,False,,"score=4,idx=13428,zone=6",2,OK,
0001281761,RF,2013,0001281761_RF_FY2013_10K.html,,"December 31, 2013","Furniture, equipment","2013 2012 (In millions) Land $ 520 $ 525 Premises and improvements 1,745 1,727 Furniture and equipment 1,000 1,010 Software 393 303 Leasehold improvements 396 396 Construction in progress 141 175 4,195 4,136 Accumulated depreciation and amortization (1,979 ) (1,857 ) $ 2,216 $ 2,279",,,No,,Not disclosed,,Not disclosed,,0,significant_accounting_policies,NOTE 24. PARENT COMPANY ONLY FINANCIAL STATEMENTS,3,False,,"score=4,idx=39042,zone=69489",1560,OK,
0001281761,RF,2014,0001281761_RF_FY2014_10K.html,,"December 31, 2014","Furniture, equipment","2014 2013 (In millions) Land $ 521 $ 520 Premises and improvements 1,768 1,745 Furniture and equipment 1,028 1,000 Software 440 393 Leasehold improvements 405 396 Construction in progress 176 141 4,338 4,195 Accumulated depreciation and amortization (2,145 ) (1,979 ) $ 2,193 $ 2,216",,,No,,Not disclosed,,Not disclosed,,0,significant_accounting_policies,NOTE 24. PARENT COMPANY ONLY FINANCIAL STATEMENTS,3,False,,"score=4,idx=38388,zone=68100",1572,OK,
0001281761,RF,2015,0001281761_RF_FY2015_10K.html,,"December 31, 2015","Furniture, equipment","2015 2014 (In millions) Land $ 488 $ 521 Premises and improvements 1,762 1,768 Furniture and equipment 990 1,028 Software 506 440 Leasehold improvements 404 405 Construction in progress 222 176 4,372 4,338 Accumulated depreciation and amortization (2,220 ) (2,145 ) $ 2,152 $ 2,193",,,No,,Not disclosed,,"In April 2015, the FASB issued new accounting guidance on the accounting for fees paid in a cloud computing arrangement. The standard provides guidance on how customers should evaluate whether such arrangements contain a software license that should be accounted for separately. A customer that determines a cloud computing arrangement contains a software license must account for the license consistently with the acquisition of other software licenses. If an arrangement does not contain a software license, the customer is required to account for it as a service contract. As a result, all software licenses within the scope of this guidance will be accounted for consistently with other licenses of intangible assets. The guidance is effective for annual and interim periods beginning after December 15, 2015. Entities can elect to apply the guidance either retrospectively or prospectively to all cloud computing arrangements entered into or materially modified after the effective date. Early adoption is permitted. Regions believes the adoption of this guidance will not have a material impact to its consolidated financial statements.",,0,significant_accounting_policies,NOTE 25. PARENT COMPANY ONLY FINANCIAL STATEMENTS,3,False,,"score=4,idx=37591,zone=67196",1574,OK,
0001281761,RF,2016,0001281761_RF_FY2016_10K.html,,"December 31, 2016","Furniture, equipment","2016 2015 (In millions) Land $ 490 $ 488 Premises and improvements 1,730 1,762 Furniture and equipment 1,025 990 Software 597 506 Leasehold improvements 387 404 Construction in progress 214 222 4,443 4,372 Accumulated depreciation and amortization (2,347 ) (2,220 ) $ 2,096 $ 2,152",,,Unclear,"Regions sponsors stock plans which most commonly include restricted stock (i.e., unvested common stock), restricted stock units, performance stock units and stock options. The Company accounts for share-based payments under the fair value recognition provisions whereby compensation cost is measured based on the estimated fair value of the award at the grant date and is recognized in the consolidated financial statements on a straight-line basis over the requisite service period for service-based awards. The fair value of restricted stock, restricted stock units or performance stock units is determined based on the closing price of Regions common stock on the date of grant. Historical data is also used to estimate future employee attrition, which is considered in calculating estimated forfeitures. Estimated forfeitures are adjusted when actual forfeitures differ from estimates, resulting in the recognition of compensation cost only for awards that vest. The effect of a change in estimated forfeitures is recognized through a cumulative catch-up adjustment that is included in compensation cost in the period of the change in estimate. The fair value of stock options where vesting is based on service is estimated at the date of grant using a Black-Scholes option pricing model and related assumptions. As compensation cost is recognized, a deferred tax asset is recorded that represents an estimate of the future tax deduction from exercise or release of restrictions. At the time the share-based awards are exercised, cancelled, have expired, or restrictions are released, the Company may be required to recognize an adjustment to tax expense depending on the market price of the Company’s common stock.",Not disclosed,,"ASU 2015-05, Customer’s Accounting for Fees Paid in a Cloud Computing Arrangement",,0,significant_accounting_policies,NOTE 25. PARENT COMPANY ONLY FINANCIAL STATEMENTS,3,False,,"score=4,idx=39191,zone=66886",1661,OK,
0001281761,RF,2018,0001281761_RF_FY2018_10K.html,,"December 31, 2018","Furniture, equipment","2018 2017 (In millions) Land $ 481 $ 484 Premises and improvements 1,830 1,751 Furniture and equipment 994 982 Software 699 624 Leasehold improvements 379 388 Construction in progress 220 249 4,603 4,478 Accumulated depreciation and amortization (2,558 ) (2,414 ) $ 2,045 $ 2,064",,,Unclear,"Regions sponsors stock plans which most commonly include restricted stock (i.e., unvested common stock) units, restricted stock awards, performance stock units and stock options. The Company accounts for share-based payments under the fair value recognition provisions whereby compensation cost is measured based on the estimated fair value of the award at the grant date and is recognized in the consolidated financial statements on a straight-line basis over the requisite service period for service-based awards. The fair value of restricted stock units, restricted stock awards or performance stock units is determined based on the closing price of Regions common stock on the date of grant. Historical data is also used to estimate future employee attrition, which is considered in calculating estimated forfeitures. Estimated forfeitures are adjusted when actual forfeitures differ from estimates, resulting in the recognition of compensation cost only for awards that vest. The effect of a change in estimated forfeitures is recognized through a cumulative catch-up adjustment that is included in compensation cost in the period of the change in estimate. The fair value of stock options where vesting is based on service is estimated at the date of grant using a Black-Scholes option pricing model and related assumptions. As compensation cost is recognized, a deferred tax asset is recorded that represents an estimate of the future tax deduction from exercise or release of restrictions. At the time the share-based awards are exercised, cancelled, have expired, or restrictions are released, the Company may be required to recognize an adjustment to tax expense depending on the market price of the Company’s common stock.",Not disclosed,,"ASU 2018-15, Customer’s Accounting for Fees Paid in a Cloud Computing Arrangement ||| This ASU amends Topic 350-40, Intangibles-Goodwill and Other-Internal-Use Software, regarding a customer's accounting for implementation, set-up, and other upfront costs incurred in a cloud computing arrangement that is hosted by the vendor, i.e. a service contract. Customers will apply the same criteria for capitalizing implementation costs as they would for an arrangement that has a software license. The amendments also prescribe the balance sheet, income statement, and cash flow classification of the capitalized implementation costs and related amortization expense, and require additional quantitative and qualitative disclosures.",,0,significant_accounting_policies,NOTE 26. PARENT COMPANY ONLY FINANCIAL STATEMENTS,3,False,,"score=4,idx=39536,zone=67246",1568,OK,
0001281761,RF,2019,0001281761_RF_FY2019_10K.html,,2029-08-15,"Furniture, equipment","2019 2018 (In millions) Land $ 446 $ 481 Premises and improvements 1,783 1,830 Furniture and equipment 1,023 994 Software 756 699 Leasehold improvements 407 379 Construction in progress 199 220 4,614 4,603 Accumulated depreciation and amortization (2,654 ) (2,558 ) $ 1,960 $ 2,045",,,Unclear,"Regions sponsors stock plans which most commonly include restricted stock (i.e., unvested common stock) units, restricted stock awards, performance stock units and stock options. The Company accounts for share-based payments under the fair value recognition provisions whereby compensation cost is measured based on the estimated fair value of the award at the grant date and is recognized in the consolidated financial statements on a straight-line basis over the requisite service period for service-based awards. The fair value of restricted stock units, restricted stock awards or performance stock units is determined based on the closing price of Regions common stock on the date of grant. Historical data is also used to estimate future employee attrition, which is considered in calculating estimated forfeitures. Estimated forfeitures are adjusted when actual forfeitures differ from estimates, resulting in the recognition of compensation cost only for awards that vest. The effect of a change in estimated forfeitures is recognized through a cumulative catch-up adjustment that is included in salaries and employee benefits expense in the period of the change in estimate. The fair value of stock options where vesting is based on service is estimated at the date of grant using a Black-Scholes option pricing model and related assumptions. As compensation cost is recognized, a deferred tax asset is recorded that represents an estimate of the future tax deduction from exercise or release of restrictions. At the time the share-based awards are exercised, cancelled, have expired, or restrictions are released, the Company may be required to recognize an adjustment to tax expense depending on the market price of the Company’s common stock.",Not disclosed,,"ASU 2018-15, Customer’s Accounting for Fees Paid in a Cloud Computing Arrangement ||| This ASU amends Topic 350-40, Intangibles-Goodwill and Other-Internal-Use Software, regarding a customer's accounting for implementation, set-up, and other upfront costs incurred in a cloud computing arrangement that is hosted by the vendor, i.e. a service contract. Customers will apply the same criteria for capitalizing implementation costs as they would for an arrangement that has a software license. The amendments also prescribe the balance sheet, income statement, and cash flow classification of the capitalized implementation costs and related amortization expense, and require additional quantitative and qualitative disclosures.",,0,significant_accounting_policies,NOTE 9. PREMISES AND EQUIPMENT,3,False,,"score=4,idx=50691,zone=70350",1571,OK,
0001281761,RF,2020,0001281761_RF_FY2020_10K.html,,2029-08-15,"Furniture, equipment","2020 2019 (In millions) Land $ 434 $ 446 Premises and improvements 1,678 1,783 Furniture and equipment 1,041 1,023 Software 836 756 Leasehold improvements 413 407 Construction in progress 208 199 4,610 4,614 Accumulated depreciation and amortization (2,713) (2,654) $ 1,897 $ 1,960",,,Unclear,"Regions sponsors stock plans which most commonly include restricted stock (i.e., unvested common stock) units, restricted stock awards, performance stock units and stock options. The Company accounts for share-based payments under the fair value recognition provisions whereby compensation cost is measured based on the estimated fair value of the award at the grant date and is recognized in the consolidated financial statements on a straight-line basis over the requisite service period for service-based awards. The fair value of restricted stock units, restricted stock awards or performance stock units is determined based on the closing price of Regions common stock on the date of grant. Historical data is also used to estimate future employee attrition, which is considered in calculating estimated forfeitures. Estimated forfeitures are adjusted when actual forfeitures differ from estimates, resulting in the recognition of compensation cost only for awards that vest. The effect of a change in estimated forfeitures is recognized through a cumulative catch-up adjustment that is included in salaries and employee benefits expense in the period of the change in estimate. The fair value of stock options where vesting is based on service is estimated at the date of grant using a Black-Scholes option pricing model and related assumptions. As compensation cost is recognized, a deferred tax asset is recorded that represents an estimate of the future tax deduction from exercise or release of restrictions. At the time the share-based awards are exercised, cancelled, have expired, or restrictions are released, the Company may be required to recognize an adjustment to tax expense depending on the market price of the Company’s common stock.",Not disclosed,,"ASU 2018-15, Customer’s Accounting for Fees Paid in a Cloud Computing Arrangement ||| This ASU amends Topic 350-40, Intangibles-Goodwill and Other-Internal-Use Software, regarding a customer's accounting for implementation, set-up, and other upfront costs incurred in a cloud computing arrangement that is hosted by the vendor, i.e. a service contract. Customers will apply the same criteria for capitalizing implementation costs as they would for an arrangement that has a software license. The amendments also prescribe the balance sheet, income statement, and cash flow classification of the capitalized implementation costs and related amortization expense, and require additional quantitative and qualitative disclosures.",,0,significant_accounting_policies,NOTE 9. PREMISES AND EQUIPMENT,3,False,,"score=2,idx=35731,zone=34632",1352,OK,
0001281761,RF,2021,0001281761_RF_FY2021_10K.html,,2029-08-15,"Furniture, equipment","2021 2020 (In millions) Land $ 419 $ 434 Premises and improvements 1,651 1,678 Furniture and equipment 1,056 1,041 Software 926 836 Leasehold improvements 434 413 Construction in progress 152 208 4,638 4,610 Accumulated depreciation and amortization (2,824) (2,713) $ 1,814 $ 1,897",,,Unclear,"Regions sponsors stock plans which most commonly include restricted stock (i.e., unvested common stock) units, restricted stock awards and performance stock units. The Company accounts for share-based payments under the fair value recognition provisions whereby compensation cost is measured based on the estimated fair value of the award at the grant date and is recognized in the consolidated financial statements on a straight-line basis over the requisite service period for service-based awards. The fair value of restricted stock units, restricted stock awards or performance stock units is determined based on the closing price of Regions common stock on the date of grant. Historical data is also used to estimate future employee attrition, which is considered in calculating estimated forfeitures. Estimated forfeitures are adjusted when actual forfeitures differ from estimates, resulting in the recognition of compensation cost only for awards that vest. The effect of a change in estimated forfeitures is recognized through a cumulative catch-up adjustment that is included in salaries and employee benefits expense in the period of the change in estimate. As compensation cost is recognized, a deferred tax asset is recorded that represents an estimate of the future tax deduction from exercise or release of restrictions. At the time the share-based awards are exercised, cancelled, have expired, or restrictions are released, the Company may be required to recognize an adjustment to",Not disclosed,,Not disclosed,,0,significant_accounting_policies,NOTE 8. PREMISES AND EQUIPMENT,3,False,,"score=2,idx=28348,zone=37528",1331,OK,
0001281761,RF,2022,0001281761_RF_FY2022_10K.html,,2029-08-15,"Furniture, equipment","2022 2021 (In millions) Land $ 420 $ 419 Premises and improvements 1,680 1,651 Furniture and equipment 1,056 1,056 Software 969 926 Leasehold improvements 455 434 Construction in progress 101 152 4,681 4,638 Accumulated depreciation and amortization (2,963) (2,824) $ 1,718 $ 1,814",,,Unclear,"Regions sponsors stock plans which most commonly include restricted stock (i.e., unvested common stock) units, restricted stock awards and performance stock units. The Company accounts for share-based payments under the fair value recognition provisions whereby compensation cost is measured based on the estimated fair value of the award at the grant date and is recognized in the consolidated financial statements on a straight-line basis over the requisite service period for service-based awards. The fair value of restricted stock units, restricted stock awards or performance stock units is determined based on the closing price of Regions common stock on the date of grant. Historical data is also used to estimate future employee attrition, which is considered in calculating estimated forfeitures. Estimated forfeitures are adjusted when actual forfeitures differ from estimates, resulting in the recognition of compensation cost only for awards that vest. The effect of a change in estimated forfeitures is recognized through a cumulative catch-up adjustment that is included in salaries and employee benefits expense in the period of the change in estimate. As compensation cost is recognized, a deferred tax asset is recorded that represents an estimate of the future tax deduction from exercise or release of restrictions. At the time the share-based awards are exercised, cancelled, have expired, or restrictions are released, the Company may be required to recognize an adjustment to tax expense depending on the market price of the Company’s common stock. Prior to 2021, Regions' sponsored plans also included stock options. Refer to Note 1 ""Summary of Significant Accounting Policies"" and Note 16 ""Share-Based Payments"" of the Annual Report on Form 10-K for the year ended December 31, 2021, for additional information regarding the accounting and reporting policies related to stock options.",Not disclosed,,Not disclosed,,0,significant_accounting_policies,NOTE 8. PREMISES AND EQUIPMENT,3,False,,"score=2,idx=27706,zone=36826",1255,OK,
0001281761,RF,2023,0001281761_RF_FY2023_10K.html,,2029-08-15,larger software systems),"Premises and equipment are stated at cost, less accumulated depreciation and amortization, as applicable. Furniture and equipment are generally depreciated or amortized over 3-10 years. Software is generally depreciated over 3 years (or over a longer estimated life of 5-20 years for larger software systems).",3.0,10.0,Not disclosed,,Not disclosed,,Not disclosed,,0,significant_accounting_policies,NOTE 1. SUMMARY OF SIGNIFICANT ACCOUNTING POLICIES,3,False,,"score=2,idx=29268,zone=42952",1256,ERROR,'<' not supported between instances of 'NoneType' and 'float'
0001281761,RF,2024,0001281761_RF_FY2024_10K.html,,2029-08-15,larger software systems),"Premises and equipment are stated at cost, less accumulated depreciation and amortization, as applicable. Furniture and equipment are generally depreciated or amortized over 3-10 years. Software is generally depreciated over 3 years (or over a longer estimated life of 5-20 years for larger software systems).",3.0,10.0,Not disclosed,,Not disclosed,,Not disclosed,,0,significant_accounting_policies,NOTE 1. SUMMARY OF SIGNIFICANT ACCOUNTING POLICIES,3,False,,"score=2,idx=28589,zone=46631",1277,ERROR,'<' not supported between instances of 'NoneType' and 'float'
