firm_cik,firm_ticker,fiscal_year,filename,filing_date,period_end_date,asset_category,useful_life_text,useful_life_min_years,useful_life_max_years,policy_change,policy_change_text,ai_infra_text,ai_infra_source,segment_ai_text,hardware_mentions,hardware_count,source_section,section_title,confidence,ambiguity_flag,ambiguity_detail,item8_method,item8_segment_count,extraction_status,error_message
0000075677,PKG,2013,0000075677_PKG_FY2013_10K.html,,"December 31, 2013","technology, capitalized software","The costs attributable to these software systems are amortized over their estimated useful lives based on various factors such as the effects of obsolescence, technology and other economic factors.",,,No,,Not disclosed,,Not disclosed,,0,item_8_other,,1,False,,"score=3,idx=11601,zone=23550",491,OK,
0000075677,PKG,2014,0000075677_PKG_FY2014_10K.html,,"December 31, 2014","technology, capitalized software","The costs attributable to these software systems are amortized over their estimated useful lives based on various factors such as the effects of obsolescence, technology, and other economic factors.",,,Yes,"of incremental depreciation expense primarily related to shortening the useful lives of assets at the DeRidder, Louisiana, mill, related primarily to the newsprint business which we exited in 2014.",Not disclosed,,Not disclosed,,0,item_8_other,,1,False,,"score=3,idx=14478,zone=23872",494,OK,
0000075677,PKG,2015,0000075677_PKG_FY2015_10K.html,,"December 31, 2015","technology, capitalized software","The costs attributable to these software systems are amortized over their estimated useful lives based on various factors such as the effects of obsolescence, technology, and other economic factors.",,,Yes,", respectively, of incremental depreciation expense primarily related to shortening the useful lives of assets related to the restructuring at the DeRidder, Louisiana, mill.",Not disclosed,,Not disclosed,,0,item_8_other,,1,False,,"score=3,idx=14037,zone=23091",495,OK,
0000075677,PKG,2016,0000075677_PKG_FY2016_10K.html,,"December 31, 2016","technology, capitalized software","The costs attributable to these software systems are amortized over their estimated useful lives based on various factors such as the effects of obsolescence, technology, and other economic factors.",,,Yes,", respectively, of incremental depreciation expense primarily related to shortening the useful lives of assets related to the restructuring at the DeRidder, Louisiana, mill.",Not disclosed,,Not disclosed,,0,item_8_other,,1,False,,"score=3,idx=13606,zone=22586",529,OK,
0000075677,PKG,2017,0000075677_PKG_FY2017_10K.html,,"December 31, 2017",Machinery and equipment,Year Ended December 31 2017 2016 Buildings $ 0.3 $ 0.3 Machinery and equipment 28.5 28.5 Total 28.8 28.8 Less accumulated amortization (15.2 ) (13.7 ) Total $ 13.6 $ 15.1,,,Yes,"The amount of depreciation expense was $347.8 million, $324.1 million, and $323.0 million for the years ended December 31, 2017, 2016, and 2015, respectively. In 2017, we recognized incremental depreciation expense of $10.5 million, primarily related to the announced second quarter 2018 discontinuation of uncoated free sheet and coated one-side grades at the Wallula, Washington mill associated with the conversion of the No. 3 paper machine to a high-performance 100% virgin kraft linerboard machine. In 2016, we recognized incremental depreciation expense of $2.9 million, primarily related to facilities closure costs and the Wallula, Washington mill restructuring due to the discontinuation of market pulp production. During the year ended December 31, 2015, we recognized $9.0 million of incremental depreciation expense primarily related to shortening the useful lives of assets related to the restructuring at the DeRidder, Louisiana, mill.",Not disclosed,,Not disclosed,,0,significant_accounting_policies,"18. Commitments, Guarantees, Indemnifications, and Legal Proceedings",3,False,,"score=3,idx=10472,zone=17479",885,OK,
0000075677,PKG,2018,0000075677_PKG_FY2018_10K.html,,"December 31, 2018",Machinery and equipment,"Year Ended December 31, 2018 2017 Buildings $ 0.3 $ 0.3 Machinery and equipment 28.5 28.5 Total 28.8 28.8 Less accumulated amortization (16.7 ) (15.2 ) Total $ 12.1 $ 13.6",,,No,,Not disclosed,,Not disclosed,,0,significant_accounting_policies,3. Revenue,3,False,,"score=3,idx=9924,zone=18300",913,OK,
0000075677,PKG,2019,0000075677_PKG_FY2019_10K.html,,2020-01-15,Machinery and equipment,"Year Ended December 31, 2019 2018 Buildings $ 0.3 $ 0.3 Machinery and equipment 28.5 28.5 Total 28.8 28.8 Less accumulated amortization (18.1 ) (16.7 ) Total $ 10.7 $ 12.1 Current portion of finance lease obligations $ 1.5 $ 1.4 Long-term portion of finance lease obligations 16.0 17.6 Total finance lease obligations $ 17.5 $ 19.0",,,No,,Not disclosed,,"During 2019, the Company early adopted ASU 2018-15, Intangibles – Goodwill and Other – Internal Use Software (Subtopic 350-40): Customer’s Accounting for Implementation Costs Incurred in a Cloud Computing Arrangement That Is a Service Contract , which includes amendments to align the accounting for costs incurred to implement a cloud computing arrangement that is a service contract with the guidance on capitalizing costs associated with developing or obtaining internal-use software. Capitalized costs associated with cloud computing arrangements were immaterial for 2019. ||| Effective October 1, 2019, we early adopted ASU 2018-15, Intangibles – Goodwill and Other – Internal Use Software (Subtopic 350-40): Customer’s Accounting for Implementation Costs Incurred in a Cloud Computing Arrangement That Is a Service Contract , which includes amendments to align the accounting for costs incurred to implement a cloud computing arrangement that is a service contract with the guidance on capitalizing costs associated with developing or obtaining internal-use software. The accounting for the service component of a hosting arrangement that is a service contract is not affected by the amendments in this update. This guidance will be applied prospectively. The adoption of this guidance did not have a material impact on the Company’s financial condition, results of operations, or cash flows. ||| Customer’s Accounting for Implementation Costs Incurred in a Cloud Computing Arrangement That Is a Service Contract",,0,significant_accounting_policies,2. Summary of Significant Accounting Policies,3,False,,"score=3,idx=11803,zone=18663",938,OK,
0000075677,PKG,2020,0000075677_PKG_FY2020_10K.html,,2021-01-15,Machinery and equipment,"Year Ended December 31, 2020 2019 Buildings $ 0.3 $ 0.3 Machinery and equipment 28.5 28.5 Total 28.8 28.8 Less accumulated amortization (19.6 ) (18.1 ) Total $ 9.2 $ 10.7 Current portion of finance lease obligations $ 1.6 $ 1.5 Long-term portion of finance lease obligations 14.4 16.0 Total finance lease obligations $ 16.0 $ 17.5",,,No,,Not disclosed,,"During 2019, the Company early adopted ASU 2018-15, Intangibles – Goodwill and Other – Internal Use Software (Subtopic 350-40): Customer’s Accounting for Implementation Costs Incurred in a Cloud Computing Arrangement That Is a Service Contract , which includes amendments to align the accounting for costs incurred to implement a cloud computing arrangement that is a service contract with the guidance on capitalizing costs associated with developing or obtaining internal-use software. As of December 31, 2020, capitalized costs associated with cloud computing arrangements were $4.0 million. These costs were immaterial as of December 31, 2019. ||| Customer’s Accounting for Implementation Costs Incurred in a Cloud Computing Arrangement That Is a Service Contract",,0,significant_accounting_policies,Note 13,3,False,,"score=3,idx=11808,zone=19867",932,OK,
0000075677,PKG,2021,0000075677_PKG_FY2021_10K.html,,"December 31, 2021",Equipment,"When property and equipment are retired, sold, or otherwise disposed of, the asset's carrying amount and related accumulated depreciation are removed from the accounts and any gain or loss is included in “Net income” in our Consolidated Statements of Income.",,,No,,Not disclosed,,"During 2019, the Company early adopted ASU 2018-15, Intangibles – Goodwill and Other – Internal Use Software (Subtopic 350-40): Customer’s Accounting for Implementation Costs Incurred in a Cloud Computing Arrangement That Is a Service Contract , which includes amendments to align the accounting for costs incurred to implement a cloud computing arrangement that is a service contract with the guidance on capitalizing costs associated with developing or obtaining internal-use software. As of December 31, 2021 and 2020, capitalized costs associated with cloud computing arrangements were $ 2.8 million and $ 4.0 million, respectively. ||| Customer’s Accounting for Implementation Costs Incurred in a Cloud Computing Arrangement That Is a Service Contract ||| which includes amendments to align the accounting for costs incurred to implement a cloud computing arrangement that is a service contract with the guidance on capitalizing costs associated with developing or obtaining internal-use software. As of December 31, 2021 and 2020, capitalized costs associated with cloud computing arrangements were $",,0,significant_accounting_policies,2. Summary of Significant Accounting Policies,3,False,,"score=4,idx=13065,zone=28462",1085,OK,
0000075677,PKG,2022,0000075677_PKG_FY2022_10K.html,,2023-01-13,equipment,"When property and equipment are retired, sold, or otherwise disposed of, the asset's carrying amount and related accumulated depreciation are removed from the accounts and any gain or loss is included in “Other expense, net” in our Consolidated Statements of Income.",,,No,,Not disclosed,,"The Company accounts for costs incurred to implement a cloud computing arrangement that is a service contract under ASU 2018-15, Intangibles – Goodwill and Other – Internal Use Software (Subtopic 350-40) : Customer’s Accounting for Implementation Costs Incurred in a Cloud Computing Arrangement That Is a Service Contract. This ASU includes guidance on capitalizing costs associated with developing or obtaining internal-use software. As of December 31, 2022 and 2021, capitalized costs associated with cloud computing arrangements were $ 1.6 million and $ 2.8 million, respectively. ||| Deferred Software Costs PCA capitalizes costs related to the purchase and development of software, which is used in its business operations. The costs attributable to these software systems are amortized over their estimated useful lives based on various factors such as the effects of obsolescence, technology, and other economic factors. Net capitalized software costs recorded in “Other long-term assets” on our Consolidated Balance Sheets were $ 3.0 million and $ 3.3 million for the years ended December 31, 2022 and 2021, respectively. Software amortization expense was $ 1.6 million for both the years ended December 31, 2022 and 2021 and $ 1.1 million for the year ended December 31, 2020. The Company accounts for costs incurred to implement a cloud computing arrangement that is a service contract under ASU 2018-15, Intangibles – Goodwill and Other – Internal Use Software (Subtopic 350-40) : Customer’s Accounting for Implementation Costs Incurred in a Cloud Computing Arrangement That Is a Service Contract. This ASU includes guidance on capitalizing costs associated with developing or obtaining internal-use software. As of December 31, 2022 and 2021, capitalized costs associated with cloud computing arrangements were $ 1.6 million and $ 2.8 million, respectively. ||| The Company accounts for costs incurred to implement a cloud computing arrangement that is a service contract under ASU 2018-15,",B200,1,significant_accounting_policies,2. Summary of Significant Accounting Policies,3,False,,"score=4,idx=12297,zone=28266",1054,OK,
0000075677,PKG,2023,0000075677_PKG_FY2023_10K.html,,2024-01-16,equipment,"When property and equipment are retired, sold, or otherwise disposed of, the asset's carrying amount and related accumulated depreciation are removed from the accounts and any gain or loss is included in “Other expense, net” in our Consolidated Statements of Income.",,,No,,Not disclosed,,"The Company accounts for costs incurred to implement a cloud computing arrangement that is a service contract under ASU 2018-15, Intangibles – Goodwill and Other – Internal Use Software (Subtopic 350-40) : Customer’s Accounting for Implementation Costs Incurred in a Cloud Computing Arrangement That Is a Service Contract. This ASU includes guidance on capitalizing costs associated with developing or obtaining internal-use software. As of December 31, 2023 and 2022, capitalized costs associated with cloud computing arrangements were $ 0.3 million and $ 1.6 million, respectively. ||| Deferred Software Costs PCA capitalizes costs related to the purchase and development of software, which is used in its business operations. The costs attributable to these software systems are amortized over their estimated useful lives based on various factors such as the effects of obsolescence, technology, and other economic factors. Net capitalized software costs recorded in “Other long-term assets” on our Consolidated Balance Sheets were $ 1.9 million and $ 3.0 million for the years ended December 31, 2023 and 2022, respectively. Software amortization expense was $ 1.4 million for the year ended, December 31, 2023, and $ 1.6 million for both the years ended December 31, 2022 and 2021. The Company accounts for costs incurred to implement a cloud computing arrangement that is a service contract under ASU 2018-15, Intangibles – Goodwill and Other – Internal Use Software (Subtopic 350-40) : Customer’s Accounting for Implementation Costs Incurred in a Cloud Computing Arrangement That Is a Service Contract. This ASU includes guidance on capitalizing costs associated with developing or obtaining internal-use software. As of December 31, 2023 and 2022, capitalized costs associated with cloud computing arrangements were $ 0.3 million and $ 1.6 million, respectively. ||| The Company accounts for costs incurred to implement a cloud computing arrangement that is a service contract under ASU 2018-15,",,0,significant_accounting_policies,2. Summary of Significant Accounting Policies,3,False,,"score=4,idx=11521,zone=27839",1041,OK,
0000075677,PKG,2024,0000075677_PKG_FY2024_10K.html,,2024-12-31,equipment,"When property and equipment are retired, sold, or otherwise disposed of, the asset’s carrying amount and related accumulated depreciation are removed from the accounts and any gain or loss is included in “Other expense, net” in our Consolidated Statements of Income.",,,No,,Not disclosed,,"The Company accounts for costs incurred to implement a cloud computing arrangement that is a service contract under ASU 2018-15, Intangibles – Goodwill and Other – Internal Use Software (Subtopic 350-40) : Customer’s Accounting for Implementation Costs Incurred in a Cloud Computing Arrangement That Is a Service Contract. This ASU includes guidance on capitalizing costs associated with developing or obtaining internal-use software. For the years ended December 31, 2024 and 2023, capitalized costs associated with cloud computing arrangements were insignificant. ||| Deferred Software Costs PCA capitalizes costs related to the purchase and development of software, which is used in its business operations. The costs attributable to these software systems are amortized over their estimated useful lives based on various factors such as the effects of obsolescence, technology, and other economic factors. Net capitalized software costs recorded in “Other long-term assets” on our Consolidated Balance Sheets were $ 1.0 million and $ 1.9 million for the years ended December 31, 2024 and 2023, respectively. Software amortization expense was $ 0.6 million for the year ended, December 31, 2024, $ 1.4 million for the year ended, December 31, 2023, and $ 1.6 million for the year ended December 31, 2022. The Company accounts for costs incurred to implement a cloud computing arrangement that is a service contract under ASU 2018-15, Intangibles – Goodwill and Other – Internal Use Software (Subtopic 350-40) : Customer’s Accounting for Implementation Costs Incurred in a Cloud Computing Arrangement That Is a Service Contract. This ASU includes guidance on capitalizing costs associated with developing or obtaining internal-use software. For the years ended December 31, 2024 and 2023, capitalized costs associated with cloud computing arrangements were insignificant. ||| The Company accounts for costs incurred to implement a cloud computing arrangement that is a service contract under ASU 2018-15,",B100,1,significant_accounting_policies,2. Summary of Significant Accounting Policies,3,False,,"score=4,idx=11655,zone=28301",1014,OK,
0000704532,ONTO,2013,0000704532_ONTO_FY2013_10K.html,,"December 28, 2013",equipment,"– Property, plant and equipment are stated at cost. Depreciation is computed using the straight–line method over the following estimated useful lives of the assets:",,,No,,Not disclosed,,Not disclosed,,0,significant_accounting_policies,"Note 1. Nature of Business, Basis of Presentation and Significant Accounting Policies",3,False,,"score=7,idx=9581,zone=16524",757,OK,
0000704532,ONTO,2014,0000704532_ONTO_FY2014_10K.html,,"DECEMBER 27, 2014","equipment, Machinery and equipment, Furniture and fixtures","Consolidated Balance Sheets At December 27, 2014 December 28, 2013 Inventories: Raw materials and sub-assemblies $ 19,463 $ 19,655 Work in process 7,723 7,597 Finished goods 7,919 7,268 Inventories 35,105 34,520 Inventories-delivered systems 1,912 6,901 Total inventories $ 37,017 $ 41,421 Property, plant and equipment, net (1) : Land $ 15,572 $ 15,569 Building and improvements 19,641 19,403 Machinery and equipment 29,456 27,820 Furniture and fixtures 2,225 2,308 Software 7,942 1,851 Capital in progress 3,512 5,833 Total property, plant and equipment, gross 78,348 72,784 Accumulated depreciation and amortization (28,715 ) (25,345 ) Total property, plant and equipment, net $ 49,633 $ 47,439 (1) Total depreciation and amortization expense for the years ended December 27, 2014, December 28, 2013, and December 29, 2012 was $6.6 million, $5.4 million, and $4.8 million, respectively.",,,No,,Not disclosed,,Not disclosed,,0,significant_accounting_policies,"Note 16. Segment, Geographic, Product and Significant Customer Information",3,False,,"score=7,idx=9221,zone=17164",667,OK,
0000704532,ONTO,2015,0000704532_ONTO_FY2015_10K.html,,"December 26, 2015","equipment, Machinery and equipment, Furniture and fixtures","At December 26, 2015 December 27, 2014 Inventories: Raw materials and sub-assemblies $ 26,784 $ 19,463 Work in process 12,862 7,723 Finished goods 8,103 7,919 Inventories 47,749 35,105 Inventories-delivered systems 2,856 1,912 Total inventories $ 50,605 $ 37,017 Property, plant and equipment, net: (1) Land $ 15,569 $ 15,572 Building and improvements 20,158 19,641 Machinery and equipment 32,995 29,456 Furniture and fixtures 2,266 2,225 Software 8,245 7,942 Capital in progress 1,328 3,512 Total property, plant and equipment, gross 80,561 78,348 Accumulated depreciation and amortization (36,068 ) (28,715 ) Total property, plant and equipment, net $ 44,493 $ 49,633 (1) Total depreciation and amortization expense for the years ended December 26, 2015, December 27, 2014 and December 28, 2013 was $6.9 million, $6.6 million, and $5.4 million, respectively.",,,No,,Not disclosed,,Not disclosed,,0,significant_accounting_policies,"Note 16. Segment, Geographic, Product and Significant Customer Information",3,False,,"score=6,idx=6176,zone=14226",587,OK,
0000704532,ONTO,2016,0000704532_ONTO_FY2016_10K.html,,"December 31, 2016","equipment, Machinery and equipment, Furniture and fixtures","At December 31, 2016 December 26, 2015 Inventories: Raw materials and sub-assemblies $ 23,506 $ 26,784 Work in process 10,347 12,862 Finished goods 4,984 8,103 Inventories 38,837 47,749 Inventories-delivered systems 2,457 2,856 Total inventories $ 41,294 $ 50,605 Property, plant and equipment, net: (1) Land $ 15,568 $ 15,569 Building and improvements 20,532 20,158 Machinery and equipment 35,659 32,995 Furniture and fixtures 2,282 2,266 Software 9,756 8,245 Capital in progress 2,748 1,328 Total property, plant and equipment, gross 86,545 80,561 Accumulated depreciation and amortization (42,319 ) (36,068 ) Total property, plant and equipment, net $ 44,226 $ 44,493 (1) Total depreciation and amortization expense for the years ended December 31, 2016, December 26, 2015 and December 27, 2014 was $6.8 million, $6.9 million, and $6.6 million, respectively.",,,No,,Not disclosed,,Not disclosed,,0,significant_accounting_policies,"Note 16. Segment, Geographic, Product and Significant Customer Information",3,False,,"score=6,idx=6619,zone=14923",583,OK,
0000704532,ONTO,2017,0000704532_ONTO_FY2017_10K.html,,"December 30, 2017","equipment, Machinery and equipment, Furniture and fixtures","At December 30, 2017 December 31, 2016 Inventories: Raw materials and sub-assemblies $ 32,187 $ 23,506 Work in process 13,498 10,347 Finished goods 7,175 4,984 Inventories 52,860 38,837 Inventories-delivered systems 1,534 2,457 Total inventories $ 54,394 $ 41,294 Property, plant and equipment, net: (1) Land $ 15,573 $ 15,568 Building and improvements 20,880 20,532 Machinery and equipment 36,380 35,659 Furniture and fixtures 2,420 2,282 Software 9,558 9,756 Capital in progress 4,418 2,748 Total property, plant and equipment, gross 89,229 86,545 Accumulated depreciation and amortization (44,419 ) (42,319 ) Total property, plant and equipment, net $ 44,810 $ 44,226 (1) Total depreciation and amortization expense for the years ended December 30, 2017, December 31, 2016 and December 26, 2015 was $6.7 million, $6.8 million, and $6.9 million, respectively.",,,No,,Not disclosed,,Not disclosed,,0,significant_accounting_policies,"Note 14. Segment, Geographic, Product and Significant Customer Information",3,False,,"score=6,idx=6161,zone=14433",573,OK,
0000704532,ONTO,2018,0000704532_ONTO_FY2018_10K.html,,"December 29, 2018","equipment, Machinery and equipment, Furniture and fixtures","At December 29, 2018 December 30, 2017 Inventories: Raw materials and sub-assemblies $ 31,434 $ 32,187 Work in process 22,383 13,498 Finished goods 8,098 7,175 Inventories 61,915 52,860 Inventories-delivered systems 180 1,534 Total inventories $ 62,095 $ 54,394 Property, plant and equipment, net: (1) Land $ 15,571 $ 15,573 Building and improvements 21,354 20,880 Machinery and equipment 39,898 36,380 Furniture and fixtures 2,551 2,420 Software 10,116 9,558 Capital in progress 6,027 4,418 Total property, plant and equipment, gross 95,517 89,229 Accumulated depreciation and amortization (47,617 ) (44,419 ) Total property, plant and equipment, net $ 47,900 $ 44,810 (1) Total depreciation and amortization expense for the years ended December 29, 2018, December 30, 2017 and December 31, 2016 was $6.5 million, $6.7 million, and $6.8 million, respectively.",,,No,,Not disclosed,,"In August 2018, the FASB issued an accounting standard update to provide additional guidance on the accounting for costs of implementation activities performed in a cloud computing arrangement. The amendments in this update align the requirements for capitalizing implementation costs incurred in a hosting arrangement that is a service contract with the requirements for capitalizing implementation costs incurred to develop or obtain internal-use software and hosting arrangements that include an internal-use software license. The accounting for the service element of a hosting arrangement that is a service contract is not affected by the amendments in this update. The amendments in this update are effective for public business entities for fiscal years beginning after December 15, 2019, and interim periods within those fiscal years. Early adoption is permitted. The amendments in this update should be applied retrospectively or prospectively to all implementation costs incurred after the date of adoption. The Company is currently evaluating the effect of this update on its consolidated financial condition and results of operations.",,0,significant_accounting_policies,"Note 15. Segment, Geographic, and Significant Customer Information",3,False,,"score=6,idx=5199,zone=14365",593,OK,
0000704532,ONTO,2019,0000704532_ONTO_FY2019_10K.html,,2019-12-31,Not disclosed,Not disclosed,,,No,,"Our business is affected by the annual spending patterns of our customers on semiconductor capital equipment. The amount that our customers devote to capital equipment spending depends on a number of factors, including general worldwide economic conditions as well as other economic drivers such as personal computers, mobile devices, data centers, artificial intelligence and automotive sales. Current forecasts by industry analysts for the semiconductor device manufacturing industry project capital equipment spending to increase approximately 5% to 8% for 2020 as compared to 2019. Our revenue and profitability tend to follow the trends of certain segments within the semiconductor market.",MD&A (Item 7),Not disclosed,,0,unknown,,0,False,,"score=3,idx=7620,zone=11",2,OK,
0000704532,ONTO,2020,0000704532_ONTO_FY2020_10K.html,,2020-12-26,Not disclosed,Not disclosed,,,No,,"Our business is affected by the annual spending patterns of our customers on semiconductor capital equipment. The amount that our customers devote to capital equipment spending depends on a number of factors, including general worldwide economic conditions as well as other economic drivers such as personal computers, mobile devices, data centers, artificial intelligence and automotive sales. Current forecasts by industry analysts for the semiconductor device manufacturing industry project capital equipment spending to increase approximately 14% to 16% for 2021 as compared to 2020. Our revenue and profitability tend to follow the trends of certain segments within the semiconductor market.",MD&A (Item 7),Not disclosed,,0,unknown,,0,False,,"score=3,idx=7108,zone=4",2,OK,
0000704532,ONTO,2021,0000704532_ONTO_FY2021_10K.html,,"January 1, 2022",Not disclosed,Not disclosed,,,No,,Not disclosed,,"During fiscal 2021, there was an increase in wafer fabrication equipment spending by semiconductor manufacturers, driven by the growing importance of semiconductor technology across a broadening range of industries, from mobile devices to cloud computing and high-performance computers. We are also seeing increasing global emphasis on more advanced power devices for electric vehicles and smart power grids to help combat climate change. Customer demand was strong throughout the year and we continued to increase our production output levels. Revenues in the four quarters of 2021 increased sequentially as customers transitioned to advanced nodes and increased advanced packaging volumes. While we have seen improvements in our own operations, we experienced higher costs of goods sold related to freight and logistics costs during the year. Risks and uncertainties related to the COVID-19 pandemic and the supply chain remain and we expect this uncertainty especially in the supply chain to continue to be a factor through at least the first half of 2022, and possibly the entire year. Over the longer term, we believe that demand for semiconductors will continue to drive sustainable growth for our products and services across all of the markets we serve.",,0,unknown,,0,False,,"score=3,idx=7304,zone=4",2,OK,
0000704532,ONTO,2022,0000704532_ONTO_FY2022_10K.html,,"December 31, 2022",Not disclosed,Not disclosed,,,No,,Not disclosed,,Not disclosed,,0,unknown,,0,False,,"score=4,idx=7651,zone=4",2,OK,
0000704532,ONTO,2023,0000704532_ONTO_FY2023_10K.html,,2023-12-30,Not disclosed,Not disclosed,,,No,,Not disclosed,,Not disclosed,B100;B200,2,unknown,,0,False,,"score=4,idx=7602,zone=4",2,OK,
0000704532,ONTO,2024,0000704532_ONTO_FY2024_10K.html,,2024-12-28,Not disclosed,Not disclosed,,,No,,Not disclosed,,Not disclosed,B100,1,unknown,,0,False,,"score=4,idx=7848,zone=4",2,OK,
0001038074,SLAB,2013,0001038074_SLAB_FY2013_10K.html,,"December 28, 2013",Not disclosed,Not disclosed,,,No,,Not disclosed,,"family
of universal digital video broadcast (DVB) demodulators that support the latest worldwide DVB standards for cable, terrestrial and satellite reception; a low-jitter, low-power and
frequency-flexible timing solution for high-speed networking equipment based on the Synchronous Ethernet (SyncE) standard; a new family of silicon TV tuners offering high performance, integration and
low system cost while supporting all worldwide terrestrial and cable TV standards; highly integrated, feature-rich 8-bit MCUs optimized for cost-sensitive motor control applications; highly integrated
microelectromechanical system (MEMS) oscillators based on our CMEMS (CMOS+MEMS) technology and designed to replace general-purpose crystal oscillators (XOs) in cost-sensitive, low-power and
high-volume industrial, embedded and consumer electronics applications; ultra-small and low-power PCI Express (PCIe) clock generators; XOs that meet ultra-low jitter requirements for cloud computing
and networking equipment; digital CMOS-based drop-in replacement solutions for opto-drivers; a single-chip digital radio receiver developed for the global portable and consumer electronics markets;
next-generation analog-tuned, analog/digital-display (ATxD) multiband radio ICs; and a high-performance, ultra-low-power sub-GHz wireless transceiver optimized for China's smart metering market. We
plan to continue to introduce products that increase the content we provide for existing applications, thereby enabling us to serve markets we do not currently address and expanding our total
available market opportunity. ||| Recent
development projects include a new family of sub-GHz wireless MCUs optimized for power-sensitive, battery-powered systems with RF connectivity; a high-performance bridge
controller for USB connectivity applications; RH and temperature sensors that simplify RH sensing designs while providing power efficiency and ease of use; the EFM32 Zero Gecko MCU family designed to
achieve low system energy consumption for a wide range of battery-powered applications; a family of universal DVB demodulators that support the latest worldwide DVB standards for cable, terrestrial
and satellite reception; a low-jitter, low-power and frequency-flexible timing solution for high-speed networking equipment based on the SyncE standard; a new family of silicon TV tuners offering high
performance, integration and low system cost while supporting all worldwide terrestrial and cable TV standards; highly integrated, feature-rich 8-bit MCUs optimized for cost-sensitive motor control
applications;
highly integrated MEMS oscillators based on our CMEMS technology and designed to replace general-purpose XOs in cost-sensitive, low-power and high-volume industrial, embedded and consumer electronics
applications; ultra-small and low-power PCIe clock generators; XOs that meet ultra-low jitter requirements for cloud computing and networking equipment; digital CMOS-based drop-in replacement
solutions for opto-drivers; a single-chip digital radio receiver developed for the global portable and consumer electronics markets; next-generation analog-tuned, analog/digital-display (ATxD)
multiband radio ICs; and a high-performance, ultra-low-power sub-GHz wireless transceiver optimized for China's smart metering market.",,0,unknown,,0,False,,"score=4,idx=7931,zone=4",1,OK,
0001038074,SLAB,2014,0001038074_SLAB_FY2014_10K.html,,"January 3, 2015",Not disclosed,Not disclosed,,,No,,"In
fiscal 2014, we introduced digital TV demodulators offering expanded support for emerging and established satellite, terrestrial and cable standards; a new family of PCI Express
(PCIe) Gen1/2/3 fanout buffers designed for data center applications; next-generation EZRadio and EZRadioPRO® wireless ICs offering outstanding power efficiency, wireless range and
flexibility; the sixth generation of our high-performance TV tuner ICs addressing global hybrid TV and digital TV markets; a small PCIe-compliant clock generator targeting consumer and embedded
applications; sensor development kits to accelerate Internet of Things (IoT) system design; high-performance automotive tuner ICs designed to enhance AM/FM digital radio performance for car radio
systems supporting broadcast",MD&A (Item 7),Not disclosed,,0,unknown,,0,False,,"score=4,idx=7933,zone=4",1,OK,
0001038074,SLAB,2015,0001038074_SLAB_FY2015_10K.html,,"January 2, 2016",Not disclosed,Not disclosed,,,No,,Not disclosed,,Not disclosed,,0,unknown,,0,False,,"score=4,idx=8040,zone=4",1,OK,
0001038074,SLAB,2016,0001038074_SLAB_FY2016_10K.html,,"December 31, 2016",Not disclosed,Not disclosed,,,No,,Not disclosed,,Not disclosed,,0,unknown,,0,False,,"score=4,idx=8147,zone=4",1,OK,
0001038074,SLAB,2017,0001038074_SLAB_FY2017_10K.html,,"December 30, 2017",Not disclosed,Not disclosed,,,No,,Not disclosed,,Not disclosed,,0,unknown,,0,False,,"score=4,idx=8229,zone=12",1,OK,
0001038074,SLAB,2018,0001038074_SLAB_FY2018_10K.html,,"December 29, 2018",Not disclosed,Not disclosed,,,No,,Not disclosed,,Not disclosed,,0,unknown,,0,False,,"score=4,idx=8129,zone=4",1,OK,
0001038074,SLAB,2019,0001038074_SLAB_FY2019_10K.html,,"December 28, 2019",Not disclosed,Not disclosed,,,No,,Not disclosed,,Not disclosed,,0,unknown,,0,False,,"score=6,idx=9480,zone=6",2,OK,
0001038074,SLAB,2020,0001038074_SLAB_FY2020_10K.html,,"January 2, 2021",Not disclosed,Not disclosed,,,No,,Not disclosed,,Not disclosed,,0,unknown,,0,False,,"score=6,idx=8163,zone=6",2,OK,
0001038074,SLAB,2021,0001038074_SLAB_FY2021_10K.html,,2022-01-01,Not disclosed,Not disclosed,,,No,,Not disclosed,,Not disclosed,,0,unknown,,0,False,,"score=6,idx=7839,zone=4",2,OK,
0001038074,SLAB,2022,0001038074_SLAB_FY2022_10K.html,,"December 31, 2022",Not disclosed,Not disclosed,,,No,,Not disclosed,,Not disclosed,,0,unknown,,0,False,,"score=6,idx=6910,zone=14",2,OK,
0001038074,SLAB,2023,0001038074_SLAB_FY2023_10K.html,,"December 30, 2023",Not disclosed,Not disclosed,,,No,,Not disclosed,,Not disclosed,,0,unknown,,0,False,,"score=6,idx=6728,zone=4",2,OK,
0001038074,SLAB,2024,0001038074_SLAB_FY2024_10K.html,,2024-12-28,Not disclosed,Not disclosed,,,No,,Not disclosed,,Not disclosed,,0,unknown,,0,False,,"score=2,idx=4807,zone=4",2,OK,
0001069258,KTOS,2013,0001069258_KTOS_FY2013_10K.html,,"DECEMBER 29, 2013",Not disclosed,Not disclosed,,,No,,"Our KGS segment provides C5ISR products, solutions and services primarily for strategic mission critical national security programs and priorities. Our primary end customers in the KGS segment are U.S. Government agencies, including the Department of Defense (""DoD""), classified agencies, intelligence agencies, civilian agencies, other national security agencies and homeland security related agencies. Our work includes electronic warfare/attack and intelligence, reconnaissance and surveillance; satellite command and control, satellite communications support, signal monitoring, interference detection and geolocation; unmanned aerial systems and unmanned ground systems; ballistic missile defense test and evaluation; cyber and IT; learning, performance and training solutions; missile range operations and technical services; weapon systems lifecycle sustainment, support and extension; manufacturing of specialized tactical combat products, shelters and enclosures for C5ISR systems, UAVs, modular data centers and critical infrastructure shelters, weapons systems and warfighters.",MD&A (Item 7),Not disclosed,,0,unknown,,0,False,,"score=4,idx=9501,zone=12",2,OK,
0001069258,KTOS,2014,0001069258_KTOS_FY2014_10K.html,,"DECEMBER 28, 2014",Not disclosed,Not disclosed,,,No,,"Our KGS segment provides C5ISR products, solutions and services primarily for strategic mission critical national security programs and priorities. Our primary end customers in the KGS segment are U.S. Government agencies, including the Department of Defense (""DoD""), classified agencies, intelligence agencies, civilian agencies, other national security agencies and homeland security related agencies. Our work includes electronic warfare/attack and intelligence, reconnaissance and surveillance; satellite command and control, satellite communications support, signal monitoring, interference detection and geolocation; unmanned aerial systems and unmanned ground systems; ballistic missile defense test and evaluation; cyber and IT; learning, performance and training solutions; missile range operations and technical services; weapon systems lifecycle sustainment, support and extension; manufacturing of specialized tactical combat products, shelters and enclosures for C5ISR systems, UAVs, modular data centers and critical infrastructure shelters, weapons systems and warfighters.",MD&A (Item 7),Not disclosed,,0,unknown,,0,False,,"score=4,idx=9748,zone=12",2,OK,
0001069258,KTOS,2015,0001069258_KTOS_FY2015_10K.html,,"DECEMBER 27, 2015",Not disclosed,Not disclosed,,,No,,Not disclosed,,Not disclosed,,0,unknown,,0,False,,"score=4,idx=9536,zone=12",2,OK,
0001069258,KTOS,2016,0001069258_KTOS_FY2016_10K.html,,"DECEMBER 25, 2016",Not disclosed,Not disclosed,,,No,,Not disclosed,,Not disclosed,,0,unknown,,0,False,,"score=4,idx=9336,zone=13",2,OK,
0001069258,KTOS,2017,0001069258_KTOS_FY2017_10K.html,,"DECEMBER 31, 2017",Not disclosed,Not disclosed,,,No,,Not disclosed,,Not disclosed,,0,unknown,,0,False,,"score=4,idx=9576,zone=13",2,OK,
0001069258,KTOS,2018,0001069258_KTOS_FY2018_10K.html,,"DECEMBER 30, 2018",Not disclosed,Not disclosed,,,No,,Not disclosed,,Not disclosed,,0,unknown,,0,False,,"score=4,idx=8882,zone=13",2,OK,
0001069258,KTOS,2019,0001069258_KTOS_FY2019_10K.html,,2019-12-29,Not disclosed,Not disclosed,,,No,,Not disclosed,,Not disclosed,,0,unknown,,0,False,,"score=4,idx=10241,zone=13",2,OK,
0001069258,KTOS,2020,0001069258_KTOS_FY2020_10K.html,,2020-12-27,Not disclosed,Not disclosed,,,No,,Not disclosed,,Not disclosed,B100,1,unknown,,0,False,,"score=2,idx=7683,zone=11",2,OK,
0001069258,KTOS,2021,0001069258_KTOS_FY2021_10K.html,,2022-03-14,Not disclosed,Not disclosed,,,No,,Not disclosed,,Not disclosed,,0,unknown,,0,False,,"score=2,idx=6922,zone=11",2,OK,
0001069258,KTOS,2022,0001069258_KTOS_FY2022_10K.html,,2022-12-25,Not disclosed,Not disclosed,,,No,,Not disclosed,,Not disclosed,,0,unknown,,0,False,,"score=2,idx=7198,zone=11",2,OK,
0001069258,KTOS,2023,0001069258_KTOS_FY2023_10K.html,,"DECEMBER 31, 2023",Not disclosed,Not disclosed,,,No,,Not disclosed,,Not disclosed,,0,unknown,,0,False,,"score=2,idx=7179,zone=11",2,OK,
0001069258,KTOS,2024,0001069258_KTOS_FY2024_10K.html,,"DECEMBER 29, 2024",Not disclosed,Not disclosed,,,No,,Not disclosed,,Not disclosed,,0,unknown,,0,False,,"score=2,idx=7279,zone=11",2,OK,
0001077183,NEO,2013,0001077183_NEO_FY2013_10K.html,,"December 31, 2013",Not disclosed,Not disclosed,,,Unclear,"The Company prepares
its consolidated financial statements in conformity with accounting principles generally accepted in the United States of America. These principles require management to make estimates, judgments and assumptions that affect the reported amounts of
assets, liabilities, revenues and expenses, together with amounts disclosed in the related notes to the consolidated financial statements. Actual results and outcomes may differ from management’s estimates, judgments and assumptions.
Significant estimates, judgments and assumptions used in these consolidated financial statements include, but are not limited to, those related to revenues, accounts receivable and related allowances, contingencies, useful lives and recovery of
long-term assets, income taxes, and the fair value of stock-based compensation. These estimates, judgments, and assumptions are reviewed periodically and the effects of material revisions in estimates are reflected in the consolidated financial
statements prospectively from the date of the change in estimate.",Not disclosed,,Not disclosed,,0,unknown,,0,False,,"score=7,idx=8282,zone=8199",363,OK,
0001077183,NEO,2014,0001077183_NEO_FY2014_10K.html,,"December 31, 2014",Not disclosed,Not disclosed,,,Unclear,"The Company prepares
its consolidated financial statements in conformity with accounting principles generally accepted in the United States of America. These principles require management to make estimates, judgments and assumptions that affect the reported amounts of
assets, liabilities, revenues and expenses, together with amounts disclosed in the related notes to the consolidated financial statements. Actual results and outcomes may differ from management’s estimates, judgments and assumptions.
Significant estimates, judgments and assumptions used in these consolidated financial statements include, but are not limited to, those related to revenues, accounts receivable and related allowances, contingencies, useful lives and recovery of
long-term assets and intangible assets, income taxes and valuation allowances, stock-based compensation and impairment analysis of goodwill. These estimates, judgments, and assumptions are reviewed periodically and the effects of material revisions
in estimates are reflected in the consolidated financial statements prospectively from the date of the change in estimate.",Not disclosed,,Not disclosed,,0,unknown,,0,False,,"score=7,idx=9525,zone=8207",408,OK,
0001077183,NEO,2015,0001077183_NEO_FY2015_10K.html,,"December 31, 2015","Equipment, Furniture and fixtures, Computer hardware, Computer software","2015 2014 Estimated Useful Lives in Years Equipment $ 34,040 $ 19,604 3-7 Leasehold improvements 9,349 3,541 2-5 Furniture and fixtures 4,398 1,982 7 Computer hardware 5,175 4,249 3 Computer software 7,717 5,033 2-3 Assets not yet placed in service 432 495 — Subtotal 61,111 34,904 Less accumulated depreciation and amortization (26,534 ) (19,822 ) Property and equipment, net $ 34,577 $ 15,082",,,Unclear,"The Company prepares its consolidated financial statements in conformity with accounting principles generally accepted in the United States of America. These principles require management to make estimates, judgments and assumptions that affect the reported amounts of assets, liabilities, revenues and expenses, together with amounts disclosed in the related notes to the consolidated financial statements. Actual results and outcomes may differ from management’s estimates, judgments and assumptions. Significant estimates, judgments and assumptions used in these consolidated financial statements include, but are not limited to, those related to revenues, accounts receivable and related allowances, contingencies, useful lives and recovery of long-term assets and intangible assets, income taxes and valuation allowances, stock-based compensation and impairment analysis of goodwill. These estimates, judgments, and assumptions are reviewed periodically and the effects of material revisions in estimates are reflected in the consolidated financial statements prospectively from the date of the change in estimate.",Not disclosed,,Not disclosed,,0,item_8_other,,1,False,,"score=7,idx=11415,zone=12876",695,OK,
0001077183,NEO,2016,0001077183_NEO_FY2016_10K.html,,"December 31, 2016",equipment,"Property and equipment are recorded at cost, net of accumulated depreciation and amortization. Property and equipment generally includes purchases of items with a cost greater than $1,000 and a useful life greater than one year. Leasehold improvements and property and equipment under capital leases are amortized over the shorter of the related lease terms or their estimated useful lives. Costs incurred in connection with the development of internal-use software are capitalized in accordance with the accounting standard for internal-use software, and are amortized over the expected useful life of the software.",1.0,,Unclear,"The Company prepares its consolidated financial statements in conformity with accounting principles generally accepted in the United States of America. These principles require management to make estimates, judgments and assumptions that affect the reported amounts of assets, liabilities, revenues and expenses, together with amounts disclosed in the related notes to the consolidated financial statements. Actual results and outcomes may differ from management’s estimates, judgments and assumptions. Significant estimates, judgments and assumptions used in these consolidated financial statements include, but are not limited to, those related to revenues, accounts receivable and related allowances, contingencies, useful lives and recovery of long-term assets and intangible assets, income taxes and valuation allowances, stock-based compensation and impairment analysis of goodwill. These estimates, judgments, and assumptions are reviewed periodically and the effects of material revisions in estimates are reflected in the consolidated financial statements prospectively from the date of the change in estimate.",Not disclosed,,Not disclosed,,0,item_8_other,,1,False,,"score=7,idx=11234,zone=14869",543,OK,
0001077183,NEO,2017,0001077183_NEO_FY2017_10K.html,,"December 31, 2017","software, and are amortized over the expected useful life of the software, generally","Property and equipment are recorded at cost, net of accumulated depreciation and amortization. Property and equipment generally includes purchases of items with a cost greater than $1,000 and a useful life greater than one year. Leasehold improvements and property and equipment under capital leases are amortized over the shorter of the related lease terms or their estimated useful lives. Costs incurred in connection with the development of internal-use software are capitalized in accordance with the accounting standard for internal-use software, and are amortized over the expected useful life of the software, generally 3-5 years.",3.0,5.0,Unclear,"The Company prepares its consolidated financial statements in conformity with accounting principles generally accepted in the United States of America. These principles require management to make estimates, judgments and assumptions that affect the reported amounts of assets, liabilities, revenues and expenses, together with amounts disclosed in the related notes to the consolidated financial statements. Actual results and outcomes may differ from management’s estimates, judgments and assumptions. Significant estimates, judgments and assumptions used in these consolidated financial statements include, but are not limited to, those related to revenues, accounts receivable and related allowances, contingencies, useful lives and recovery of long-term assets and intangible assets, income taxes and valuation allowances, stock-based compensation and impairment analysis of goodwill. These estimates, judgments, and assumptions are reviewed periodically and the effects of material revisions in estimates are reflected in the consolidated financial statements prospectively from the date of the change in estimate.",Not disclosed,,Not disclosed,,0,item_8_other,,1,True,1.0 ans | 3.0-5.0 ans,"score=7,idx=12404,zone=16312",548,OK,
0001077183,NEO,2018,0001077183_NEO_FY2018_10K.html,,"December 31, 2018","software, and are amortized over the expected useful life of the software, generally","Property and equipment are recorded at cost, net of accumulated depreciation and amortization. Leasehold improvements and property and equipment under capital leases are amortized over the shorter of the related lease terms or their estimated useful lives. Costs incurred in connection with the development of internal-use software are capitalized in accordance with the accounting standard for internal-use software, and are amortized over the expected useful life of the software, generally 2-5 years.",2.0,5.0,Unclear,"The Company prepares its consolidated financial statements in conformity with accounting principles generally accepted in the United States of America (“GAAP”). These principles require management to make estimates, judgments and assumptions that affect the reported amounts of assets, liabilities, revenues and expenses, together with amounts disclosed in the related notes to the consolidated financial statements. Actual results and outcomes may differ from management’s estimates, judgments and assumptions. Significant estimates, judgments and assumptions used in these consolidated financial statements include, but are not limited to those related to revenues, accounts receivable and related allowances, contingencies, useful lives and recovery of long-term assets and intangible assets, income taxes and valuation allowances, stock-based compensation and impairment analysis of goodwill. These estimates, judgments, and assumptions are reviewed periodically and the effects of material revisions in estimates are reflected in the consolidated financial statements prospectively from the date of the change in estimate.",Not disclosed,,Not disclosed,,0,item_8_other,,1,False,,"score=5,idx=11522,zone=10716",608,OK,
0001077183,NEO,2019,0001077183_NEO_FY2019_10K.html,,"December 31, 2019","software, and are amortized over the expected useful life of the software, generally","Property and equipment are recorded at cost, net of accumulated depreciation and amortization. Leasehold improvements and property and equipment under capital leases are amortized over the shorter of the related lease terms or their estimated useful lives. Costs incurred in connection with the development of internal-use software are capitalized in accordance with the accounting standard for internal-use software, and are amortized over the expected useful life of the software, generally 2-10 years.",2.0,10.0,Unclear,"The Company prepares its Consolidated Financial Statements in conformity with accounting principles generally accepted in the United States of America (“GAAP”). These principles require management to make estimates, judgments and assumptions that affect the reported amounts of assets, liabilities, revenues and expenses, together with amounts disclosed in the related notes to the Consolidated Financial Statements. Actual results and outcomes may differ from management’s estimates, judgments and assumptions. Significant estimates, judgments and assumptions used in these Consolidated Financial Statements include, but are not limited to those related to revenues, accounts receivable and related allowances, contingencies, useful lives and recovery of long-term assets and intangible assets, income taxes and valuation allowances, stock-based compensation and impairment analysis of goodwill. These estimates, judgments, and assumptions are reviewed periodically and the effects of material revisions in estimates are reflected in the Consolidated Financial Statements prospectively from the date of the change in estimate.",Not disclosed,,"In August 2018, the FASB issued ASU 2018-15, Customer’s Accounting for Implementation Costs Incurred in a Cloud Computing Arrangement That Is a Service Contract , which changes the accounting for implementation costs incurred in a cloud computing arrangement that is a service contract. The update aligns the requirements for capitalizing implementation costs incurred in a hosting arrangement with the requirements for capitalizing implementation costs incurred to develop or obtain internal-use software. The implementation costs should be presented as a prepaid asset on the balance sheet and expensed over the term of the hosting arrangement. The standard was effective for annual periods, including interim periods within those annual periods, beginning after December 15, 2019. The Company will adopt this pronouncement as of January 1, 2020. We currently do not expect the adoption to have a material impact on our Consolidated Financial Statements. ||| Customer’s Accounting for Implementation Costs Incurred in a Cloud Computing Arrangement That Is a Service Contract ||| , which changes the accounting for implementation costs incurred in a cloud computing arrangement that is a service contract. The update aligns the requirements for capitalizing implementation costs incurred in a hosting arrangement with the requirements for capitalizing implementation costs incurred to develop or obtain internal-use software. The implementation costs should be presented as a prepaid asset on the balance sheet and expensed over the term of the hosting arrangement. The standard was effective for annual periods, including interim periods within those annual periods, beginning after December 15, 2019. The Company will adopt this pronouncement as of January 1, 2020. We currently do not expect the adoption to have a material impact on our Consolidated Financial Statements.",,0,item_8_other,,1,False,,"score=5,idx=10111,zone=13844",649,OK,
0001077183,NEO,2020,0001077183_NEO_FY2020_10K.html,,"December 31, 2020","software, and are amortized over the expected useful life of the software, generally","Property and equipment are recorded at cost, net of accumulated depreciation and amortization. Costs incurred in connection with the development of internal-use software are capitalized in accordance with the accounting standard for internal-use software, and are amortized over the expected useful life of the software, generally 1-10 years.",1.0,10.0,Unclear,"The Company prepares its Consolidated Financial Statements in conformity with GAAP. These principles require management to make estimates, judgments and assumptions that affect the reported amounts of assets, liabilities, revenues and expenses, together with amounts disclosed in the related notes to the Consolidated Financial Statements. Actual results and outcomes may differ from management’s estimates, judgments and assumptions. Significant estimates, judgments and assumptions used in these Consolidated Financial Statements include, but are not limited to those related to revenues, accounts receivable and related allowances, contingencies, useful lives and recovery of long-term assets and intangible assets, income taxes and valuation allowances, stock-based compensation and impairment analysis of goodwill. These estimates, judgments, and assumptions are reviewed periodically and the effects of material revisions in estimates are reflected on the Consolidated Financial Statements prospectively from the date of the change in estimate.",Not disclosed,,"In August 2018, the FASB issued ASU No. 2018-15, Customer's Accounting for Implementation Costs Incurred in a Cloud Computing Arrangement That Is a Service Contract , which changes the accounting for implementation costs incurred in a cloud computing arrangement that is a service contract. The update aligns the requirements for capitalizing implementation costs incurred in a hosting arrangement with the requirements for capitalizing implementation costs incurred to develop or obtain internal-use software. The implementation costs should be presented accordingly as other assets, current and non-current on the balance sheet and expensed over the term of the hosting arrangement. The Company adopted this pronouncement on January 1, 2020 and the impact was not material to the Company's Consolidated Financial Statements. ||| Customer's Accounting for Implementation Costs Incurred in a Cloud Computing Arrangement That Is a Service Contract ||| , which changes the accounting for implementation costs incurred in a cloud computing arrangement that is a service contract. The update aligns the requirements for capitalizing implementation costs incurred in a hosting arrangement with the requirements for capitalizing implementation costs incurred to develop or obtain internal-use software. The implementation costs should be presented accordingly as other assets, current and non-current on the balance sheet and expensed over the term of the hosting arrangement. The Company adopted this pronouncement on January 1, 2020 and the impact was not material to the Company's Consolidated Financial Statements.",,0,significant_accounting_policies,Note 2. Summary of Significant Accounting Policies,3,False,,"score=5,idx=8156,zone=11184",682,OK,
0001077183,NEO,2021,0001077183_NEO_FY2021_10K.html,,2021-12-31,equipment,"Property and equipment are recorded at cost, net of accumulated depreciation and amortization. Costs incurred in connection with the development of internal-use software are capitalized in accordance with the accounting standard for internal-use software, and are amortized over the expected useful life of the software.",,,Unclear,"The Company prepares its Consolidated Financial Statements in conformity with GAAP. These principles require management to make estimates, judgments, and assumptions that affect the reported amounts of assets, liabilities, revenues, and expenses, together with amounts disclosed in the related notes to the Consolidated Financial Statements. Actual results and outcomes may differ from management’s estimates, judgments, and assumptions. Significant estimates, judgments, and assumptions used in these Consolidated Financial Statements include, but are not limited to, those related to revenues, accounts receivable and related allowances, contingencies, useful lives and recovery of long-term assets and intangible assets, income taxes and valuation allowances, stock-based compensation, business combinations, and impairment analysis of goodwill. These estimates, judgments, and assumptions are reviewed periodically and the effects of material revisions in estimates are reflected on the Consolidated Financial Statements prospectively from the date of the change in estimate.",Not disclosed,,Not disclosed,,0,significant_accounting_policies,Note 2. Summary of Significant Accounting Policies,3,False,,"score=5,idx=8400,zone=11780",737,OK,
0001077183,NEO,2022,0001077183_NEO_FY2022_10K.html,,2022-12-31,equipment,"Property and equipment are recorded at cost, net of accumulated depreciation and amortization. Costs incurred in connection with the development of internal-use software are capitalized in accordance with the accounting standard for internal-use software, and are amortized over the expected useful life of the software.",,,Unclear,"The Company prepares its Consolidated Financial Statements in conformity with GAAP. These principles require management to make estimates, judgments and assumptions that affect the reported amounts of assets, liabilities, revenues and expenses, together with amounts disclosed in the related notes to the Consolidated Financial Statements. Actual results and outcomes may differ from management’s estimates, judgments and assumptions. Significant estimates, judgments and assumptions used in these Consolidated Financial Statements include, but are not limited, to those related to revenues, accounts receivable and related allowances, contingencies, useful lives and recovery of long-term assets and intangible assets, income taxes and valuation allowances, stock-based compensation, business combinations, impairment analysis of goodwill, and restructuring reserves. These estimates, judgments, and assumptions are reviewed periodically and the effects of material revisions in estimates are reflected on the Consolidated Financial Statements prospectively from the date of the change in estimate.",Not disclosed,,Not disclosed,,0,significant_accounting_policies,Note 2. Summary of Significant Accounting Policies,3,False,,"score=5,idx=9293,zone=12187",699,OK,
0001077183,NEO,2023,0001077183_NEO_FY2023_10K.html,,"December 31, 2023",equipment,"Property and equipment are recorded at cost, net of accumulated depreciation and amortization. Costs incurred in connection with the development of internal-use software are capitalized in accordance with the accounting standard for internal-use software, and are amortized over the expected useful life of the software.",,,Unclear,"The Company prepares its Consolidated Financial Statements in conformity with GAAP. These principles require management to make estimates, judgments and assumptions that affect the reported amounts of assets, liabilities, revenues and expenses, together with amounts disclosed in the related notes to the Consolidated Financial Statements. Actual results and outcomes may differ from management’s estimates, judgments and assumptions. Significant estimates, judgments and assumptions used in these Consolidated Financial Statements include, but are not limited, to those related to revenues, accounts receivable and related allowances, contingencies, useful lives and recovery of long-term assets and intangible assets, income taxes and valuation allowances, stock-based compensation, business combinations, impairment analysis of goodwill, and restructuring reserves. These estimates, judgments, and assumptions are reviewed periodically and the effects of material revisions in estimates are reflected on the Consolidated Financial Statements prospectively from the date of the change in estimate.",Not disclosed,,Not disclosed,,0,significant_accounting_policies,Note 2. Summary of Significant Accounting Policies,3,False,,"score=5,idx=8118,zone=10564",572,OK,
0001077183,NEO,2024,0001077183_NEO_FY2024_10K.html,,"December 31, 2024",equipment,"Property and equipment are recorded at cost, net of accumulated depreciation and amortization. Costs incurred in connection with the development of internal-use software are capitalized in accordance with the accounting standard for internal-use software, and are amortized over the expected useful life of the software.",,,Unclear,"The Company prepares its Consolidated Financial Statements in conformity with GAAP. These principles require management to make estimates, judgments and assumptions that affect the reported amounts of assets, liabilities, revenues and expenses, together with amounts disclosed in the related notes to the Consolidated Financial Statements. Actual results and outcomes may differ from management’s estimates, judgments and assumptions. Significant estimates, judgments and assumptions used in these Consolidated Financial Statements include, but are not limited, to those related to revenues, accounts receivable and related allowances, contingencies, useful lives and recovery of long-term assets and intangible assets, income taxes and valuation allowances, stock-based compensation, impairment analysis of goodwill, and restructuring reserves. These estimates, judgments, and assumptions are reviewed periodically and the effects of material revisions in estimates are reflected on the Consolidated Financial Statements prospectively from the date of the change in estimate.",Not disclosed,,Not disclosed,,0,significant_accounting_policies,Note 2. Summary of Significant Accounting Policies,3,False,,"score=5,idx=7704,zone=10269",553,OK,
0001086222,AKAM,2013,0001086222_AKAM_FY2013_10K.html,,,servers,"Effective January 1, 2013, we increased the expected average useful lives of our network assets, primarily servers, from",,,Yes,"Significant estimates, judgments and assumptions used in these financial statements include, but are not limited to, those related to revenue, accounts receivable and related reserves, valuation and impairment of investments and marketable securities, useful lives and realizability of long-lived assets, capitalized internal-use software development costs, income tax reserves and accounting for stock-based compensation.","Cost of revenue consists primarily of fees paid to network providers for bandwidth and to third party network data centers for housing servers, also known as co-location costs. Cost of revenue also includes employee costs for network operation, build-out and support and services delivery; network storage costs; cost of software licenses; depreciation of network equipment used to deliver the Company’s services; amortization of network-related internal-use software; and costs for the production of live events. The Company enters into contracts for bandwidth with third party network providers with terms typically ranging from several months to two years. These contracts generally commit the Company to pay minimum monthly fees plus additional fees for bandwidth usage above the committed level. In some circumstances, Internet service providers (“ISPs”) make rack space available for the Company’s servers and access to their bandwidth at discounted or no cost. In exchange, the ISP and its customers benefit by receiving content through a local the Company server resulting in better content delivery. The Company does not consider these relationships to represent the culmination of an earnings process. Accordingly, the Company does not recognize as revenue the value to the ISPs associated with the use of the Company’s servers, nor does the Company recognize as expense the value of the rack space and bandwidth received at discounted or no cost.",Item 8,"Akamai Technologies, Inc. (the “Company”) provides cloud services for delivering, optimizing and securing online content and business applications. The Company's globally distributed platform comprises more than",,0,significant_accounting_policies,2. Summary of Significant Accounting Policies,3,False,,"score=4,idx=11856,zone=17279",717,OK,
0001086222,AKAM,2014,0001086222_AKAM_FY2014_10K.html,,,servers,"Effective January 1, 2013, the Company increased the expected average useful lives of its network assets, primarily servers, from",,,Yes,"Significant estimates, judgments and assumptions used in these financial statements include, but are not limited to, those related to revenue, accounts receivable and related reserves, valuation and impairment of investments and marketable securities, useful lives and realizability of long-lived assets, capitalized internal-use software development costs, income tax reserves and accounting for stock-based compensation.","Cost of revenue consists primarily of fees paid to network providers for bandwidth and to third party network data centers for housing servers, also known as co-location costs. Cost of revenue also includes employee costs for network operation, build-out and support and services delivery; network storage costs; cost of software licenses; depreciation of network equipment used to deliver the Company’s services; amortization of network-related internal-use software; and costs for the production of live events. The Company enters into contracts for bandwidth with third party network providers with terms typically ranging from several months to two years. These contracts generally commit the Company to pay minimum monthly fees plus additional fees for bandwidth usage above the committed level. In some circumstances, Internet service providers (“ISPs”) make rack space available for the Company’s servers and access to their bandwidth at discounted or no cost. In exchange, the ISP and its customers benefit by receiving content through a local Company server resulting in better content delivery. The Company does not consider these relationships to represent the culmination of an earnings process. Accordingly, the Company does not recognize as revenue the value to the ISPs associated with the use of the Company’s servers, nor does the Company recognize as expense the value of the rack space and bandwidth received at discounted or no cost.",Item 8,"We provide cloud services for delivering, optimizing and securing online content and business applications. We primarily derive income from sales of services to customers executing contracts with terms of one year or longer. We believe that this emphasis on longer-term contracts generally allows us to have a consistent and predictable base level of revenue which is important to our financial success. We have been able to increase our revenue and profitability in recent years because we have expanded our customer base and increased the amount and value of services, features and functionalities that our customers purchase. These achievements have enabled us to limit the impact of customer cancellations and terminations and price reductions resulting from contract renewals. Continuing these trends requires that we compete effectively in the marketplace on the basis of the quality, price and overall attractiveness of our services and technology.",,0,significant_accounting_policies,2. Summary of Significant Accounting Policies,3,False,,"score=4,idx=13448,zone=16941",787,OK,
0001086222,AKAM,2015,0001086222_AKAM_FY2015_10K.html,,,network providers with terms typically ranging from several months to,"Cost of revenue also includes employee costs for network operation, build-out and support and services delivery; network storage costs; cost of software licenses; depreciation of network equipment used to deliver the Company’s services; amortization of network-related internal-use software; and costs for the production of live events.",2.0,,Yes,"Significant estimates, judgments and assumptions used in these financial statements include, but are not limited to, those related to revenue, accounts receivable and related reserves, valuation and impairment of investments and marketable securities, useful lives and realizability of long-lived assets, capitalized internal-use software development costs, income tax reserves and accounting for stock-based compensation.","Cost of revenue consists primarily of fees paid to network providers for bandwidth and to third party network data centers for housing servers, also known as co-location costs. Cost of revenue also includes employee costs for network operation, build-out and support and services delivery; network storage costs; cost of software licenses; depreciation of network equipment used to deliver the Company’s services; amortization of network-related internal-use software; and costs for the production of live events. The Company enters into contracts for bandwidth with third party network providers with terms typically ranging from several months to two years. These contracts generally commit the Company to pay minimum monthly fees plus additional fees for bandwidth usage above the committed level. In some circumstances, Internet service providers (“ISPs”) make rack space available for the Company’s servers and access to their bandwidth at a discount or no cost. In exchange, the ISP and its customers benefit by receiving content through a local Company server resulting in better content delivery. The Company does not consider these relationships to represent the culmination of an earnings process. Accordingly, the Company does not recognize as revenue the value to the ISPs associated with the use of the Company’s servers, nor does the Company recognize as expense the value of the rack space and bandwidth received at discounted or no cost.",Item 8,"We provide cloud services for delivering, optimizing and securing content and business applications over the Internet. For many of our core solutions, we rely on a recurring revenue model with customers executing contracts having terms of one year or longer. We believe this emphasis on longer-term contracts allows us to have a consistent and predictable base level of revenue, which is important to our financial success. We are also dependent on media customers where usage of our services is less predictable; as a result, our revenue is impacted by the amount of media and software download traffic we serve on our network, the rate of adoption of social media and video platform capabilities, the timing and variability of customer-specific one-time events and the impact of seasonal variations on our business. The prices we are able to charge for our services is also a key factor impacting income.",,0,significant_accounting_policies,2. Summary of Significant Accounting Policies,3,False,,"score=4,idx=13126,zone=16630",735,OK,
0001086222,AKAM,2016,0001086222_AKAM_FY2016_10K.html,,,network providers with terms typically ranging from several months to,"Cost of revenue also includes employee costs for services delivery and network operation, build-out and support of the Company's network; network storage costs; cost of software licenses; depreciation of network equipment used to deliver the Company’s services; amortization of network-related internal-use software; and costs for the production of live events.",5.0,,Yes,"Significant estimates, judgments and assumptions used in these financial statements include, but are not limited to, those related to revenue, accounts receivable and related reserves, valuation and impairment of investments and marketable securities, valuation and useful lives of acquired intangible assets, useful lives and realizability of long-lived assets, capitalized internal-use software development costs, income tax reserves and accounting for stock-based compensation.","Cost of revenue consists primarily of fees paid to network providers for bandwidth and to third party network data centers for housing servers, also known as co-location costs. Cost of revenue also includes employee costs for services delivery and network operation, build-out and support of the Company's network; network storage costs; cost of software licenses; depreciation of network equipment used to deliver the Company’s services; amortization of network-related internal-use software; and costs for the production of live events. The Company enters into contracts for bandwidth with third party network providers with terms typically ranging from several months to five years. These contracts generally commit the Company to pay minimum monthly fees plus additional fees for bandwidth usage above the committed level. In some circumstances, Internet service providers (“ISPs”) make rack space available for the Company’s servers and access to their bandwidth at a discount or no cost. In exchange, the ISP and its customers benefit by receiving content through a local Company server resulting in better content delivery. The Company does not consider these relationships to represent the culmination of an earnings process. Accordingly, the Company does not recognize as revenue the value to the ISPs associated with the use of the Company’s servers, nor does the Company recognize as expense the value of the rack space and bandwidth received at discounted or no cost.",Item 8,"We provide cloud services for delivering, optimizing and securing content and business applications over the Internet. The key factors that influence our financial success are our ability to build on recurring revenue commitments for our performance and security offerings, increase media traffic on our network, develop new products and carefully manage our capital spending and other expenses.",,0,significant_accounting_policies,2. Summary of Significant Accounting Policies,3,False,,"score=4,idx=14391,zone=16631",756,OK,
0001086222,AKAM,2017,0001086222_AKAM_FY2017_10K.html,,,network providers with terms typically ranging from several months to,"Cost of revenue also includes employee costs for services delivery and network operation, build-out and support of the Company's network; network storage costs; cost of software licenses; depreciation of network equipment used to deliver the Company’s services; amortization of network-related internal-use software; and costs for the production of live events streamed by the Company for customers.",5.0,,Yes,"Significant estimates, judgments and assumptions used in these financial statements include, but are not limited to, those related to revenue, accounts receivable and related reserves, valuation and impairment of investments and marketable securities, valuation and useful lives of acquired intangible assets, useful lives and realizability of long-lived assets, capitalized internal-use software development costs, income tax reserves and accounting for stock-based compensation.","Cost of revenue consists primarily of fees paid to network providers for bandwidth and to third-party network data centers for housing servers, also known as co-location costs. Cost of revenue also includes employee costs for services delivery and network operation, build-out and support of the Company's network; network storage costs; cost of software licenses; depreciation of network equipment used to deliver the Company’s services; amortization of network-related internal-use software; and costs for the production of live events streamed by the Company for customers. The Company enters into contracts for bandwidth with third-party network providers with terms typically ranging from several months to five years. These contracts generally commit the Company to pay minimum monthly fees plus additional fees for bandwidth usage above the committed level. In some circumstances, Internet service providers (“ISPs”) make rack space available for the Company’s servers and access to their bandwidth at a discount or no cost. In exchange, the ISP and its customers benefit by receiving content through a local Company server resulting in better content delivery. The Company does not consider these relationships to represent the culmination of an earnings process. Accordingly, the Company does not recognize as revenue the value to the ISPs associated with the use of the Company’s servers, nor does the Company recognize as expense the value of the rack space and bandwidth received at discounted or no cost.",Item 8,"We provide cloud services for delivering, optimizing and securing content and business applications over the Internet. The key factors that influence our financial success are our ability to build on recurring revenue commitments for our performance and security offerings, increase media traffic on our network, develop new products and carefully manage our capital spending and other expenses.",,0,significant_accounting_policies,2. Summary of Significant Accounting Policies,3,False,,"score=4,idx=15084,zone=17687",782,OK,
0001086222,AKAM,2018,0001086222_AKAM_FY2018_10K.html,,,network providers with terms typically ranging from several months to,"Cost of revenue also includes employee costs for services delivery and network operation, build-out and support of the Company's network; network storage costs; cost of software licenses; depreciation of network equipment used to deliver the Company’s services; amortization of network-related internal-use software; and costs for the production of live events streamed by the Company for customers.",5.0,,Yes,"Significant estimates, judgments and assumptions used in these financial statements include, but are not limited to, those related to revenue, accounts receivable and related reserves, valuation and impairment of investments and marketable securities, valuation and useful lives of acquired intangible assets, useful lives and realizability of long-lived assets, capitalized internal-use software development costs, income tax reserves and accounting for stock-based compensation.","Cost of revenue consists primarily of fees paid to network providers for bandwidth and to third-party network data centers for housing servers, also known as co-location costs. Cost of revenue also includes employee costs for services delivery and network operation, build-out and support of the Company's network; network storage costs; cost of software licenses; depreciation of network equipment used to deliver the Company’s services; amortization of network-related internal-use software; and costs for the production of live events streamed by the Company for customers. The Company enters into contracts for bandwidth with third-party network providers with terms typically ranging from several months to five years. These contracts generally commit the Company to pay minimum monthly fees plus additional fees for bandwidth usage above the committed level. In some circumstances, Internet service providers (“ISPs”) make rack space available for the Company’s servers and access to their bandwidth at a discount or no cost. In exchange, the ISP and its customers benefit by receiving content through a local Company server resulting in better content delivery. The Company does not consider these relationships to represent the culmination of an earnings process. Accordingly, the Company does not recognize as revenue the value to the ISPs associated with the use of the Company’s servers, nor does the Company recognize as expense the value of the rack space and bandwidth received at discounted or no cost.",Item 8,"industry segment: providing cloud services for delivering, optimizing and securing content and business applications over the Internet. ||| Implementation Costs Incurred in a Cloud Computing Arrangement That is a Service Contract ||| In August 2018, the FASB issued guidance which addresses a customer’s accounting for implementation costs incurred in a cloud computing arrangement that is a service contract. The guidance aligns the accounting for costs incurred to implement a cloud computing arrangement that is a service arrangement with the guidance for capitalizing costs associated with developing or obtaining internal-use software. This guidance will be effective for the Company on January 1, 2020, with early adoption permitted. The Company is evaluating the potential impact of adopting this new accounting guidance on its consolidated financial statements.",,0,significant_accounting_policies,2. Summary of Significant Accounting Policies,3,False,,"score=4,idx=13965,zone=21539",863,OK,
0001086222,AKAM,2019,0001086222_AKAM_FY2019_10K.html,,"December 31, 2019","software and hardware initiatives to manage its global network more efficiently and, as a result, the expected average useful life of its network assets, primarily servers, increased from","The Company has implemented software and hardware initiatives to manage its global network more efficiently and, as a result, the expected average useful life of its network assets, primarily servers, increased from four years to five years , effective January 1, 2019.",4.0,,Yes,"Significant estimates, judgments and assumptions used in these financial statements include, but are not limited to, those related to revenue, accounts receivable and related reserves, valuation and impairment of investments and marketable securities, valuation and useful lives of acquired intangible assets, useful lives and realizability of long-lived assets, capitalized internal-use software development costs, income tax reserves and accounting for stock-based compensation.","Cost of revenue consists primarily of fees paid to network providers for bandwidth and to third-party network data centers for housing servers, also known as co-location costs. Cost of revenue also includes employee costs for services delivery and network operation, build-out and support of the Company's network; network storage costs; cost of software licenses; depreciation of",Item 8,"Akamai Technologies, Inc. (the “Company”) provides solutions for securing, delivering and optimizing content and business applications over the Internet. Its globally-distributed platform comprises more than 250,000 servers across more than 130 countries. The Company was incorporated in Delaware in 1998 and is headquartered in Cambridge, Massachusetts. The Company currently operates in one industry segment: providing cloud services for delivering, optimizing and securing content and business applications over the Internet. ||| industry segment: providing cloud services for delivering, optimizing and securing content and business applications over the Internet. ||| Implementation Costs Incurred in a Cloud Computing Arrangement That is a Service Contract",,0,significant_accounting_policies,2. Summary of Significant Accounting Policies,3,True,4.0 ans | 5.0 ans,"score=4,idx=17411,zone=22116",894,OK,
0001086222,AKAM,2020,0001086222_AKAM_FY2020_10K.html,,2021-02-28,"software and hardware initiatives to manage its global network more efficiently and, as a result, the expected average useful life of its network assets, primarily servers, increased from","The Company has implemented software and hardware initiatives to manage its global network more efficiently and, as a result, the expected average useful life of its network assets, primarily servers, increased from four years to five years, effective January 1, 2019.",4.0,,Yes,"Significant estimates, judgments and assumptions used in these financial statements include, but are not limited to, those related to revenue, accounts receivable and related reserves, valuation and impairment of investments and marketable securities, valuation and useful lives of acquired intangible assets, useful lives and realizability of long-lived assets, capitalized internal-use software development costs, income tax reserves and accounting for stock-based compensation.","Cost of revenue consists primarily of fees paid to network providers for bandwidth and to third-party network data centers for housing servers, also known as co-location costs. Cost of revenue also includes employee costs for services delivery and network operation, build-out and support of the Company's network; network storage costs; cost of software licenses; depreciation of network equipment used to deliver the Company’s services; amortization of network-related internal-use software; and costs for the production of live events streamed by the Company for customers. The Company enters into contracts for bandwidth with third-party network providers with terms typically ranging from several months to five years. These contracts generally commit the Company to pay minimum monthly fees plus additional fees for bandwidth usage above the committed level. In some circumstances, internet service providers (“ISPs”) make rack space available for the Company to locate its servers and provide access to their bandwidth at a discount or no cost. Although the Company does not provide any goods or services to the ISPs or the ISPs’ customers under these arrangements, the ISPs and their customers indirectly benefit by accessing content through a local Company server, resulting in better content delivery. The Company records the cost of these vendor relationships at their negotiated transaction price, which is either at a discount or no cost.",Item 8,"Akamai Technologies, Inc. (the “Company”) provides solutions for securing, delivering and optimizing content and business applications over the internet. Its globally-distributed platform comprises more than 325,000 servers across more than 130 countries. The Company was incorporated in Delaware in 1998 and is headquartered in Cambridge, Massachusetts. The Company currently operates in one industry segment: providing cloud services for delivering, optimizing and securing content and business applications over the internet. ||| In August 2018, the FASB issued guidance that addresses a customer’s accounting for implementation costs incurred in a cloud computing arrangement that is a service contract. The guidance aligns the accounting for costs incurred to implement a cloud computing arrangement that is a service arrangement with the guidance for capitalizing costs associated with developing or obtaining internal-use software. The Company prospectively adopted this standard on January 1, 2020. Adoption of the standard did not have a material impact on the Company's consolidated financial statements. ||| The Company’s chief operating decision-maker is the chief executive officer and the executive management team. As of December 31, 2020, the Company operated in one industry segment: providing cloud services for securing, delivering and optimizing content and business applications over the internet. The Company is not organized by market and is managed and operated as one business. A single management team that reports to the chief executive officer comprehensively manages the entire business. The Company does not operate any material separate lines of business or separate business entities with respect to its services. Accordingly, the Company does not accumulate discrete financial information with respect to separate divisions and does not have separate operating or reportable segments.",,0,significant_accounting_policies,2. Summary of Significant Accounting Policies,3,True,4.0 ans | 5.0 ans,"score=2,idx=11790,zone=11156",586,OK,
0001086222,AKAM,2021,0001086222_AKAM_FY2021_10K.html,,2022-02-28,network providers with terms typically ranging from several months to,"Cost of revenue also includes employee costs for services delivery and network operation, build-out and support of the Company's network; network storage costs; cost of software licenses; depreciation of network equipment used to deliver the Company’s services; amortization of network-related internal-use software; and costs for the production of live events streamed by the Company for customers.",5.0,,Yes,"Significant estimates, judgments and assumptions used in these financial statements include, but are not limited to, those related to revenue, accounts receivable and related reserves, valuation and impairment of investments and marketable securities, valuation and useful lives of acquired intangible assets, useful lives and realizability of long-lived assets, capitalized internal-use software development costs, income tax reserves and accounting for stock-based compensation.","Cost of revenue consists primarily of fees paid to network providers for bandwidth and to third-party network data centers for housing servers, also known as co-location costs. Cost of revenue also includes employee costs for services delivery and network operation, build-out and support of the Company's network; network storage costs; cost of software licenses; depreciation of network equipment used to deliver the Company’s services; amortization of network-related internal-use software; and costs for the production of live events streamed by the Company for customers. The Company enters into contracts for bandwidth with third-party network providers with terms typically ranging from several months to five years. These contracts generally commit the Company to pay minimum monthly fees plus additional fees for bandwidth usage above the committed level. In some circumstances, internet service providers (“ISPs”) make rack space available for the Company to locate its servers and provide access to their bandwidth at a discount or no cost. Although the Company does not provide any goods or services to the ISPs or the ISPs’ customers under these arrangements, the ISPs and their customers indirectly benefit by accessing content through a local Company server, resulting in better content delivery. The Company records the cost of these vendor relationships at their negotiated transaction price, which is either at a discount or no cost.",Item 8,"In February 2022, we announced our intention to acquire Linode Limited Liability Company, or Linode, for approximately $900.0 million, net of cash acquired and subject to post-closing adjustments. Linode is an infrastructure-as-a-service platform provider that allows for developer-friendly cloud computing capabilities. The acquisition is intended to enhance our edge computing services by creating a unique cloud platform to build, run and secure applications from the cloud to the edge. The acquisition is expected to close in March 2022. Linode has approximately 250 employees, and the acquisition is expected to be accretive to our earnings per share in 2022. ||| We are currently organized and operate in one reportable and operating segment: providing cloud services for delivering, optimizing and securing content and business applications over the internet. Effective on March 1, 2021, we reorganized into two groups, both of which utilize the Akamai Intelligent Edge Platform and our global sales organization: the Security Technology Group and the Edge Technology Group. These groups are aligned with our product offerings. Revenue from the Security Technology Group was previously reported as revenue from Cloud Security Solutions, and revenue from the Edge Technology Group was previously reported as revenue from content delivery network services and all other solutions. The Security Technology Group includes solutions that are designed to keep infrastructure, websites, applications and users safe, while the Edge Technology Group includes solutions that enable business online, including media delivery, web performance and edge computing solutions.",,0,significant_accounting_policies,2. Summary of Significant Accounting Policies,3,False,,"score=2,idx=11383,zone=11239",593,OK,
0001086222,AKAM,2022,0001086222_AKAM_FY2022_10K.html,,2022-12-31,network providers with terms typically ranging from several months to,"Cost of revenue also includes employee costs for services delivery and network operation, build-out and support of the Company's network; network storage costs; cost of software licenses; depreciation of network equipment used to deliver the Company’s services; amortization of network-related internal-use software; and costs for the production of live events streamed by the Company for customers.",5.0,,Yes,"Significant estimates, judgments and assumptions used in these financial statements include, but are not limited to, those related to revenue, accounts receivable and related reserves, valuation and impairment of investments and marketable securities, valuation and useful lives of acquired intangible assets, useful lives and realizability of long-lived assets, capitalized internal-use software development costs, income tax reserves and accounting for stock-based compensation.","Cost of revenue consists primarily of fees paid to network providers for bandwidth and to third-party network data centers for housing servers, also known as co-location costs. Cost of revenue also includes employee costs for services delivery and network operation, build-out and support of the Company's network; network storage costs; cost of software licenses; depreciation of network equipment used to deliver the Company’s services; amortization of network-related internal-use software; and costs for the production of live events streamed by the Company for customers. The Company enters into contracts for bandwidth with third-party network providers with terms typically ranging from several months to five years. These contracts generally commit the Company to pay minimum monthly fees plus additional fees for bandwidth usage above the committed level. In some circumstances, internet service providers (“ISPs”) make rack space available for the Company to locate its servers and provide access to their bandwidth at a discount or no cost. Although the Company does not provide any goods or services to the ISPs or the ISPs’ customers under these arrangements, the ISPs and their customers indirectly benefit by accessing content through a local Company server, resulting in better content delivery. The Company records the cost of these vendor relationships at their negotiated transaction price, which is either at a discount or no cost.",Item 8,"We provide solutions to power and protect life online. The key factors that influence our financial success are our ability to build on recurring revenue commitments for our security and performance offerings, increase traffic on our network, continue to develop, scale and successfully bring to market our cloud computing platform and compute-to-edge solutions that meet the needs of professional users and enterprises, effectively manage the prices we charge for our solutions, develop new products and appropriately manage our capital spending and other expenses. The purpose of this discussion and analysis section is to provide material information relevant to an assessment of our financial condition and results of operations from management’s perspective, including to describe and explain key trends, events and other factors that impacted our reported results and that are likely to impact our future performance. ||| For most of our solutions, our customers commit to contracts having terms of a year or longer, which allows us to have a consistent and predictable base level of revenue. In addition to a base level of revenue, we are also dependent on delivery customers, and some cloud computing customers, where usage of our solutions is more variable. As a result, our revenue is impacted by the amount of traffic we serve on our network or the usage of cloud computing services, the rate of adoption of gaming, social media and video platform offerings, the timing and variability of customer-specific one-time events and geopolitical, economic and other developments that impact our customers' businesses. Seasonal variations that impact traffic on our network, such as holiday-related activities, can cause revenue fluctuations from quarter to quarter. Over the longer term, our ability to expand our product portfolio and to effectively manage the prices we charge for our solutions are key factors impacting our revenue growth. ||| • Network build-out and supporting service costs represent another significant portion of our cost of revenue. These costs include maintenance and supporting services incurred as we continue to build-out our compute infrastructure and maintain our global network, and costs of third-party cloud providers used for some of our operations. We have seen these costs increase in recent years, as a result of our network expansion and increased use of third-party cloud services. We expect this trend to continue in the near-term as we invest in our network to support our compute solutions, including migrating from third-party cloud providers to our own cloud solutions. We will need to effectively manage our network build-out and supporting costs to maintain current levels of profitability.",,0,significant_accounting_policies,2. Summary of Significant Accounting Policies,3,False,,"score=2,idx=11636,zone=12489",605,OK,
0001086222,AKAM,2023,0001086222_AKAM_FY2023_10K.html,,"DECEMBER 31, 2023","software and hardware initiatives to manage its global network more efficiently and, as a result, the expected average useful life of its servers increased from","The Company has implemented software and hardware initiatives to manage its global network more efficiently and, as a result, the expected average useful life of its servers increased from five years to six years, effective January 1, 2023.",5.0,,Yes,"Significant estimates, judgments and assumptions used in these financial statements include, but are not limited to, those related to revenue, accounts receivable and related reserves, valuation and impairment of investments and marketable securities, valuation and useful lives of acquired intangible assets, useful lives and realizability of long-lived assets, capitalized internal-use software development costs, income tax reserves and accounting for stock-based compensation.","Cost of revenue consists primarily of fees paid to network providers for bandwidth and to third-party network data centers for housing servers, also known as co-location costs. Cost of revenue also includes employee costs for services delivery and network operation, build-out and support of the Company's network; network storage costs; cost of software licenses; depreciation of network equipment used to deliver the Company’s services; amortization of network-related internal-use software; and costs for the production of live events streamed by the Company for customers. The Company enters into contracts for bandwidth with third-party network providers with terms typically ranging from several months to five years. These contracts generally commit the Company to pay minimum monthly fees plus additional fees for bandwidth usage above the committed level. In some circumstances, internet service providers (“ISPs”) make rack space available for the Company to locate its servers and provide access to their bandwidth at a discount or no cost. Although the Company does not provide any goods or services to the ISPs or the ISPs’ customers under these arrangements, the ISPs and their customers indirectly benefit",Item 8,"We provide solutions to power and protect life online through our massively distributed edge and cloud platform, which we refer to as Akamai Connected Cloud. Akamai Connected Cloud underpins our cloud computing, security and content delivery solutions, and is central to our financial success. The key factors that influence our financial success are our ability to build on recurring revenue commitments for our security and performance offerings, increase traffic on our network, continue to develop, scale and successfully bring to market our cloud computing platform and compute-to-edge solutions that meet the needs of professional users and enterprises, effectively manage the prices we charge for our solutions, develop new products and appropriately manage our capital spending and other expenses. The purpose of this discussion and analysis section is to provide material information relevant to an assessment of our financial condition and results of operations from management’s perspective, including to describe and explain key trends, events and other factors that impacted our reported results and that are likely to impact our future performance. ||| We primarily derive revenue from the sale of services to customers executing contracts having terms of one year or longer, which allows us to have a consistent and predictable base level of revenue. Services included in our contracts consist of security solutions, the delivery of content, applications and software over the internet, cloud computing solutions and professional services. In addition to a base level of revenue, we are also dependent on our ability to increase our product offerings and to cross-sell additional services to our new and existing customers, particularly for our security and compute solution portfolios. Our revenue is also impacted by customer renewals, the rate of adoption and timing of customer offerings, variability of one-time events, usage of cloud computing services and the amount of traffic we serve on our network. Geopolitical, economic and other developments that impact our customers' businesses can also impact our ability to attract new customers or continue to cross-sell additional services to existing customers. Over the longer term, our ability to expand our product portfolio and to effectively manage the prices we charge for our solutions are key factors impacting our revenue growth. ||| • Network build-out and supporting service costs represent another significant portion of our cost of revenue. These costs include maintenance and supporting services incurred as we continue to build out our compute infrastructure and maintain our global network, and costs of third-party cloud providers used for some of our operations. We have seen these costs increase in recent years as a result of our network expansion, and particularly the build out of our compute infrastructure. We had also experienced increased costs from third-party cloud providers, but have recently begun to mitigate those costs by migrating to our own cloud solutions and optimizing third-party cloud spend. We will need to continue to effectively manage our network build-out and supporting service costs and continue to migrate third-party cloud services to Akamai Connected Cloud to maintain or improve current levels of profitability.",,0,significant_accounting_policies,2. Summary of Significant Accounting Policies,3,True,5.0 ans | 6.0 ans,"score=2,idx=11138,zone=11659",596,OK,
0001086222,AKAM,2024,0001086222_AKAM_FY2024_10K.html,,"DECEMBER 31, 2024","software and hardware initiatives to manage its global network more efficiently and, as a result, the expected average useful life of its servers increased from","The Company has implemented software and hardware initiatives to manage its global network more efficiently and, as a result, the expected average useful life of its servers increased from five years to six years, effective January 1, 2023.",5.0,,Yes,"Significant estimates, judgments and assumptions used in these financial statements include, but are not limited to, those related to revenue, accounts receivable and related reserves, valuation and impairment of investments and marketable securities, valuation and amortization periods of acquired intangible assets, useful lives and realizability of long-lived assets, capitalized internal-use software development costs, income tax reserves and accounting for stock-based compensation.","Cost of revenue consists primarily of fees paid to network providers for bandwidth and to third-party network data centers for housing servers, also known as co-location costs. Cost of revenue also includes employee costs for services delivery and network operation, build-out and support of the Company's network; network storage costs; cost of software licenses; depreciation of network equipment used to deliver the Company’s services; and amortization of network-related internal-use software. The Company enters into contracts for bandwidth with third-party network providers with terms typically ranging from several months to two years. These contracts generally commit the Company to pay minimum monthly fees plus additional fees for bandwidth usage above the committed level. In some circumstances, internet service providers (“ISPs”) make rack space available for the Company to locate its servers and provide access to their bandwidth at a discount or no cost. Although the Company does not provide any goods or services to the ISPs or the ISPs’ customers under these arrangements, the ISPs and their customers indirectly benefit by accessing content through a local Company server, resulting in better content",Item 8,"• Network build-out and supporting service costs represent another significant portion of our cost of revenue. These costs include maintenance and supporting services incurred as we continue to build out our compute platform and maintain our global network, and costs of third-party cloud providers used for some of our operations. We have seen these costs increase in recent years as a result of our network expansion, and particularly the build out of our compute platform. We previously experienced increased costs from third-party cloud providers, but continue to mitigate those costs by migrating to our own compute solutions and working to optimize third-party cloud spend. We will continue to effectively manage our network build-out and supporting service costs and continue to migrate third-party cloud services to our compute platform in an effort to manage costs. ||| Network build-out and supporting service costs represent another significant portion of our cost of revenue. These costs include maintenance and supporting services incurred as we continue to build out our compute platform and maintain our global network, and costs of third-party cloud providers used for some of our operations. We have seen these costs increase in recent years as a result of our network expansion, and particularly the build out of our compute platform. We previously experienced increased costs from third-party cloud providers, but continue to mitigate those costs by migrating to our own compute solutions and working to optimize third-party cloud spend. We will continue to effectively manage our network build-out and supporting service costs and continue to migrate third-party cloud services to our compute platform in an effort to manage costs. ||| • Our employees are core to the operations of our business, and payroll and related costs, including stock-based compensation, is our largest expense. It is important to the success of operations that we offer competitive compensation packages. However, we are focused on remaining disciplined in allocating our resources to support our faster growing security and compute solutions, including maintaining operational efficiencies to mitigate the rising cost of talent. In 2023 we redesigned one of our non-executive short-term incentive compensation programs by shifting certain employees from a cash-based to stock-based program, and in 2024 we transitioned more employees to this program. During 2023, we also introduced a non-executive incentive program tied to our initiative to migrate certain third-party cloud services onto Akamai's platform. These programs were designed to better align employee incentives with the interests of our stockholders, which increased our stock-based compensation.",NVIDIA,1,significant_accounting_policies,2. Summary of Significant Accounting Policies,3,True,2.0 ans | 5.0 ans | 6.0 ans,"score=2,idx=11054,zone=12721",633,OK,
0001090872,A,2013,0001090872_A_FY2013_10K.html,,"October 31, 2013","Capitalized software, equipment","Capitalized software is included in property, plant and equipment and is depreciated over",,,No,,Not disclosed,,Not disclosed,,0,significant_accounting_policies,1. OVERVIEW AND SUMMARY OF SIGNIFICANT ACCOUNTING POLICIES,3,True,3.0-5.0 ans | 3.0-10.0 ans,"score=4,idx=9133,zone=31900",1120,OK,
0001090872,A,2014,0001090872_A_FY2014_10K.html,,"October 31, 2014","Capitalized software, equipment","Capitalized software is included in property, plant and equipment and is depreciated over",,,No,,Not disclosed,,Not disclosed,,0,significant_accounting_policies,1. OVERVIEW AND SUMMARY OF SIGNIFICANT ACCOUNTING POLICIES,3,True,3.0-5.0 ans | 3.0-10.0 ans,"score=4,idx=9185,zone=34875",1198,OK,
0001090872,A,2015,0001090872_A_FY2015_10K.html,,"October 31, 2015","Capitalized software, equipment","Capitalized software is included in property, plant and equipment and is depreciated over",,,No,,Not disclosed,,Not disclosed,,0,significant_accounting_policies,1. OVERVIEW AND SUMMARY OF SIGNIFICANT ACCOUNTING POLICIES,3,True,3.0-5.0 ans | 3.0-10.0 ans,"score=4,idx=8767,zone=39772",1204,OK,
0001090872,A,2016,0001090872_A_FY2016_10K.html,,"October 31, 2016","Capitalized software, equipment","Capitalized software is included in property, plant and equipment and is depreciated over",,,No,,Not disclosed,,Not disclosed,,0,significant_accounting_policies,1. OVERVIEW AND SUMMARY OF SIGNIFICANT ACCOUNTING POLICIES,3,True,3.0-5.0 ans | 3.0-10.0 ans,"score=4,idx=10302,zone=35683",1184,OK,
0001090872,A,2017,0001090872_A_FY2017_10K.html,,"October 31, 2017","Capitalized software, equipment","Capitalized software is included in property, plant and equipment and is depreciated over",,,No,,Not disclosed,,Not disclosed,,0,significant_accounting_policies,1. OVERVIEW AND SUMMARY OF SIGNIFICANT ACCOUNTING POLICIES,3,True,3.0-5.0 ans | 3.0-10.0 ans,"score=4,idx=10474,zone=33948",1126,OK,
0001090872,A,2018,0001090872_A_FY2018_10K.html,,"October 31, 2018","Capitalized software, equipment","Capitalized software is included in property, plant and equipment and is depreciated over",,,No,,Not disclosed,,Not disclosed,,0,significant_accounting_policies,1. OVERVIEW AND SUMMARY OF SIGNIFICANT ACCOUNTING POLICIES,3,False,,"score=4,idx=10317,zone=33241",1099,OK,
0001090872,A,2019,0001090872_A_FY2019_10K.html,,"October 31, 2019","software is included in property, plant and equipment and is depreciated over","Capitalized software is included in property, plant and equipment and is depreciated over 3 years to 5 years once development is complete.",3.0,,No,,Not disclosed,,Not disclosed,,0,significant_accounting_policies,1. OVERVIEW AND SUMMARY OF SIGNIFICANT ACCOUNTING POLICIES,3,True,3.0 ans | 5.0 ans,"score=4,idx=15245,zone=39143",1219,OK,
0001090872,A,2020,0001090872_A_FY2020_10K.html,,2020-11-18,"software is included in property, plant and equipment and is depreciated over","Capitalized software is included in property, plant and equipment and is depreciated over 3 years to 5 years once development is complete.",3.0,,No,,Not disclosed,,Not disclosed,,0,significant_accounting_policies,1. OVERVIEW AND SUMMARY OF SIGNIFICANT ACCOUNTING POLICIES,3,True,3.0 ans | 5.0 ans,"score=2,idx=11311,zone=20081",934,OK,
0001090872,A,2021,0001090872_A_FY2021_10K.html,,2021-11-17,"software is included in property, plant and equipment and is depreciated over","Capitalized software is included in property, plant and equipment and is depreciated over 3 years to 5 years once development is complete.",3.0,,No,,Not disclosed,,Not disclosed,B200,1,significant_accounting_policies,1. OVERVIEW AND SUMMARY OF SIGNIFICANT ACCOUNTING POLICIES,3,True,3.0 ans | 5.0 ans,"score=2,idx=11265,zone=20240",948,OK,
0001090872,A,2022,0001090872_A_FY2022_10K.html,,2022-11-16,"software is included in property, plant and equipment and is depreciated over","Capitalized software is included in property, plant and equipment and is depreciated over 3 years to 5 years once development is complete.",3.0,,No,,"Investments in property, plant and equipment were $291 million in 2022, $188 million in 2021 and $119 million in 2020. The increase in our investments in property plant and equipment is primarily due to the planned extension of our nucleic acid solutions production facility in Frederick, Colorado. Our anticipated capital expenditures for fiscal year 2023 will be approximately $300 million. In 2022, we invested $52 million in a business and intangible assets, net of cash acquired for our acquisition of Polymer Standards Service and advanced artificial intelligence technology compared to $547 million primarily related to the acquisition of Resolution Bioscience in 2021 and zero in 2020. In 2022 cash used to purchase fair value investments was $13 million compared to $22 million outlay in 2021 and $20 million in 2020.",MD&A (Item 7),Not disclosed,,0,significant_accounting_policies,1. OVERVIEW AND SUMMARY OF SIGNIFICANT ACCOUNTING POLICIES,3,True,3.0 ans | 5.0 ans,"score=2,idx=11148,zone=19552",912,OK,
0001090872,A,2023,0001090872_A_FY2023_10K.html,,2023-12-14,"software is included in property, plant and equipment and is depreciated over","Capitalized software is included in property, plant and equipment and is depreciated over 3 years to 5 years once development is complete.",3.0,,No,,Not disclosed,,Not disclosed,,0,significant_accounting_policies,1. OVERVIEW AND SUMMARY OF SIGNIFICANT ACCOUNTING POLICIES,3,True,3.0 ans | 5.0 ans,"score=2,idx=11722,zone=19154",933,OK,
0001090872,A,2024,0001090872_A_FY2024_10K.html,,2024-11-28,"software is included in property, plant and equipment and is depreciated over","Capitalized software is included in property, plant and equipment and is depreciated over 3 years to 5 years once development is complete.",3.0,,No,,Not disclosed,,Not disclosed,,0,significant_accounting_policies,1. OVERVIEW AND SUMMARY OF SIGNIFICANT ACCOUNTING POLICIES,3,True,3.0 ans | 5.0 ans,"score=2,idx=12987,zone=19969",976,OK,
0001091667,CHTR,2013,0001091667_CHTR_FY2013_10K.html,,"December 31, 2013",Not disclosed,Not disclosed,,,No,,Not disclosed,,Not disclosed,,0,unknown,,0,False,,"score=4,idx=16852,zone=26",2,OK,
0001091667,CHTR,2014,0001091667_CHTR_FY2014_10K.html,,"December 31, 2014",Not disclosed,Not disclosed,,,No,,Not disclosed,,Not disclosed,,0,unknown,,0,False,,"score=4,idx=17283,zone=13",2,OK,
0001091667,CHTR,2015,0001091667_CHTR_FY2015_10K.html,,"December 31, 2015",Not disclosed,Not disclosed,,,No,,Not disclosed,,Not disclosed,,0,unknown,,0,False,,"score=4,idx=19534,zone=13",2,OK,
0001091667,CHTR,2016,0001091667_CHTR_FY2016_10K.html,,"December 31, 2016",Not disclosed,Not disclosed,,,No,,Not disclosed,,Not disclosed,,0,unknown,,0,False,,"score=4,idx=17823,zone=14",2,OK,
0001091667,CHTR,2017,0001091667_CHTR_FY2017_10K.html,,"December 31, 2017",Not disclosed,Not disclosed,,,No,,Not disclosed,,Not disclosed,,0,unknown,,0,False,,"score=4,idx=17227,zone=14",2,OK,
0001091667,CHTR,2018,0001091667_CHTR_FY2018_10K.html,,"December 31, 2018",Not disclosed,Not disclosed,,,No,,Not disclosed,,Not disclosed,,0,unknown,,0,False,,"score=4,idx=15533,zone=14",2,OK,
0001091667,CHTR,2019,0001091667_CHTR_FY2019_10K.html,,"December 31, 2019",Not disclosed,Not disclosed,,,No,,Not disclosed,,Not disclosed,,0,unknown,,0,False,,"score=4,idx=15832,zone=14",2,OK,
0001091667,CHTR,2020,0001091667_CHTR_FY2020_10K.html,,2021-12-31,Not disclosed,Not disclosed,,,No,,Not disclosed,,Not disclosed,,0,unknown,,0,False,,"score=2,idx=10686,zone=12",2,OK,
0001091667,CHTR,2021,0001091667_CHTR_FY2021_10K.html,,2022-12-31,Not disclosed,Not disclosed,,,No,,Not disclosed,,Not disclosed,B200,1,unknown,,0,False,,"score=2,idx=9927,zone=12",2,OK,
0001091667,CHTR,2022,0001091667_CHTR_FY2022_10K.html,,2023-12-31,Not disclosed,Not disclosed,,,No,,Not disclosed,,Not disclosed,,0,unknown,,0,False,,"score=2,idx=8718,zone=12",2,OK,
0001091667,CHTR,2023,0001091667_CHTR_FY2023_10K.html,,2024-12-31,Not disclosed,Not disclosed,,,No,,Not disclosed,,Not disclosed,,0,unknown,,0,False,,"score=2,idx=8891,zone=12",2,OK,
0001091667,CHTR,2024,0001091667_CHTR_FY2024_10K.html,,2025-12-31,Not disclosed,Not disclosed,,,No,,Not disclosed,,Not disclosed,,0,unknown,,0,False,,"score=2,idx=9139,zone=12",2,OK,
0001094285,TDY,2013,0001094285_TDY_FY2013_10K.html,,,Not disclosed,Not disclosed,,,No,,Not disclosed,,Not disclosed,,0,unknown,,0,False,,"score=3,idx=16971,zone=11",2,OK,
0001094285,TDY,2014,0001094285_TDY_FY2014_10K.html,,,Not disclosed,Not disclosed,,,No,,Not disclosed,,Not disclosed,,0,unknown,,0,False,,"score=3,idx=16835,zone=11",2,OK,
0001094285,TDY,2015,0001094285_TDY_FY2015_10K.html,,,Not disclosed,Not disclosed,,,No,,Not disclosed,,Not disclosed,,0,unknown,,0,False,,"score=3,idx=16354,zone=11",2,OK,
0001094285,TDY,2016,0001094285_TDY_FY2016_10K.html,,,Not disclosed,Not disclosed,,,No,,Not disclosed,,Not disclosed,,0,unknown,,0,False,,"score=3,idx=16537,zone=28",2,OK,
0001094285,TDY,2017,0001094285_TDY_FY2017_10K.html,,,Not disclosed,Not disclosed,,,No,,Not disclosed,,Not disclosed,,0,unknown,,0,False,,"score=3,idx=15724,zone=13",2,OK,
0001094285,TDY,2018,0001094285_TDY_FY2018_10K.html,,,Not disclosed,Not disclosed,,,No,,Not disclosed,,Not disclosed,,0,unknown,,0,False,,"score=3,idx=14603,zone=13",2,OK,
0001094285,TDY,2019,0001094285_TDY_FY2019_10K.html,,2020-12-27,Not disclosed,Not disclosed,,,No,,To extend our protocol test solution and products to the electronic storage industry and data centers:,Item 8,"Design and test engineers use our protocol analysis solutions to monitor accurately and reliably high data-rate communication interfaces and diagnose operational problems in a wide range of systems and devices to ensure that they comply with industry standards, including the area of Cloud computing and networks, where PCI Express and related standards are required for high performance data centers. Our protocol test portfolio also covers wireless technologies, including Bluetooth and 802.11 (Wi-Fi), and modern video technologies, such as HDMI and DisplayPort. Both product lines, along with our leadership in USB technology, provide a unique base to service the mobile, internet of things, automotive and consumer electronics test market. Our most recent acquisition of OakGate Technology, Inc. provides protocol validation and test tools for disk drives, both spinning and solid state, and servers used for cloud-based storage.",,0,unknown,,0,False,,"score=2,idx=15344,zone=14",840,OK,
0001094285,TDY,2020,0001094285_TDY_FY2020_10K.html,,2021-12-26,Not disclosed,Not disclosed,,,No,,Not disclosed,,"Design and test engineers use our protocol analysis solutions to monitor accurately and reliably high data-rate communication interfaces and diagnose operational problems in a wide range of systems and devices to ensure that they comply with industry standards, including the area of cloud computing and networks. Our product lines, along with our leadership in USB technology, provide a unique base to service the mobile, internet of things, automotive and consumer electronics test market. Our most recent acquisition of OakGate Technology, Inc. (“OakGate”) during 2020 provides protocol validation and test tools for disk drives, both spinning and solid state, and servers used for cloud-based storage.",,0,unknown,,0,False,,"score=2,idx=14172,zone=22",678,OK,
0001094285,TDY,2021,0001094285_TDY_FY2021_10K.html,,2023-01-01,Not disclosed,Not disclosed,,,No,,"In 2021, Teledyne introduced the CrossSync™ PHY interposers and software options, enabling the first-ever link between an oscilloscope and a protocol analyzer to allow engineers to get a complete picture when testing the PCI Express interface standard. Our acquisition of OakGate Technology, Inc. (“OakGate”) in 2020 supplements our broad product offerings with protocol validation and test tools for high-performance solid-state storage devices used in both enterprise-grade data centers and in consumer computing applications.",Item 8,"Design and test engineers use our protocol analysis solutions to monitor accurately and reliably high data-rate communication interfaces and diagnose operational problems in a wide range of systems and devices to ensure that they comply with industry standards, including the area of cloud computing, storage and networks. Our leadership in USB and video technologies provides a unique base to service the mobile, internet of things, automotive and consumer electronics test markets.",,0,unknown,,0,False,,"score=2,idx=13411,zone=11",604,OK,
0001094285,TDY,2022,0001094285_TDY_FY2022_10K.html,,2023-01-01,Not disclosed,Not disclosed,,,No,,"Design and test engineers use our protocol analysis solutions to monitor accurately and reliably high data-rate communication interfaces and diagnose operational problems in a wide range of systems and devices to ensure that they comply with industry standards, including in the areas of cloud computing, storage and networks. Our leadership in USB and video technologies provides a unique base to service the mobile, internet of things, automotive and consumer electronics test markets. We also produce protocol validation and test tools for high-performance solid-state storage devices used in both enterprise-grade data centers and in consumer computing applications. Our recently introduced interposers and software options allow engineers to get a complete picture when testing the PCI Express interface standard by enabling a link between an oscilloscope and a protocol analyzer.",Item 8,"Design and test engineers use our protocol analysis solutions to monitor accurately and reliably high data-rate communication interfaces and diagnose operational problems in a wide range of systems and devices to ensure that they comply with industry standards, including in the areas of cloud computing, storage and networks. Our leadership in USB and video technologies provides a unique base to service the mobile, internet of things, automotive and consumer electronics test markets. We also produce protocol validation and test tools for high-performance solid-state storage devices used in both enterprise-grade data centers and in consumer computing applications. Our recently introduced interposers and software options allow engineers to get a complete picture when testing the PCI Express interface standard by enabling a link between an oscilloscope and a protocol analyzer.",,0,unknown,,0,False,,"score=2,idx=10256,zone=14",503,OK,
0001094285,TDY,2023,0001094285_TDY_FY2023_10K.html,,2024-01-23,Not disclosed,Not disclosed,,,No,,grade data centers and in consumer computing applications. Our recently introduced interposers and software options allow engineers to get a complete picture when testing the PCI Express interface standard by enabling a link between an oscilloscope and a protocol analyzer.,Item 8,"Design and test engineers use our protocol analysis solutions to monitor accurately and reliably high data-rate communication interfaces and diagnose operational problems in a wide range of systems and devices to ensure that they comply with industry standards, including in the areas of cloud computing, storage and networks. Our leadership in USB and video technologies provides a unique base to service the mobile, internet of things, automotive and consumer electronics test markets. We also produce protocol validation and test tools for high-performance solid-state storage devices used in both enterprise-",,0,unknown,,0,False,,"score=2,idx=10541,zone=14",510,OK,
0001094285,TDY,2024,0001094285_TDY_FY2024_10K.html,,2025-02-03,Not disclosed,Not disclosed,,,No,,"Design and test engineers use our protocol analysis solutions, including traffic generators and emulators, to accurately and reliably monitor and test high data-rate communication interfaces and diagnose operational problems in a wide range of systems and devices to ensure that they comply with industry standards, including in the areas of cloud computing, data storage and networks. Our leadership in USB and video technologies provides a unique base to service the mobile, internet of things, automotive and consumer electronics test markets. We also produce protocol validation and test tools for high-performance solid-state storage devices used in both enterprise-grade data centers and in consumer computing applications. Our interposers and software options allow engineers to get a complete picture when testing the PCI Express interface standard by enabling a link between an oscilloscope and a protocol analyzer to show a synchronized view of both the physical and protocol layers.",Item 8,"Design and test engineers use our protocol analysis solutions, including traffic generators and emulators, to accurately and reliably monitor and test high data-rate communication interfaces and diagnose operational problems in a wide range of systems and devices to ensure that they comply with industry standards, including in the areas of cloud computing, data storage and networks. Our leadership in USB and video technologies provides a unique base to service the mobile, internet of things, automotive and consumer electronics test markets. We also produce protocol validation and test tools for high-performance solid-state storage devices used in both enterprise-grade data centers and in consumer computing applications. Our interposers and software options allow engineers to get a complete picture when testing the PCI Express interface standard by enabling a link between an oscilloscope and a protocol analyzer to show a synchronized view of both the physical and protocol layers.",,0,unknown,,0,False,,"score=2,idx=10700,zone=10",520,OK,
0001094831,BGC,2013,0001094831_BGC_FY2013_10K.html,,"December 31, 2013",Not disclosed,Not disclosed,,,No,,Not disclosed,,Not disclosed,,0,unknown,,0,False,,"score=7,idx=20319,zone=28830",749,OK,
0001094831,BGC,2014,0001094831_BGC_FY2014_10K.html,,"December 31, 2014",Not disclosed,Not disclosed,,,No,,"We believe the
combination of BGC and GFI will create a strong and diversified company, well positioned to capture future growth opportunities. Through this combination, we expect to deliver substantial benefits to customers of the combined company, and we
expect to become the largest and most profitable wholesale brokerage company. We also believe this is a highly complementary combination, which will result in meaningful economies of scale. While the front office operations will remain
separately branded companies, we plan on integrating the back office, technology, and infrastructure of these two companies in a smart and deliberate way. By the end of the first year, we expect to save at least $50 million annually on items
including network infrastructure, telephone lines, data centers, vendors, disaster recovery, regulatory capital, and interest expense. We expect further cost savings in the second year and beyond. We also expect to generate increased
productivity per broker and to continue converting voice and hybrid broking to more profitable fully electronic trading, all of which should lead to increased revenues, profitability and cash flows.",MD&A (Item 7),Not disclosed,,0,unknown,,0,False,,"score=7,idx=13150,zone=17980",722,OK,
0001094831,BGC,2015,0001094831_BGC_FY2015_10K.html,,"December 31, 2015",Not disclosed,Not disclosed,,,No,,Not disclosed,,Not disclosed,,0,unknown,,0,False,,"score=7,idx=13763,zone=19803",828,OK,
0001094831,BGC,2016,0001094831_BGC_FY2016_10K.html,,"December 31, 2016",Not disclosed,Not disclosed,,,No,,"Capital Markets. We provide clients with strategic solutions to their real estate capital
concerns. We offer a broad range of real estate capital markets services, including investment sales and access to providers of capital. We also provide access to a broad range of other services, including asset sales, sale leasebacks, valuation,
mortgage and entity-level financing and due diligence. The transactions we broker involve vacant land, new real estate developments and existing buildings. We specialize in arranging financing for most types of value-added commercial real estate,
including land, condominium conversions, subdivisions, office, retail, industrial, multifamily, student housing, hotels, data center, healthcare, self-storage and special use. We operate our multifamily investment sales practice through our ARA-branded business. Through our regional teams of mortgage brokers, we offer a broad range of debt alternatives through third party banks, insurance companies and other lenders.",MD&A (Item 7),Not disclosed,,0,unknown,,0,False,,"score=7,idx=15361,zone=21109",880,OK,
0001094831,BGC,2017,0001094831_BGC_FY2017_10K.html,,"December 31, 2017",equipment,"December 31, 2017 December 31, 2016 Computer and communications equipment $ 151,499 $ 133,470 Software, including software development costs 164,011 130,397 Leasehold improvements and other fixed assets 179,178 154,602 494,688 418,469 Less: accumulated depreciation and amortization (305,341 ) (251,230 ) Fixed assets, net $ 189,347 $ 167,239",,,No,,"We provide clients with strategic solutions to address their real estate capital concerns. We offer a broad range of real estate capital markets services. These services include asset sales, sale leasebacks, mortgage and entity-level financing, equity-raising, underwriting and due diligence. The transactions we broker involve vacant land, new real estate developments and existing buildings. We specialize in arranging financing for most types of value-added commercial real estate, including land, condominium conversions, subdivisions, office, retail, industrial, multifamily, student housing, hotels, data center, healthcare, self-storage and special use. Through both our investment sales brokers and our mortgage brokers, we are able to offer multiple debt and equity alternatives to fund capital markets transactions through third-party banks, insurance companies and other capital providers. RCA figures suggest U.S. commercial real estate sales volumes across the industry declined 7% year-over-year in 2017, while commercial mortgage origination volumes were estimated to increase 15% during the year ended December 31, 2017, according to a February 2018 MBA forecast, which included updated backwards looking numbers for 2017. In comparison, our capital markets revenues, which are more heavily weighted to investment sales than commercial mortgage brokerage, increased by 18.5% year-over-year in 2017 to $397.7 million.",MD&A (Item 7),Not disclosed,,0,ppe_note,"20. Fixed Assets, Net",3,False,,"score=6,idx=19650,zone=30105",1326,OK,
0001094831,BGC,2018,0001094831_BGC_FY2018_10K.html,,"December 31, 2018",equipment,"December 31, 2018 December 31, 2017 Computer and communications equipment $ 140,451 $ 135,622 Software, including software development costs 194,470 146,615 Leasehold improvements and other fixed assets 127,349 101,866 462,270 384,103 Less: accumulated depreciation and amortization (305,101 ) (259,577 ) Fixed assets, net $ 157,169 $ 124,526",,,Yes,"The Company also provides software customization services contracted through work orders that each represent a separate performance obligation. Revenue is recognized over-time using an output method as a measure of progress. As circumstances change over time, the Company updates its measure of progress to reflect any changes in the outcome of the performance obligation. Such updates are accounted for as a change in accounting estimate. As a practical expedient, when the work-order period is less than 12 months, the Company recognizes revenue upon acceptance from the customer after work is completed. The contract price is fixed and billed to the customer as combination of an upfront fee, progress fees, and a post-delivery fee.",Not disclosed,,"In August 2018, the FASB issued ASU 2018-15, Intangibles—Goodwill and Other—Internal-Use Software (Subtopic 350-40): Customer’s Accounting for Implementation Costs Incurred in a Cloud Computing Arrangement That Is a Service Contract (a consensus of the FASB Emerging Issues Task Force) . The guidance on the accounting for implementation, setup, and other upfront costs (collectively referred to as implementation costs) applies to entities that are a customer in a hosting arrangement that is a service contract. The amendments align the requirements for capitalizing implementation costs incurred in a hosting arrangement that is a service contract with the requirements for capitalizing implementation costs incurred to develop or obtain internal-use software (and hosting arrangements that include an internal-use software license). The accounting for the service element of a hosting arrangement that is a service contract is not affected by the guidance in this ASU. The new standard will become effective for the Company beginning January 1, 2020, should be applied either retrospectively or prospectively to all implementation costs incurred after the date of adoption, and early adoption is permitted. Management is currently evaluating the impact of the new guidance on the Company’s consolidated financial statements. ||| Intangibles—Goodwill and Other—Internal-Use Software (Subtopic 350-40): Customer’s Accounting for Implementation Costs Incurred in a Cloud Computing Arrangement That Is a Service Contract (a consensus of the FASB Emerging Issues Task Force)",,0,ppe_note,"16. Fixed Assets, Net",3,False,,"score=6,idx=16251,zone=26063",1137,OK,
0001094831,BGC,2019,0001094831_BGC_FY2019_10K.html,,2020-02-26,equipment,"December 31, 2019 December 31, 2018 Computer and communications equipment $ 95,115 $ 140,451 Software, including software development costs 235,230 194,470 Leasehold improvements and other fixed assets 116,231 127,349 446,576 462,270 Less: accumulated depreciation and amortization (241,735 ) (305,101 ) Fixed assets, net $ 204,841 $ 157,169",,,Yes,"The Company also provides software customization services contracted through work orders that each represent a separate performance obligation. Revenue is recognized over time using an output method as a measure of progress. As circumstances change over time, the Company updates its measure of progress to reflect any changes in the outcome of the performance obligation. Such updates are accounted for as a change in accounting estimate. As a practical expedient, when the work-order period is less than 12 months, the Company recognizes revenue upon acceptance from the customer after work is completed. The contract price is fixed and billed to the customer as combination of an upfront fee, progress fees, and a post-delivery fee.","The Company, acting as a lessee, has operating leases primarily relating to office space, data centers and office equipment. The leases have remaining lease terms of 0.1 year to 19.6 years, some of which include options to extend the leases in 1 to 10 year increments for up to 10 years. Renewal periods are included in the lease term only when renewal is reasonably certain, which is a high threshold and requires management to apply judgment to determine the appropriate lease term. Certain leases also include periods covered by an option to terminate the lease if the Company is reasonably certain not to exercise the termination option. The Company measures its lease payments by including fixed rental payments and, where relevant, variable rental payments tied to an index, such as the Consumer Price Index. Payments for leases in place before the date of adoption of ASC 842, Leases were determined based on previous leases guidance. The Company recognizes lease expense for its operating leases on a straight-line basis over the lease term and variable lease expense not included in the lease payment measurement is recognized as incurred. All leases were classified as operating leases as of December 31, 2019.",Item 8,"In August 2018, the FASB issued ASU No. 2018-15, Intangibles—Goodwill and Other—Internal-Use Software (Subtopic 350-40): Customer’s Accounting for Implementation Costs Incurred in a Cloud Computing Arrangement That Is a Service Contract (a consensus of the FASB Emerging Issues Task Force) . The guidance on the accounting for implementation, setup, and other upfront costs (collectively referred to as implementation costs) applies to entities that are a customer in a hosting arrangement that is a service contract. The amendments align the requirements for capitalizing implementation costs incurred in a hosting arrangement that is a service contract with the requirements for capitalizing implementation costs incurred to develop or obtain internal-use software (and hosting arrangements that include an internal-use software license). The accounting for the service element of a hosting arrangement that is a service contract is not affected by the guidance in this ASU. The new standard will become effective for the Company beginning January 1, 2020, should be applied either retrospectively or prospectively to all implementation costs incurred after the date of adoption, and early adoption is permitted. Management adopted the standard on its effective date beginning January 1, 2020. The adoption of this guidance is not expected to have a material impact on the Company’s consolidated financial statements. ||| Intangibles—Goodwill and Other—Internal-Use Software (Subtopic 350-40): Customer’s Accounting for Implementation Costs Incurred in a Cloud Computing Arrangement That Is a Service Contract (a consensus of the FASB Emerging Issues Task Force)",,0,ppe_note,"16. Fixed Assets, Net",3,True,0.1 ans | 1.0-10.0 ans | 10.0 ans,"score=6,idx=24205,zone=24450",1210,OK,
0001094831,BGC,2020,0001094831_BGC_FY2020_10K.html,,2020-12-31,equipment,"December 31, 2020 December 31, 2019 Computer and communications equipment $ 92,565 $ 95,115 Software, including software development costs 259,439 235,230 Leasehold improvements and other fixed assets 120,951 116,231 472,955 446,576 Less: accumulated depreciation and amortization (258,173 ) (241,735 ) Fixed assets, net $ 214,782 $ 204,841",,,Yes,"The Company also provides software customization services contracted through work orders that each represent a separate performance obligation. Revenue is recognized over time using an output method as a measure of progress. As circumstances change over time, the Company updates its measure of progress to reflect any changes in the outcome of the performance obligation. Such updates are accounted for as a change in accounting estimate. As a practical expedient, when the work-order period is less than 12 months, the Company recognizes revenue upon acceptance from the customer after work is completed. The contract price is fixed and billed to the customer as combination of an upfront fee, progress fees, and a post-delivery fee.","The Company, acting as a lessee, has operating leases primarily relating to office space, data centers and office equipment. The leases have remaining lease terms of 0.1 year to 18.6 years, some of which include options to extend the leases in 1 to 10 year increments for up to 10 years. Renewal periods are included in the lease term only when renewal is reasonably certain, which is a high threshold and requires management to apply judgment to determine the appropriate lease term. Certain leases also include periods covered by an option to terminate the lease if the Company is reasonably certain not to exercise the termination option. The Company measures its lease payments by including fixed rental payments and, where relevant, variable rental payments tied to an index, such as the Consumer Price Index. Payments for leases in place before the date of adoption of ASC 842, Leases were determined based on previous leases guidance. The Company recognizes lease expense for its operating leases on a straight-line basis over the lease term and variable lease expense not included in the lease payment measurement is recognized as incurred. All leases were classified as operating leases as of December 31, 2020.",Item 8,"In August 2018, the FASB issued ASU No. 2018-15, Intangibles—Goodwill and Other—Internal-Use Software (Subtopic 350-40): Customer’s Accounting for Implementation Costs Incurred in a Cloud Computing Arrangement That Is a Service Contract (a consensus of the FASB Emerging Issues Task Force) . The guidance on the accounting for implementation, setup, and other upfront costs (collectively referred to as implementation costs) applies to entities that are a customer in a hosting arrangement that is a service contract. The amendments align the requirements for capitalizing implementation costs incurred in a hosting arrangement that is a service contract with the requirements for capitalizing implementation costs incurred to develop or obtain internal-use software (and hosting arrangements that include an internal-use software license). The accounting for the service element of a hosting arrangement that is a service contract is not affected by the guidance in this ASU. BGC adopted the standard on its effective date beginning January 1, 2020. The adoption of this guidance did not have a material impact on the Company’s consolidated financial statements. ||| Intangibles—Goodwill and Other—Internal-Use Software (Subtopic 350-40): Customer’s Accounting for Implementation Costs Incurred in a Cloud Computing Arrangement That Is a Service Contract (a consensus of the FASB Emerging Issues Task Force)",,0,significant_accounting_policies,5. Quarterly Results of Operations (Unaudited),3,True,0.1 ans | 1.0-10.0 ans | 10.0 ans,"score=6,idx=26200,zone=39680",1311,OK,
0001094831,BGC,2021,0001094831_BGC_FY2021_10K.html,,"December 31, 2021",equipment,"December 31, 2021 December 31, 2020 Computer and communications equipment $ 96,472 $ 92,577 Software, including software development costs 280,540 265,082 Leasehold improvements and other fixed assets 105,362 121,024 482,374 478,683 Less: accumulated depreciation and amortization (292,262) (262,659) Fixed assets, net $ 190,112 $ 216,024",,,Not disclosed,,Not disclosed,,Not disclosed,,0,ppe_note,"16. Fixed Assets, Net",3,False,,"score=5,idx=18266,zone=15054",1122,ERROR,'<' not supported between instances of 'NoneType' and 'float'
0001094831,BGC,2022,0001094831_BGC_FY2022_10K.html,,"December 31, 2022",equipment,"December 31, 2022 December 31, 2021 Computer and communications equipment $ 95,730 $ 96,472 Software, including software development costs 320,275 280,540 Leasehold improvements and other fixed assets 94,875 105,362 510,880 482,374 Less: accumulated depreciation and amortization (327,402) (292,262) Fixed assets, net $ 183,478 $ 190,112",,,Not disclosed,,Not disclosed,,Not disclosed,,0,ppe_note,"15. Fixed Assets, Net",3,False,,"score=5,idx=18403,zone=15630",1094,ERROR,'<' not supported between instances of 'NoneType' and 'float'
0001094831,BGC,2023,0001094831_BGC_FY2023_10K.html,,2024-01-02,equipment,"December 31, 2023 December 31, 2022 Computer and communications equipment $ 103,621 $ 95,730 Software, including software development costs 360,047 320,275 Leasehold improvements and other fixed assets 99,034 94,875 562,702 510,880 Less: accumulated depreciation and amortization (384,402) (327,402) Fixed assets, net $ 178,300 $ 183,478",,,Not disclosed,,Not disclosed,,Not disclosed,,0,ppe_note,"15. Fixed Assets, Net",3,False,,"score=5,idx=17902,zone=16547",1214,ERROR,'<' not supported between instances of 'NoneType' and 'float'
0001094831,BGC,2024,0001094831_BGC_FY2024_10K.html,,2025-02-05,equipment,"December 31, 2024 December 31, 2023 Computer and communications equipment $ 112,463 $ 103,621 Software, including software development costs 401,040 360,047 Leasehold improvements and other fixed assets 108,303 99,034 621,806 562,702 Less: accumulated depreciation and amortization (431,794) (384,402) Fixed assets, net $ 190,012 $ 178,300",,,Not disclosed,,Not disclosed,,Not disclosed,,0,ppe_note,"15. Fixed Assets, Net",3,False,,"score=5,idx=18300,zone=16587",1217,ERROR,'<' not supported between instances of 'float' and 'NoneType'
0001096752,EPC,2013,0001096752_EPC_FY2013_10K.html,,,Not disclosed,Not disclosed,,,No,,Not disclosed,,Not disclosed,,0,unknown,,0,False,,"score=4,idx=3574,zone=12",2,OK,
0001096752,EPC,2014,0001096752_EPC_FY2014_10K.html,,,Not disclosed,Not disclosed,,,No,,Not disclosed,,Not disclosed,,0,unknown,,0,False,,"score=4,idx=3495,zone=12",2,OK,
0001096752,EPC,2015,0001096752_EPC_FY2015_10K.html,,,Capitalized software,Capitalized software costs are included in other assets. These costs are amortized using the straight-line method over periods of related benefit ranging from,,,Yes,"Property, plant and equipment, net is stated at historical costs. Property, plant and equipment acquired as part of a business combination is recorded at estimated fair value. Expenditures for new facilities and expenditures that substantially increase the useful life of property, including interest during construction, are capitalized and reported in the Capital expenditures caption in the accompanying Consolidated Statements of Cash Flows. Maintenance, repairs and minor renewals are expensed as incurred. When property is retired or otherwise disposed of, the related cost and accumulated depreciation are removed from the accounts, and gains or losses on the disposition are reflected in earnings. Depreciation is generally provided on the straight-line basis by charges to pre-tax earnings at rates based on estimated useful lives. Estimated useful lives range from",Not disclosed,,Not disclosed,,0,notes_to_financials,Note 15 of Notes to Consolidated Financial Statements.,2,False,,"score=4,idx=12037,zone=37783",1093,OK,
0001096752,EPC,2016,0001096752_EPC_FY2016_10K.html,,,"Capitalized software, equipment","Capitalized software costs are included in Property, plant and equipment, net. These costs are amortized using the straight-line method over periods of related benefit ranging from",,,Yes,"Property, plant and equipment, net is stated at historical cost. Property, plant and equipment acquired as part of a business combination is recorded at estimated fair value. Expenditures for new facilities and expenditures that substantially increase the useful life of property, including interest during construction, are capitalized and reported as Capital expenditures in the accompanying Consolidated Statements of Cash Flows. Maintenance, repairs and minor renewals are expensed as incurred. When property is retired or otherwise disposed of, the related cost and accumulated depreciation are removed from the accounts, and gains or losses on the disposition are reflected in Net earnings (loss). Depreciation is generally provided on the straight-line basis by charges to pre-tax earnings at rates based on estimated useful lives. Estimated useful lives range from",Not disclosed,,Not disclosed,,0,significant_accounting_policies,Note 2 - Summary of Significant Accounting Policies,3,False,,"score=4,idx=12507,zone=36485",985,OK,
0001096752,EPC,2017,0001096752_EPC_FY2017_10K.html,,,"Capitalized software, equipment","Capitalized software costs are included in Property, plant and equipment, net. These costs are amortized using the straight-line method over periods of related benefit ranging from",,,Yes,"Property, plant and equipment, net is stated at historical cost. Property, plant and equipment acquired as part of a business combination is recorded at estimated fair value. Expenditures for new facilities and expenditures that substantially increase the useful life of property, including interest during construction, are capitalized and reported as Capital expenditures in the accompanying Consolidated Statements of Cash Flows. Maintenance, repairs and minor renewals are expensed as incurred. When property is retired or otherwise disposed of, the related cost and accumulated depreciation are removed from the accounts, and gains or losses on the disposition are reflected in Net earnings (loss). Depreciation is generally provided on the straight-line basis by charges to earnings at rates based on estimated useful lives. Estimated useful lives range from",Not disclosed,,Not disclosed,,0,significant_accounting_policies,Note 2 - Summary of Significant Accounting Policies,3,False,,"score=4,idx=12285,zone=34044",966,OK,
0001096752,EPC,2018,0001096752_EPC_FY2018_10K.html,,,"Capitalized software, equipment","Capitalized software costs are included in Property, plant and equipment, net. These costs are amortized using the straight-line method over periods of related benefit ranging from",,,Yes,"Property, plant and equipment, net is stated at historical cost. Property, plant and equipment acquired as part of a business combination is recorded at estimated fair value. Expenditures for new facilities and expenditures that substantially increase the useful life of property, including interest during construction, are capitalized and reported as Capital expenditures in the accompanying Consolidated Statements of Cash Flows. Maintenance, repairs and minor renewals are expensed as incurred. When property is retired or otherwise disposed of, the related cost and accumulated depreciation are removed from the accounts, and gains or losses on the disposition are reflected in Net earnings (loss). Depreciation is generally provided on the straight-line basis by charges to earnings at rates based on estimated useful lives. Estimated useful lives range from",Not disclosed,,Not disclosed,,0,significant_accounting_policies,Note 2 - Summary of Significant Accounting Policies,3,False,,"score=4,idx=12101,zone=31865",947,OK,
0001096752,EPC,2019,0001096752_EPC_FY2019_10K.html,,"September 30, 2019","Capitalized software, equipment","Capitalized software costs are included in Property, plant and equipment, net. These costs are amortized using the straight-line method over periods of related benefit ranging from three to seven years . Expenditures related to capitalized software are included within Capital expenditures in the Consolidated Statements of Cash Flows. Amortization expense was $4.3 , $5.3 , and $6.0 in fiscal 2019 , 2018 and 2017 , respectively.",3.0,7.0,Yes,Estimated useful lives range from two to 25 years for machinery and equipment and three to 30 years for buildings and building improvements.,Not disclosed,,Not disclosed,,0,significant_accounting_policies,Note 2 - Summary of Significant Accounting Policies,3,False,,"score=4,idx=14923,zone=35781",974,OK,
0001096752,EPC,2020,0001096752_EPC_FY2020_10K.html,,"September 30, 2020","Capitalized software, equipment","Amortization expense associated with capitalized software was $5.2, $4.3, and $5.3 in fiscal 2020, 2019 and 2018, respectively.",3.0,7.0,Yes,Estimated useful lives range from two to 10 years for machinery and equipment and three to 30 years for buildings and building improvements.,Not disclosed,,Not disclosed,,0,significant_accounting_policies,Note 2 - Summary of Significant Accounting Policies,3,False,,"score=2,idx=9666,zone=12662",767,OK,
0001096752,EPC,2021,0001096752_EPC_FY2021_10K.html,,"September 30, 2021","Capitalized software, equipment","Amortization expense associated with capitalized software was $4.5, $5.2, and $4.3 in fiscal 2021, 2020 and 2019, respectively.",3.0,7.0,Yes,Estimated useful lives range from two to 10 years for machinery and equipment and three to 30 years for buildings and building improvements.,Not disclosed,,Not disclosed,,0,significant_accounting_policies,Note 2 - Summary of Significant Accounting Policies,3,False,,"score=2,idx=9554,zone=12519",744,OK,
0001096752,EPC,2022,0001096752_EPC_FY2022_10K.html,,"September 30, 2022","Capitalized software, equipment","Amortization expense associated with capitalized software was $4.7, $4.5, and $5.2 in fiscal 2022, 2021 and 2020, respectively.",3.0,7.0,Yes,Estimated useful lives range from two to 10 years for machinery and equipment and three to 30 years for buildings and building improvements.,Not disclosed,,Not disclosed,,0,significant_accounting_policies,Note 2 - Summary of Significant Accounting Policies,3,False,,"score=2,idx=8096,zone=12077",724,OK,
0001096752,EPC,2023,0001096752_EPC_FY2023_10K.html,,"September 30, 2023","Capitalized software, equipment","Amortization expense associated with capitalized software was $5.0, $4.7, and $4.5 in fiscal 2023, 2022 and 2021, respectively.",3.0,7.0,Yes,Estimated useful lives range from two to 10 years for machinery and equipment and three to 30 years for buildings and building improvements.,Not disclosed,,Not disclosed,,0,significant_accounting_policies,Note 2 - Summary of Significant Accounting Policies,3,False,,"score=2,idx=8188,zone=14463",731,OK,
0001096752,EPC,2024,0001096752_EPC_FY2024_10K.html,,"September 30, 2024","Capitalized software, equipment","Capitalized software costs are included in Property, plant and equipment, net. These costs are amortized using the straight-line method over periods of related benefit ranging from three to seven years. Expenditures related to capitalized software are included within Capital expenditures in the Consolidated Statements of Cash Flows.",3.0,7.0,Yes,Estimated useful lives range from two to 10 years for machinery and equipment and three to 30 years for buildings and building improvements.,Not disclosed,,Not disclosed,,0,significant_accounting_policies,Note 2 - Summary of Significant Accounting Policies,3,True,2.0-10.0 ans | 3.0-7.0 ans,"score=2,idx=7984,zone=12270",729,OK,
0001099800,EW,2013,0001099800_EW_FY2013_10K.html,,"December 31, 2013",software.,"Depreciation is principally calculated for financial reporting purposes on the
straight-line method over the estimated useful lives of the related assets, which range from 10 to 40 years for buildings and improvements, from 3 to 15 years for machinery and
equipment, and from 3 to 10 years for software.",3.0,10.0,No,,Not disclosed,,Not disclosed,,0,significant_accounting_policies,2. SUMMARY OF SIGNIFICANT ACCOUNTING POLICIES (Continued),3,True,3.0-10.0 ans | 3.0-15.0 ans,"score=4,idx=8194,zone=28657",672,OK,
0001099800,EW,2014,0001099800_EW_FY2014_10K.html,,"December 31, 2014",software.,"Depreciation is principally calculated for financial reporting purposes on the
straight-line method over the estimated useful lives of the related assets, which range from 10 to 40 years for buildings and improvements, from 3 to 15 years for machinery and
equipment, and from 3 to 10 years for software.",3.0,10.0,No,,Not disclosed,,Not disclosed,,0,significant_accounting_policies,2. SUMMARY OF SIGNIFICANT ACCOUNTING POLICIES (Continued),3,True,3.0-10.0 ans | 3.0-15.0 ans,"score=4,idx=7512,zone=32746",721,OK,
0001099800,EW,2015,0001099800_EW_FY2015_10K.html,,,"equipment, Machinery and equipment","As of December 31, 2015 2014 (in millions) Accounts receivable, net (a) Trade accounts receivable $ 322.2 $ 293.1 Allowance for doubtful accounts (6.8 ) (5.1 ) $ 315.4 $ 288.0 Inventories Raw materials $ 63.8 $ 67.4 Work in process 64.1 59.3 Finished products 212.0 170.1 $ 339.9 $ 296.8 Property, plant, and equipment, net Land $ 25.1 $ 25.4 Buildings and leasehold improvements 293.4 270.6 Machinery and equipment 328.6 320.8 Equipment with customers 34.6 41.0 Software 97.4 99.6 Construction in progress 75.2 50.9 854.3 808.3 Accumulated depreciation (371.8 ) (365.4 ) $ 482.5 $ 442.9 Long-term accounts receivable, net (a) Long-term trade accounts receivable $ 9.9 $ 12.0 Allowance for doubtful accounts (6.3 ) (6.2 ) $ 3.6 $ 5.8 Accrued and other liabilities Employee compensation and withholdings $ 209.4 $ 190.5 Research and development accruals 38.6 39.9 Property, payroll, and other taxes 34.5 32.7 Accrued rebates 23.9 11.7 Taxes payable 14.5 9.1 Severance and realignment reserves 19.1 11.8 Litigation reserves (Note 17) 5.6 4.4 Fair value of derivatives 4.2 2.6 Other accrued liabilities 62.5 65.2 $ 412.3 $ 367.9",,,No,,Not disclosed,,Not disclosed,,0,significant_accounting_policies,21. SUBSEQUENT EVENT,3,False,,"score=4,idx=9104,zone=28170",921,OK,
0001099800,EW,2016,0001099800_EW_FY2016_10K.html,,,"equipment, Machinery and equipment","As of December 31, 2016 2015 (in millions) Accounts receivable, net Trade accounts receivable $ 374.5 $ 322.2 Allowance for doubtful accounts (9.0 ) (6.8 ) $ 365.5 $ 315.4 Inventories Raw materials $ 60.6 $ 63.8 Work in process 102.4 64.1 Finished products 233.6 212.0 $ 396.6 $ 339.9 Property, plant, and equipment, net Land $ 30.1 $ 25.1 Buildings and leasehold improvements 367.2 293.4 Machinery and equipment 346.5 328.6 Equipment with customers 37.4 34.6 Software 100.6 97.4 Construction in progress 79.6 75.2 961.4 854.3 Accumulated depreciation (381.4 ) (371.8 ) $ 580.0 $ 482.5 Accrued and other liabilities Employee compensation and withholdings $ 216.1 $ 209.4 Research and development accruals 40.0 38.6 Property, payroll, and other taxes 35.3 34.5 Accrued rebates 36.1 23.9 Accrued marketing expenses 12.6 9.6 Taxes payable 5.9 14.5 Litigation reserves (Note 17) 7.8 5.6 Fair value of derivatives 3.3 4.2 Other accrued liabilities 78.3 72.0 $ 435.4 $ 412.3",,,No,,Not disclosed,,Not disclosed,,0,significant_accounting_policies,20. VALUATION AND QUALIFYING ACCOUNTS,3,False,,"score=4,idx=8598,zone=28000",919,OK,
0001099800,EW,2017,0001099800_EW_FY2017_10K.html,,,"equipment, Machinery and equipment","As of December 31, 2017 2016 (in millions) Accounts receivable, net Trade accounts receivable $ 430.1 $ 374.5 Allowance for doubtful accounts (8.5 ) (9.0 ) $ 421.6 $ 365.5 Inventories Raw materials $ 101.4 $ 60.6 Work in process 121.1 102.4 Finished products 332.4 233.6 $ 554.9 $ 396.6 Property, plant, and equipment, net Land $ 39.1 $ 30.1 Buildings and leasehold improvements 436.8 367.2 Machinery and equipment 393.4 346.5 Equipment with customers 41.0 37.4 Software 93.4 100.6 Construction in progress 88.2 79.6 1,091.9 961.4 Accumulated depreciation (412.2 ) (381.4 ) $ 679.7 $ 580.0 Accrued and other liabilities Employee compensation and withholdings $ 249.4 $ 216.1 Taxes payable 97.8 5.9 Accrued rebates 53.9 36.1 Property, payroll, and other taxes 41.9 35.3 Research and development accruals 39.2 40.0 Fair value of derivatives 24.8 3.3 Litigation and insurance reserves (Note 17) 15.0 14.6 Accrued marketing expenses 14.9 12.6 Accrued professional services 8.5 4.0 Accrued realignment reserves 8.2 0.1 Accrued relocation costs 8.7 7.0 Other accrued liabilities 74.3 60.4 $ 636.6 $ 435.4",,,No,,Not disclosed,,Not disclosed,,0,significant_accounting_policies,20. VALUATION AND QUALIFYING ACCOUNTS,3,False,,"score=4,idx=8692,zone=30770",1040,OK,
0001099800,EW,2018,0001099800_EW_FY2018_10K.html,,,"equipment, Machinery and equipment","As of December 31, 2018 2017 (in millions) Accounts receivable, net Trade accounts receivable $ 465.8 $ 447.2 Allowance for doubtful accounts (8.9 ) (8.5 ) $ 456.9 $ 438.7 Inventories Raw materials $ 111.5 $ 101.4 Work in process 144.8 121.1 Finished products 350.7 332.4 $ 607.0 $ 554.9 Property, plant, and equipment, net Land $ 90.7 $ 39.1 Buildings and leasehold improvements 497.4 436.8 Machinery and equipment 432.4 393.4 Equipment with customers 41.1 41.0 Software 92.4 93.4 Construction in progress 168.8 88.2 1,322.8 1,091.9 Accumulated depreciation (455.3 ) (412.2 ) $ 867.5 $ 679.7 Accrued and other liabilities Employee compensation and withholdings $ 226.1 $ 249.4 Litigation and insurance reserves (Note 17) 196.7 15.0 Taxes payable 31.3 97.8 Accrued rebates 80.0 71.0 Property, payroll, and other taxes 39.5 41.9 Research and development accruals 48.9 39.2 Fair value of derivatives 4.4 24.8 Accrued marketing expenses 22.3 14.9 Accrued professional services 11.0 8.5 Accrued realignment reserves 0.1 8.2 Accrued relocation costs 11.3 8.7 Other accrued liabilities 71.0 74.3 $ 742.6 $ 653.7",,,No,,Not disclosed,,"In August 2018, the FASB issued an amendment to the accounting guidance on cloud computing service arrangements. The guidance aligns the requirements for capitalizing implementation costs incurred in a hosting arrangement that is a service contract with the requirements for capitalizing implementation costs incurred to develop or obtain internal-use software. The guidance also requires an entity to expense the capitalized implementation costs of a hosting arrangement that is a service contract over the term of the hosting arrangement. The guidance is effective for fiscal years beginning after December 15, 2019, and interim periods within those fiscal years. The Company is currently evaluating the impact the guidance will have on its consolidated financial statements.",,0,significant_accounting_policies,21. SUBSEQUENT EVENT,3,False,,"score=4,idx=8427,zone=31482",1080,OK,
0001099800,EW,2019,0001099800_EW_FY2019_10K.html,,"December 31, 2019",software.,"Depreciation is principally calculated for financial reporting purposes on the straight-line method over the estimated useful lives of the related assets, which range from 10 to 40 years for buildings and improvements, from 3 to 15 years for machinery and equipment, and from 3 to 5 years for software.",3.0,5.0,No,,Not disclosed,,"In August 2018, the FASB issued an amendment to the accounting guidance on cloud computing service arrangements. The guidance aligns the requirements for capitalizing implementation costs incurred in a hosting arrangement that is a service contract with the requirements for capitalizing implementation costs incurred to develop or obtain internal-use software. The guidance also requires an entity to expense the capitalized implementation costs of a hosting arrangement that is a service contract over the term of the hosting arrangement. The guidance is effective for fiscal years beginning after December 15, 2019, and interim periods within those fiscal years. The Company does not expect the adoption of this guidance will have a material impact on its consolidated financial statements.",,0,significant_accounting_policies,2. SUMMARY OF SIGNIFICANT ACCOUNTING POLICIES (Continued),3,True,3.0-5.0 ans | 3.0-15.0 ans,"score=4,idx=12002,zone=34361",1124,OK,
0001099800,EW,2020,0001099800_EW_FY2020_10K.html,,2024-05-31,software.,"Depreciation is principally calculated for financial reporting purposes on the straight-line method over the estimated useful lives of the related assets, which range from 10 to 40 years for buildings and improvements, from 3 to 15 years for machinery and equipment, and from 3 to 5 years for software.",3.0,5.0,No,,Not disclosed,,"In August 2018, the Financial Accounting Standards Board (""FASB"") issued an amendment to the accounting guidance on cloud computing service arrangements. The guidance aligns the requirements for capitalizing implementation costs incurred in a hosting arrangement that is a service contract with the requirements for capitalizing implementation costs incurred to develop or obtain internal-use software. The guidance also requires an entity to expense the capitalized implementation costs of a hosting arrangement that is a service contract over the term of the hosting arrangement. The guidance was effective for fiscal years beginning after December 15, 2019, and interim periods within those fiscal years. The adoption of this guidance on January 1, 2020 did not have a material impact on the Company's consolidated financial statements.",,0,significant_accounting_policies,2. SUMMARY OF SIGNIFICANT ACCOUNTING POLICIES (Continued),3,True,3.0-5.0 ans | 3.0-15.0 ans,"score=2,idx=9877,zone=17506",833,OK,
0001099800,EW,2021,0001099800_EW_FY2021_10K.html,,2024-05-31,software.,"Depreciation is principally calculated for financial reporting purposes on the straight-line method over the estimated useful lives of the related assets, which range from 10 to 40 years for buildings and improvements, from 3 to 15 years for machinery and equipment, and from 3 to 5 years for software.",3.0,5.0,No,,Not disclosed,,Not disclosed,,0,significant_accounting_policies,2. SUMMARY OF SIGNIFICANT ACCOUNTING POLICIES (Continued),3,True,3.0-5.0 ans | 3.0-15.0 ans,"score=2,idx=9284,zone=16605",791,OK,
0001099800,EW,2022,0001099800_EW_FY2022_10K.html,,2024-05-31,software.,"Depreciation is principally calculated for financial reporting purposes on the straight-line method over the estimated useful lives of the related assets, which range from 10 to 40 years for buildings and improvements, from 3 to 15 years for machinery and equipment, and from 3 to 5 years for software.",3.0,5.0,No,,Not disclosed,,Not disclosed,A100;B100,2,significant_accounting_policies,2. SUMMARY OF SIGNIFICANT ACCOUNTING POLICIES (Continued),3,True,3.0-5.0 ans | 3.0-15.0 ans,"score=2,idx=9410,zone=16691",801,OK,
0001099800,EW,2023,0001099800_EW_FY2023_10K.html,,2024-06-30,software.,"Depreciation is principally calculated for financial reporting purposes on the straight-line method over the estimated useful lives of the related assets, which range from 10 to 40 years for buildings and improvements, from 3 to 15 years for machinery and equipment, and from 3 to 5 years for software.",3.0,5.0,No,,Not disclosed,,Not disclosed,,0,significant_accounting_policies,2. SUMMARY OF SIGNIFICANT ACCOUNTING POLICIES (Continued),3,True,3.0-5.0 ans | 3.0-15.0 ans,"score=2,idx=9480,zone=17203",845,OK,
0001099800,EW,2024,0001099800_EW_FY2024_10K.html,,2025-02-28,software.,"Depreciation is principally calculated for financial reporting purposes on the straight-line method over the estimated useful lives of the related assets, which range from 10 to 40 years for buildings and improvements, from 3 to 15 years for machinery and equipment, and from 3 to 5 years for software.",3.0,5.0,No,,Not disclosed,,Not disclosed,,0,significant_accounting_policies,2. SUMMARY OF SIGNIFICANT ACCOUNTING POLICIES (Continued),3,True,3.0-5.0 ans | 3.0-15.0 ans,"score=2,idx=9546,zone=20180",996,OK,
0001324424,EXPE,2013,0001324424_EXPE_FY2013_10K.html,,"December 31, 2013",Not disclosed,Not disclosed,,,No,,Not disclosed,,Not disclosed,,0,unknown,,0,False,,"score=2,idx=512,zone=16",1,OK,
0001324424,EXPE,2014,0001324424_EXPE_FY2014_10K.html,,"December 31, 2014",Not disclosed,Not disclosed,,,No,,Not disclosed,,Not disclosed,,0,unknown,,0,False,,"score=2,idx=512,zone=16",1,OK,
0001324424,EXPE,2015,0001324424_EXPE_FY2015_10K.html,,"December 31, 2015",Not disclosed,Not disclosed,,,No,,Not disclosed,,Not disclosed,,0,unknown,,0,False,,"score=2,idx=508,zone=16",1,OK,
0001324424,EXPE,2016,0001324424_EXPE_FY2016_10K.html,,,Not disclosed,Not disclosed,,,No,,Not disclosed,,Not disclosed,,0,unknown,,0,False,,"score=2,idx=514,zone=11",0,OK,
0001324424,EXPE,2017,0001324424_EXPE_FY2017_10K.html,,,Not disclosed,Not disclosed,,,No,,Not disclosed,,Not disclosed,,0,unknown,,0,False,,"score=2,idx=538,zone=11",0,OK,
0001324424,EXPE,2018,0001324424_EXPE_FY2018_10K.html,,,Not disclosed,Not disclosed,,,No,,Not disclosed,,Not disclosed,,0,unknown,,0,False,,"score=2,idx=538,zone=11",0,OK,
0001324424,EXPE,2019,0001324424_EXPE_FY2019_10K.html,,"December 31, 2019",Not disclosed,Not disclosed,,,No,,Not disclosed,,Not disclosed,,0,unknown,,0,False,,"score=2,idx=4066,zone=11",0,OK,
0001324424,EXPE,2020,0001324424_EXPE_FY2020_10K.html,,2020-12-31,Not disclosed,Not disclosed,,,No,,Not disclosed,,Not disclosed,,0,unknown,,0,False,,"score=2,idx=4077,zone=11",0,OK,
0001324424,EXPE,2021,0001324424_EXPE_FY2021_10K.html,,2022-02-01,Not disclosed,Not disclosed,,,No,,Not disclosed,,Not disclosed,,0,unknown,,0,False,,"score=2,idx=4463,zone=11",0,OK,
0001324424,EXPE,2022,0001324424_EXPE_FY2022_10K.html,,2022-12-31,Not disclosed,Not disclosed,,,No,,Not disclosed,,Not disclosed,,0,unknown,,0,False,,"score=2,idx=3741,zone=11",0,OK,
0001324424,EXPE,2023,0001324424_EXPE_FY2023_10K.html,,2024-02-08,Not disclosed,Not disclosed,,,No,,Not disclosed,,Not disclosed,,0,unknown,,0,False,,"score=2,idx=3694,zone=11",0,OK,
0001324424,EXPE,2024,0001324424_EXPE_FY2024_10K.html,,2025-02-04,Not disclosed,Not disclosed,,,No,,Not disclosed,,Not disclosed,,0,unknown,,0,False,,"score=2,idx=3727,zone=11",0,OK,
0001973266,TKO,2023,0001973266_TKO_FY2023_10K.html,,2023-12-31,Not disclosed,Not disclosed,,,No,,Not disclosed,,"Some IT Systems used in our operations are legacy IT systems from businesses we have acquired which may remain separately managed from other IT Systems of our business. We own and manage some of these IT Systems but generally rely on third parties for a range of IT Systems and related products and services, including but not limited to cloud computing services, and ticketing services. We and certain of our third-party providers use these IT Systems to collect, maintain and process data about employees, consumers, event participants, business partners and others, including personal information, as well as proprietary information belonging to our business such as trade secrets (collectively, “Confidential Information”). Any of these IT Systems and Confidential Information are",,0,unknown,,0,False,,"score=4,idx=9583,zone=10",2,OK,
0001973266,TKO,2024,0001973266_TKO_FY2024_10K.html,,2025-06-30,Not disclosed,Not disclosed,,,No,,Not disclosed,,"in June 2025 unless extended and it may be revoked in the future by the European Commission if the UK data protection regime is reformed in ways that deviate substantially from the EU GDPR. There can be no assurances that we will be successful in our efforts to comply with the GDPR or other privacy and data protection laws and regulations, or that violations will not occur, particularly given the complexity of both these laws and our business, as well as the uncertainties that accompany new laws. In addition, cloud service providers upon which our services depend are experiencing heightened scrutiny from EU regulators, which may lead to significant shifts or unavailability of cloud services to transfer personal information outside the EU, which may significantly impact our costs or ability to operate. ||| There can be no assurances that we will be successful in our efforts to comply with the GDPR or other privacy and data protection laws and regulations, or that violations will not occur, particularly given the complexity of both these laws and our business, as well as the uncertainties that accompany new laws. In addition, cloud service providers upon which our services depend are experiencing heightened scrutiny from EU regulators, which may lead to significant shifts or unavailability of cloud services to transfer personal information outside the EU, which may significantly impact our costs or ability to operate.",,0,unknown,,0,False,,"score=4,idx=10100,zone=123",36,OK,
