firm_cik,firm_ticker,fiscal_year,filename,filing_date,period_end_date,asset_category,useful_life_text,useful_life_min_years,useful_life_max_years,policy_change,policy_change_text,ai_infra_text,ai_infra_source,segment_ai_text,hardware_mentions,hardware_count,source_section,section_title,confidence,ambiguity_flag,ambiguity_detail,item8_method,item8_segment_count,extraction_status,error_message
0000712537,FCF,2013,0000712537_FCF_FY2013_10K.html,,,Capitalized software,Capitalized software development costs and purchased software are amortized on a straight-line basis over a period not to exceed,,,No,,Not disclosed,,Not disclosed,,0,notes_to_financials,Note 1—Statement of Accounting Policies,2,False,,"score=7,idx=19774,zone=43357",1282,OK,
0000712537,FCF,2014,0000712537_FCF_FY2014_10K.html,,,equipment,"Premises and equipment are described as follows: Estimated Useful Life 2014 2013 (dollars in thousands) Land Indefinite $ 12,098 $ 12,431 Buildings and improvements 10-50 years 75,873 81,829 Leasehold improvements 5-40 years 14,229 14,354 Furniture and equipment 3-10 years 59,034 80,131 Software 3-7 years 37,007 46,133 Subtotal 198,241 234,878 Less accumulated depreciation and amortization 133,252 166,938 Total premises and equipment $ 64,989 $ 67,940",3.0,10.0,No,,Not disclosed,,Not disclosed,,0,notes_to_financials,Note 29—Subsequent Event,2,True,3.0-7.0 ans | 3.0-10.0 ans,"score=7,idx=20330,zone=43081",1196,OK,
0000712537,FCF,2015,0000712537_FCF_FY2015_10K.html,,,equipment,"Premises and equipment are described as follows: Estimated Useful Life 2015 2014 (dollars in thousands) Land Indefinite $ 12,185 $ 12,098 Buildings and improvements 10-50 years 77,086 75,873 Leasehold improvements 5-40 years 14,518 14,229 Furniture and equipment 3-10 years 59,463 59,034 Software 3-7 years 34,472 37,007 Subtotal 197,724 198,241 Less accumulated depreciation and amortization 134,270 133,252 Total premises and equipment $ 63,454 $ 64,989",3.0,10.0,No,,Not disclosed,,Not disclosed,,0,notes_to_financials,Note 29—Subsequent Event,2,True,3.0-7.0 ans | 3.0-10.0 ans,"score=7,idx=20610,zone=43981",1156,OK,
0000712537,FCF,2016,0000712537_FCF_FY2016_10K.html,,,equipment,"Premises and equipment are described as follows: Estimated Useful Life 2016 2015 (dollars in thousands) Land Indefinite $ 13,679 $ 12,185 Buildings and improvements 10-50 years 80,364 77,086 Leasehold improvements 5-40 years 15,871 14,518 Furniture and equipment 3-7 years 61,324 59,463 Software 3-7 years 36,077 34,472 Subtotal 207,315 197,724 Less accumulated depreciation and amortization 139,781 134,270 Total premises and equipment $ 67,534 $ 63,454",3.0,7.0,No,,Not disclosed,,Not disclosed,,0,notes_to_financials,Note 27—Condensed Financial Information of First Commonwealth Financial Corporation (parent company only),2,False,,"score=7,idx=20857,zone=47018",1164,OK,
0000712537,FCF,2017,0000712537_FCF_FY2017_10K.html,,,equipment,"Premises and equipment are described as follows: Estimated Useful Life 2017 2016 (dollars in thousands) Land Indefinite $ 15,389 $ 13,679 Buildings and improvements 10-50 years 88,386 80,364 Leasehold improvements 5-40 years 17,812 15,871 Furniture and equipment 3-7 years 64,609 61,324 Software 3-7 years 37,434 36,077 Subtotal 223,630 207,315 Less accumulated depreciation and amortization 142,291 139,781 Total premises and equipment $ 81,339 $ 67,534",3.0,7.0,No,,Not disclosed,,Not disclosed,,0,notes_to_financials,Note 28—Subsequent Event,2,False,,"score=7,idx=20923,zone=50143",1197,OK,
0000712537,FCF,2018,0000712537_FCF_FY2018_10K.html,,,equipment,"Premises and equipment are described as follows: Estimated Useful Life 2018 2017 (dollars in thousands) Land Indefinite $ 15,359 $ 15,389 Buildings and improvements 10-50 years 78,643 88,386 Leasehold improvements 5-40 years 27,573 17,812 Furniture and equipment 3-7 years 67,735 64,609 Software 3-7 years 38,800 37,434 Subtotal 228,110 223,630 Less accumulated depreciation and amortization 147,636 142,291 Total premises and equipment $ 80,474 $ 81,339",3.0,7.0,No,,Not disclosed,,Not disclosed,,0,notes_to_financials,Note 28—Condensed Financial Information of First Commonwealth Financial Corporation (parent company only),2,False,,"score=7,idx=21387,zone=51641",1180,OK,
0000712537,FCF,2019,0000712537_FCF_FY2019_10K.html,,2019-12-31,equipment,"Premises and equipment are described as follows: Estimated Useful Life 2019 2018 (dollars in thousands) Land Indefinite $ 15,446 $ 15,359 Buildings and improvements 10-50 years 76,965 78,643 Operating lease right of use asset 1-25 years 52,114 — Leasehold improvements 5-40 years 37,716 27,573 Furniture and equipment 3-7 years 71,548 67,735 Software 3-7 years 40,399 38,800 Subtotal 294,188 228,110 Less accumulated depreciation and amortization 156,920 147,636 Total premises and equipment, net $ 137,268 $ 80,474",3.0,7.0,No,,Not disclosed,,"In August 2018, the FASB issued ASU 2018-15, “Intangibles - Goodwill and Other - Internal-Use Software (Subtopic 350-40) - Customer’s Accounting for Implementation Costs Incurred in a Cloud Computing Arrangement That Is a Service Contract.” This ASU clarifies certain aspects of ASU 2015-05, “Customer’s Accounting for Fees Paid in a Cloud Computing Arrangement,” which was issued in April 2015. Specifically, ASU 2018-15 aligns the requirements for capitalizing implementation costs incurred in a hosting arrangement that is a service contract with the requirements for capitalizing implementation costs incurred to develop or obtain internal-use software. This standard is effective for interim and annual periods for fiscal years beginning after December 15, 2019 and will not have a material impact on First Commonwealth's financial condition or results of operations.",,0,notes_to_financials,"Note 12—Premises, Equipment and Lease Commitments",2,False,,"score=7,idx=29887,zone=53940",1178,OK,
0000712537,FCF,2020,0000712537_FCF_FY2020_10K.html,,2020-12-31,equipment,"Estimated Useful Life 2020 2019 (dollars in thousands) Land Indefinite $ 15,441 $ 15,446 Buildings and improvements 10-50 years 77,003 76,965 Operating lease right of use asset 1-25 years 48,642 52,114 Leasehold improvements 5-40 years 35,347 37,716 Furniture and equipment 3-7 years 73,150 71,548 Software 3-7 years 41,681 40,399 Subtotal 291,264 294,188 Less accumulated depreciation and amortization 165,747 156,920 Total premises and equipment, net $ 125,517 $ 137,268",3.0,7.0,No,,Not disclosed,,Not disclosed,B200,1,notes_to_financials,"Note 11—Premises, Equipment and Lease Commitments",2,False,,"score=5,idx=23888,zone=30148",978,OK,
0000712537,FCF,2021,0000712537_FCF_FY2021_10K.html,,2021-12-31,equipment,"Estimated Useful Life 2021 2020 (dollars in thousands) Land Indefinite $ 14,621 $ 15,441 Buildings and improvements 10-50 years 75,149 77,003 Operating lease right of use asset 1-25 years 47,938 48,642 Leasehold improvements 5-40 years 35,909 35,347 Furniture and equipment 3-7 years 73,976 73,150 Software 3-7 years 43,511 41,681 Subtotal 291,104 291,264 Less accumulated depreciation and amortization 170,329 165,747 Total premises and equipment, net $ 120,775 $ 125,517",3.0,7.0,No,,Not disclosed,,Not disclosed,B100,1,notes_to_financials,"Note 10—Premises, Equipment and Lease Commitments",2,False,,"score=5,idx=27905,zone=31859",928,OK,
0000712537,FCF,2022,0000712537_FCF_FY2022_10K.html,,2023-01-31,equipment,"Estimated Useful Life 2022 2021 (dollars in thousands) Land Indefinite $ 13,860 $ 14,621 Buildings and improvements 10-50 years 70,844 75,149 Operating lease right of use asset 1-25 years 51,499 47,938 Leasehold improvements 5-40 years 37,398 35,909 Furniture and equipment 3-7 years 76,879 73,976 Software 3-7 years 44,439 43,511 Subtotal 294,919 291,104 Less accumulated depreciation and amortization 179,813 170,329 Total premises and equipment, net $ 115,106 $ 120,775",3.0,7.0,No,,Not disclosed,,Not disclosed,A100,1,notes_to_financials,"Note 11—Premises, Equipment and Lease Commitments",2,False,,"score=5,idx=28798,zone=33458",931,OK,
0000712537,FCF,2023,0000712537_FCF_FY2023_10K.html,,2023-12-31,equipment,"Estimated Useful Life 2023 2022 (dollars in thousands) Land Indefinite $ 14,499 $ 13,860 Buildings and improvements 10-50 years 74,622 70,844 Operating lease right of use asset 1-25 years 59,367 51,499 Leasehold improvements 5-40 years 39,752 37,398 Furniture and equipment 3-7 years 78,868 76,879 Software 3-7 years 45,218 44,439 Subtotal 312,326 294,919 Less accumulated depreciation and amortization 191,311 179,813 Total premises and equipment, net $ 121,015 $ 115,106",3.0,7.0,No,,Not disclosed,,Not disclosed,,0,notes_to_financials,"Note 11—Premises, Equipment and Lease Commitments",2,False,,"score=5,idx=31900,zone=36306",986,OK,
0000712537,FCF,2024,0000712537_FCF_FY2024_10K.html,,2024-12-31,"equipment, furniture","Premises and equipment, including software, are carried at cost less accumulated depreciation on First Commonwealth’s Consolidated Statements of Financial Condition. A straight-line depreciation method was used for substantially all furniture and equipment as well as buildings and improvements.",,,No,,Not disclosed,,Not disclosed,,0,notes_to_financials,Note 1—Statement of Accounting Policies,2,False,,"score=5,idx=34883,zone=39148",1003,OK,
0000857005,PTC,2013,0000857005_PTC_FY2013_10K.html,,,Not disclosed,Not disclosed,,,No,,Not disclosed,,Not disclosed,,0,unknown,,0,False,,"score=7,idx=12346,zone=8",2,OK,
0000857005,PTC,2014,0000857005_PTC_FY2014_10K.html,,,Not disclosed,Not disclosed,,,No,,Not disclosed,,"A majority of our software license sales to date have been perpetual licenses, where customers own the software license and revenue is recognized at the time of sale. Due to evolving customer preferences as well as acquisitions we have made in the IoT and cloud services space, a small but growing percentage of our business consists of ratably recognized subscriptions. Under a subscription, customers do not own the software but pay a periodic fee for the right to use our software, including access to technical support. While we expect a significant majority of our customer base to continue to purchase our software solutions under a perpetual licensing arrangement, we are also offering subscription pricing as an option for most products starting in 2015. Through 2014 we reported revenue by three lines of business: (1) license; (2) service; and (3) support. Beginning in the first quarter of 2015 we plan to report revenue as follows: (1) perpetual license & subscription solutions (which includes subscription revenue and cloud services); (2) support; and (3) professional services. Previously, cloud services revenue was reported in services revenue. The revenue targets below reflect this revised reporting structure. If a greater percentage of our customers elect our subscription offering than our base case assumption, it will have an adverse impact on revenue, operating margin, cash flow and EPS growth relative to our targets above. ||| Consulting and training services engagements typically result from sales of new licenses, particularly of our EPLM and SLM solutions. Expanding our service partner program, under which service engagements are referred to third party service providers, is part of our overall margin expansion strategy. Additionally, over time, we anticipate implementing solutions that require less services. As a result, we do not expect that the amount of services we deliver will increase proportionately with license revenue increases. Consulting and cloud services revenue has represented approximately 85% of total service revenue and training revenue has represented approximately 15% of total services revenue.",,0,unknown,,0,False,,"score=7,idx=12995,zone=8",2,OK,
0000857005,PTC,2015,0000857005_PTC_FY2015_10K.html,,,Not disclosed,Not disclosed,,,No,,Not disclosed,,"A majority of our software license sales to date have been perpetual licenses, where customers own the software license and revenue is recognized at the time of sale. Due to evolving customer preferences, our plan to increase our recurring revenue base, as well as acquisitions we have made in the IoT and cloud services space, we began offering our products under a subscription license model in 2015. A small but growing percentage of our business now consists of ratably recognized subscriptions. Under a subscription, customers do not own the software license but pay a periodic fee for the right to use our software, including access to technical support. Beginning October 1, 2015 we launched the second phase of our subscription program with the goal of accelerating our transition to a predominantly subscription-based licensing model. To drive that acceleration, we launched new pricing and packaging for subscriptions and new sales incentive compensation plans to drive our business toward subscription. We are targeting that by 2018, a significant majority of our L&S bookings could be subscription. In 2016, we expect that subscription bookings will increase over 2015, but will still constitute significantly less than a majority of bookings. If a greater percentage of our customers elect our subscription offering in 2016 than our base case assumption, it will have an adverse impact on revenue, operating margin, cash flow and EPS growth relative to our expectations. In addition, subscription orders tend to be smaller in size than perpetual deals. ||| Through 2014, we classified revenue in three categories: 1) license; 2) service; and 3) support. Because we introduced subscription-based licenses in 2015, we have revised our revenue reporting. Effective with the beginning of the first quarter of 2015, we report revenue as follows: 1) license and subscriptions (L&S); 2) support; and 3) professional services. L&S revenue includes perpetual license revenue, subscription revenue and cloud services revenue. Cloud service offerings were previously reflected in service revenue and cost of service revenue. Consulting and training service revenue and consulting and training cost of service revenue are now referred to as professional services revenue and cost of professional services revenue. The discussion that follows reflects our revised reporting structure. ||| Gross margin as a percentage of total revenue in 2015 compared to 2014 reflects lower L&S margins due to a higher mix of cloud services revenue (due to our acquisition of Axeda), which has lower margins than license revenue, and higher support volume. Support revenue comprised 54% of our total revenue in 2015 compared to 51% in both 2014 and 2013.",,0,unknown,,0,False,,"score=7,idx=15293,zone=8",2,OK,
0000857005,PTC,2016,0000857005_PTC_FY2016_10K.html,,,Not disclosed,Not disclosed,,,No,,Not disclosed,,"Gross margin as a percentage of total revenue in 2015 compared to 2014 reflects lower software margins due to lower perpetual license revenue and a higher mix of cloud services revenue (due to our acquisition of Axeda), which has lower margins than license revenue. ||| Our cost of software revenue consists of fixed and variable costs associated with reproducing and distributing software and documentation, as well as royalties paid to third parties for technology embedded in or licensed with our software products, amortization of intangible assets associated with acquired products and costs to perform and support our cloud services business. Our cost of software revenue also includes costs such as salaries, benefits, information technology and facilities associated with customer support and the release of support updates (including related royalty costs). Cost of software revenue as a percent of software revenue can vary depending on product mix sold, the effect of fixed and variable royalties, and the level of amortization of acquired software intangible assets. Amortization of acquired purchased software totaled $24.6 million, $19.4 million, and $18.1 million in 2016, 2015, and 2014, respectively. Total compensation, benefits costs and travel expenses increased by $8.2 million from 2015 to 2016 and by $0.9 million from 2014 to 2015. ||| We offer both perpetual and subscription licensing options to our customers, as well as monthly software rentals for certain products. Given the difference in revenue recognition between the sale of a perpetual software license (revenue is recognized at the time of sale) and a subscription (revenue is deferred and recognized ratably over the subscription term), we use bookings for internal planning, forecasting and reporting of new license and cloud services transactions. In order to normalize between perpetual and subscription licenses, we define subscription bookings as the subscription annualized contract value (subscription ACV) of new subscription bookings multiplied by a conversion factor of 2. We arrived at the conversion factor of 2 by considering a number of variables including pricing, support, length of term, and renewal rates. We define subscription ACV as the total value of a new subscription booking divided by the term of the contract (in days) multiplied by 365. If the term of the subscription contract is less than a year, the ACV is equal to the total contract value. In 2016, the weighted average contract length of our subscription bookings was approximately 2 years.",,0,unknown,,0,False,,"score=7,idx=14466,zone=9",2,OK,
0000857005,PTC,2017,0000857005_PTC_FY2017_10K.html,,,Not disclosed,Not disclosed,,,No,,Not disclosed,,"GAAP and non-GAAP operating income in 2017 reflect an increase in gross margin associated with higher revenue and a lower mix of professional services revenue, which has lower margins than our software revenue, partially offset by higher costs associated with our cloud services revenue. Additionally, operating margin improved due to lower restructuring charges in 2017, which were $68.3 million lower in 2017 compared to 2016. ||| Given the difference in revenue recognition between the sale of a perpetual software license (revenue is recognized at the time of sale) and a subscription (revenue is recognized ratably over the subscription term), we use bookings for internal planning, forecasting and reporting of new license and subscription sales and cloud services transactions. ||| an increase of $8.7 million in cloud services hosting costs due to an increase in SaaS revenue and related expenses and an increase in applications hosted in the cloud that support our IT infrastructure.",,0,unknown,,0,False,,"score=7,idx=14239,zone=9",2,OK,
0000857005,PTC,2018,0000857005_PTC_FY2018_10K.html,,,Not disclosed,Not disclosed,,,No,,Not disclosed,,"We sell subscription and perpetual licenses to our software, support for perpetual licenses, cloud services and professional services. ||| of contracts to maintain new and/or previously purchased perpetual licenses, for which revenue is recognized ratably over the term of the contract. Our subscription revenue includes an immaterial amount of Software as a Service (SaaS) and cloud services for which revenue is generally recognized ratably over the term of the contract. Consulting and training professional services engagements typically result from sales of new licenses, and for which revenue is recognized over the term of the engagement. Our revenue recognition practices are described below in “ ||| an increase of $8.6 million in cloud services hosting costs; of which $3.7 million is included in cost of license and subscription revenue.",,0,unknown,,0,False,,"score=7,idx=14703,zone=9",2,OK,
0000857005,PTC,2019,0000857005_PTC_FY2019_10K.html,,"September 30, 2019",Not disclosed,Not disclosed,,,No,,Not disclosed,,Subscription support & cloud services ||| Support and cloud services ||| Cost of support and cloud services revenue,,0,unknown,,0,False,,"score=7,idx=21504,zone=9",2,OK,
0000857005,PTC,2020,0000857005_PTC_FY2020_10K.html,,"September 30, 2020",Not disclosed,Not disclosed,,,No,,Not disclosed,,Support and cloud services ||| Support and cloud services gross margin ||| Support and cloud services gross margin percentage,,0,unknown,,0,False,,"score=6,idx=10607,zone=4",2,OK,
0000857005,PTC,2021,0000857005_PTC_FY2021_10K.html,,"September 30, 2021",Not disclosed,Not disclosed,,,No,,Not disclosed,,"result, our revenue will be impacted over time as a higher portion of our sales will be from cloud services, which are recognized ratably. ||| Support (2) and cloud services ||| Support and cloud services gross margin",,0,unknown,,0,False,,"score=6,idx=9860,zone=7",2,OK,
0000857005,PTC,2022,0000857005_PTC_FY2022_10K.html,,"September 30, 2022",Not disclosed,Not disclosed,,,No,,Not disclosed,,"Under ASC 606, the volume, mix, and duration of contract types (support, SaaS, on-premises subscription) starting or renewing in any given period may have a material impact on revenue in the period, and as a result can impact the comparability of reported revenue period-over-period. We recognize revenue for the license portion of on-premises subscription contracts up front when we deliver the licenses to the customer, typically on the start date, and we recognize revenue on the support element of on-premises subscription contracts and stand-alone support contracts ratably over the term. We continue to convert existing support contracts to on-premises subscriptions, resulting in a shift to up-front recognition of on-premises subscription license revenue in the period converted compared to ratable recognition for a perpetual support contract. Revenue from our cloud services (primarily SaaS) contracts is recognized ratably. As we continue to expand our SaaS offerings and release additional cloud functionality into our products, and customers begin to migrate from on-premises subscriptions to SaaS products, we expect that over time a higher portion of our revenue will be recognized ratably. Given the different mix, duration and volume of new and renewing contracts in any period, year-over-year or sequential revenue comparisons can vary significantly. ||| Support (2) and cloud services ||| Windchill software revenue increased by 12% (16% constant currency), driven by a significant increase in on-premises subscription license revenue and an increase in cloud services revenue. Windchill ARR increased 10% (19% constant currency) in FY'22 compared to FY'21.",B100,1,unknown,,0,False,,"score=7,idx=12059,zone=3",2,OK,
0000857005,PTC,2023,0000857005_PTC_FY2023_10K.html,,"September 30, 2023",Not disclosed,Not disclosed,,,No,,Not disclosed,,"Under ASC 606, the volume, mix, and duration of contract types (support, SaaS, on-premises subscription) starting or renewing in any given period can have a material impact on revenue in the period, and as a result can impact the comparability of reported revenue period over period. We recognize revenue for the license portion of on-premises subscription contracts up front when we deliver the licenses to the customer, typically on the start date, and we recognize revenue on the support portion of on-premises subscription contracts and stand-alone support contracts ratably over the term. We continue to convert existing perpetual support contracts to on-premises subscriptions, resulting in a shift to up-front recognition of on-premises subscription license revenue in the period converted compared to ratable recognition for a perpetual support contract. Revenue from our cloud services (primarily SaaS) contracts is recognized ratably. We expect that over time a higher portion of our revenue will be recognized ratably as we continue to expand our SaaS offerings, release additional cloud functionality into our products, and migrate customers from on-premises subscriptions to SaaS. Given the different mix, duration and volume of new and renewing contracts in any period, year-over-year or sequential revenue can vary significantly. ||| Support and cloud services (2) ||| Support and cloud services gross margin",B100;B200,2,unknown,,0,False,,"score=7,idx=10609,zone=3",2,OK,
0000857005,PTC,2024,0000857005_PTC_FY2024_10K.html,,2025-09-30,Not disclosed,Not disclosed,,,No,,Not disclosed,,"Under ASC 606, the volume, mix, and duration of contract types (support, SaaS, on-premises subscription) starting or renewing in any given period can have a material impact on revenue in the period, and as a result can impact the comparability of reported revenue period over period. We recognize revenue for the license portion of on-premises subscription contracts up front when we deliver the licenses to the customer, typically on the start date, and we recognize revenue on the support portion of on-premises subscription contracts and stand-alone support contracts ratably over the term. We continue to convert existing support contracts to on-premises subscriptions, resulting in a shift to up-front recognition of on-premises subscription license revenue in the period converted compared to ratable recognition for a perpetual support contract. Revenue from our cloud services (primarily SaaS) contracts is recognized ratably. We expect that over time a higher portion of our revenue will be recognized ratably as we expand our SaaS offerings, release additional cloud functionality into our products, and migrate customers from on-premises subscriptions to SaaS. Given the different mix, duration and volume of new and renewing contracts in any period, year-over-year or sequential revenue can vary significantly. ||| Support and cloud services (2) ||| Support and cloud services revenue growth in FY'24 was mainly driven by PLM (which included contribution from ServiceMax) in the Americas and Europe.",,0,unknown,,0,False,,"score=7,idx=10650,zone=3",2,OK,
0001023024,ANIP,2013,0001023024_ANIP_FY2013_10K.html,,"December 31, 2013",equipment,Property and equipment are recorded at cost. Expenditures for repairs and maintenance are charged to expense as incurred. Depreciation is recorded on a straight-line basis over estimated useful lives as follows:,,,No,,Not disclosed,,Not disclosed,,0,significant_accounting_policies,1. DESCRIPTION OF BUSINESS AND SUMMARY OF SIGNIFICANT ACCOUNTING POLICIES (Continued),3,False,,"score=4,idx=7682,zone=9297",535,OK,
0001023024,ANIP,2014,0001023024_ANIP_FY2014_10K.html,,"December 31,
2014",equipment,"Property and equipment are recorded at cost.
Expenditures for repairs and maintenance are charged to expense as incurred. Depreciation is recorded on a straight-line basis
over estimated useful lives as follows:",,,No,,Not disclosed,,Not disclosed,,0,significant_accounting_policies,"1. DESCRIPTION OF BUSINESS AND SUMMARY OF SIGNIFICANT ACCOUNTING
POLICIES (Continued)",3,False,,"score=4,idx=4120,zone=9558",474,OK,
0001023024,ANIP,2015,0001023024_ANIP_FY2015_10K.html,,"December 31,
2015",equipment,"Property and equipment are recorded at
cost. Expenditures for repairs and maintenance are charged to expense as incurred. Depreciation is recorded on a straight-line
basis over estimated useful lives as follows:",,,No,,Not disclosed,,"In April 2015, the FASB issued guidance
as to whether a cloud computing arrangement (e.g., software as a service, platform as a service, infrastructure as a service, and
other similar hosting arrangements) includes a software license and, based on that determination, how to account for such arrangements.
If a cloud computing arrangement includes a software license, then the customer should account for the software license element
of the arrangement consistent with the acquisition of other software licenses. If a cloud computing arrangement does not include
a software license, the customer should account for the arrangement as a service contract. The guidance is effective for reporting
periods beginning after December 15, 2015, and can be adopted on either a prospective or retrospective basis. We will adopt
the guidance as of January 1, 2016, on a prospective basis. The adoption of this new guidance is not expected to have a material
impact on our financial statements.",,0,significant_accounting_policies,"1. DESCRIPTION OF BUSINESS AND SUMMARY OF SIGNIFICANT ACCOUNTING
POLICIES (Continued)",3,False,,"score=4,idx=5344,zone=9615",506,OK,
0001023024,ANIP,2016,0001023024_ANIP_FY2016_10K.html,,"December 31,
2016",equipment,"Property and equipment are recorded at
cost. Expenditures for repairs and maintenance are charged to expense as incurred. Depreciation is recorded on a straight-line
basis over estimated useful lives as follows:",,,No,,Not disclosed,,"In April 2015, the FASB issued guidance
as to whether a cloud computing arrangement (e.g., software as a service, platform as a service, infrastructure as a service, and
other similar hosting arrangements) includes a software license and, based on that determination, how to account for such arrangements.
If a cloud computing arrangement includes a software license, then the customer should account for the software license element
of the arrangement consistent with the acquisition of other software licenses. If a cloud computing arrangement does not include
a software license, the customer should account for the arrangement as a service contract. The guidance was effective for reporting
periods beginning after December 15, 2015, and could be adopted on either a prospective or retrospective basis. We adopted
this guidance in the first quarter of 2016, effective as of January 1, 2016, on a prospective basis. The adoption of this new guidance
did not have a material impact on our consolidated financial statements.",,0,significant_accounting_policies,"1. DESCRIPTION OF BUSINESS AND SUMMARY OF SIGNIFICANT ACCOUNTING
POLICIES (Continued)",3,False,,"score=4,idx=5273,zone=8126",452,OK,
0001023024,ANIP,2017,0001023024_ANIP_FY2017_10K.html,,"December 31,
2017",equipment,"Property and equipment are recorded at
cost. Expenditures for repairs and maintenance are charged to expense as incurred. Depreciation is recorded on a straight-line
basis over estimated useful lives as follows:",,,No,,Not disclosed,,Not disclosed,,0,significant_accounting_policies,"1. DESCRIPTION OF BUSINESS AND SUMMARY OF SIGNIFICANT ACCOUNTING
POLICIES (Continued)",3,False,,"score=4,idx=5234,zone=8358",433,OK,
0001023024,ANIP,2018,0001023024_ANIP_FY2018_10K.html,,"December 31,
2018",equipment,"Property
and equipment are recorded at cost. Expenditures for repairs and maintenance are charged to expense as incurred. Depreciation
is recorded on a straight-line basis over estimated useful lives as follows:",,,No,,Not disclosed,,Not disclosed,,0,significant_accounting_policies,"1. DESCRIPTION
OF BUSINESS AND SUMMARY OF SIGNIFICANT ACCOUNTING POLICIES (Continued)",3,False,,"score=4,idx=5272,zone=10926",533,OK,
0001023024,ANIP,2019,0001023024_ANIP_FY2019_10K.html,,"December 31,
2019",equipment,"Property and equipment are recorded at
cost. Expenditures for repairs and maintenance are charged to expense as incurred. Depreciation is recorded on a straight-line
basis over estimated useful lives as follows:",,,No,,Not disclosed,,Not disclosed,,0,significant_accounting_policies,"1. DESCRIPTION OF BUSINESS AND SUMMARY
OF SIGNIFICANT ACCOUNTING POLICIES (Continued)",3,False,,"score=4,idx=4618,zone=9752",571,OK,
0001023024,ANIP,2020,0001023024_ANIP_FY2020_10K.html,,2021-03-08,equipment,Property and equipment are recorded at cost. Expenditures for repairs and maintenance are charged to expense as incurred. Depreciation is recorded on a straight-line basis over estimated useful lives as follows:,,,No,,Not disclosed,,Not disclosed,,0,significant_accounting_policies,1. DESCRIPTION OF BUSINESS AND SUMMARY OF SIGNIFICANT ACCOUNTING POLICIES,3,False,,"score=6,idx=8994,zone=15867",540,OK,
0001023024,ANIP,2021,0001023024_ANIP_FY2021_10K.html,,2022-12-31,equipment,Property and equipment are recorded at cost. Expenditures for repairs and maintenance are charged to expense as incurred. Depreciation is recorded on a straight-line basis over estimated useful lives as follows:,,,No,,Not disclosed,,Not disclosed,,0,significant_accounting_policies,1. DESCRIPTION OF BUSINESS AND SUMMARY OF SIGNIFICANT ACCOUNTING POLICIES,3,False,,"score=6,idx=8643,zone=17717",575,OK,
0001023024,ANIP,2022,0001023024_ANIP_FY2022_10K.html,,2022-12-31,information technology,"Our CODM evaluates our two operating segments based on revenues and earnings before interest, income taxes, depreciation, and amortization (“EBITDA”), exclusive of corporate expenses and other expenses not directly allocated or attributable to an operating segment. These expenses include, but are not limited to, certain management, legal, accounting, human resources, insurance, and information technology expenses.",,,No,,Not disclosed,,Not disclosed,,0,ppe_note,16. SEGMENT REPORTING,3,False,,"score=6,idx=9571,zone=19033",635,OK,
0001023024,ANIP,2023,0001023024_ANIP_FY2023_10K.html,,2024-02-29,equipment,Property and equipment are recorded at cost. Expenditures for repairs and maintenance are charged to expense as incurred. Depreciation is recorded on a straight-line basis over estimated useful lives as follows:,,,No,,Not disclosed,,Not disclosed,,0,significant_accounting_policies,1. DESCRIPTION OF BUSINESS AND SUMMARY OF SIGNIFICANT ACCOUNTING POLICIES,3,True,1.0 ans | 3.0-10.0 ans,"score=2,idx=7874,zone=10277",746,OK,
0001023024,ANIP,2024,0001023024_ANIP_FY2024_10K.html,,2025-12-31,equipment,Property and equipment are recorded at cost. Expenditures for repairs and maintenance are charged to expense as incurred. Depreciation is recorded on a straight-line basis over estimated useful lives as follows:,,,No,,Not disclosed,,Not disclosed,,0,significant_accounting_policies,1. DESCRIPTION OF BUSINESS AND SUMMARY OF SIGNIFICANT ACCOUNTING POLICIES,3,True,1.0 ans | 3.0-10.0 ans,"score=2,idx=11569,zone=13006",920,OK,
0001158114,AAOI,2013,0001158114_AAOI_FY2013_10K.html,,"December 31,
2013",Not disclosed,Not disclosed,,,No,,"We are a leading, vertically integrated
provider of fiber-optic networking products. We target three networking end-markets: CATV, FTTH and internet data centers. We design
and manufacture a range of optical communications products at varying levels of integration, from components, subassemblies and
modules to complete turn-key equipment. In designing products for our customers, we begin with the fundamental building blocks
of lasers and laser components. From these foundational products, we design and manufacture a wide range of products to meet our
customers’ needs and specifications, and such products differ from each other by their end market, intended use and level
of integration. We are primarily focused on the higher-performance segments within the CATV, FTTH and internet data center markets
which increasingly demand faster connectivity and innovation. Our vertically integrated manufacturing model provides us several
advantages, including rapid product development, fast response times to customer requests and control over product quality and
manufacturing costs.",MD&A (Item 7),"The three end markets we target are all
driven by significant bandwidth demand fueled by the growth of network-connected devices, video traffic, cloud computing and online
social networking. Within the CATV market, we benefit from a number of ongoing trends including the global build-out of CATV infrastructure,
the move to higher bandwidth networks among CATV service providers and the outsourcing of system design among CATV networking equipment
companies. In the FTTH market, we benefit from continuing PON deployments and system upgrades among telecommunication service providers.
Within the internet data center market, we benefit from the increasing use of higher-capacity optical networking technology as
a replacement for copper cables, particularly as speeds reach 10 gigabits per second and above, as well as the movement to
open internet data center architectures and the increasing use of in-house equipment design among leading internet companies.",,0,unknown,,0,False,,"score=4,idx=5679,zone=12",2,OK,
0001158114,AAOI,2014,0001158114_AAOI_FY2014_10K.html,,"December 31,
2014",Not disclosed,Not disclosed,,,No,,"We are a leading, vertically integrated
provider of fiber-optic networking products. We target three networking end-markets: internet data centers, CATV and FTTH. We design
and manufacture a range of optical communications products at varying levels of integration, from components, subassemblies and
modules to complete turn-key equipment. In designing products for our customers, we begin with the fundamental building blocks
of lasers and laser components. From these foundational products, we design and manufacture a wide range of products to meet our
customers’ needs and specifications, and such products differ from each other by their end market, intended use and level
of integration. We are primarily focused on the higher-performance segments within the internet data center, CATV, and FTTH markets
which increasingly demand faster connectivity and innovation. Our vertically integrated manufacturing model provides us several
advantages, including rapid product development, fast response times to customer requests and control over product quality and
manufacturing costs.",MD&A (Item 7),"The three end markets we target are all
driven by significant bandwidth demand fueled by the growth of network-connected devices, video traffic, cloud computing and online
social networking. Within the internet data center market, we benefit from the increasing use of higher-capacity optical networking
technology as a replacement for copper cables, particularly as speeds reach 10 gigabits per second and above, as well as the
movement to open internet data center architectures and the increasing use of in-house equipment design among leading internet
companies. Within the CATV market, we benefit from a number of ongoing trends including the global build-out of CATV infrastructure,
the move to higher bandwidth networks among CATV service providers and the outsourcing of system design among CATV networking equipment
companies. In the FTTH market, we benefit from continuing PON deployments and system upgrades among telecommunication service providers.",,0,unknown,,0,False,,"score=4,idx=6415,zone=9",2,OK,
0001158114,AAOI,2015,0001158114_AAOI_FY2015_10K.html,,"December 31,
2015",Not disclosed,Not disclosed,,,No,,"We are a leading, vertically integrated
provider of fiber-optic networking products. We target three networking end-markets: internet data centers, CATV and FTTH. We design
and manufacture a range of optical communications products at varying levels of integration, from components, subassemblies and
modules to complete turn-key equipment. In designing products for our customers, we begin with the fundamental building blocks
of lasers and laser components. From these foundational products, we design and manufacture a wide range of products to meet our
customers’ needs and specifications, and such products differ from each other by their end market, intended use and level
of integration. We are primarily focused on the higher-performance segments within the internet data center, CATV, and FTTH markets
which increasingly demand faster connectivity and innovation. Our vertically integrated manufacturing model provides us several
advantages, including rapid product development, fast response times to customer requests and control over product quality and
manufacturing costs.",MD&A (Item 7),"The three end markets we target are all
driven by significant bandwidth demand fueled by the growth of network-connected devices, video traffic, cloud computing and online
social networking. Within the internet data center market, we benefit from the increasing use of higher-capacity optical networking
technology as a replacement for copper cables, particularly as speeds reach 10 gigabits per second and above, as well as the
movement to open internet data center architectures and the increasing use of in-house equipment design among leading internet
companies. Within the CATV market, we benefit from a number of ongoing trends including the global build-out of CATV infrastructure,
the move to higher bandwidth networks among CATV service providers and the outsourcing of system design among CATV networking equipment
companies. In the FTTH market, we benefit from continuing PON deployments and system upgrades among telecommunication service providers.",,0,unknown,,0,False,,"score=4,idx=6487,zone=9",2,OK,
0001158114,AAOI,2016,0001158114_AAOI_FY2016_10K.html,,"December 31, 2016",Not disclosed,Not disclosed,,,No,,"We are a leading, vertically integrated provider of fiber-optic networking products. We target four networking end-markets: internet data centers, CATV, FTTH, and telecom. We design and manufacture a range of optical communications products at varying levels of integration, from components, subassemblies and modules to complete turn-key equipment. In designing products for our customers, we begin with the fundamental building blocks of lasers and laser components. From these foundational products, we design and manufacture a wide range of products to meet our customers’ needs and specifications, and such products differ from each other by their end market, intended use and level of integration. We are primarily focused on the higher-performance segments within the internet data center, CATV, FTTH, and telecom markets which increasingly demand faster connectivity and innovation. Our vertically integrated manufacturing model provides us several advantages, including rapid product development, fast response times to customer requests and control over product quality and manufacturing costs.",MD&A (Item 7),"The four end markets we target are all driven by significant bandwidth demand fueled by the growth of network-connected devices, video traffic, cloud computing and online social networking. Within the internet data center market, we benefit from the increasing use of higher-capacity optical networking technology as a replacement for copper cables, particularly as speeds reach 10 Gbps and above, as well as the movement to open internet data center architectures and the increasing use of in-house equipment design among leading internet companies. Within the CATV market, we benefit from a number of ongoing trends including the global build-out of CATV infrastructure, the move to higher bandwidth networks among CATV service providers and the outsourcing of system design among CATV networking equipment companies. In the FTTH market, we benefit from continuing PON deployments and system upgrades among telecommunication service providers. In the telecom market, we benefit from deployment of new high-speed fiber-optic networks by telecom network operators.",,0,unknown,,0,False,,"score=4,idx=13948,zone=9",2,OK,
0001158114,AAOI,2017,0001158114_AAOI_FY2017_10K.html,,"December 31, 2017",Not disclosed,Not disclosed,,,No,,"We are a leading, vertically integrated provider of fiber-optic networking products. We target four networking end-markets: internet data centers, CATV, telecom and FTTH. We design and manufacture a range of optical communications products at varying levels of integration, from components, subassemblies and modules to complete turn-key equipment. In designing products for our customers, we begin with the fundamental building blocks of lasers and laser components. From these foundational products, we design and manufacture a wide range of products to meet our customers’ needs and specifications, and such products differ from each other by their end market, intended use and level of integration. We are primarily focused on the higher-performance segments within the internet data center, CATV, telecom and FTTH markets which increasingly demand faster connectivity and innovation. Our vertically integrated manufacturing model provides us several advantages, including rapid product development, fast response times to customer requests and control over product quality and manufacturing costs.",MD&A (Item 7),"The four end markets we target are all driven by significant bandwidth demand fueled by the growth of network-connected devices, video traffic, cloud computing and online social networking. Within the internet data center market, we benefit from the increasing use of higher-capacity optical networking technology as a replacement for copper cables, particularly as speeds reach 10 Gbps and above , as well as the movement to open internet data center architectures and the increasing use of in-house equipment design among leading internet companies. Within the CATV market, we benefit from a number of ongoing trends including the global build-out of CATV infrastructure, the move to higher bandwidth networks among CATV service providers and the outsourcing of system design among CATV networking equipment companies. In the FTTH market, we benefit from continuing PON deployments and system upgrades among telecommunication service providers. In the telecom market, we benefit from deployment of new high-speed fiber-optic networks by telecom network operators.",,0,unknown,,0,False,,"score=4,idx=14006,zone=9",2,OK,
0001158114,AAOI,2018,0001158114_AAOI_FY2018_10K.html,,"December 31, 2018",Not disclosed,Not disclosed,,,No,,"We are a leading, vertically integrated provider of fiber-optic networking products. We target four networking end-markets: internet data centers, CATV, telecom and FTTH. We design and manufacture a range of optical communications products at varying levels of integration, from components, subassemblies and modules to complete turn-key equipment. In designing products for our customers, we begin with the fundamental building blocks of lasers and laser components. From these foundational products, we design and manufacture a wide range of products to meet our customers’ needs and specifications, and such products differ from each other by their end market, intended use and level of integration. We are primarily focused on the higher-performance segments within the internet data center, CATV, telecom and FTTH markets which increasingly demand faster connectivity and innovation. Our vertically integrated manufacturing model provides us several advantages, including rapid product development, fast response times to customer requests and control over product quality and manufacturing costs.",MD&A (Item 7),"The four end markets we target are all driven by significant bandwidth demand fueled by the growth of network-connected devices, video traffic, cloud computing and online social networking. Within the internet data center market, we benefit from the increasing use of higher-capacity optical networking technology as a replacement for copper cables, particularly as speeds reach 10 Gbps and above , as well as the movement to open internet data center architectures and the increasing use of in-house equipment design among leading internet companies. Within the CATV market, we benefit from a number of ongoing trends including the global build-out of CATV infrastructure, the move to higher bandwidth networks among CATV service providers and the outsourcing of system design among CATV networking equipment companies. In the FTTH market, we benefit from continuing PON deployments and system upgrades among telecommunication service providers. In the telecom market, we benefit from deployment of new high-speed fiber-optic networks by telecom network operators.",,0,unknown,,0,False,,"score=4,idx=13810,zone=9",2,OK,
0001158114,AAOI,2019,0001158114_AAOI_FY2019_10K.html,,"December 31, 2019",Not disclosed,Not disclosed,,,No,,"We are a leading, vertically integrated provider of fiber-optic networking products. We target four networking end-markets: internet data centers, CATV, telecom and FTTH. We design and manufacture a range of optical communications products at varying levels of integration, from components, subassemblies and modules to complete turn-key equipment. In designing products for our customers, we begin with the fundamental building blocks of lasers and laser components. From these foundational products, we design and manufacture a wide range of products to meet our customers’ needs and specifications, and such products differ from each other by their end market, intended use and level of integration. We are primarily focused on the higher-performance segments within the internet data center, CATV, telecom and FTTH markets which increasingly demand faster connectivity and innovation. Our vertically integrated manufacturing model provides us several advantages, including rapid product development, fast response times to customer requests and control over product quality and manufacturing costs.",MD&A (Item 7),"The four end markets we target are all driven by significant bandwidth demand fueled by the growth of network-connected devices, video traffic, cloud computing and online social networking. Within the internet data center market, we benefit from the increasing use of higher-capacity optical networking technology as a replacement for copper cables, particularly as speeds reach 10 Gbps and above, as well as the movement to open internet data center architectures and the increasing use of in-house equipment design among leading internet companies. Within the CATV market, we benefit from a number of ongoing trends including the move to higher bandwidth networks among CATV service providers and the outsourcing of system design among CATV networking equipment companies. In the FTTH market, we benefit from continuing PON deployments and system upgrades among telecom service providers. In the telecom market, we benefit from deployment of new high-speed fiber-optic networks by telecom network operators, including 5G networks.",,0,unknown,,0,False,,"score=4,idx=10154,zone=10",2,OK,
0001158114,AAOI,2020,0001158114_AAOI_FY2020_10K.html,,"December 31, 2020",Not disclosed,Not disclosed,,,No,,"We are a leading, vertically integrated provider of fiber-optic networking products. We target four networking end-markets: internet data centers, CATV, telecom and FTTH. We design and manufacture a range of optical communications products at varying levels of integration, from components, subassemblies and modules to complete turn-key equipment. In designing products for our customers, we begin with the fundamental building blocks of lasers and laser components. From these foundational products, we design and manufacture a wide range of products to meet our customers’ needs and specifications, and such products differ from each other by their end market, intended use and level of integration. We are primarily focused on the higher-performance segments within the internet data center, CATV, telecom and FTTH markets which increasingly demand faster connectivity and innovation. Our vertically integrated manufacturing model provides us several advantages, including rapid product development, fast response times to customer requests and control over product quality and manufacturing costs.",MD&A (Item 7),"The four end markets we target are all driven by significant bandwidth demand fueled by the growth of network-connected devices, video traffic, cloud computing and online social networking. Within the internet data center market, we benefit from the increasing use of higher-capacity optical networking technology as a replacement for copper cables, particularly as speeds reach 10 Gbps and above, as well as the movement to open internet data center architectures and the increasing use of in-house equipment design among leading internet companies. Within the CATV market, we benefit from a number of ongoing trends including the move to higher bandwidth networks among CATV service providers and the outsourcing of system design among CATV networking equipment companies. In the FTTH market, we benefit from continuing PON deployments and system upgrades among telecom service providers. In the telecom market, we benefit from deployment of new high-speed fiber-optic networks by telecom network operators, including 5G networks.",,0,unknown,,0,False,,"score=4,idx=10065,zone=10",2,OK,
0001158114,AAOI,2021,0001158114_AAOI_FY2021_10K.html,,"December 31, 2021",Not disclosed,Not disclosed,,,No,,"We are a leading, vertically integrated provider of fiber-optic networking products. We target four networking end-markets: internet data centers, CATV, telecom and FTTH. We design and manufacture a range of optical communications products at varying levels of integration, from components, subassemblies and modules to complete turn-key equipment. In designing products for our customers, we begin with the fundamental building blocks of lasers and laser components. From these foundational products, we design and manufacture a wide range of products to meet our customers’ needs and specifications, and such products differ from each other by their end market, intended use and level of integration. We are primarily focused on the higher-performance segments within the internet data center, CATV, telecom and FTTH markets which increasingly demand faster connectivity and innovation. Our vertically integrated manufacturing model provides us several advantages, including rapid product development, fast response times to customer requests and control over product quality and manufacturing costs.",MD&A (Item 7),"The four end markets we target are all driven by significant bandwidth demand fueled by the growth of network-connected devices, video traffic, cloud computing and online social networking. Within the internet data center market, we benefit from the increasing use of higher-capacity optical networking technology as a replacement for copper cables, particularly as speeds reach 10 Gbps and above, as well as the movement to open internet data center architectures and the increasing use of in-house equipment design among leading internet companies. Within the CATV market, we benefit from a number of ongoing trends including the move to higher bandwidth networks among CATV service providers and the outsourcing of system design among CATV networking equipment companies. In the FTTH market, we benefit from continuing PON deployments and system upgrades among telecom service providers. In the telecom market, we benefit from deployment of new high-speed fiber-optic networks by telecom network operators, including 5G networks.",,0,unknown,,0,False,,"score=4,idx=9529,zone=15",2,OK,
0001158114,AAOI,2022,0001158114_AAOI_FY2022_10K.html,,"December 31, 2022",Not disclosed,Not disclosed,,,No,,"We are a leading, vertically integrated provider of fiber-optic networking products. We target four networking end-markets: CATV, internet data centers, telecom and FTTH. We design and manufacture a range of optical communications products at varying levels of integration, from components, subassemblies and modules to complete turn-key equipment. In designing products for our customers, we begin with the fundamental building blocks of lasers and laser components. From these foundational products, we design and manufacture a wide range of products to meet our customers’ needs and specifications, and such products differ from each other by their end market, intended use and level of integration. We are primarily focused on the higher-performance segments within the CATV, internet data center, telecom and FTTH markets which increasingly demand faster connectivity and innovation. Our vertically integrated manufacturing model provides us several advantages, including rapid product development, fast response times to customer requests and control over product quality and manufacturing costs.",MD&A (Item 7),"The four end markets we target are all driven by significant bandwidth demand fueled by the growth of network-connected devices, video traffic, cloud computing and online social networking. Within the CATV market, we benefit from a number of ongoing trends including the move to higher bandwidth networks among CATV service providers and the outsourcing of system design among CATV networking equipment companies. Within the internet data center market, we benefit from the increasing use of higher-capacity optical networking technology as a replacement for copper cables, particularly as speeds reach 10 Gbps and above, as well as the movement to open internet data center architectures and the increasing use of in-house equipment design among leading internet companies. In the FTTH market, we benefit from continuing PON deployments and system upgrades among telecom service providers. In the telecom market, we benefit from deployment of new high-speed fiber-optic networks by telecom network operators, including 5G networks.",,0,unknown,,0,False,,"score=4,idx=8551,zone=15",2,OK,
0001158114,AAOI,2023,0001158114_AAOI_FY2023_10K.html,,"December 31, 2023",Not disclosed,Not disclosed,,,No,,"We are a leading, vertically integrated provider of fiber-optic networking products. We target four networking end-markets: internet data centers, CATV, telecom and FTTH. We design and manufacture a range of optical communications products at varying levels of integration, from components, subassemblies and modules to complete turn-key equipment. In designing products for our customers, we begin with the fundamental building blocks of lasers and laser components. From these foundational products, we design and manufacture a wide range of products to meet our customers’ needs and specifications, and such products differ from each other by their end market, intended use and level of integration. We are primarily focused on the higher-performance segments within the internet data center, CATV, telecom and FTTH markets which increasingly demand faster connectivity and innovation. Our vertically integrated manufacturing model provides us several advantages, including rapid product development, fast response times to customer requests and control over product quality and manufacturing costs.",MD&A (Item 7),"The four end markets we target are all driven by significant bandwidth demand fueled by the growth of network-connected devices, video traffic, cloud computing and online social networking. Within the internet data center market, we benefit from the increasing use of higher-capacity optical networking technology as a replacement for older, lower-speed optical interconnects, particularly as speeds reach 800 Gbps and above, as well as the movement to open internet data center architectures and the increasing use of in-house equipment design among leading internet companies. Within the CATV market, we benefit from a number of ongoing trends including the move to higher bandwidth networks among CATV service providers, especially the desire by MSOs to increase the return-path bandwidth available to offer to their customers. In the FTTH market, we benefit from continuing PON deployments and system upgrades among telecom service providers. In the telecom market, we benefit from deployment of new high-speed fiber-optic networks by telecom network operators, including 5G networks.",,0,unknown,,0,False,,"score=4,idx=8302,zone=15",2,OK,
0001158114,AAOI,2024,0001158114_AAOI_FY2024_10K.html,,"December 31, 2024",Not disclosed,Not disclosed,,,No,,"We are a leading, vertically integrated provider of fiber-optic networking products. We target four networking end-markets: internet data centers, CATV, telecom and FTTH. We design and manufacture a range of optical communications products at varying levels of integration, from components, subassemblies and modules to complete turn-key equipment. In designing products for our customers, we typically begin with the fundamental building blocks of lasers and laser components. From these foundational products, we design and manufacture a wide range of products to meet our customers’ needs and specifications, and such products differ from each other by their end market, intended use and level of integration. We are primarily focused on the higher-performance segments within the internet data center, CATV, telecom and FTTH markets which increasingly demand faster connectivity and innovation. Our vertically integrated manufacturing model provides us several advantages, including rapid product development, fast response times to customer requests and control over product quality and manufacturing costs.",MD&A (Item 7),"The four end markets we target are all driven by significant bandwidth demand fueled by the growth of network-connected devices, video traffic, cloud computing and online social networking. Within the internet data center market, we benefit from the increasing use of higher-capacity optical networking technology as a replacement for older, lower-speed optical interconnects, particularly as speeds reach 800 Gbps and above, as well as the movement to open internet data center architectures and the increasing use of in-house equipment design among leading internet companies. Within the CATV market, we benefit from a number of ongoing trends including the move to higher bandwidth networks among CATV service providers, especially the desire by MSOs to increase the return-path bandwidth available to offer to their customers. In the FTTH market, we benefit from continuing PON deployments and system upgrades among telecom service providers. In the telecom market, we benefit from deployment of new high-speed fiber-optic networks by telecom network operators, including 5G networks.",,0,unknown,,0,False,,"score=4,idx=8492,zone=15",2,OK,
0001424929,FOXF,2013,0001424929_FOXF_FY2013_10K.html,,"December 31, 2013",Not disclosed,Not disclosed,,,No,,Not disclosed,,Not disclosed,,0,unknown,,0,False,,"score=7,idx=5290,zone=12",2,OK,
0001424929,FOXF,2014,0001424929_FOXF_FY2014_10K.html,,,Not disclosed,Not disclosed,,,No,,Not disclosed,,Not disclosed,,0,unknown,,0,False,,"score=7,idx=10288,zone=7",2,OK,
0001424929,FOXF,2015,0001424929_FOXF_FY2015_10K.html,,,Not disclosed,Not disclosed,,,No,,Not disclosed,,Not disclosed,,0,unknown,,0,False,,"score=7,idx=10279,zone=7",2,OK,
0001424929,FOXF,2016,0001424929_FOXF_FY2016_10K.html,,,Not disclosed,Not disclosed,,,No,,Not disclosed,,Not disclosed,,0,unknown,,0,False,,"score=7,idx=10628,zone=8",2,OK,
0001424929,FOXF,2017,0001424929_FOXF_FY2017_10K.html,,,Not disclosed,Not disclosed,,,No,,Not disclosed,,Not disclosed,,0,unknown,,0,False,,"score=7,idx=11318,zone=11",6,OK,
0001424929,FOXF,2018,0001424929_FOXF_FY2018_10K.html,,,Not disclosed,Not disclosed,,,No,,Not disclosed,,"In August 2018, the FASB issued ASU 2018-15, Intangibles - Goodwill and Other: Internal-Use Software, which helps simplify how entities evaluate the accounting for costs paid by a customer in a cloud computing arrangement that is a service contract. This standard will be effective for fiscal years beginning after December 15, 2019 and early adoption is permitted. The Company is currently assessing the impact this guidance will have on its consolidated financial statements.",,0,unknown,,0,False,,"score=7,idx=11127,zone=11",6,OK,
0001424929,FOXF,2019,0001424929_FOXF_FY2019_10K.html,,2020-02-11,Not disclosed,Not disclosed,,,No,,Not disclosed,,Not disclosed,,0,unknown,,0,False,,"score=5,idx=8788,zone=13",6,OK,
0001424929,FOXF,2020,0001424929_FOXF_FY2020_10K.html,,2021-01-01,Not disclosed,Not disclosed,,,No,,Not disclosed,,"In August 2018, the FASB issued ASU 2018-15, Intangibles - Goodwill and Other: Internal-Use Software, which helps simplify how entities evaluate the accounting for costs paid by a customer in a cloud computing arrangement that is a service contract. This standard is effective for fiscal years beginning after December 15, 2019. The Company adopted ASU 2018-15 effective in the first quarter of fiscal year 2020. The adoption of ASU 2018-15 did not have a material impact on the Company's consolidated financial statements.",,0,unknown,,0,False,,"score=5,idx=8445,zone=13",6,OK,
0001424929,FOXF,2021,0001424929_FOXF_FY2021_10K.html,,2022-12-30,Not disclosed,Not disclosed,,,No,,Not disclosed,,Not disclosed,,0,unknown,,0,False,,"score=5,idx=7257,zone=10",6,OK,
0001424929,FOXF,2022,0001424929_FOXF_FY2022_10K.html,,2023-02-17,Not disclosed,Not disclosed,,,No,,Not disclosed,,Not disclosed,,0,unknown,,0,False,,"score=5,idx=7194,zone=19",6,OK,
0001424929,FOXF,2023,0001424929_FOXF_FY2023_10K.html,,2024-02-15,Not disclosed,Not disclosed,,,No,,Not disclosed,,Not disclosed,,0,unknown,,0,False,,"score=5,idx=7527,zone=10",6,OK,
0001424929,FOXF,2024,0001424929_FOXF_FY2024_10K.html,,2025-01-03,Not disclosed,Not disclosed,,,No,,Not disclosed,,Not disclosed,,0,unknown,,0,False,,"score=5,idx=8048,zone=10",6,OK,
0001433270,AR,2013,0001433270_AR_FY2013_10K.html,,"December 31, 2013",Not disclosed,Not disclosed,,,No,,Not disclosed,,Not disclosed,,0,unknown,,0,False,,"score=4,idx=22586,zone=4",1,OK,
0001433270,AR,2014,0001433270_AR_FY2014_10K.html,,,Not disclosed,Not disclosed,,,No,,Not disclosed,,Not disclosed,,0,unknown,,0,False,,"score=4,idx=20462,zone=9",4,OK,
0001433270,AR,2015,0001433270_AR_FY2015_10K.html,,,Not disclosed,Not disclosed,,,No,,Not disclosed,,Not disclosed,,0,unknown,,0,False,,"score=4,idx=23166,zone=9",4,OK,
0001433270,AR,2016,0001433270_AR_FY2016_10K.html,,"December 31, 2016",Not disclosed,Not disclosed,,,No,,Not disclosed,,Not disclosed,,0,unknown,,0,False,,"score=4,idx=28307,zone=5",2,OK,
0001433270,AR,2017,0001433270_AR_FY2017_10K.html,,"December 31, 2017",Not disclosed,Not disclosed,,,No,,Not disclosed,,Not disclosed,,0,unknown,,0,False,,"score=4,idx=28123,zone=5",2,OK,
0001433270,AR,2018,0001433270_AR_FY2018_10K.html,,"December 31, 2018",Not disclosed,Not disclosed,,,No,,Not disclosed,,Not disclosed,,0,unknown,,0,False,,"score=4,idx=28889,zone=5",2,OK,
0001433270,AR,2019,0001433270_AR_FY2019_10K.html,,"December 31, 2019",Not disclosed,Not disclosed,,,No,,Not disclosed,,Not disclosed,,0,unknown,,0,False,,"score=6,idx=27621,zone=5",2,OK,
0001433270,AR,2020,0001433270_AR_FY2020_10K.html,,"December 31, 2020",Not disclosed,Not disclosed,,,No,,Not disclosed,,Not disclosed,,0,unknown,,0,False,,"score=9,idx=26022,zone=18",2,OK,
0001433270,AR,2021,0001433270_AR_FY2021_10K.html,,"December 31, 2021",Not disclosed,Not disclosed,,,No,,Not disclosed,,Not disclosed,,0,unknown,,0,False,,"score=9,idx=18249,zone=6",2,OK,
0001433270,AR,2022,0001433270_AR_FY2022_10K.html,,2023-01-31,Not disclosed,Not disclosed,,,No,,Not disclosed,,Not disclosed,,0,unknown,,0,False,,"score=9,idx=19280,zone=6",2,OK,
0001433270,AR,2023,0001433270_AR_FY2023_10K.html,,2024-03-31,Not disclosed,Not disclosed,,,No,,Not disclosed,,Not disclosed,,0,unknown,,0,False,,"score=9,idx=18578,zone=6",2,OK,
0001433270,AR,2024,0001433270_AR_FY2024_10K.html,,2025-03-31,Not disclosed,Not disclosed,,,No,,Not disclosed,,Not disclosed,,0,unknown,,0,False,,"score=9,idx=17414,zone=6",2,OK,
0001466085,IRT,2013,0001466085_IRT_FY2013_10K.html,,"December 31, 2013",equipment and fixtures,"Depreciation expense for real estate assets are computed using a straight-line method based on a life of 40 years for buildings and
improvements and five to ten years for equipment and fixtures.",5.0,10.0,No,,Not disclosed,,Not disclosed,,0,significant_accounting_policies,NOTE 2: Summary of Significant Accounting Policies,3,False,,"score=7,idx=5727,zone=6953",303,OK,
0001466085,IRT,2014,0001466085_IRT_FY2014_10K.html,,"December 31, 2014",equipment and fixtures,"Depreciation expense for real estate assets are computed using a straight-line method based on a life of 40 years for buildings and
improvements and five to ten years for equipment and fixtures.",5.0,10.0,No,,Not disclosed,,Not disclosed,,0,significant_accounting_policies,NOTE 2: Summary of Significant Accounting Policies a. Basis of Presentation,3,False,,"score=7,idx=7675,zone=8774",355,OK,
0001466085,IRT,2015,0001466085_IRT_FY2015_10K.html,,"December 31, 2015",equipment and fixtures,Depreciation expense for real estate assets are computed using a straight-line method based on a life of 40 years for buildings and improvements and five to ten years for equipment and fixtures.,5.0,10.0,No,,Not disclosed,,Not disclosed,,0,significant_accounting_policies,NOTE 2: Summary of Significant Accounting Policies a. Basis of Presentation,3,False,,"score=6,idx=13687,zone=15360",543,OK,
0001466085,IRT,2016,0001466085_IRT_FY2016_10K.html,,"December 31, 2016",equipment and fixtures,Depreciation expense for real estate assets are computed using a straight-line method based on a life of 40 years for buildings and improvements and five to ten years for equipment and fixtures.,5.0,10.0,No,,Not disclosed,,Not disclosed,,0,significant_accounting_policies,NOTE 2: Summary of Significant Accounting Policies a. Basis of Presentation,3,False,,"score=6,idx=16310,zone=16538",490,OK,
0001466085,IRT,2017,0001466085_IRT_FY2017_10K.html,,"December 31, 2017",equipment and fixtures,Depreciation expense for real estate assets is computed using a straight-line method based on a life of 40 years for buildings and improvements and five to ten years for equipment and fixtures.,5.0,10.0,No,,Not disclosed,,Not disclosed,,0,significant_accounting_policies,NOTE 2: Summary of Significant Accounting Policies a. Basis of Presentation,3,False,,"score=6,idx=16289,zone=17197",523,OK,
0001466085,IRT,2018,0001466085_IRT_FY2018_10K.html,,"December 31, 2018",equipment and fixtures,Depreciation expense for real estate assets is computed using a straight-line method based on a life of 40 years for buildings and improvements and five to ten years for equipment and fixtures.,5.0,10.0,No,,Not disclosed,,Not disclosed,,0,significant_accounting_policies,NOTE 2: Summary of Significant Accounting Policies,3,False,,"score=6,idx=11746,zone=16879",516,OK,
0001466085,IRT,2019,0001466085_IRT_FY2019_10K.html,,2020-12-31,equipment and fixtures,Depreciation expense for real estate assets is computed using a straight-line method based on a life of 40 years for buildings and improvements and five to ten years for equipment and fixtures.,5.0,10.0,No,,Not disclosed,,Not disclosed,,0,significant_accounting_policies,NOTE 2: Summary of Significant Accounting Policies,3,False,,"score=6,idx=12873,zone=15822",470,OK,
0001466085,IRT,2020,0001466085_IRT_FY2020_10K.html,,2021-01-01,buildings and improvements,"Depreciation expense for real estate assets is computed using a straight-line method based on a life of 40 years for buildings and improvements and five to ten years for furniture, fixtures, and equipment.",5.0,10.0,No,,Not disclosed,,Not disclosed,,0,significant_accounting_policies,NOTE 2: Summary of Significant Accounting Policies,3,False,,"score=6,idx=13209,zone=15343",449,OK,
0001466085,IRT,2021,0001466085_IRT_FY2021_10K.html,,2022-01-01,buildings and improvements,"Depreciation expense for real estate assets is computed using a straight-line method based on a life of 40 years for buildings and improvements and five to ten years for furniture, fixtures, and equipment.",5.0,10.0,No,,Not disclosed,,Not disclosed,,0,significant_accounting_policies,NOTE 2: Summary of Significant Accounting Policies,3,False,,"score=6,idx=14754,zone=14524",523,OK,
0001466085,IRT,2022,0001466085_IRT_FY2022_10K.html,,2023-02-24,buildings and improvements,"Depreciation expense for real estate assets is computed using a straight-line method based on a life of 40 years for buildings and improvements and five to ten years for furniture, fixtures, and equipment.",5.0,10.0,No,,Not disclosed,,Not disclosed,B200,1,significant_accounting_policies,NOTE 2: Summary of Significant Accounting Policies,3,False,,"score=5,idx=11895,zone=10908",523,OK,
0001466085,IRT,2023,0001466085_IRT_FY2023_10K.html,,2024-02-28,buildings and improvements,"Depreciation expense for real estate assets is computed using a straight-line method based on a life of 40 years for buildings and improvements and five to ten years for furniture, fixtures, and equipment.",5.0,10.0,No,,Not disclosed,,Not disclosed,,0,significant_accounting_policies,NOTE 2: Summary of Significant Accounting Policies,3,False,,"score=5,idx=10828,zone=10799",561,OK,
0001466085,IRT,2024,0001466085_IRT_FY2024_10K.html,,2025-11-13,buildings and improvements,"Depreciation expense for real estate assets is computed using a straight-line method based on a life of 40 years for buildings and improvements and five to ten years for furniture, fixtures, and equipment.",5.0,10.0,No,,Not disclosed,,Not disclosed,,0,significant_accounting_policies,NOTE 2: Summary of Significant Accounting Policies,3,False,,"score=5,idx=10993,zone=11275",584,OK,
0001567683,CWEN,2014,0001567683_CWEN_FY2014_10K.html,,"December 31, 2014",Not disclosed,Not disclosed,,,No,,Not disclosed,,Not disclosed,,0,unknown,,0,False,,"score=4,idx=17533,zone=16",2,OK,
0001567683,CWEN,2015,0001567683_CWEN_FY2015_10K.html,,"December 31, 2015",Not disclosed,Not disclosed,,,No,,Not disclosed,,Not disclosed,,0,unknown,,0,False,,"score=4,idx=21766,zone=16",2,OK,
0001567683,CWEN,2016,0001567683_CWEN_FY2016_10K.html,,"December 31, 2016",Not disclosed,Not disclosed,,,No,,Not disclosed,,Not disclosed,,0,unknown,,0,False,,"score=4,idx=22895,zone=6",2,OK,
0001567683,CWEN,2017,0001567683_CWEN_FY2017_10K.html,,"December 31, 2017",Not disclosed,Not disclosed,,,No,,Not disclosed,,Not disclosed,,0,unknown,,0,False,,"score=4,idx=23004,zone=6",2,OK,
0001567683,CWEN,2018,0001567683_CWEN_FY2018_10K.html,,"December 31, 2018",Not disclosed,Not disclosed,,,No,,Not disclosed,,Not disclosed,,0,unknown,,0,False,,"score=4,idx=23361,zone=6",2,OK,
0001567683,CWEN,2019,0001567683_CWEN_FY2019_10K.html,,"December 31, 2019",Not disclosed,Not disclosed,,,No,,Not disclosed,,Not disclosed,,0,unknown,,0,False,,"score=4,idx=26938,zone=6",2,OK,
0001567683,CWEN,2020,0001567683_CWEN_FY2020_10K.html,,2023-12-31,Not disclosed,Not disclosed,,,No,,Not disclosed,,Not disclosed,,0,unknown,,0,False,,"score=2,idx=18722,zone=4",2,OK,
0001567683,CWEN,2021,0001567683_CWEN_FY2021_10K.html,,2027-12-31,Not disclosed,Not disclosed,,,No,,Not disclosed,,Not disclosed,,0,unknown,,0,False,,"score=2,idx=17057,zone=4",2,OK,
0001567683,CWEN,2022,0001567683_CWEN_FY2022_10K.html,,2023-02-17,Not disclosed,Not disclosed,,,No,,Not disclosed,,Not disclosed,B100,1,unknown,,0,False,,"score=2,idx=15463,zone=13",2,OK,
0001567683,CWEN,2023,0001567683_CWEN_FY2023_10K.html,,2024-02-14,Not disclosed,Not disclosed,,,No,,Not disclosed,,Not disclosed,,0,unknown,,0,False,,"score=2,idx=16214,zone=13",2,OK,
0001567683,CWEN,2024,0001567683_CWEN_FY2024_10K.html,,2025-02-17,Not disclosed,Not disclosed,,,No,,Not disclosed,,Not disclosed,,0,unknown,,0,False,,"score=2,idx=16957,zone=13",2,OK,
0001571123,SAIC,2013,0001571123_SAIC_FY2013_10K.html,,"January 31, 2014",Not disclosed,Not disclosed,,,No,,Not disclosed,,Not disclosed,,0,unknown,,0,False,,"score=4,idx=6291,zone=7",1,OK,
0001571123,SAIC,2014,0001571123_SAIC_FY2014_10K.html,,"January 30, 2015",Not disclosed,Not disclosed,,,No,,"The decline in backlog was driven primarily by contract award timing and the lack of resolution of contract protests. During fiscal 2015, we submitted $9 billion in proposals which represents a 3% increase over the prior year. Our backlog fluctuates from year to year based on the timing of large contract awards and, for protested awards, favorable protest resolution. For example, during fiscal 2015 the award of the High Performance Computing Modernization Program Integrated Technical Services (HITS) contract was protested. In the fourth quarter of fiscal 2015 the government customer took corrective action, requesting that bidders resubmit their proposals. We now expect that this program will be awarded to the winner of the resubmission process during fiscal 2016.",MD&A (Item 7),Not disclosed,,0,unknown,,0,False,,"score=4,idx=4900,zone=4",3,OK,
0001571123,SAIC,2015,0001571123_SAIC_FY2015_10K.html,,"January 29, 2016",Not disclosed,Not disclosed,,,No,,Not disclosed,,Not disclosed,,0,unknown,,0,False,,"score=4,idx=5508,zone=5",3,OK,
0001571123,SAIC,2016,0001571123_SAIC_FY2016_10K.html,,"February 3, 2017",Not disclosed,Not disclosed,,,No,,"We had net bookings worth an estimated $5.3 billion and $4.3 billion during fiscal 2017 and fiscal 2016, respectively. Fiscal 2017 total backlog has increased from the prior year primarily due to several large awards including the High Performance Computing Modernization Program (HPCMP) Integrated Technical Services (HITS) task order and the Enterprise Applications Service Technologies (EAST) 2 contract.",MD&A (Item 7),Not disclosed,,0,unknown,,0,False,,"score=4,idx=5186,zone=5",3,OK,
0001571123,SAIC,2017,0001571123_SAIC_FY2017_10K.html,,,Not disclosed,Not disclosed,,,No,,Not disclosed,,Not disclosed,,0,unknown,,0,False,,"score=4,idx=7142,zone=10",3,OK,
0001571123,SAIC,2018,0001571123_SAIC_FY2018_10K.html,,,Not disclosed,Not disclosed,,,No,,Not disclosed,,Not disclosed,,0,unknown,,0,False,,"score=4,idx=6767,zone=10",3,OK,
0001571123,SAIC,2019,0001571123_SAIC_FY2019_10K.html,,"January 31, 2020",Not disclosed,Not disclosed,,,No,,Not disclosed,,Not disclosed,,0,unknown,,0,False,,"score=4,idx=9020,zone=10",3,OK,
0001571123,SAIC,2020,0001571123_SAIC_FY2020_10K.html,,2021-03-23,Not disclosed,Not disclosed,,,No,,Not disclosed,,Not disclosed,,0,unknown,,0,False,,"score=2,idx=6180,zone=29",5,OK,
0001571123,SAIC,2021,0001571123_SAIC_FY2021_10K.html,,2022-03-23,Not disclosed,Not disclosed,,,No,,Not disclosed,,Not disclosed,,0,unknown,,0,False,,"score=2,idx=6302,zone=8",3,OK,
0001571123,SAIC,2022,0001571123_SAIC_FY2022_10K.html,,2024-01-03,Not disclosed,Not disclosed,,,No,,Not disclosed,,Not disclosed,,0,unknown,,0,False,,"score=2,idx=6225,zone=8",3,OK,
0001571123,SAIC,2023,0001571123_SAIC_FY2023_10K.html,,2024-03-14,Not disclosed,Not disclosed,,,No,,Not disclosed,,Not disclosed,,0,unknown,,0,False,,"score=2,idx=6341,zone=8",3,OK,
0001571123,SAIC,2024,0001571123_SAIC_FY2024_10K.html,,2025-03-13,Not disclosed,Not disclosed,,,No,,Not disclosed,,Not disclosed,,0,unknown,,0,False,,"score=2,idx=7868,zone=8",3,OK,
0001573516,MUSA,2013,0001573516_MUSA_FY2013_10K.html,,"December 31, 2013",Not disclosed,Not disclosed,,,No,,Not disclosed,,Not disclosed,,0,unknown,,0,False,,"score=4,idx=8894,zone=11",2,OK,
0001573516,MUSA,2014,0001573516_MUSA_FY2014_10K.html,,,Not disclosed,Not disclosed,,,No,,Not disclosed,,Not disclosed,,0,unknown,,0,False,,"score=4,idx=9687,zone=13",4,OK,
0001573516,MUSA,2015,0001573516_MUSA_FY2015_10K.html,,"December 31, 2015",Not disclosed,Not disclosed,,,No,,Not disclosed,,Not disclosed,,0,unknown,,0,False,,"score=4,idx=10149,zone=13",2,OK,
0001573516,MUSA,2016,0001573516_MUSA_FY2016_10K.html,,,Not disclosed,Not disclosed,,,No,,Not disclosed,,Not disclosed,,0,unknown,,0,False,,"score=4,idx=10466,zone=14",2,OK,
0001573516,MUSA,2017,0001573516_MUSA_FY2017_10K.html,,,Not disclosed,Not disclosed,,,No,,Not disclosed,,Not disclosed,,0,unknown,,0,False,,"score=4,idx=10616,zone=14",2,OK,
0001573516,MUSA,2018,0001573516_MUSA_FY2018_10K.html,,,Not disclosed,Not disclosed,,,No,,Not disclosed,,Not disclosed,,0,unknown,,0,False,,"score=4,idx=10021,zone=14",2,OK,
0001573516,MUSA,2019,0001573516_MUSA_FY2019_10K.html,,"December 31, 2019",Not disclosed,Not disclosed,,,No,,Not disclosed,,Not disclosed,,0,unknown,,0,False,,"score=4,idx=15330,zone=18",4,OK,
0001573516,MUSA,2020,0001573516_MUSA_FY2020_10K.html,,2021-01-29,Not disclosed,Not disclosed,,,No,,Not disclosed,,Not disclosed,B200,1,unknown,,0,False,,"score=2,idx=7554,zone=25",4,OK,
0001573516,MUSA,2021,0001573516_MUSA_FY2021_10K.html,,2021-12-31,Not disclosed,Not disclosed,,,No,,Not disclosed,,Not disclosed,,0,unknown,,0,False,,"score=2,idx=8150,zone=31",4,OK,
0001573516,MUSA,2022,0001573516_MUSA_FY2022_10K.html,,2022-12-31,Not disclosed,Not disclosed,,,No,,Not disclosed,,Not disclosed,,0,unknown,,0,False,,"score=2,idx=8777,zone=37",4,OK,
0001573516,MUSA,2023,0001573516_MUSA_FY2023_10K.html,,2023-12-31,Not disclosed,Not disclosed,,,No,,Not disclosed,,Not disclosed,,0,unknown,,0,False,,"score=2,idx=9163,zone=19",4,OK,
0001573516,MUSA,2024,0001573516_MUSA_FY2024_10K.html,,2024-12-31,Not disclosed,Not disclosed,,,No,,Not disclosed,,Not disclosed,,0,unknown,,0,False,,"score=2,idx=8970,zone=48",5,OK,
0001576018,SPNT,2013,0001576018_SPNT_FY2013_10K.html,,"December 31, 2013",Not disclosed,Not disclosed,,,No,,Not disclosed,,Not disclosed,,0,unknown,,0,False,,"score=4,idx=13911,zone=8",2,OK,
0001576018,SPNT,2014,0001576018_SPNT_FY2014_10K.html,,"December 31, 2014",Not disclosed,Not disclosed,,,No,,Not disclosed,,Not disclosed,,0,unknown,,0,False,,"score=4,idx=17594,zone=11",2,OK,
0001576018,SPNT,2015,0001576018_SPNT_FY2015_10K.html,,"December 31, 2015",Not disclosed,Not disclosed,,,No,,Not disclosed,,Not disclosed,,0,unknown,,0,False,,"score=4,idx=19279,zone=5",2,OK,
0001576018,SPNT,2016,0001576018_SPNT_FY2016_10K.html,,"December 31, 2016",Not disclosed,Not disclosed,,,No,,Not disclosed,,Not disclosed,,0,unknown,,0,False,,"score=4,idx=17650,zone=6",2,OK,
0001576018,SPNT,2017,0001576018_SPNT_FY2017_10K.html,,"December 31, 2017",Not disclosed,Not disclosed,,,No,,Not disclosed,,Not disclosed,,0,unknown,,0,False,,"score=4,idx=18989,zone=6",2,OK,
0001576018,SPNT,2018,0001576018_SPNT_FY2018_10K.html,,"December 31, 2018",Not disclosed,Not disclosed,,,No,,Not disclosed,,Not disclosed,,0,unknown,,0,False,,"score=4,idx=17862,zone=6",2,OK,
0001576018,SPNT,2019,0001576018_SPNT_FY2019_10K.html,,2019-12-31,Not disclosed,Not disclosed,,,No,,Not disclosed,,Not disclosed,,0,unknown,,0,False,,"score=4,idx=27445,zone=6",2,OK,
0001576018,SPNT,2020,0001576018_SPNT_FY2020_10K.html,,2020-12-31,Not disclosed,Not disclosed,,,No,,Not disclosed,,Not disclosed,,0,unknown,,0,False,,"score=2,idx=19948,zone=4",2,OK,
0001576018,SPNT,2021,0001576018_SPNT_FY2021_10K.html,,2021-12-31,Not disclosed,Not disclosed,,,No,,Not disclosed,,Not disclosed,B100,1,unknown,,0,False,,"score=2,idx=26295,zone=4",2,OK,
0001576018,SPNT,2022,0001576018_SPNT_FY2022_10K.html,,2022-12-31,Not disclosed,Not disclosed,,,No,,Not disclosed,,Not disclosed,B200,1,unknown,,0,False,,"score=2,idx=25579,zone=4",2,OK,
0001576018,SPNT,2023,0001576018_SPNT_FY2023_10K.html,,2023-12-31,Not disclosed,Not disclosed,,,No,,Not disclosed,,Not disclosed,,0,unknown,,0,False,,"score=2,idx=24428,zone=4",2,OK,
0001576018,SPNT,2024,0001576018_SPNT_FY2024_10K.html,,2025-02-28,Not disclosed,Not disclosed,,,No,,Not disclosed,,Not disclosed,,0,unknown,,0,False,,"score=2,idx=24839,zone=4",2,OK,
0001579298,BURL,2013,0001579298_BURL_FY2013_10K.html,,"February 1, 2014","buildings, depending upon the expected useful life of the facility","Depreciation is computed using the straight-line method over the estimated useful lives of the assets, which range from 20 and 40 years for buildings, depending upon the expected useful life of the facility, and three
to ten years for store fixtures and equipment. Renewals and betterments, which significantly extend the useful lives of existing property and equipment, are capitalized.",3.0,10.0,No,,Not disclosed,,Not disclosed,,0,significant_accounting_policies,1. Summary of Significant Accounting Policies,3,True,3.0-5.0 ans | 3.0-10.0 ans,"score=4,idx=7103,zone=14803",589,OK,
0001579298,BURL,2014,0001579298_BURL_FY2014_10K.html,,"January 31, 2015",equipment,"Renewals and betterments, which
significantly extend the useful lives of existing property and equipment, are capitalized.",,,No,,Not disclosed,,Not disclosed,,0,significant_accounting_policies,1. Summary of Significant Accounting Policies,3,False,,"score=4,idx=6779,zone=13531",573,OK,
0001579298,BURL,2015,0001579298_BURL_FY2015_10K.html,,"January 30, 2016",equipment,"(in thousands) Useful Lives January 30, 2016 January 31, 2015 Land N/A $ 159,044 $ 159,246 Buildings 20 to 40 Years 438,609 424,601 Store fixtures and equipment 3 to 10 Years 732,851 643,647 Software 3 to 5 Years 188,399 187,402 Leasehold improvements Shorter of lease term or useful life 511,036 466,940 Construction in progress N/A 15,815 21,478 2,045,754 1,903,314 Less: accumulated depreciation (1,027,184 ) (932,895 ) Total property and equipment, net of accumulated depreciation and amortization $ 1,018,570 $ 970,419",3.0,10.0,No,,Not disclosed,,Not disclosed,,0,significant_accounting_policies,Note 3. Stock-Based Compensation,3,True,3.0-5.0 ans | 3.0-10.0 ans,"score=3,idx=8386,zone=16576",740,OK,
0001579298,BURL,2016,0001579298_BURL_FY2016_10K.html,,"January 28, 2017",equipment,"(in thousands) Useful Lives January 28, 2017 January 30, 2016 Land N/A $ 157,272 $ 159,044 Buildings 20 to 40 Years 452,497 438,609 Store fixtures and equipment 3 to 10 Years 762,826 732,851 Software 3 to 5 Years 205,673 188,399 Leasehold improvements Shorter of lease term or useful life 561,371 511,036 Construction in progress N/A 37,145 15,815 2,176,784 2,045,754 Less: accumulated depreciation (1,127,337 ) (1,027,184 ) Total property and equipment, net of accumulated depreciation and amortization $ 1,049,447 $ 1,018,570",3.0,10.0,No,,Not disclosed,,Not disclosed,,0,significant_accounting_policies,Note 3. Stock-Based Compensation,3,True,3.0-5.0 ans | 3.0-10.0 ans,"score=3,idx=8300,zone=14606",649,OK,
0001579298,BURL,2017,0001579298_BURL_FY2017_10K.html,,"February 3, 2018",equipment,"(in thousands) Useful Lives February 3, 2018 January 28, 2017 Land N/A $ 159,465 $ 157,272 Buildings 20 to 40 Years 465,207 452,497 Store fixtures and equipment 3 to 10 Years 831,963 762,826 Software 3 to 10 Years 235,799 205,673 Leasehold improvements Shorter of lease term or useful life 604,470 561,371 Construction in progress N/A 28,155 37,145 2,325,059 2,176,784 Less: accumulated depreciation (1,190,287 ) (1,127,337 ) Total property and equipment, net of accumulated depreciation and amortization $ 1,134,772 $ 1,049,447",3.0,10.0,Yes,"The 2017 U.S. Tax Cuts and Jobs Act of 2017 (Tax Act) was signed into law on December 22, 2017. The Tax Act significantly revises the U.S. corporate income tax by, among other things, lowering the statutory corporate income tax rate from 35% to 21%, eliminating or limiting certain deductions, and enhancing and extending through 2026 the option to claim accelerated depreciation on qualified property. The change reduced the Company’s effective tax rate by 21.1% for Fiscal 2017, primarily due to a one-time incremental benefit of approximately $93 million from remeasurement of net deferred tax positions to reflect the reduction in corporate tax rate from 35% to 21%. The provisional remeasurement amount may change as data becomes available allowing more accurate scheduling of the deferred tax assets and liabilities, primarily related to depreciable assets, inventory and occupancy costs.",Not disclosed,,Not disclosed,,0,significant_accounting_policies,Note 3. Stock-Based Compensation,3,True,3.0-5.0 ans | 3.0-10.0 ans,"score=3,idx=9219,zone=14997",638,OK,
0001579298,BURL,2018,0001579298_BURL_FY2018_10K.html,,"February 2, 2019",equipment,"(in thousands) Useful Lives February 2, 2019 February 3, 2018 Land N/A $ 156,040 $ 159,465 Buildings 20 to 40 Years 485,265 465,207 Store fixtures and equipment 3 to 15 Years 927,081 831,963 Software 3 to 10 Years 256,610 235,799 Leasehold improvements Shorter of lease term or useful life 694,145 604,470 Construction in progress N/A 24,767 28,155 Total property and equipment at cost 2,543,908 2,325,059 Less: accumulated depreciation (1,290,203 ) (1,190,287 ) Total property and equipment, net of accumulated depreciation and amortization $ 1,253,705 $ 1,134,772",3.0,15.0,No,,Not disclosed,,"In August 2018, the FASB issued ASU 2018-15, “Intangibles—Goodwill and Other—Internal-Use Software: Customer’s Accounting for Implementation Costs Incurred in a Cloud Computing Arrangement That Is a Service Contract.” This ASU requires that implementation costs incurred in a hosting arrangement that is a service contract be assessed in accordance with the existing guidance in Subtopic 350-40, “Internal-Use Software.” Accordingly, costs incurred during the preliminary project stage must be expensed as incurred, while costs incurred during the application development stage must be capitalized. Capitalized implementation costs associated with a hosting arrangement that is a service contract must be expensed over the term of the hosting arrangement. Additionally, the new guidance requires that the expense of these capitalized costs be presented in the same line item in the statement of income as the fees associated with the hosting element of the arrangement. The new guidance will be effective for annual reporting periods beginning after December 15, 2019, including interim periods. This ASU will be effective for the Company as of the beginning of Fiscal 2020. Early adoption is permitted for annual or interim periods. While t he Company is still in the process of determining the impact of the adoption of this guidance on its consolidated financial statements or notes thereto, it does not anticipate that the new guidance will have a significant impact on its consolidated financial statements.",,0,significant_accounting_policies,Note 3. Stock-Based Compensation,3,True,3.0-10.0 ans | 3.0-15.0 ans,"score=3,idx=8634,zone=14806",672,OK,
0001579298,BURL,2019,0001579298_BURL_FY2019_10K.html,,"February 1, 2020",equipment,"(in thousands) Useful Lives February 1, 2020 February 2, 2019 Land N/A $ 149,426 $ 156,040 Buildings 20 to 40 Years 491,389 485,265 Store fixtures and equipment 3 to 15 Years 1,030,646 927,081 Software 3 to 10 Years 273,674 256,610 Leasehold improvements Shorter of lease term or useful life 761,561 694,145 Construction in progress N/A 58,759 24,767 Total property and equipment at cost 2,765,455 2,543,908 Less: accumulated depreciation (1,362,282 ) (1,290,203 ) Total property and equipment, net of accumulated depreciation and amortization $ 1,403,173 $ 1,253,705",3.0,15.0,No,,Not disclosed,,"In August 2018, the FASB issued ASU 2018-15, “Intangibles—Goodwill and Other—Internal-Use Software: Customer’s Accounting for Implementation Costs Incurred in a Cloud Computing Arrangement That Is a Service Contract.” This ASU requires that implementation costs incurred in a hosting arrangement that is a service contract be assessed in accordance with the existing guidance in Subtopic 350-40, “Internal-Use Software.” Accordingly, costs incurred during the preliminary project stage must be expensed as incurred, while costs incurred during the application development stage must be capitalized. Capitalized implementation costs associated with a hosting arrangement that is a service contract must be expensed over the term of the hosting arrangement. Additionally, the new guidance requires that the expense of these capitalized costs be presented in the same line item in the statement of income as the fees associated with the hosting element of the arrangement. The new guidance will be effective for annual reporting periods beginning after December 15, 2019, including interim periods. This ASU will be effective for the Company as of the beginning of Fiscal 2020. Early adoption is permitted for annual or interim periods. The Company does not anticipate that the new guidance will have a significant impact on its consolidated financial statements.",,0,significant_accounting_policies,Note 3. Stock-Based Compensation,3,True,3.0-10.0 ans | 3.0-15.0 ans,"score=3,idx=10939,zone=15176",686,OK,
0001579298,BURL,2020,0001579298_BURL_FY2020_10K.html,,"January 30, 2021",equipment,"(in thousands) Useful Lives January 30, 2021 February 1, 2020 Land N/A $ 148,973 $ 149,426 Buildings 20 to 40 Years 492,289 491,389 Store fixtures and equipment 3 to 15 Years 1,074,584 1,030,646 Software 3 to 10 Years 278,786 273,674 Leasehold improvements Shorter of lease term or useful life 772,825 761,561 Construction in progress N/A 170,061 58,759 Total property and equipment at cost 2,937,518 2,765,455 Less: accumulated depreciation and amortization (1,498,655 ) (1,362,282 ) Total property and equipment, net of accumulated depreciation and amortization $ 1,438,863 $ 1,403,173",3.0,15.0,No,,Not disclosed,,"In August 2018, the FASB issued ASU 2018-15, “Intangibles—Goodwill and Other—Internal-Use Software: Customer’s Accounting for Implementation Costs Incurred in a Cloud Computing Arrangement That Is a Service Contract.” This ASU requires that implementation costs incurred in a hosting arrangement that is a service contract be assessed in accordance with the existing guidance in Subtopic 350-40, “Internal-Use Software.” Accordingly, costs incurred during the preliminary project stage must be expensed as incurred, while costs incurred during the application development stage must be capitalized. Capitalized implementation costs associated with a hosting arrangement that is a service contract must be expensed over the term of the hosting arrangement. Additionally, the new guidance requires that the expense of these capitalized costs be presented in the same line item in the statements of income as the fees associated with the hosting element of the arrangement. The new guidance became effective for the Company as of the beginning of Fiscal 2020. Adoption of this guidance did not have a significant impact on the Company’s consolidated financial statements and notes thereto.",,0,significant_accounting_policies,Note 4. Long Term Debt,3,True,3.0-10.0 ans | 3.0-15.0 ans,"score=3,idx=10781,zone=14719",708,OK,
0001579298,BURL,2021,0001579298_BURL_FY2021_10K.html,,2022-02-16,equipment,"Property and equipment consist of: (in thousands) Useful Lives January 29, 2022 January 30, 2021 Land N/A $ 148,144 $ 148,973 Buildings 20 to 40 Years 490,698 492,289 Store fixtures and equipment 3 to 15 Years 1,300,997 1,074,584 Software 3 to 10 Years 307,077 278,786 Leasehold improvements Shorter of lease term or useful life 828,095 772,825 Construction in progress N/A 128,673 170,061 Total property and equipment at cost 3,203,684 2,937,518 Less: accumulated depreciation and amortization ( 1,651,447 ) ( 1,498,655 ) Total property and equipment, net of accumulated depreciation and amortization $ 1,552,237 $ 1,438,863",3.0,15.0,No,,Not disclosed,,Not disclosed,B200,1,ppe_note,"4. Property and Equipment Property and equipment consist of: (in thousands) Useful Lives January 29, 2022 January 30, 2021 Land N/A $ 148,144 $ 148,97",3,True,3.0-10.0 ans | 3.0-15.0 ans,"score=4,idx=12187,zone=22479",996,OK,
0001579298,BURL,2022,0001579298_BURL_FY2022_10K.html,,2023-03-07,equipment,"Property and equipment consist of: (in thousands) Useful Lives January 28, 2023 January 29, 2022 Land N/A $ 112,513 $ 148,144 Buildings 20 to 40 Years 394,798 490,698 Store fixtures and equipment 3 to 15 Years 1,414,220 1,300,997 Software 3 to 10 Years 332,509 307,077 Leasehold improvements Shorter of lease term or useful life 881,695 828,095 Construction in progress N/A 250,160 128,673 Total property and equipment at cost 3,385,895 3,203,684 Less: accumulated depreciation and amortization ( 1,717,890 ) ( 1,651,447 ) Total property and equipment, net of accumulated depreciation and amortization $ 1,668,005 $ 1,552,237",3.0,15.0,No,,Not disclosed,,Not disclosed,,0,ppe_note,"4. Property and Equipment Property and equipment consist of: (in thousands) Useful Lives January 28, 2023 January 29, 2022 Land N/A $ 112,513 $ 148,14",3,True,3.0-10.0 ans | 3.0-15.0 ans,"score=4,idx=11711,zone=22063",918,OK,
0001579298,BURL,2023,0001579298_BURL_FY2023_10K.html,,2024-02-03,equipment,"Property and equipment consist of: (in thousands) Useful Lives February 3, 2024 January 28, 2023 Land N/A $ 105,645 $ 112,513 Buildings 20 to 40 Years 413,634 394,798 Store fixtures and equipment 3 to 15 Years 1,575,798 1,414,220 Software 3 to 10 Years 365,899 332,509 Leasehold improvements Shorter of lease term or useful life 996,994 881,695 Construction in progress N/A 375,305 250,160 Total property and equipment at cost 3,833,275 3,385,895 Less: accumulated depreciation and amortization ( 1,952,950 ) ( 1,717,890 ) Total property and equipment, net of accumulated depreciation and amortization $ 1,880,325 $ 1,668,005",3.0,15.0,No,,Not disclosed,,Not disclosed,,0,ppe_note,"4. Property and Equipment Property and equipment consist of: (in thousands) Useful Lives February 3, 2024 January 28, 2023 Land N/A $ 105,645 $ 112,51",3,True,3.0-10.0 ans | 3.0-15.0 ans,"score=4,idx=11265,zone=21446",933,OK,
0001579298,BURL,2024,0001579298_BURL_FY2024_10K.html,,2025-02-01,equipment,"Property and equipment consist of: (in thousands) Useful Lives February 1, 2025 February 3, 2024 Land N/A $ 82,692 $ 105,645 Buildings 10 to 40 Years 363,658 413,634 Store fixtures and equipment 3 to 15 Years 1,828,472 1,575,798 Software 3 to 10 Years 387,200 365,899 Leasehold improvements Shorter of lease term or useful life 1,180,491 996,994 Construction in progress N/A 584,124 375,305 Total property and equipment at cost 4,426,637 3,833,275 Less: accumulated depreciation and amortization ( 2,056,917 ) ( 1,952,950 ) Total property and equipment, net of accumulated depreciation and amortization $ 2,369,720 $ 1,880,325",3.0,15.0,No,,Not disclosed,,Not disclosed,,0,ppe_note,"3. Property and Equipment Property and equipment consist of: (in thousands) Useful Lives February 1, 2025 February 3, 2024 Land N/A $ 82,692 $ 105,645",3,True,3.0-10.0 ans | 3.0-15.0 ans,"score=4,idx=10192,zone=21676",884,OK,
0001580670,LGIH,2013,0001580670_LGIH_FY2013_10K.html,,"December 31, 2013",Not disclosed,Not disclosed,,,No,,Not disclosed,,Not disclosed,,0,unknown,,0,False,,"score=7,idx=12709,zone=7",2,OK,
0001580670,LGIH,2014,0001580670_LGIH_FY2014_10K.html,,"December 31, 2014",equipment,"Property, equipment and leasehold improvements are stated at cost, less accumulated depreciation.",,,No,,Not disclosed,,Not disclosed,,0,significant_accounting_policies,3. SUMMARY OF SIGNIFICANT ACCOUNTING POLICIES,3,False,,"score=7,idx=14020,zone=12929",665,OK,
0001580670,LGIH,2015,0001580670_LGIH_FY2015_10K.html,,"December 31, 2015",equipment,"Property, equipment and leasehold improvements are stated at cost, less accumulated depreciation.",,,No,,Not disclosed,,Not disclosed,,0,significant_accounting_policies,3. SUMMARY OF SIGNIFICANT ACCOUNTING POLICIES,3,False,,"score=7,idx=12973,zone=13275",667,OK,
0001580670,LGIH,2016,0001580670_LGIH_FY2016_10K.html,,,equipment,"Property, equipment and leasehold improvements are stated at cost, less accumulated depreciation.",,,No,,Not disclosed,,Not disclosed,,0,significant_accounting_policies,2. SUMMARY OF SIGNIFICANT ACCOUNTING POLICIES,3,False,,"score=7,idx=9956,zone=10314",516,OK,
0001580670,LGIH,2017,0001580670_LGIH_FY2017_10K.html,,,equipment,"Property, equipment and leasehold improvements are stated at cost, less accumulated depreciation.",,,No,,Not disclosed,,Not disclosed,,0,significant_accounting_policies,2. SUMMARY OF SIGNIFICANT ACCOUNTING POLICIES,3,False,,"score=7,idx=10559,zone=10967",523,OK,
0001580670,LGIH,2018,0001580670_LGIH_FY2018_10K.html,,,equipment,"Property, equipment and leasehold improvements are stated at cost, less accumulated depreciation.",,,No,,Not disclosed,,Not disclosed,,0,significant_accounting_policies,2. SUMMARY OF SIGNIFICANT ACCOUNTING POLICIES,3,False,,"score=7,idx=11743,zone=11845",583,OK,
0001580670,LGIH,2019,0001580670_LGIH_FY2019_10K.html,,"December 31, 2019",property and equipment,"Property, building, equipment and leasehold improvements are stated at cost, less accumulated depreciation. Depreciation is generally computed using the straight-line method over the estimated useful lives of the assets, ranging from two to five years for property and equipment and 30 years for our building.",30.0,,No,,Not disclosed,,"In August 2018, the FASB issued ASU No. 2018-15, “Intangibles - Goodwill and Other - Internal-Use Software (Subtopic 350-40): Customer's Accounting for Implementation Costs Incurred in a Cloud Computing Arrangement That Is a Service Contract” (“ASU 2018-15”), which requires entities that are customers in cloud computing arrangements to defer implementation costs if they would be capitalized by the entity in software licensing arrangements under the internal-use software guidance. The guidance may be applied retrospectively or prospectively to implementation costs incurred after the date of adoption. ASU 2018-15 is effective for us beginning January 1, 2020. We are currently evaluating the impact that this standard will have on our financial statements. ||| “Intangibles - Goodwill and Other - Internal-Use Software (Subtopic 350-40): Customer's Accounting for Implementation Costs Incurred in a Cloud Computing Arrangement That Is a Service Contract” ||| (“ASU 2018-15”), which requires entities that are customers in cloud computing arrangements to defer implementation costs if they would be capitalized by the entity in software licensing arrangements under the internal-use software guidance. The guidance may be applied retrospectively or prospectively to implementation costs incurred after the date of adoption. ASU 2018-15 is effective for us beginning January 1, 2020. We are currently evaluating the impact that this standard will have on our financial statements.",,0,significant_accounting_policies,2. SUMMARY OF SIGNIFICANT ACCOUNTING POLICIES,3,False,,"score=7,idx=13082,zone=12718",571,OK,
0001580670,LGIH,2020,0001580670_LGIH_FY2020_10K.html,,2020-12-31,property and equipment,"Property, building, software, computer equipment and leasehold improvements are stated at cost, less accumulated depreciation. Depreciation is generally computed using the straight-line method over the estimated useful lives of the assets, ranging from two to five years for property and equipment and 30 years for our building.",30.0,,No,,Not disclosed,,"On January 1, 2020, we adopted the Financial Accounting Standards Board (the “FASB”) Accounting Standards Update (“ASU”) No. 2018-15, “Intangibles - Goodwill and Other - Internal-Use Software (Subtopic 350-40): Customer's Accounting for Implementation Costs Incurred in a Cloud Computing Arrangement That Is a Service Contract” (“ASU 2018-15”), which requires entities that are customers in cloud computing arrangements to defer implementation costs if they would be capitalized by the entity in software licensing arrangements under the internal-use software guidance. ASU 2018-15 was effective for us beginning January 1, 2020. The guidance may be applied retrospectively or prospectively to implementation costs incurred after the date of adoption. The adoption of ASU 2018-15 did not have a material effect on our consolidated financial statements or disclosures. ||| “Intangibles - Goodwill and Other - Internal-Use Software (Subtopic 350-40): Customer's Accounting for Implementation Costs Incurred in a Cloud Computing Arrangement That Is a Service Contract” ||| (“ASU 2018-15”), which requires entities that are customers in cloud computing arrangements to defer implementation costs if they would be capitalized by the entity in software licensing arrangements under the internal-use software guidance. ASU 2018-15 was effective for us beginning January 1, 2020. The guidance may be applied retrospectively or prospectively to implementation costs incurred after the date of adoption. The adoption of ASU 2018-15 did not have a material effect on our consolidated financial statements or disclosures.",A100,1,significant_accounting_policies,2. SUMMARY OF SIGNIFICANT ACCOUNTING POLICIES,3,False,,"score=5,idx=8477,zone=6092",390,OK,
0001580670,LGIH,2021,0001580670_LGIH_FY2021_10K.html,,2021-12-31,property and equipment,"Property and equipment are stated at cost, less accumulated depreciation. Depreciation is generally computed using the straight-line method over the estimated useful lives of the assets, ranging from two to five years for property and equipment and 30 years for our rental properties.",30.0,,No,,Not disclosed,,Not disclosed,,0,significant_accounting_policies,2. SUMMARY OF SIGNIFICANT ACCOUNTING POLICIES,3,False,,"score=5,idx=7513,zone=6091",379,OK,
0001580670,LGIH,2022,0001580670_LGIH_FY2022_10K.html,,2022-12-31,property and equipment,"Property and equipment are stated at cost, less accumulated depreciation. Depreciation is generally computed using the straight-line method over the estimated useful lives of the assets, ranging from two to five years for property and equipment and 30 years for our rental properties.",30.0,,No,,Not disclosed,,Not disclosed,,0,significant_accounting_policies,Note 5,3,False,,"score=5,idx=6957,zone=5810",385,OK,
0001580670,LGIH,2023,0001580670_LGIH_FY2023_10K.html,,2023-12-31,"equipment, Computer software, Furniture and fixtures, Machinery and equipment","Property and equipment consist of the following (in thousands): December 31, 2023 2022 Rental properties $ 43,324 $ 29,833 Computer software and equipment 3,946 3,894 Leasehold improvements 1,722 1,466 Furniture and fixtures 2,091 1,060 Machinery and equipment 231 127 Total property and equipment 51,314 36,380 Less: Accumulated depreciation (5,792) (3,383) Property and equipment, net $ 45,522 $ 32,997",,,No,,Not disclosed,,Not disclosed,,0,ppe_note,4. PROPERTY AND EQUIPMENT,3,False,,"score=5,idx=6928,zone=5997",384,OK,
0001580670,LGIH,2024,0001580670_LGIH_FY2024_10K.html,,2024-12-31,"equipment, Computer software, Furniture and fixtures, Machinery and equipment","Property and equipment consist of the following (in thousands): December 31, 2024 2023 Rental properties $ 54,435 $ 43,324 Computer software and equipment 4,937 3,946 Leasehold improvements 1,799 1,722 Furniture and fixtures 2,906 2,091 Machinery and equipment 261 231 Total property and equipment 64,338 51,314 Less: Accumulated depreciation (7,300) (5,792) Property and equipment, net $ 57,038 $ 45,522",,,No,,Not disclosed,,Not disclosed,,0,ppe_note,4. PROPERTY AND EQUIPMENT,3,True,1.0 ans | 2.0-5.0 ans,"score=5,idx=6577,zone=6337",392,OK,
0001581068,BRX,2013,0001581068_BRX_FY2013_10K.html,,"December 31, 2013",Not disclosed,Not disclosed,,,No,,Not disclosed,,Not disclosed,,0,unknown,,0,False,,"score=4,idx=64071,zone=10",2,OK,
0001581068,BRX,2014,0001581068_BRX_FY2014_10K.html,,"December 31, 2014",Not disclosed,Not disclosed,,,No,,Not disclosed,,Not disclosed,,0,unknown,,0,False,,"score=4,idx=24186,zone=22",2,OK,
0001581068,BRX,2015,0001581068_BRX_FY2015_10K.html,,"December 31, 2015",Not disclosed,Not disclosed,,,No,,Not disclosed,,Not disclosed,,0,unknown,,0,False,,"score=4,idx=22855,zone=10",2,OK,
0001581068,BRX,2016,0001581068_BRX_FY2016_10K.html,,"December 31, 2016",Not disclosed,Not disclosed,,,No,,Not disclosed,,Not disclosed,,0,unknown,,0,False,,"score=4,idx=22326,zone=11",2,OK,
0001581068,BRX,2017,0001581068_BRX_FY2017_10K.html,,"December 31, 2017",Not disclosed,Not disclosed,,,No,,Not disclosed,,Not disclosed,,0,unknown,,0,False,,"score=4,idx=23588,zone=11",2,OK,
0001581068,BRX,2018,0001581068_BRX_FY2018_10K.html,,"December 31, 2018",Not disclosed,Not disclosed,,,No,,Not disclosed,,Not disclosed,,0,unknown,,0,False,,"score=4,idx=23937,zone=11",2,OK,
0001581068,BRX,2019,0001581068_BRX_FY2019_10K.html,,2019-12-31,Not disclosed,Not disclosed,,,No,,Not disclosed,,Not disclosed,,0,unknown,,0,False,,"score=4,idx=27410,zone=9",2,OK,
0001581068,BRX,2020,0001581068_BRX_FY2020_10K.html,,"December 31, 2020",Not disclosed,Not disclosed,,,No,,Not disclosed,,Not disclosed,,0,unknown,,0,False,,"score=2,idx=18409,zone=7",2,OK,
0001581068,BRX,2021,0001581068_BRX_FY2021_10K.html,,"December 31, 2021",Not disclosed,Not disclosed,,,No,,Not disclosed,,Not disclosed,B100;B200,2,unknown,,0,False,,"score=2,idx=15518,zone=7",2,OK,
0001581068,BRX,2022,0001581068_BRX_FY2022_10K.html,,"December 31, 2022",Not disclosed,Not disclosed,,,No,,Not disclosed,,Not disclosed,,0,unknown,,0,False,,"score=2,idx=12411,zone=7",2,OK,
0001581068,BRX,2023,0001581068_BRX_FY2023_10K.html,,"December 31, 2023",Not disclosed,Not disclosed,,,No,,Not disclosed,,Not disclosed,,0,unknown,,0,False,,"score=2,idx=12593,zone=7",2,OK,
0001581068,BRX,2024,0001581068_BRX_FY2024_10K.html,,"December 31, 2024",Not disclosed,Not disclosed,,,No,,Not disclosed,,Not disclosed,,0,unknown,,0,False,,"score=2,idx=12855,zone=7",2,OK,
0001581091,RMAX,2013,0001581091_RMAX_FY2013_10K.html,,,Not disclosed,Not disclosed,,,No,,Not disclosed,,Not disclosed,,0,unknown,,0,False,,"score=7,idx=16468,zone=21991",155,OK,
0001581091,RMAX,2014,0001581091_RMAX_FY2014_10K.html,,"January 31, 2015",equipment,"Property and equipment, including leasehold improvements, are initially recorded at cost. Depreciation is provided for on a straight-line method over the estimated useful lives of each asset class and commences when the property is placed in service. Amortization of leasehold improvements is provided for on a straight-line method over the estimated benefit period of the related assets or the lease term, if shorter.",,,Not disclosed,,Not disclosed,,Not disclosed,,0,significant_accounting_policies,2. Summary of Significant Accounting Policies,3,False,,"score=7,idx=12326,zone=16838",593,ERROR,'<' not supported between instances of 'NoneType' and 'float'
0001581091,RMAX,2015,0001581091_RMAX_FY2015_10K.html,,,equipment,"Property and equipment, including leasehold improvements, are initially recorded at cost. Depreciation is provided for on a straight-line method over the estimated useful lives of each asset class and commences when the property is placed in service. Amortization of leasehold improvements is provided for on a straight-line method over the estimated benefit period of the related assets or the lease term, if shorter.",,,Yes,"The Company has two reportable segments: Real Estate Franchise Services and Brokerages. Management evaluates the operating results of its reportable segments based upon revenue and adjusted earnings before interest expense, interest income, the provision for income taxes, depreciation and amortization (“Adjusted EBITDA”). The Company’s presentation of Adjusted EBITDA may not be comparable to similar measures used by other companies. The accounting policies of the reportable segments are the same as those described in Note 2, Summary of Significant Accounting Policies .",Not disclosed,,"In April 2015, the FASB issued ASU 2015-05, Intangibles – Goodwill and Other – Internal-Use Software (Subtopic 350-40): Customer’s Accounting for Fees Paid in a Cloud Computing Arrangement , which provides guidance on fees paid in a cloud computing arrangement and clarifies the accounting for a software license element of a cloud computing arrangement. ASU 2015-05 is effective for fiscal years, and interim reporting periods within those years, beginning after December 15, 2015. The standard permits the use of either the retrospective or prospective transition method. The adoption of this standard is not expected to have a significant impact on the Company’s consolidated financial statements and related disclosures. ||| Customer’s Accounting for Fees Paid in a Cloud Computing Arrangement ||| , which provides guidance on fees paid in a cloud computing arrangement and clarifies the accounting for a software license element of a cloud computing arrangement. ASU 2015-05 is effective for fiscal years, and interim reporting periods within those years, beginning after December 15, 2015. The standard permits the use of either the retrospective or prospective transition method. The adoption of this standard is not expected to have a significant impact on the Company’s consolidated financial statements and related disclosures.",,0,significant_accounting_policies,2. Summary of Significant Accounting Policies,3,False,,"score=7,idx=17491,zone=21736",899,OK,
0001581091,RMAX,2016,0001581091_RMAX_FY2016_10K.html,,,equipment,"Property and Equipment Property and equipment consist of the following (in thousands): As of December 31, Depreciable Life 2016 2015 Leasehold improvements Shorter of estimated useful life or life of lease $ 3,063 $ 2,258 Office furniture, fixtures and equipment 2 - 10 years 11,660 12,046 Equipment under capital leases Shorter of estimated useful life or life of lease 164 1,274 14,887 15,578 Less accumulated depreciation (12,196) (13,183) $ 2,691 $ 2,395 Depreciation expense was $868,000, $1,045,000 and $1,110,000 for the years ended December 31, 2016, 2015 and 2014, respectively. 7. Intangible Assets and Goodwill The following table provides the components of the Company’s intangible assets (in thousands, except weighted average amortization period in years): Weighted Average As of December 31, 2016 As of December 31, 2015 Amortization Initial Accumulated Net Initial Accumulated Net Period Cost Amortization Balance Cost Amortization Balance Franchise agreements 11.6 $ 224,167 $ (115,027) $ 109,140 $ 162,438 $ (100,499) $ 61,939 Other intangible assets: Software (a) 4.6 $ 13,207 $ (7,154) $ 6,053 $ 10,885 $ (7,325) $ 3,560 Trademarks 14.2 3,102 (1,782) 1,320 2,985 (1,604) 1,381 Non-compete 10.0 2,500 (62) 2,438 — — — Total other intangible assets 7.9 $ 18,809 $ (8,998) $ 9,811 $ 13,870 $ (8,929) $ 4,941 (a) As of December 31, 2016 and December 31, 2015, capitalized software development costs of $356,000 and $ 3,165,000 , respectively, were recorded in “Other intangible assets” in the accompanying Consolidated Balance Sheets. As of these dates, the associated information technology infrastructure projects were not complete and ready for their intended use and thus were not subject to amortization.",2.0,10.0,No,,Not disclosed,,"In April 2015, the FASB issued ASU 2015-05, Intangibles – Goodwill and Other – Internal-Use Software (Subtopic 350-40): Customer’s Accounting for Fees Paid in a Cloud Computing Arrangement , which provides guidance on fees paid in a cloud computing arrangement and clarifies the accounting for a software license element of a cloud computing arrangement. ASU 2015-05 became effective prospectively for the Company on January 1, 2016. The adoption of this standard did not have a significant impact on the Company’s consolidated financial statements and related disclosures. ||| Customer’s Accounting for Fees Paid in a Cloud Computing Arrangement ||| , which provides guidance on fees paid in a cloud computing arrangement and clarifies the accounting for a software license element of a cloud computing arrangement. ASU 2015-05 became effective prospectively for the Company on January 1, 2016. The adoption of this standard did not have a significant impact on the Company’s consolidated financial statements and related disclosures.",,0,ppe_note,"6. Property and Equipment Property and equipment consist of the following (in thousands): As of December 31, Depreciable Life 2016 2015 Leasehold impr",3,True,2.0-10.0 ans | 3.0-5.0 ans,"score=7,idx=14480,zone=17842",673,OK,
0001581091,RMAX,2017,0001581091_RMAX_FY2017_10K.html,,,equipment,"Property and Equipment Property and equipment consist of the following (in thousands): As of December 31, Depreciable Life 2017 2016 Leasehold improvements Shorter of estimated useful life or life of lease $ 3,227 $ 3,063 Office furniture, fixtures and equipment 1 - 10 years 12,004 11,824 15,231 14,887 Less accumulated depreciation (12,326) (12,196) $ 2,905 $ 2,691 Depreciation expense was $0.9 million, $0.9 million and $1.0 million for the years ended December 31, 2017, 2016 and 2015, respectively. 7. Intangible Assets and Goodwill The following table provides the components of the Company’s intangible assets (in thousands, except weighted average amortization period in years): Weighted Average As of December 31, 2017 As of December 31, 2016 Amortization Initial Accumulated Net Initial Accumulated Net Period Cost Amortization Balance Cost Amortization Balance Franchise agreements 12.5 $ 181,567 $ (62,218) $ 119,349 $ 224,167 $ (115,027) $ 109,140 Other intangible assets: Software (a) 4.6 $ 13,762 $ (8,111) $ 5,651 $ 13,207 $ (7,154) $ 6,053 Trademarks 10.2 1,539 (902) 637 3,102 (1,782) 1,320 Non-compete 10.0 2,500 (312) 2,188 2,500 (62) 2,438 Total other intangible assets 6.4 $ 17,801 $ (9,325) $ 8,476 $ 18,809 $ (8,998) $ 9,811 (a) As of December 31, 2017 and December 31, 2016, capitalized software development costs of $0.6 million and $0.4 million, respectively, were recorded in “Other intangible assets” in the accompanying Consolidated Balance Sheets. As of these dates, the associated information technology infrastructure projects were not complete and ready for their intended use and thus were not subject to amortization.",1.0,10.0,No,,Not disclosed,,Not disclosed,,0,ppe_note,"6. Property and Equipment Property and equipment consist of the following (in thousands): As of December 31, Depreciable Life 2017 2016 Leasehold impr",3,True,1.0-10.0 ans | 3.0-5.0 ans,"score=7,idx=15453,zone=18236",641,OK,
0001581091,RMAX,2018,0001581091_RMAX_FY2018_10K.html,,,Capitalized software,Capitalized software costs are generally amortized over a term of three to five years. Purchased software licenses are amortized over their estimated useful lives.,3.0,5.0,No,,Not disclosed,,"In August 2018, the FASB issued ASU 2018-15, Intangibles – Goodwill and Other Internal-Use Software (Subtopic 350-40): Customer’s Accounting for Implementation Costs Incurred in a Cloud Computing Arrangement that is a Service Contract, which clarifies that implementation costs incurred by customers in cloud computing arrangements are deferred if they would be capitalized by customers in the software licensing arrangements under the internal-use software guidance. ASU 2018-15 also clarifies that any capitalized costs should not be recorded to “Depreciation and amortization” in the Consolidated Statements of Income for costs after adoption. ASU 2018-15 is effective for the Company beginning January 1, 2020 and provides for the alternative to adopt the ASU (a) prospectively only for new costs incurred after the adoption date or (b) by adjusting existing costs to comply with this standard, including the requirement to present the amortization of costs outside “Depreciation and amortization”. The Company plans to adopt this ASU prospectively to all new implementation costs incurred after adoption. Given this implementation approach, the adoption of the standard on January 1, 2020 will have no immediate impact. ||| Intangibles – Goodwill and Other Internal-Use Software (Subtopic 350-40): Customer’s Accounting for Implementation Costs Incurred in a Cloud Computing Arrangement that is a Service Contract, ||| which clarifies that implementation costs incurred by customers in cloud computing arrangements are deferred if they would be capitalized by customers in the software licensing arrangements under the internal-use software guidance. ASU 2018-15 also clarifies that any capitalized costs should not be recorded to “Depreciation and amortization” in the Consolidated Statements of Income for costs after adoption. ASU 2018-15 is effective for the Company beginning January 1, 2020 and provides for the alternative to adopt the ASU (a) prospectively only for new costs incurred after the adoption date or (b) by adjusting existing costs to comply with this standard, including the requirement to present the amortization of costs outside “Depreciation and amortization”. The Company plans to adopt this ASU prospectively to all new implementation costs incurred after adoption. Given this implementation approach, the adoption of the standard on January 1, 2020 will have no immediate impact.",,0,significant_accounting_policies,2. Summary of Significant Accounting Policies,3,False,,"score=7,idx=15183,zone=23079",734,OK,
0001581091,RMAX,2019,0001581091_RMAX_FY2019_10K.html,,2020-02-19,Capitalized software,Capitalized software costs are generally amortized over a term of two to five years . Purchased software licenses are amortized over their estimated useful lives.,2.0,5.0,No,,Not disclosed,,"In August 2018, the FASB issued ASU 2018-15, Intangibles – Goodwill and Other Internal-Use Software (Subtopic 350-40): Customer’s Accounting for Implementation Costs Incurred in a Cloud Computing Arrangement that is a Service Contract, which clarifies that implementation costs incurred by customers in cloud computing arrangements are deferred if they would be capitalized by customers in the software licensing arrangements under the internal-use software guidance. ASU 2018-15 also clarifies that any capitalized costs should not be recorded to “Depreciation and amortization” in the Consolidated Statements of Income. ASU 2018-15 is effective for the Company beginning January 1, 2020 and provides for the alternative to adopt the ASU (a) prospectively only for new costs incurred after the adoption date or (b) by adjusting existing costs to comply with this standard, including the requirement to present the amortization of costs outside “Depreciation and amortization”. The Company plans to adopt this ASU prospectively to all new implementation costs incurred after adoption. Given this implementation approach, the adoption of the standard on January 1, 2020 will have no immediate impact.",,0,significant_accounting_policies,2. Summary of Significant Accounting Policies,3,False,,"score=9,idx=15104,zone=20026",650,OK,
0001581091,RMAX,2020,0001581091_RMAX_FY2020_10K.html,,2021-02-17,Capitalized software,Capitalized software costs are generally amortized over a term of two to five years. Purchased software licenses are amortized over their estimated useful lives.,2.0,5.0,No,,Not disclosed,,"In August 2018, the Financial Accounting Standards Board (“FASB”) issued Accounting Standards Update (“ASU“) 2018-15, Intangibles – Goodwill and Other Internal-Use Software (Subtopic 350-40): Customer’s Accounting for Implementation Costs Incurred in a Cloud Computing Arrangement that is a Service Contract, which clarifies that implementation costs incurred by customers in cloud computing arrangements are deferred if they would be capitalized by customers in the software licensing arrangements under the internal-use software guidance. ASU 2018-15 also clarifies that any capitalized costs should not be recorded to “Depreciation and amortization” in the Consolidated Statements of Income. The Company adopted this standard effective January 1, 2020 prospectively to all new implementation costs incurred after adoption. The amendments of ASU 2018-15 did not have a significant impact on the Company’s consolidated financial statements and related disclosures.",,0,significant_accounting_policies,2. Summary of Significant Accounting Policies,3,False,,"score=9,idx=13069,zone=20088",617,OK,
0001581091,RMAX,2021,0001581091_RMAX_FY2021_10K.html,,2022-02-22,Capitalized software,Capitalized software costs are generally amortized over a term of two to five years. Purchased software licenses are amortized over their estimated useful lives.,2.0,5.0,No,,Not disclosed,,"In August 2018, the Financial Accounting Standards Board (“FASB”) issued Accounting Standards Update (“ASU“) 2018-15, Intangibles – Goodwill and Other Internal-Use Software (Subtopic 350-40): Customer’s Accounting for Implementation Costs Incurred in a Cloud Computing Arrangement that is a Service Contract, which clarifies that implementation costs incurred by customers in cloud computing arrangements are deferred if they would be capitalized by customers in the software licensing arrangements under the internal-use software guidance. ASU 2018-15 also clarifies that any capitalized costs should not be recorded to “Depreciation and amortization” in the Consolidated Statements of Income (Loss). The Company adopted this standard effective January 1, 2020 prospectively to all new implementation costs incurred after adoption. The amendments of ASU 2018-15 did not have a significant impact on the Company’s consolidated financial statements and related disclosures.",,0,significant_accounting_policies,2. Summary of Significant Accounting Policies,3,False,,"score=9,idx=11958,zone=19092",610,OK,
0001581091,RMAX,2022,0001581091_RMAX_FY2022_10K.html,,2023-02-15,Capitalized software,Capitalized software costs are generally amortized over a term of two to five years. Purchased software licenses are amortized over their estimated useful lives.,2.0,5.0,No,,Not disclosed,,Not disclosed,,0,significant_accounting_policies,2. Summary of Significant Accounting Policies,3,False,,"score=9,idx=13327,zone=18819",623,OK,
0001581091,RMAX,2023,0001581091_RMAX_FY2023_10K.html,,2024-02-01,Capitalized software,Capitalized software costs are generally amortized over a term of two to five years. Purchased software licenses are amortized over their estimated useful lives.,2.0,5.0,No,,Not disclosed,,Not disclosed,,0,significant_accounting_policies,2. Summary of Significant Accounting Policies,3,False,,"score=9,idx=13308,zone=19539",655,OK,
0001581091,RMAX,2024,0001581091_RMAX_FY2024_10K.html,,2024-12-31,Capitalized software,Capitalized software costs are generally amortized over a term of two to five years. Purchased software licenses are amortized over their estimated useful lives.,2.0,5.0,No,,Not disclosed,,Not disclosed,,0,significant_accounting_policies,2. Summary of Significant Accounting Policies,3,False,,"score=9,idx=12541,zone=19487",653,OK,
0001665918,USFD,2016,0001665918_USFD_FY2016_10K.html,,"December 31, 2016","equipment, Office equipment, furniture","December 31, 2016 January 2, 2016 Range of Useful Lives Land $ 303,208 $ 301,924 Buildings and building improvements 1,144,041 1,156,914 10–40 years Transportation equipment 835,089 745,399 5–10 years Warehouse equipment 343,315 332,018 5–12 years Office equipment, furniture and software 772,334 690,430 3–7 years Construction in process 94,075 58,849 3,492,062 3,285,534 Less accumulated depreciation and amortization (1,724,451 ) (1,516,649 ) Property and equipment—net $ 1,767,611 $ 1,768,885",5.0,10.0,No,,Not disclosed,,Not disclosed,,0,ppe_note,8. PROPERTY AND EQUIPMENT,3,True,3.0-7.0 ans | 5.0-10.0 ans | 5.0-12.0 ans,"score=3,idx=9212,zone=21458",975,OK,
0001665918,USFD,2017,0001665918_USFD_FY2017_10K.html,,"December 30, 2017","equipment, Office equipment, furniture","December 30, 2017 December 31, 2016 Range of Useful Lives Land $ 312,909 $ 303,208 Buildings and building improvements 1,189,634 1,144,041 10–40 years Transportation equipment 949,236 835,089 5–10 years Warehouse equipment 384,361 343,315 5–12 years Office equipment, furniture and software 803,389 772,334 3–7 years Construction in process 87,478 94,075 3,727,007 3,492,062 Less accumulated depreciation and amortization (1,925,792 ) (1,724,451 ) Property and equipment—net $ 1,801,215 $ 1,767,611",5.0,10.0,No,,Not disclosed,,Not disclosed,,0,ppe_note,8. PROPERTY AND EQUIPMENT,3,True,3.0-7.0 ans | 5.0-10.0 ans | 5.0-12.0 ans,"score=3,idx=9339,zone=22161",956,OK,
0001665918,USFD,2018,0001665918_USFD_FY2018_10K.html,,,"equipment, Office equipment, furniture","December 29, 2018 December 30, 2017 Range of Useful Lives Land $ 323 $ 313 Buildings and building improvements 1,252 1,190 10–40 years Transportation equipment 1,031 949 5–10 years Warehouse equipment 418 384 5–12 years Office equipment, furniture and software 858 803 3–7 years Construction in process 77 88 3,959 3,727 Less accumulated depreciation and amortization (2,117 ) (1,926 ) Property and equipment—net $ 1,842 $ 1,801",5.0,10.0,No,,Not disclosed,,"Intangibles-Goodwill and Other-Internal-Use Software (Subtopic 350-40): Customer’s Accounting for Implementation Costs Incurred in a Cloud Computing Arrangement That Is a Service Contract ||| , which provides new guidance on the accounting for implementation, set-up, and other upfront costs incurred in a hosted cloud computing arrangement. Under the new guidance, entities will apply the same criteria for capitalizing implementation costs as they would for an internal-use software license arrangement. This guidance is effective for fiscal years, and interim periods within those fiscal years, beginning after December 15, 2019, with early adoption permitted. This ASU can be adopted prospectively to eligible costs incurred on or after the date of adoption or retrospectively. The Company does not expect the adoption of the new guidance under the standard to materially affect its financial position or results of operations. ||| In August 2018, the FASB issued ASU No. 2018-15, Intangibles-Goodwill and Other-Internal-Use Software (Subtopic 350-40): Customer’s Accounting for Implementation Costs Incurred in a Cloud Computing Arrangement That Is a Service Contract , which provides new guidance on the accounting for implementation, set-up, and other upfront costs incurred in a hosted cloud computing arrangement. Under the new guidance, entities will apply the same criteria for capitalizing implementation costs as they would for an internal-use software license arrangement. This guidance is effective for fiscal years, and interim periods within those fiscal years, beginning after December 15, 2019, with early adoption permitted. This ASU can be adopted prospectively to eligible costs incurred on or after the date of adoption or retrospectively. The Company does not expect the adoption of the new guidance under the standard to materially affect its financial position or results of operations.",,0,significant_accounting_policies,"2017. The termination of the 2007 Plan has no effect on any outstanding awards; however,",3,True,3.0-7.0 ans | 5.0-10.0 ans | 5.0-12.0 ans,"score=3,idx=12118,zone=24375",998,OK,
0001665918,USFD,2019,0001665918_USFD_FY2019_10K.html,,"December 28, 2019","equipment, Office equipment, furniture","December 28, 2019 December 29, 2018 Range of Useful Lives Land $ 378 $ 323 Buildings and building improvements 1,411 1,252 10–40 years Transportation equipment 1,137 1,031 5–10 years Warehouse equipment 481 418 5–12 years Office equipment, furniture and software 867 858 3–7 years Construction in process 99 77 4,373 3,959 Less accumulated depreciation and amortization (2,298 ) (2,117 ) Property and equipment—net $ 2,075 $ 1,842",5.0,10.0,No,,Not disclosed,,"In August 2018, the FASB issued ASU No. 2018-15, Intangibles-Goodwill and Other-Internal-Use Software (Subtopic 350-40): Customer’s Accounting for Implementation Costs Incurred in a Cloud Computing Arrangement That Is a Service Contract , which provides new guidance on the accounting for implementation, set-up, and other upfront costs incurred in a hosted cloud computing arrangement. Under the new guidance, entities will apply the same criteria for capitalizing implementation costs as they would for an internal-use software license arrangement. This guidance is effective for fiscal years, and interim periods within those fiscal years, beginning after December 15, 2019, with early adoption permitted. This ASU can be adopted prospectively to eligible costs incurred on or after the date of adoption or retrospectively. The Company adopted the provisions of this standard on a prospective basis at the beginning of fiscal year 2020. The Company's adoption of the provisions of the new standard did not materially affect its financial position or results of operations. ||| Intangibles-Goodwill and Other-Internal-Use Software (Subtopic 350-40): Customer’s Accounting for Implementation Costs Incurred in a Cloud Computing Arrangement That Is a Service Contract ||| , which provides new guidance on the accounting for implementation, set-up, and other upfront costs incurred in a hosted cloud computing arrangement. Under the new guidance, entities will apply the same criteria for capitalizing implementation costs as they would for an internal-use software license arrangement. This guidance is effective for fiscal years, and interim periods within those fiscal years, beginning after December 15, 2019, with early adoption permitted. This ASU can be adopted prospectively to eligible costs incurred on or after the date of adoption or retrospectively. The Company adopted the provisions of this standard on a prospective basis at the beginning of fiscal year 2020. The Company's adoption of the provisions of the new standard did not materially affect its financial position or results of operations.",,0,significant_accounting_policies,1. OVERVIEW AND BASIS OF PRESENTATION,3,True,3.0-7.0 ans | 5.0-10.0 ans | 5.0-12.0 ans,"score=3,idx=13997,zone=26915",944,OK,
0001665918,USFD,2020,0001665918_USFD_FY2020_10K.html,,"January 2, 2021","equipment, Office equipment, furniture","January 2, 2021 December 28, 2019 Range of Useful Lives Land $ 365 $ 378 Buildings and building improvements 1,471 1,411 10–40 years Transportation equipment 1,181 1,137 5–10 years Warehouse equipment 501 481 5–12 years Office equipment, furniture and software 961 867 3–7 years Construction in process 108 99 4,587 4,373 Less accumulated depreciation and amortization (2,566) (2,298) Property and equipment—net $ 2,021 $ 2,075",5.0,10.0,No,,Not disclosed,,"In August 2018, the FASB issued ASU No. 2018-15, Intangibles-Goodwill and Other-Internal-Use Software (Subtopic 350-40): Customer’s Accounting for Implementation Costs Incurred in a Cloud Computing Arrangement That Is a Service Contract , which provides new guidance on the accounting for implementation, set-up, and other upfront costs incurred in a hosted cloud computing arrangement. Under the new guidance, entities will apply the same criteria for capitalizing implementation costs as they would for an internal-use software license arrangement. This guidance is effective for fiscal years, and interim periods within those fiscal years, beginning after December 15, 2019. The Company adopted the provisions of this standard on a prospective basis at the beginning of fiscal year 2020. The Company's adoption of the provisions of the new standard did not materially affect its financial position or results of operations. ||| Intangibles-Goodwill and Other-Internal-Use Software (Subtopic 350-40): Customer’s Accounting for Implementation Costs Incurred in a Cloud Computing Arrangement That Is a Service Contract ||| , which provides new guidance on the accounting for implementation, set-up, and other upfront costs incurred in a hosted cloud computing arrangement. Under the new guidance, entities will apply the same criteria for capitalizing implementation costs as they would for an internal-use software license arrangement. This guidance is effective for fiscal years, and interim periods within those fiscal years, beginning after December 15, 2019. The Company adopted the provisions of this standard on a prospective basis at the beginning of fiscal year 2020. The Company's adoption of the provisions of the new standard did not materially affect its financial position or results of operations.",A100,1,ppe_note,10. PROPERTY AND EQUIPMENT,3,True,3.0-7.0 ans | 5.0-10.0 ans | 5.0-12.0 ans,"score=2,idx=8503,zone=12919",901,OK,
0001665918,USFD,2021,0001665918_USFD_FY2021_10K.html,,2022-01-01,"equipment, Office equipment, furniture","January 1, 2022 January 2, 2021 Range of Useful Lives Land $ 379 $ 365 Buildings and building improvements 1,508 1,471 10–40 years Transportation equipment 1,250 1,181 5–10 years Warehouse equipment 520 501 5–12 years Office equipment, furniture and software 933 961 3–7 years Construction in process 165 108 4,755 4,587 Less accumulated depreciation and amortization (2,722) (2,566) Property and equipment—net $ 2,033 $ 2,021",5.0,10.0,No,,Not disclosed,,Not disclosed,,0,ppe_note,8. PROPERTY AND EQUIPMENT,3,True,3.0-7.0 ans | 5.0-10.0 ans | 5.0-12.0 ans,"score=2,idx=8193,zone=12763",890,OK,
0001665918,USFD,2022,0001665918_USFD_FY2022_10K.html,,2023-01-31,"equipment, Office equipment, furniture","December 31, 2022 January 1, 2022 Range of Useful Lives Land $ 397 $ 379 Buildings and building improvements 1,713 1,508 5–40 years Transportation equipment 1,340 1,250 5–10 years Warehouse equipment 569 520 5–12 years Office equipment, furniture and software 1,056 933 3–7 years Construction in process 77 165 5,152 4,755 Less accumulated depreciation and amortization (2,981) (2,722) Property and equipment—net $ 2,171 $ 2,033",5.0,10.0,No,,Not disclosed,,Not disclosed,,0,ppe_note,8. PROPERTY AND EQUIPMENT,3,True,3.0-7.0 ans | 5.0-10.0 ans | 5.0-12.0 ans,"score=2,idx=8047,zone=12540",864,OK,
0001665918,USFD,2023,0001665918_USFD_FY2023_10K.html,,2024-02-03,"equipment, Office equipment, furniture","December 30, 2023 December 31, 2022 Range of Useful Lives Land $ 401 $ 397 Buildings and building improvements 1,772 1,713 5–40 years Transportation equipment 1,461 1,340 5–10 years Warehouse equipment 597 569 5–12 years Office equipment, furniture and software 1,169 1,056 3–7 years Construction in process 99 77 5,499 5,152 Less accumulated depreciation and amortization (3,219) (2,981) Property and equipment—net $ 2,280 $ 2,171",5.0,10.0,No,,Not disclosed,,Not disclosed,,0,ppe_note,8. PROPERTY AND EQUIPMENT,3,True,3.0-7.0 ans | 5.0-10.0 ans | 5.0-12.0 ans,"score=2,idx=8338,zone=12701",878,OK,
0001665918,USFD,2024,0001665918_USFD_FY2024_10K.html,,2025-02-10,"equipment, Office equipment, furniture","December 28, 2024 December 30, 2023 Range of Useful Lives Land $ 409 $ 401 Buildings and building improvements 1,818 1,772 5–40 years Transportation equipment 1,610 1,461 5–10 years Warehouse equipment 609 597 5–12 years Office equipment, furniture and software 1,100 1,169 3–7 years Construction in process 155 99 5,701 5,499 Less accumulated depreciation and amortization (3,303) (3,219) Property and equipment—net $ 2,398 $ 2,280",5.0,10.0,No,,Not disclosed,,Not disclosed,,0,ppe_note,7. PROPERTY AND EQUIPMENT,3,True,3.0-7.0 ans | 5.0-10.0 ans | 5.0-12.0 ans,"score=2,idx=8427,zone=12947",884,OK,
