firm_cik,firm_ticker,fiscal_year,filename,filing_date,period_end_date,asset_category,useful_life_text,useful_life_min_years,useful_life_max_years,policy_change,policy_change_text,ai_infra_text,ai_infra_source,segment_ai_text,hardware_mentions,hardware_count,source_section,section_title,confidence,ambiguity_flag,ambiguity_detail,item8_method,item8_segment_count,extraction_status,error_message
0000861842,CATY,2013,0000861842_CATY_FY2013_10K.html,,"December 31, 2013",Not disclosed,Not disclosed,,,No,,Not disclosed,,Not disclosed,,0,unknown,,0,False,,"score=4,idx=20754,zone=14",1,OK,
0000861842,CATY,2014,0000861842_CATY_FY2014_10K.html,,,Not disclosed,Not disclosed,,,No,,Not disclosed,,Not disclosed,,0,unknown,,0,False,,"score=4,idx=21695,zone=11",2,OK,
0000861842,CATY,2015,0000861842_CATY_FY2015_10K.html,,,Not disclosed,Not disclosed,,,No,,Not disclosed,,Not disclosed,,0,unknown,,0,False,,"score=4,idx=21567,zone=11",2,OK,
0000861842,CATY,2016,0000861842_CATY_FY2016_10K.html,,,Not disclosed,Not disclosed,,,No,,Not disclosed,,Not disclosed,,0,unknown,,0,False,,"score=4,idx=20990,zone=11",2,OK,
0000861842,CATY,2017,0000861842_CATY_FY2017_10K.html,,,Not disclosed,Not disclosed,,,No,,Not disclosed,,Not disclosed,,0,unknown,,0,False,,"score=4,idx=19483,zone=9",2,OK,
0000861842,CATY,2018,0000861842_CATY_FY2018_10K.html,,,Not disclosed,Not disclosed,,,No,,Not disclosed,,"ASU 2018-15, “Intangibles - Goodwill and Other - Internal-Use Software (Subtopic 350-40) - Customer’s Accounting for Implementation Costs Incurred in a Cloud Computing Arrangement That Is a Service Contract.” ASU 2018-15 clarifies certain aspects of ASU 2015-05, “Customer’s Accounting for Fees Paid in a Cloud Computing Arrangement,” which was issued in April 2015. Specifically, ASU 2018-15 aligns the requirements for capitalizing implementation costs incurred in a hosting arrangement that is a service contract with the requirements for capitalizing implementation costs incurred to develop or obtain internal-use software (and hosting arrangements that include an internal-use software license). ASU 2018-15 does not affect the accounting for the service element of a hosting arrangement that is a service contract. ASU 2018-15 will be effective for us on January 1, 2020, with early adoption permitted, and is not expected to have a significant impact on our financial statements.",,0,unknown,,0,False,,"score=4,idx=16886,zone=10",2,OK,
0000861842,CATY,2019,0000861842_CATY_FY2019_10K.html,,2020-02-20,Not disclosed,Not disclosed,,,No,,Not disclosed,,Not disclosed,,0,unknown,,0,False,,"score=4,idx=22468,zone=10",2,OK,
0000861842,CATY,2020,0000861842_CATY_FY2020_10K.html,,"December 31, 2020",Not disclosed,Not disclosed,,,No,,Not disclosed,,Not disclosed,,0,unknown,,0,False,,"score=4,idx=22708,zone=6",1,OK,
0000861842,CATY,2021,0000861842_CATY_FY2021_10K.html,,"December 31, 2021",Not disclosed,Not disclosed,,,No,,Not disclosed,,Not disclosed,,0,unknown,,0,False,,"score=4,idx=21612,zone=6",1,OK,
0000861842,CATY,2022,0000861842_CATY_FY2022_10K.html,,"December 31, 2022",Not disclosed,Not disclosed,,,No,,Not disclosed,,Not disclosed,,0,unknown,,0,False,,"score=4,idx=21405,zone=6",1,OK,
0000861842,CATY,2023,0000861842_CATY_FY2023_10K.html,,"December 31, 2023",Not disclosed,Not disclosed,,,No,,Not disclosed,,Not disclosed,,0,unknown,,0,False,,"score=4,idx=20527,zone=6",1,OK,
0000861842,CATY,2024,0000861842_CATY_FY2024_10K.html,,"December 31, 2024",Not disclosed,Not disclosed,,,No,,Not disclosed,,Not disclosed,,0,unknown,,0,False,,"score=4,idx=20285,zone=6",1,OK,
0000866706,ESE,2013,0000866706_ESE_FY2013_10K.html,,"September 30,
2013",Not disclosed,Not disclosed,,,No,,Not disclosed,,Not disclosed,,0,unknown,,0,False,,"score=4,idx=1757,zone=6",1,OK,
0000866706,ESE,2014,0000866706_ESE_FY2014_10K.html,,"September 30,
2014",Not disclosed,Not disclosed,,,No,,Not disclosed,,Not disclosed,,0,unknown,,0,False,,"score=4,idx=3883,zone=6",1,OK,
0000866706,ESE,2015,0000866706_ESE_FY2015_10K.html,,"September 30,
2015",Not disclosed,Not disclosed,,,No,,Not disclosed,,Not disclosed,,0,unknown,,0,False,,"score=4,idx=3939,zone=6",1,OK,
0000866706,ESE,2016,0000866706_ESE_FY2016_10K.html,,"September 30, 2016",Not disclosed,Not disclosed,,,No,,Not disclosed,,Not disclosed,,0,unknown,,0,False,,"score=4,idx=4444,zone=6",1,OK,
0000866706,ESE,2017,0000866706_ESE_FY2017_10K.html,,"September 30, 2017",Not disclosed,Not disclosed,,,No,,Not disclosed,,Not disclosed,,0,unknown,,0,False,,"score=4,idx=4413,zone=6",1,OK,
0000866706,ESE,2018,0000866706_ESE_FY2018_10K.html,,"September 30, 2018",Not disclosed,Not disclosed,,,No,,Not disclosed,,Not disclosed,,0,unknown,,0,False,,"score=4,idx=3986,zone=6",1,OK,
0000866706,ESE,2019,0000866706_ESE_FY2019_10K.html,,2019-09-30,Not disclosed,Not disclosed,,,No,,Not disclosed,,Not disclosed,,0,unknown,,0,False,,"score=6,idx=6976,zone=4",1,OK,
0000866706,ESE,2020,0000866706_ESE_FY2020_10K.html,,"September 30, 2020",Not disclosed,Not disclosed,,,No,,Not disclosed,,Not disclosed,,0,unknown,,0,False,,"score=6,idx=6450,zone=6",1,OK,
0000866706,ESE,2021,0000866706_ESE_FY2021_10K.html,,"September 30, 2021",Not disclosed,Not disclosed,,,No,,Not disclosed,,Not disclosed,,0,unknown,,0,False,,"score=6,idx=5562,zone=6",1,OK,
0000866706,ESE,2022,0000866706_ESE_FY2022_10K.html,,"September 30, 2022",Not disclosed,Not disclosed,,,No,,Not disclosed,,Not disclosed,,0,unknown,,0,False,,"score=6,idx=5465,zone=6",1,OK,
0000866706,ESE,2023,0000866706_ESE_FY2023_10K.html,,2023-11-09,Not disclosed,Not disclosed,,,No,,Not disclosed,,Not disclosed,,0,unknown,,0,False,,"score=6,idx=5659,zone=6",1,OK,
0000866706,ESE,2024,0000866706_ESE_FY2024_10K.html,,2024-09-30,Not disclosed,Not disclosed,,,No,,Not disclosed,,Not disclosed,,0,unknown,,0,False,,"score=6,idx=5841,zone=4",1,OK,
0000868780,DORM,2013,0000868780_DORM_FY2013_10K.html,,"December 28, 2013",Not disclosed,Not disclosed,,,No,,Not disclosed,,Not disclosed,,0,unknown,,0,False,,"score=4,idx=4727,zone=9409",208,OK,
0000868780,DORM,2014,0000868780_DORM_FY2014_10K.html,,"December 27, 2014",Not disclosed,Not disclosed,,,No,,Not disclosed,,Not disclosed,,0,unknown,,0,False,,"score=4,idx=3005,zone=5718",199,OK,
0000868780,DORM,2015,0000868780_DORM_FY2015_10K.html,,"December 26, 2015",Not disclosed,Not disclosed,,,No,,Not disclosed,,Not disclosed,,0,unknown,,0,False,,"score=4,idx=3398,zone=4807",186,OK,
0000868780,DORM,2016,0000868780_DORM_FY2016_10K.html,,"December 31, 2016",Not disclosed,Not disclosed,,,No,,Not disclosed,,Not disclosed,,0,unknown,,0,False,,"score=4,idx=3464,zone=4833",77,OK,
0000868780,DORM,2017,0000868780_DORM_FY2017_10K.html,,"December 30, 2017",Not disclosed,Not disclosed,,,No,,Not disclosed,,Not disclosed,,0,unknown,,0,False,,"score=4,idx=3983,zone=7174",136,OK,
0000868780,DORM,2018,0000868780_DORM_FY2018_10K.html,,"December 29, 2018",Not disclosed,Not disclosed,,,No,,Not disclosed,,Not disclosed,,0,unknown,,0,False,,"score=4,idx=3891,zone=8271",136,OK,
0000868780,DORM,2019,0000868780_DORM_FY2019_10K.html,,2020-01-02,"Machinery, equipment, Furniture, computer equipment","(in thousands) December 28, 2019 December 29, 2018 Buildings $ 37,513 $ 34,943 Machinery, equipment and tooling 126,663 115,656 Furniture, fixtures and leasehold improvements 5,308 6,199 Software and computer equipment 80,397 79,349 Total 249,881 236,147 Less-accumulated depreciation and amortization (148,044 ) (137,500 ) Property, plant and equipment, net $ 101,837 $ 98,647",,,No,,Not disclosed,,Not disclosed,,0,ppe_note,17. Subsequent Events,3,False,,"score=4,idx=5584,zone=9412",500,OK,
0000868780,DORM,2020,0000868780_DORM_FY2020_10K.html,,2020-12-26,"Machinery, equipment, Furniture, computer equipment","(in thousands) December 26, 2020 December 28, 2019 Buildings $ 37,676 $ 37,513 Machinery, equipment and tooling 131,853 126,663 Furniture, fixtures and leasehold improvements 5,468 5,308 Software and computer equipment 84,922 80,397 Total 259,919 249,881 Less-accumulated depreciation and amortization (168,910 ) (148,044 ) Property, plant and equipment, net $ 91,009 $ 101,837",,,No,,Not disclosed,,Not disclosed,,0,ppe_note,15. Business Segments,3,False,,"score=7,idx=4741,zone=7971",374,OK,
0000868780,DORM,2021,0000868780_DORM_FY2021_10K.html,,2022-02-22,"Machinery, equipment, Furniture, computer equipment","(in thousands) December 25, 2021 December 26, 2020 Buildings $ 58,788 $ 37,676 Machinery, equipment and tooling 146,999 131,853 Furniture, fixtures and leasehold improvements 7,303 5,468 Software and computer equipment 90,471 84,922 Total 303,561 259,919 Less-accumulated depreciation and amortization (188,697 ) (168,910 ) Property, plant and equipment, net $ 114,864 $ 91,009",,,No,,Not disclosed,,Not disclosed,,0,ppe_note,14. Business Segments,3,False,,"score=7,idx=5047,zone=9108",434,OK,
0000868780,DORM,2022,0000868780_DORM_FY2022_10K.html,,2022-12-31,"Machinery, equipment, Furniture, computer equipment","(in thousands) December 31, 2022 December 25, 2021 Buildings $ 59,980 $ 58,788 Machinery, equipment and tooling 184,184 146,999 Furniture, fixtures and leasehold improvements 12,225 7,303 Software and computer equipment 100,814 90,471 Total 357,203 303,561 Less-accumulated depreciation and amortization (208,726) (188,697) Property, plant and equipment, net $ 148,477 $ 114,864",,,No,,Not disclosed,,Not disclosed,,0,ppe_note,"4. Property, Plant and Equipment",3,False,,"score=5,idx=4955,zone=6192",438,OK,
0000868780,DORM,2023,0000868780_DORM_FY2023_10K.html,,2023-12-31,"Machinery, equipment, Furniture, computer equipment","(in thousands) December 31, 2023 December 31, 2022 Buildings $ 62,434 $ 59,980 Machinery, equipment and tooling 208,086 184,184 Furniture, fixtures and leasehold improvements 17,083 12,225 Software and computer equipment 113,148 100,814 Total 400,751 357,203 Less-accumulated depreciation and amortization (240,638) (208,726) Property, plant and equipment, net $ 160,113 $ 148,477",,,No,,Not disclosed,,Not disclosed,,0,ppe_note,"4. Property, Plant and Equipment",3,False,,"score=5,idx=5190,zone=6880",440,OK,
0000868780,DORM,2024,0000868780_DORM_FY2024_10K.html,,2024-12-31,"Machinery, equipment, Furniture, computer equipment","December 31, (in thousands) 2024 2023 Buildings $ 67,040 $ 62,434 Machinery, equipment, and tooling 223,807 208,086 Furniture, fixtures, and leasehold improvements 18,390 17,083 Software and computer equipment 127,578 113,148 Total 436,815 400,751 Less-accumulated depreciation and amortization (272,316) (240,638) Property, plant and equipment, net $ 164,499 $ 160,113",,,No,,Not disclosed,,Not disclosed,,0,ppe_note,"4. Property, Plant and Equipment",3,False,,"score=5,idx=5029,zone=6950",436,OK,
0000896156,ETD,2013,0000896156_ETD_FY2013_10K.html,,,Not disclosed,Not disclosed,,,No,,Not disclosed,,Not disclosed,,0,unknown,,0,False,,"score=4,idx=3900,zone=12688",432,OK,
0000896156,ETD,2014,0000896156_ETD_FY2014_10K.html,,,Not disclosed,Not disclosed,,,No,,Not disclosed,,Not disclosed,,0,unknown,,0,False,,"score=4,idx=4149,zone=12478",390,OK,
0000896156,ETD,2015,0000896156_ETD_FY2015_10K.html,,,Not disclosed,Not disclosed,,,No,,Not disclosed,,Not disclosed,,0,unknown,,0,False,,"score=4,idx=4924,zone=8089",387,OK,
0000896156,ETD,2016,0000896156_ETD_FY2016_10K.html,,,Not disclosed,Not disclosed,,,No,,Not disclosed,,Not disclosed,,0,unknown,,0,False,,"score=4,idx=5525,zone=8277",405,OK,
0000896156,ETD,2017,0000896156_ETD_FY2017_10K.html,,,Not disclosed,Not disclosed,,,No,,Not disclosed,,Not disclosed,,0,unknown,,0,False,,"score=4,idx=7394,zone=7834",374,OK,
0000896156,ETD,2018,0000896156_ETD_FY2018_10K.html,,,Not disclosed,Not disclosed,,,No,,Not disclosed,,Not disclosed,,0,unknown,,0,False,,"score=4,idx=6467,zone=7896",339,OK,
0000896156,ETD,2019,0000896156_ETD_FY2019_10K.html,,"June 30, 2019",buildings and improvements and from 3 to 20 years for machinery and equipment,"Property, plant and equipment are stated at cost, less accumulated depreciation and amortization. Depreciation of property, plant and equipment is provided over the estimated useful lives of the respective assets on a straight-line basis. Estimated useful lives of the respective assets typically range from twenty to forty years for buildings and improvements and from three to twenty years for machinery and equipment. Capitalized computer software costs include internal and external costs incurred during the software's development stage and are depreciated over three to five years. Repairs and maintenance expenditures, which are not considered leasehold improvements and do not extend the useful life of the property and equipment, are expensed as incurred.",3.0,5.0,No,,Not disclosed,,"Implementation Costs in a Cloud Computing Arrangement - In August 2018, the FASB issued ASU 2018-15, Intangibles-Goodwill and Other-Internal-Use Software (Subtopic 350-40): Customer’s Accounting for Implementation Costs Incurred in a Cloud Computing Arrangement That Is a Service Contract , an update related to accounting for implementation costs incurred in a cloud computing arrangement that is a service contract. This guidance aligns the requirements for capitalizing implementation costs in a cloud computing service contract with the guidance for capitalizing implementation costs to develop or obtain internal-use software. Capitalized implementation costs related to a hosting arrangement that is a service contract will be amortized over the term of the hosting arrangement, beginning when the module or component of the hosting arrangement is ready for its intended use. This accounting standards update will be effective for us beginning in the first quarter of fiscal 2021, with early adoption permitted. We are currently evaluating the impact of this accounting standards update, but do not expect the adoption to have a material impact on our consolidated financial statements.",,0,item_8_other,,1,False,,"score=7,idx=6828,zone=8152",477,OK,
0000896156,ETD,2020,0000896156_ETD_FY2020_10K.html,,"June 30, 2020",buildings and improvements and from 3 to 20 years for machinery and equipment,"Property, plant and equipment are stated at cost, less accumulated depreciation and amortization. Depreciation of property, plant and equipment is provided over the estimated useful lives of the respective assets on a straight-line basis. Estimated useful lives of the respective assets typically range from twenty to forty years for buildings and improvements and from three to twenty years for machinery and equipment. Capitalized computer software costs include internal and external costs incurred during the software's development stage and are depreciated over three to five years. Repairs and maintenance expenditures, which are not considered leasehold improvements and do not extend the useful life of the property and equipment, are expensed as incurred.",3.0,5.0,No,,Not disclosed,,"Implementation Costs in a Cloud Computing Arrangement. In August 2018, the FASB issued ASU 2018-15, Intangibles-Goodwill and Other – Internal-Use Software (Subtopic 350-40): Customer’s Accounting for Implementation Costs Incurred in a Cloud Computing Arrangement That is a Service Contract , an update related to a client’s accounting for implementation costs incurred in a cloud computing arrangement that is a service contract. This guidance aligns the requirements for capitalizing implementation costs in a cloud computing service contract with the guidance for capitalizing implementation costs to develop or obtain internal-use software. Capitalized implementation costs related to a hosting arrangement that is a service contract will be amortized over the term of the hosting arrangement, beginning when the module or component of the hosting arrangement is ready for its intended use. This accounting standards update will be effective for us beginning in the first quarter of fiscal 2021 and we do not expect the adoption to have a material impact on our consolidated financial statements.",,0,item_8_other,,1,False,,"score=7,idx=7216,zone=9188",582,OK,
0000896156,ETD,2021,0000896156_ETD_FY2021_10K.html,,"June 30, 2021",buildings and improvements and from 3 to 20 years for machinery and equipment,"Property, plant and equipment are stated at cost, less accumulated depreciation and amortization. Depreciation of property, plant and equipment is provided over the estimated useful lives of the respective assets on a straight-line basis. Estimated useful lives of the respective assets typically range from twenty to forty years for buildings and improvements and from three to twenty years for machinery and equipment. Capitalized computer software costs include internal and external costs incurred during the software's development stage and are depreciated over three to five years. Repairs and maintenance expenditures, which are not considered leasehold improvements and do not extend the useful life of the property and equipment, are expensed as incurred.",3.0,5.0,No,,Not disclosed,,"Implementation Costs in a Cloud Computing Arrangement – In August 2018, the FASB issued ASU 2018 - 15, Intangibles-Goodwill and Other – Internal-Use Software (Subtopic 350 - 40 ): Customer ’ s Accounting for Implementation Costs Incurred in a Cloud Computing Arrangement That is a Service Contract , an update related to a client’s accounting for implementation costs incurred in a cloud computing arrangement that is a service contract. This guidance aligns the requirements for capitalizing implementation costs in a cloud computing service contract with the guidance for capitalizing implementation costs to develop or obtain internal-use software (and hosting arrangements that include an internal-use software license). Capitalized implementation costs related to a hosting arrangement that is a service contract will be amortized over the term of the hosting arrangement, beginning when the module or component of the hosting arrangement is ready for its intended use. We adopted the new guidance as of July 1, 2020 using a prospective method. We capitalize implementation costs related to hosted arrangements, which typically include multi-year service terms with additional renewal periods generally ranging from one to three years. The related assets are recorded within Prepaid expenses and other current assets (for service terms less than one year) or Other assets (for service terms greater than one year) on our consolidated balance sheets, net of accumulated amortization for assets placed in service. The amortization of assets placed in service is recorded in selling, general and administrative expenses, consistent with the costs of the hosting arrangement, on the consolidated statements of comprehensive income on a straight-line basis over the term of the hosting arrangement, which includes reasonably certain renewal periods. The adoption of the accounting standard update did not have a material impact on our consolidated financial statements.",,0,item_8_other,,1,False,,"score=7,idx=8407,zone=9582",482,OK,
0000896156,ETD,2022,0000896156_ETD_FY2022_10K.html,,"June 30, 2022",buildings and improvements and from 3 to 20 years for machinery and equipment,"Property, plant and equipment are stated at cost, less accumulated depreciation and amortization. Depreciation of property, plant and equipment is provided over the estimated useful lives of the respective assets on a straight-line basis. Estimated useful lives of the respective assets typically range from twenty to forty years for buildings and improvements and from three to twenty years for machinery and equipment. Information systems, computer hardware and software, which are included within the machinery and equipment category, are typically depreciated from three to five years. Repairs and maintenance expenditures, which are not considered leasehold improvements and do not extend the useful life of the property and equipment, are expensed as incurred.",3.0,5.0,No,,Not disclosed,,Not disclosed,,0,item_8_other,,1,False,,"score=7,idx=8362,zone=9992",497,OK,
0000896156,ETD,2023,0000896156_ETD_FY2023_10K.html,,"June 30, 2023",buildings and improvements and from 3 to 20 years for machinery and equipment,"Property, plant and equipment are stated at cost, less accumulated depreciation and amortization. Depreciation of property, plant and equipment is provided over the estimated useful lives of the respective assets on a straight-line basis. Estimated useful lives of the respective assets typically range from 20-40 years for buildings and improvements and from three to twenty years for machinery and equipment. Information systems, computer hardware and software, which are included within the machinery and equipment category, are typically depreciated from three to five years. Repairs and maintenance expenditures, which are not considered leasehold improvements and do not extend the useful life of the property and equipment, are expensed as incurred.",3.0,5.0,No,,Not disclosed,,Not disclosed,,0,item_8_other,,1,False,,"score=7,idx=6899,zone=9160",469,OK,
0000896156,ETD,2024,0000896156_ETD_FY2024_10K.html,,"June 30, 2024",buildings and improvements and from 3 to 20 years for machinery and equipment,"Property, plant and equipment are stated at cost, less accumulated depreciation and amortization. Depreciation of property, plant and equipment is provided over the estimated useful lives of the respective assets on a straight-line basis. Estimated useful lives of the respective assets typically range from 20-40 years for buildings and improvements and from three to twenty years for machinery and equipment. Information systems, computer hardware and software, which are included within the machinery and equipment category, are typically depreciated from three to five years. Repairs and maintenance expenditures, which are not considered leasehold improvements and do not extend the useful life of the property and equipment, are expensed as incurred.",3.0,5.0,No,,Not disclosed,,Not disclosed,,0,item_8_other,,1,False,,"score=7,idx=7259,zone=9516",499,OK,
0001108109,CYH,2013,0001108109_CYH_FY2013_10K.html,,,Equipment,"Depreciation is
recognized using the straight-line method over the estimated useful lives of the land and improvements (2 to 15 years; weighted-average useful life is 14 years), buildings and improvements (5 to 50 years; weighted-average useful life is 24 years)
and equipment and fixtures (4 to 18 years; weighted-average useful life is 8 years).",4.0,18.0,Not disclosed,,Not disclosed,,Not disclosed,,0,significant_accounting_policies,1. BASIS OF PRESENTATION AND SIGNIFICANT ACCOUNTING POLICIES,3,False,,"score=4,idx=10774,zone=28781",571,ERROR,'<' not supported between instances of 'float' and 'NoneType'
0001108109,CYH,2014,0001108109_CYH_FY2014_10K.html,,,software is generally,"The gross carrying amount of capitalized software for internal use was approximately $1.5 billion and $972
million at December 31, 2014 and December 31, 2013, respectively, and the net carrying amount considering accumulated amortization was approximately $790 million and $550 million at December 31, 2014 and December 31, 2013,
respectively. The estimated amortization period for capitalized internal-use software is generally three years, except for capitalized costs related to significant system conversions, which is generally eight to ten years. At December 31, 2014, there was approximately $53 million of capitalized costs for internal-use software that is currently in the development stage and will begin amortization once the
software project is complete and ready for its intended use. Amortization expense on capitalized internal-use software was $260 million, $139 million and $99 million during the years ended December 31, 2014, 2013 and 2012, respectively. Amortization expense on capitalized internal-use software is estimated to be $178 million in 2015, $149 million in 2016, $117 million in 2017, $74 million in 2018, $67 million in 2019 and $205 million thereafter.",3.0,,No,,Not disclosed,,Not disclosed,Blackwell,1,item_8_other,,1,True,3.0 ans | 8.0-10.0 ans,"score=4,idx=17581,zone=44258",699,OK,
0001108109,CYH,2015,0001108109_CYH_FY2015_10K.html,,,Equipment,"Depreciation is recognized using the
straight-line method over the estimated useful lives of the land and improvements (3 to 20 years), buildings and improvements (5 to 40 years) and equipment and fixtures (3 to 18 years).",3.0,18.0,Yes,"During the year ended December 31, 2014, the
Company recorded an impairment charge of approximately $24 million related to software in-process that was abandoned and the acceleration of amortization of approximately $75 million related to shortening the remaining useful life of software
abandoned.",Not disclosed,,Not disclosed,Blackwell,1,significant_accounting_policies,1. BASIS OF PRESENTATION AND SIGNIFICANT ACCOUNTING POLICIES,3,True,3.0 ans | 8.0-10.0 ans,"score=4,idx=10541,zone=28256",676,OK,
0001108109,CYH,2016,0001108109_CYH_FY2016_10K.html,,,Equipment,"Depreciation is recognized using the
straight-line method over the estimated useful lives of the land and improvements (3 to 20 years), buildings and improvements (5 to 40 years) and equipment and fixtures (3 to 18 years).",3.0,18.0,No,,Not disclosed,,Not disclosed,Blackwell,1,significant_accounting_policies,1. BASIS OF PRESENTATION AND SIGNIFICANT ACCOUNTING POLICIES,3,True,3.0 ans | 8.0-10.0 ans,"score=4,idx=11191,zone=28368",731,OK,
0001108109,CYH,2017,0001108109_CYH_FY2017_10K.html,,,Equipment,"Depreciation is recognized using the
straight-line method over the estimated useful lives of the land and improvements (3 to 20 years), buildings and improvements (5 to 40 years) and equipment and fixtures (3 to 18 years).",3.0,18.0,No,,Not disclosed,,Not disclosed,Blackwell,1,significant_accounting_policies,1. BASIS OF PRESENTATION AND SIGNIFICANT ACCOUNTING POLICIES,3,True,3.0 ans | 8.0-10.0 ans,"score=4,idx=11188,zone=29614",785,OK,
0001108109,CYH,2018,0001108109_CYH_FY2018_10K.html,,,Equipment,"Depreciation is recognized using the straight-line method over the estimated useful lives of the land and improvements (3 to 20 years), buildings and improvements (5
to 40 years) and equipment and fixtures (3 to 18 years).",3.0,18.0,No,,Not disclosed,,"In August 2018, the FASB issued ASU 2018-15 to provide guidance on the accounting for
implementation costs incurred in a cloud computing arrangement (CCA) that is a service contract. This ASU requires entities to account for such costs consistent with the guidance on capitalizing costs associated with developing or obtaining internal-use software. The ASU is effective for all entities for fiscal years beginning after December 15, 2019, and interim periods within those fiscal years, with early adoption permitted. We are currently
evaluating the impact that adoption of this ASU will have on our consolidated financial position and results of operations.",Blackwell,1,significant_accounting_policies,1. BASIS OF PRESENTATION AND SIGNIFICANT ACCOUNTING POLICIES,3,True,3.0 ans | 8.0-10.0 ans,"score=4,idx=11877,zone=28228",778,OK,
0001108109,CYH,2019,0001108109_CYH_FY2019_10K.html,,,Equipment,"Depreciation is recognized using the straight-line method over the estimated useful lives of the land and improvements (3 to 20 years), buildings and improvements (5
to 40 years) and equipment and fixtures (3 to 18 years).",3.0,18.0,No,,Not disclosed,,"In
August 2018, the FASB issued ASU 2018-15 to provide guidance on the accounting for implementation costs incurred in a cloud computing arrangement (CCA) that is a service contract. This ASU requires entities to
account for such costs consistent with the guidance on capitalizing costs associated with developing or obtaining internal-use software. The ASU is effective for all entities for fiscal years beginning after
December 15, 2019, and interim periods within those fiscal years, with early adoption permitted. We adopted this ASU on January 1, 2020, and do not expect the adoption of this ASU will have a material impact on our consolidated financial
position and results of operations.",,0,significant_accounting_policies,1. BASIS OF PRESENTATION AND SIGNIFICANT ACCOUNTING POLICIES,3,True,3.0 ans | 8.0-10.0 ans,"score=4,idx=11852,zone=28127",811,OK,
0001108109,CYH,2020,0001108109_CYH_FY2020_10K.html,,2020-12-31,software is generally,"The estimated amortization period for capitalized internal-use software is generally three years. At December 31, 2020, there were approximately $11 million of capitalized costs for internal-use software that is currently in the development stage and will begin amortization once the software project is complete and ready for its intended use. Amortization expense on capitalized internal-use software was $123 million, $121 million and $140 million during the years ended December 31, 2020, 2019 and 2018, respectively. Amortization expense on capitalized internal-use software is estimated to be $123 million in 2021, $75 million in 2022, $34 million in 2023, $9 million in 2024, $7 million in 2025 and $3 million thereafter.",3.0,,No,,Not disclosed,,Not disclosed,,0,significant_accounting_policies,4. GOODWILL AND OTHER INTANGIBLE ASSETS,3,False,,"score=4,idx=18390,zone=20510",950,OK,
0001108109,CYH,2021,0001108109_CYH_FY2021_10K.html,,2022-02-04,Equipment,"Depreciation is recognized using the straight-line method over the estimated useful lives of the land and improvements (3 to 20 years), buildings and improvements (5 to 40 years) and equipment and fixtures (3 to 18 years).",3.0,18.0,Unclear,"Physician Income Guarantees . The Company enters into physician recruiting agreements under which it supplements physician income to a minimum amount over a period of time, typically one year, while the physicians establish themselves in the community. As part of the agreements, the physicians are committed to practice in the community for a period of time, typically three years, which extends beyond their income guarantee period. The Company records an asset and liability for the estimated fair value of minimum revenue guarantees on new agreements and the asset is amortized over the life of each respective agreement. Adjustments to the ultimate value of the guarantee paid to physicians are recognized in the period that the change in estimate is identified. As of December 31, 2021 and 2020, the unamortized portion of these physician income guarantees was $13 million and $16 million, respectively, and is recorded in other assets in the consolidated balance sheets.",Not disclosed,,Not disclosed,,0,significant_accounting_policies,1. BASIS OF PRESENTATION AND SIGNIFICANT ACCOUNTING POLICIES,3,False,,"score=4,idx=16600,zone=20242",927,OK,
0001108109,CYH,2022,0001108109_CYH_FY2022_10K.html,,2023-01-01,Equipment,"Depreciation is recognized using the straight-line method over the estimated useful lives of the land and improvements (3 to 20 years), buildings and improvements (5 to 40 years) and equipment and fixtures (3 to 18 years).",3.0,18.0,Unclear,"Physician Income Guarantees . The Company enters into physician recruiting agreements under which it supplements physician income to a minimum amount over a period of time, typically one year, while the physicians establish themselves in the community. As part of the agreements, the physicians are committed to practice in the community for a period of time, typically three years, which extends beyond their income guarantee period. The Company records an asset and liability for the estimated fair value of minimum revenue guarantees on new agreements and the asset is amortized over the life of each respective agreement. Adjustments to the ultimate value of the guarantee paid to physicians are recognized in the period that the change in estimate is identified. As of December 31, 2022 and 2021, the unamortized portion of these physician income guarantees was $12 million and $13 million, respectively, and is recorded in other assets in the consolidated balance sheets.",Not disclosed,,Not disclosed,,0,significant_accounting_policies,1. BASIS OF PRESENTATION AND SIGNIFICANT ACCOUNTING POLICIES,3,False,,"score=4,idx=15692,zone=19297",828,OK,
0001108109,CYH,2023,0001108109_CYH_FY2023_10K.html,,2023-12-31,software is generally,"The estimated amortization period for capitalized internal-use software is generally three years . At December 31, 2023 , there were approximately $ 68 million of capitalized costs for internal-use software that is currently in the development stage and will begin amortization once the software project is complete and ready for its intended use. Amortization expense on capitalized internal-use software was $ 80 million, $ 85 million and $ 108 million during the years ended December 31, 2023, 2022 and 2021 , respectively. Amortization expense on capitalized internal-use software is estimated to be $ 57 million in 2024, $ 39 million in 2025, $ 27 million in 2026, $ 12 million in 2027, $ 7 million in 2028 and $ 2 million thereafter.",3.0,,Unclear,"Physician Income Guarantees . The Company enters into physician recruiting agreements under which it supplements physician income to a minimum amount over a period of time, typically one year , while the physicians establish themselves in the community. As part of the agreements, the physicians are committed to practice in the community for a period of time, typically three years , which extends beyond their income guarantee period. The Company records an asset and liability for the estimated fair value of minimum revenue guarantees on new agreements and the asset is amortized over the life of each respective agreement. Adjustments to the ultimate value of the guarantee paid to physicians are recognized in the period that the change in estimate is identified. As of December 31, 2023 and 2022 , the unamortized portion of these physician income guarantees was $ 9 million and $ 12 million, respectively, and is recorded in other assets in the consolidated balance sheets.",Not disclosed,,Not disclosed,A100,1,significant_accounting_policies,4. GOODWILL AND OTHER INTANGIBLE ASSETS,3,False,,"score=4,idx=17679,zone=29182",1143,OK,
0001108109,CYH,2024,0001108109_CYH_FY2024_10K.html,,2025-02-01,Equipment,"Depreciation is recognized using the straight-line method over the estimated useful lives of the land and improvements ( 3 to 20 years ), buildings and improvements ( 5 to 40 years ) and equipment and fixtures ( 3 to 18 years ).",3.0,18.0,Unclear,"Physician Income Guarantees . The Company enters into physician recruiting agreements under which it supplements physician income to a minimum amount over a period of time, typically one year , while the physicians establish themselves in the community. As part of the agreements, the physicians are committed to practice in the community for a period of time, typically three years , which extends beyond their income guarantee period. The Company records an asset and liability for the estimated fair value of minimum revenue guarantees on new agreements and the asset is amortized over the life of each respective agreement. Adjustments to the ultimate value of the guarantee paid to physicians are recognized in the period that the change in estimate is identified. At December 31, 2024 and 2023 , the unamortized portion of these physician income guarantees was $ 8 million and $ 9 million, respectively, and is recorded in other assets in the consolidated balance sheets.",Not disclosed,,Not disclosed,B200,1,significant_accounting_policies,1. BASIS OF PRE SENTATION AND SIGNIFICANT ACCOUNTING POLICIES,3,False,,"score=4,idx=17498,zone=29848",1147,OK,
0001267565,COLL,2015,0001267565_COLL_FY2015_10K.html,,,Not disclosed,Not disclosed,,,No,,Not disclosed,,Not disclosed,,0,unknown,,0,False,,"score=4,idx=12790,zone=11",4,OK,
0001267565,COLL,2016,0001267565_COLL_FY2016_10K.html,,,Not disclosed,Not disclosed,,,No,,Not disclosed,,Not disclosed,,0,unknown,,0,False,,"score=4,idx=10788,zone=12",3,OK,
0001267565,COLL,2017,0001267565_COLL_FY2017_10K.html,,,Not disclosed,Not disclosed,,,No,,Not disclosed,,Not disclosed,,0,unknown,,0,False,,"score=4,idx=11603,zone=12",3,OK,
0001267565,COLL,2018,0001267565_COLL_FY2018_10K.html,,"December 31, 2018",Not disclosed,Not disclosed,,,No,,Not disclosed,,Not disclosed,,0,unknown,,0,False,,"score=4,idx=10863,zone=15",3,OK,
0001267565,COLL,2019,0001267565_COLL_FY2019_10K.html,,"December 31, 2019",Not disclosed,Not disclosed,,,No,,Not disclosed,,Not disclosed,,0,unknown,,0,False,,"score=6,idx=10232,zone=13",1,OK,
0001267565,COLL,2020,0001267565_COLL_FY2020_10K.html,,"December 31, 2020",Not disclosed,Not disclosed,,,No,,Not disclosed,,Not disclosed,,0,unknown,,0,False,,"score=6,idx=8804,zone=13",1,OK,
0001267565,COLL,2021,0001267565_COLL_FY2021_10K.html,,2022-06-30,Not disclosed,Not disclosed,,,No,,Not disclosed,,Not disclosed,,0,unknown,,0,False,,"score=6,idx=9110,zone=13",1,OK,
0001267565,COLL,2022,0001267565_COLL_FY2022_10K.html,,2023-02-10,Not disclosed,Not disclosed,,,No,,Not disclosed,,Not disclosed,,0,unknown,,0,False,,"score=6,idx=10350,zone=13",1,OK,
0001267565,COLL,2023,0001267565_COLL_FY2023_10K.html,,2023-12-31,Not disclosed,Not disclosed,,,No,,Not disclosed,,Not disclosed,,0,unknown,,0,False,,"score=6,idx=9795,zone=13",1,OK,
0001267565,COLL,2024,0001267565_COLL_FY2024_10K.html,,2024-12-31,Not disclosed,Not disclosed,,,No,,Not disclosed,,Not disclosed,,0,unknown,,0,False,,"score=6,idx=10281,zone=13",1,OK,
0001370637,ETSY,2015,0001370637_ETSY_FY2015_10K.html,,"December 31, 2015",Not disclosed,"Cost of revenue consists primarily of expenses associated with the operation and maintenance of the Company’s platform and data centers, including depreciation and amortization, employee-related costs, including stock-based compensation expense, and hosting and bandwidth costs.",,,No,,"Cost of revenue consists primarily of expenses associated with the operation and maintenance of the Company’s platform and data centers, including depreciation and amortization, employee-related costs, including stock-based compensation expense, and hosting and bandwidth costs. Cost of revenue also includes the cost of interchange and other fees for credit card processing services, credit card verification service fees and credit card chargebacks to support Direct Checkout revenue and costs of refunds made to Etsy buyers that the Company is not able to collect from Etsy sellers.",Item 8,"In April 2015, the FASB issued an accounting standard under which customers will apply the same criteria as vendors to determine whether a cloud computing arrangement contains a software license or is solely a service contract. The new standard is effective for annual and interim periods beginning after December 15, 2015. We have evaluated the effect this guidance will have on our consolidated financial statements and do not believe the impact to be material.",,0,significant_accounting_policies,Note 1—Basis of Presentation and Summary of Significant Accounting Policies,3,True,1.0-3.0 ans | 2.0-4.0 ans | 3.0 ans,"score=4,idx=17637,zone=21950",738,OK,
0001370637,ETSY,2016,0001370637_ETSY_FY2016_10K.html,,"December 31, 2016",Not disclosed,"Cost of revenue also includes expenses associated with the operation and maintenance of the Company’s platform and data centers, including depreciation and amortization, employee-related costs and hosting and bandwidth costs.",,,No,,"Cost of revenue consists primarily of the cost of interchange and other fees for credit card processing services, credit card verification service fees and credit card chargebacks to support Direct Checkout revenue and costs of refunds made to Etsy buyers that the Company is not able to collect from Etsy sellers. Cost of revenue also includes expenses associated with the operation and maintenance of the Company’s platform and data centers, including depreciation and amortization, employee-related costs and hosting and bandwidth costs.",Item 8,"In April 2015, the FASB issued ASU 2015-05, under which customers will apply the same criteria as vendors to determine whether a cloud computing arrangement contains a software license or is solely a service contract. The new standard is effective for annual and interim periods beginning after December 15, 2015. The Company has adopted this guidance in the first quarter of 2016 noting no material impact to the current period consolidated financial statements.",,0,significant_accounting_policies,Note 1—Basis of Presentation and Summary of Significant Accounting Policies,3,True,1.0-3.0 ans | 2.0-4.0 ans | 3.0 ans,"score=4,idx=21028,zone=22191",812,OK,
0001370637,ETSY,2017,0001370637_ETSY_FY2017_10K.html,,"December 31, 2017",Not disclosed,"Cost of revenue also includes expenses associated with the operation and maintenance of the Company’s platform and data centers, including depreciation and amortization, employee-related costs and hosting and bandwidth costs.",,,No,,"Cost of revenue primarily consists of the cost of interchange and other fees for credit card processing services, credit card verification service fees and credit card chargebacks to support Etsy Payments revenue and costs of refunds made to Etsy buyers that the Company is not able to collect from Etsy sellers. Cost of revenue also includes expenses associated with the operation and maintenance of the Company’s platform and data centers, including depreciation and amortization, employee-related costs and hosting and bandwidth costs.",Item 8,"If a cloud computing arrangement includes a software license, then the Company accounts for the software license element of the arrangement consistent with the acquisition of other software licenses. If a cloud computing arrangement does not include a software license, the Company accounts for the arrangement as a service contract.",,0,significant_accounting_policies,Note 1—Basis of Presentation and Summary of Significant Accounting Policies,3,True,1.0-3.0 ans | 2.0-4.0 ans | 3.0 ans,"score=4,idx=23006,zone=23833",837,OK,
0001370637,ETSY,2018,0001370637_ETSY_FY2018_10K.html,,"December 31, 2018",Not disclosed,"Cost of revenue also includes expenses associated with the operation and maintenance of the Company’s platform and its data centers, including employee-related costs, hosting and bandwidth costs, and depreciation and amortization.",,,No,,"Cost of revenue primarily consists of the cost of interchange and other fees for credit card processing services, credit card verification service fees, and credit card chargebacks to support Etsy Payments revenue, and costs of refunds made to Etsy buyers that the Company is not able to collect from Etsy sellers. Cost of revenue also includes expenses associated with the operation and maintenance of the Company’s platform and its data centers, including employee-related costs, hosting and bandwidth costs, and depreciation and amortization.",Item 8,"We have also focused on growth investments, such as our migration to Google Cloud. In 2018, we achieved a significant milestone in the process by successfully migrating our website and mobile apps to Google Cloud. We expect to complete the migration by the beginning of 2020, and anticipate spending approximately ||| on cloud migration in 2019. Additionally, during the migration we will maintain some of our existing data center infrastructure to ensure the reliability of our platform. We believe that moving to Google Cloud is positioning us well for growth by allowing us to focus on strategic initiatives, enhance site performance, and improve engineering efficiency. ||| Our technology infrastructure allows us to scale our efforts across the platform. In the fourth quarter of 2017, we began working on an initiative to migrate our data centers to the cloud. We believe that moving to Google Cloud will enable us to focus on growing our core Etsy.com marketplace, prioritizing the buyer and seller experience, improving our search and discovery effectiveness, and increasing the pace of launching new features. In the third quarter of 2018, we achieved a significant milestone in the process by successfully migrating our website and mobile apps to Google Cloud. While this initiative is underway, we will incur implementation costs in addition to costs associated with maintaining our current infrastructure. We expect to complete the migration by the beginning of 2020.",,0,significant_accounting_policies,Note 2—Revenue,3,True,1.0-3.0 ans | 2.0-4.0 ans | 3.0 ans,"score=4,idx=29431,zone=19691",1010,OK,
0001370637,ETSY,2019,0001370637_ETSY_FY2019_10K.html,,"December 31, 2019",Not disclosed,"Cost of revenue also includes expenses associated with the operation and maintenance of the Company’s platform and its data centers, including employee-related costs, hosting and bandwidth costs, and depreciation and amortization.",,,Not disclosed,,Not disclosed,,Not disclosed,,0,significant_accounting_policies,Note 2—Revenue,3,False,,"score=4,idx=31279,zone=22778",1049,ERROR,'<' not supported between instances of 'NoneType' and 'float'
0001370637,ETSY,2020,0001370637_ETSY_FY2020_10K.html,,2021-01-04,"equipment, computer equipment","Property and equipment, consisting principally of capitalized website development and internal-use software, building, leasehold improvements, and computer equipment, are recorded at cost. Depreciation and amortization begin at the time the asset is placed into service and is recognized using the straight-line method in amounts sufficient to relate the cost of depreciable and amortizable assets to the Consolidated Statements of Operations over their estimated useful lives. Repairs and maintenance are charged to the Consolidated Statements of Operations as incurred. Upon sale or retirement of assets, the cost and related accumulated depreciation or amortization are removed from the balance sheet and the resulting gain or loss is reflected in the Consolidated Statements of Operations.",,,Not disclosed,,Not disclosed,,Not disclosed,,0,significant_accounting_policies,Note 1—Basis of Presentation and Summary of Significant Accounting Policies,3,False,,"score=2,idx=13440,zone=14811",636,ERROR,'<' not supported between instances of 'NoneType' and 'float'
0001370637,ETSY,2021,0001370637_ETSY_FY2021_10K.html,,2022-01-03,"equipment, computer equipment","Property and equipment, consisting principally of capitalized website development and internal-use software, building, leasehold improvements, and computer equipment, are recorded at cost. Depreciation and amortization begin at the time the asset is placed into service and is recognized using the straight-line method in amounts sufficient to relate the cost of depreciable and amortizable assets to the Consolidated Statements of Operations over their estimated useful lives. Repairs and maintenance are charged to the Consolidated Statements of Operations as incurred. Upon sale or retirement of assets, the cost and related accumulated depreciation or amortization are removed from the Consolidated Balance Sheet and the resulting gain or loss is reflected in the Consolidated Statement of Operations.",,,Not disclosed,,Not disclosed,,Not disclosed,,0,significant_accounting_policies,Note 1—Basis of Presentation and Summary of Significant Accounting Policies,3,False,,"score=2,idx=14322,zone=15819",640,ERROR,'<' not supported between instances of 'NoneType' and 'float'
0001370637,ETSY,2022,0001370637_ETSY_FY2022_10K.html,,2023-01-02,"equipment, computer equipment","Property and equipment, consisting principally of capitalized website development and internal-use software, building, leasehold improvements, and computer equipment, are recorded at cost. Depreciation and amortization begin at the time the asset is placed into service and is recognized using the straight-line method in amounts sufficient to relate the cost of depreciable and amortizable assets to the Consolidated Statements of Operations over their estimated useful lives. Repairs and maintenance are charged to the Consolidated Statements of Operations as incurred. Upon sale or retirement of assets, the cost and related accumulated depreciation or amortization are removed from the Consolidated Balance Sheet and the resulting gain or loss is reflected in the Consolidated Statement of Operations.",,,Not disclosed,,Not disclosed,,Not disclosed,,0,significant_accounting_policies,Note 1—Basis of Presentation and Summary of Significant Accounting Policies,3,False,,"score=2,idx=15323,zone=15884",585,ERROR,'<' not supported between instances of 'NoneType' and 'float'
0001370637,ETSY,2023,0001370637_ETSY_FY2023_10K.html,,2024-01-02,"equipment, computer equipment","Property and equipment, consisting principally of capitalized website development and internal-use software, building, leasehold improvements, and computer equipment, are recorded at cost. Depreciation and amortization begin at the time the asset is placed into service and is recognized using the straight-line method in amounts sufficient to relate the cost of depreciable and amortizable assets to the Consolidated Statements of Operations over their estimated useful lives. Repairs and maintenance are charged to the Consolidated Statements of Operations as incurred. Upon sale or retirement of assets, the cost and related accumulated depreciation or amortization are removed from the Consolidated Balance Sheet and the resulting gain or loss is reflected in the Consolidated Statement of Operations.",,,Not disclosed,,Not disclosed,,Not disclosed,,0,significant_accounting_policies,Note 1—Basis of Presentation and Summary of Significant Accounting Policies,3,False,,"score=2,idx=15624,zone=17305",615,ERROR,'<' not supported between instances of 'NoneType' and 'float'
0001370637,ETSY,2024,0001370637_ETSY_FY2024_10K.html,,2024-12-31,"equipment, computer equipment","Property and equipment, consisting principally of capitalized website and app development, building, leasehold improvements, and computer equipment, are recorded at cost. Depreciation and amortization begin at the time the asset is placed into service and is recognized using the straight-line method in amounts sufficient to relate the cost of depreciable and amortizable assets to the Consolidated Statements of Operations over their estimated useful lives. Repairs and maintenance are charged to the Consolidated Statements of Operations as incurred. Upon sale or retirement of assets, the cost and related accumulated depreciation or amortization are removed from the Consolidated Balance Sheets and the resulting gain or loss is reflected in the Consolidated Statements of Operations.",,,Not disclosed,,Not disclosed,,Not disclosed,,0,significant_accounting_policies,Note 1—Basis of Presentation and Summary of Significant Accounting Policies,3,False,,"score=2,idx=13174,zone=16404",558,ERROR,'<' not supported between instances of 'NoneType' and 'float'
0001448431,OPRX,2013,0001448431_OPRX_FY2013_10K.html,,,Not disclosed,Not disclosed,,,No,,Not disclosed,,Not disclosed,,0,unknown,,0,False,,"score=4,idx=1107,zone=3347",240,OK,
0001448431,OPRX,2014,0001448431_OPRX_FY2014_10K.html,,,Not disclosed,Not disclosed,,,No,,Not disclosed,,Not disclosed,,0,unknown,,0,False,,"score=4,idx=3072,zone=7489",286,OK,
0001448431,OPRX,2015,0001448431_OPRX_FY2015_10K.html,,,Not disclosed,Not disclosed,,,No,,Not disclosed,,Not disclosed,,0,unknown,,0,False,,"score=4,idx=2751,zone=3987",250,OK,
0001448431,OPRX,2016,0001448431_OPRX_FY2016_10K.html,,,Not disclosed,Not disclosed,,,No,,Not disclosed,,Not disclosed,,0,unknown,,0,False,,"score=4,idx=2853,zone=4840",226,OK,
0001448431,OPRX,2017,0001448431_OPRX_FY2017_10K.html,,,computer equipment using the straight-line method of depreciation for book purposes,"Property
and equipment are stated at cost and are being depreciated over their estimated useful lives of three to five years for office
equipment and three years for computer equipment using the straight-line method of depreciation for book purposes.",3.0,,Not disclosed,,Not disclosed,,Not disclosed,,0,significant_accounting_policies,"NOTE
2 – SUMMARY OF SIGNIFICANT ACCOUNTING POLICIES (CONTINUED)",3,False,,"score=4,idx=2932,zone=3961",261,ERROR,'<' not supported between instances of 'NoneType' and 'float'
0001448431,OPRX,2018,0001448431_OPRX_FY2018_10K.html,,,computer equipment using the straight-line method of depreciation for book purposes,"Property
and equipment are stated at cost and are being depreciated over their estimated useful lives of three to five years for office
equipment and three years for computer equipment using the straight-line method of depreciation for book purposes.",3.0,,Not disclosed,,Not disclosed,,Not disclosed,,0,significant_accounting_policies,"NOTE
2 – SUMMARY OF SIGNIFICANT ACCOUNTING POLICIES (CONTINUED)",3,False,,"score=4,idx=3051,zone=5010",302,ERROR,'<' not supported between instances of 'NoneType' and 'float'
0001448431,OPRX,2019,0001448431_OPRX_FY2019_10K.html,,,computer equipment using the straight-line method of depreciation for book purposes,"Property
and equipment are stated at cost and are being depreciated over their estimated useful lives of three to five years for office
equipment and three years for computer equipment using the straight-line method of depreciation for book purposes.",3.0,,Not disclosed,,Not disclosed,,Not disclosed,,0,significant_accounting_policies,"NOTE
2 – SUMMARY OF SIGNIFICANT ACCOUNTING POLICIES (CONTINUED)",3,False,,"score=4,idx=3044,zone=6355",334,ERROR,'<' not supported between instances of 'NoneType' and 'float'
0001448431,OPRX,2020,0001448431_OPRX_FY2020_10K.html,,,office equipment,"Property and equipment are stated at cost
and are being depreciated over their estimated useful lives of three to five years for office equipment and three years for computer
equipment using the straight-line method of depreciation for book purposes.",3.0,,Not disclosed,,Not disclosed,,Not disclosed,,0,significant_accounting_policies,NOTE 2 – SUMMARY OF SIGNIFICANT ACCOUNTING POLICIES (CONTINUED),3,False,,"score=4,idx=3008,zone=4843",332,ERROR,'<' not supported between instances of 'NoneType' and 'float'
0001448431,OPRX,2021,0001448431_OPRX_FY2021_10K.html,,,office equipment,"Property and equipment are stated at cost and
are being depreciated over their estimated useful lives of three to five years for office equipment and three years for computer equipment
using the straight-line method of depreciation for book purposes.",3.0,,Not disclosed,,Not disclosed,,Not disclosed,,0,significant_accounting_policies,NOTE 2 – SUMMARY OF SIGNIFICANT ACCOUNTING POLICIES (CONTINUED),3,False,,"score=4,idx=5364,zone=5397",310,ERROR,'<' not supported between instances of 'NoneType' and 'float'
0001448431,OPRX,2022,0001448431_OPRX_FY2022_10K.html,,,office equipment,"Property and equipment are stated at cost and
are being depreciated over their estimated useful lives of three to five years for office equipment and three years for computer equipment
using the straight-line method of depreciation for book purposes.",3.0,,Not disclosed,,Not disclosed,,Not disclosed,,0,significant_accounting_policies,NOTE 2 – SUMMARY OF SIGNIFICANT ACCOUNTING POLICIES (CONTINUED),3,False,,"score=4,idx=3128,zone=5445",318,ERROR,'<' not supported between instances of 'NoneType' and 'float'
0001448431,OPRX,2023,0001448431_OPRX_FY2023_10K.html,,,computer equipment using the straight-line method of depreciation for book purposes,"Property
and equipment are stated at cost and are being depreciated over their estimated useful lives of three to five years for office equipment
and three years for computer equipment using the straight-line method of depreciation for book purposes.",3.0,,Not disclosed,,Not disclosed,,Not disclosed,,0,significant_accounting_policies,"NOTE
2 – SUMMARY OF SIGNIFICANT ACCOUNTING POLICIES (CONTINUED)",3,False,,"score=4,idx=4575,zone=8620",395,ERROR,'<' not supported between instances of 'NoneType' and 'float'
0001448431,OPRX,2024,0001448431_OPRX_FY2024_10K.html,,,office equipment,"Property and equipment are stated at cost and
are being depreciated over their estimated useful lives of three to five years for office equipment and three years for computer equipment
using the straight-line method of depreciation for book purposes.",3.0,,Not disclosed,,Not disclosed,,Not disclosed,,0,significant_accounting_policies,"NOTE 2 – SUMMARY OF SIGNIFICANT ACCOUNTING
POLICIES Basis of Presentation",3,False,,"score=4,idx=4303,zone=6249",395,ERROR,'<' not supported between instances of 'NoneType' and 'float'
0001592386,VIRT,2015,0001592386_VIRT_FY2015_10K.html,,,"Capitalized software, equipment","Capitalized software development costs and related accumulated amortization are included in property, equipment and capitalized software on the accompanying consolidated statements of financial condition and are amortized over a period of 1.4 to 2.5 years, which represents the estimated useful lives of the underlying software.",1.4,2.5,No,,"Communication and Data Processing. Communication and data processing represent primarily fixed expenses for leased equipment, equipment co-location, network lines and connectivity for our trading centers and co-location facilities. More specifically, communications expense consists primarily of the cost of voice and data telecommunication lines supporting our business, including connectivity to data centers and exchanges, markets and liquidity pools around the world, and data processing expense consists primarily of market data fees that we pay to third parties to receive price quotes and related information.",MD&A (Item 7),Not disclosed,,0,significant_accounting_policies,2. Summary of Significant Accounting Policies,3,False,,"score=7,idx=11592,zone=25607",632,OK,
0001592386,VIRT,2016,0001592386_VIRT_FY2016_10K.html,,,"Capitalized software, equipment","Capitalized software development costs and related accumulated amortization are included in property, equipment and capitalized software in the accompanying consolidated statements of financial condition and are amortized over a period of 1.4 to 2.5 years, which represents the estimated useful lives of the underlying software.",1.4,2.5,No,,"Communication and Data Processing. Communication and data processing represent primarily fixed expenses for leased equipment, equipment co-location, network lines and connectivity for our trading centers and co-location facilities. More specifically, communications expense consists primarily of the cost of voice and data telecommunication lines supporting our business, including connectivity to data centers and exchanges, markets and liquidity pools around the world, and data processing expense consists primarily of market data fees that we pay to third parties to receive price quotes and related information.",MD&A (Item 7),Not disclosed,,0,significant_accounting_policies,2. Summary of Significant Accounting Policies,3,True,1.4-2.5 ans | 3.0-7.0 ans | 7.0 ans,"score=7,idx=13805,zone=32916",573,OK,
0001592386,VIRT,2017,0001592386_VIRT_FY2017_10K.html,,,Capitalized software,"Capitalized software development costs and related accumulated amortization are included in property,",,,No,,"Communication and Data Processing. Communication and data processing represent primarily fixed expenses for leased equipment, equipment co-location, network lines and connectivity for our trading centers and co-location facilities. More specifically, communications expense consists primarily of the cost of voice and data telecommunication lines supporting our business, including connectivity to data centers and exchanges, markets and liquidity pools around the world, and data processing expense consists primarily of market data fees that we pay to third parties to receive price quotes and related information.",MD&A (Item 7),Not disclosed,,0,significant_accounting_policies,2. Summary of Significant Accounting Policies,3,True,1.5-2.5 ans | 3.0-7.0 ans,"score=7,idx=18209,zone=44890",733,OK,
0001592386,VIRT,2018,0001592386_VIRT_FY2018_10K.html,,,"Capitalized software, equipment","Capitalized software development costs and related accumulated amortization are included in property, equipment and capitalized software in the accompanying consolidated statements of financial condition and are amortized over a period of",,,No,,"Communication and data processing represent primarily fixed expenses for leased equipment, equipment co-location, network lines and connectivity for our trading centers and co-location facilities. Communications expense consists primarily of the cost of voice and data telecommunication lines supporting our business, including connectivity to data centers, exchanges, markets and liquidity pools around the world, and data processing expense consists primarily of market data subscription fees that we pay to third parties to receive price quotes and related information.",MD&A (Item 7),Not disclosed,,0,significant_accounting_policies,2. Summary of Significant Accounting Policies,3,False,,"score=7,idx=20559,zone=37069",1057,OK,
0001592386,VIRT,2019,0001592386_VIRT_FY2019_10K.html,,"December 31, 2019","Capitalized software, equipment","Capitalized software development costs and related accumulated amortization are included in Property, equipment and capitalized software in the accompanying Consolidated Statements of Financial Condition and are amortized over a period of 1.5 to 3 years, which represents the estimated useful lives of the underlying software.",1.5,3.0,No,,"Communication and data processing. Communication and data processing represent primarily fixed expenses for leased equipment, equipment co-location, network lines and connectivity for our trading centers and co-location facilities. Communications expense consists primarily of the cost of voice and data telecommunication lines supporting our business, including connectivity to data centers, exchanges, markets and liquidity pools around the world, and data processing expense consists primarily of market data subscription fees that we pay to third parties to receive price quotes and related information.",MD&A (Item 7),Not disclosed,,0,significant_accounting_policies,2. Summary of Significant Accounting Policies,3,False,,"score=7,idx=24341,zone=44077",1257,OK,
0001592386,VIRT,2020,0001592386_VIRT_FY2020_10K.html,,2021-02-11,"Capitalized software, equipment","Capitalized software development costs and related accumulated amortization are included in Property, equipment and capitalized software in the accompanying Consolidated Statements of Financial Condition and are amortized over a period of 1.5 to 3 years, which represents the estimated useful lives of the underlying software.",1.5,3.0,No,,"Communication and data processing. Communication and data processing represent primarily fixed expenses for leased equipment, equipment co-location, network lines and connectivity for our trading centers and co-location facilities. Communications expense consists primarily of the cost of voice and data telecommunication lines supporting our business, including connectivity to data centers, exchanges, markets and liquidity pools around the world, and data processing expense consists primarily of market data subscription fees that we pay to third parties to receive price quotes and related information.",MD&A (Item 7),Not disclosed,,0,significant_accounting_policies,2. Summary of Significant Accounting Policies,3,True,1.5-3.0 ans | 3.0-7.0 ans,"score=5,idx=16791,zone=29148",871,OK,
0001592386,VIRT,2021,0001592386_VIRT_FY2021_10K.html,,2022-02-08,"Capitalized software, equipment","Capitalized software development costs and related accumulated amortization are included in Property, equipment and capitalized software in the accompanying Consolidated Statements of Financial Condition and are amortized over a period of 1.5 to 3 years, which represents the estimated useful lives of the underlying software.",1.5,3.0,No,,"Communication and data processing. Communication and data processing represent primarily fixed expenses for leased equipment, equipment co-location, network lines and connectivity for our trading centers and co-location facilities. Communications expense consists primarily of the cost of voice and data telecommunication lines supporting our business, including connectivity to data centers, exchanges, markets and liquidity pools around the world, and data processing expense consists primarily of market data subscription fees that we pay to third parties to receive price quotes and related information.",MD&A (Item 7),Not disclosed,,0,significant_accounting_policies,2. Summary of Significant Accounting Policies,3,True,1.5-3.0 ans | 3.0-7.0 ans,"score=5,idx=15573,zone=29264",813,OK,
0001592386,VIRT,2022,0001592386_VIRT_FY2022_10K.html,,2023-01-26,Not disclosed,Not disclosed,,,No,,"Communication and data processing. Communication and data processing represent primarily fixed expenses for data center co-location, network lines and connectivity for our trading centers and co-location facilities. Communications expense consists primarily of the cost of voice and data telecommunication lines supporting our business, including connectivity to data centers, exchanges, markets and liquidity pools around the world, and data processing expense consists primarily of market data subscription fees that we pay to third parties to receive price quotes and related information.",MD&A (Item 7),Not disclosed,A100;B100,2,unknown,,0,False,,"score=5,idx=6560,zone=14",0,OK,
0001592386,VIRT,2023,0001592386_VIRT_FY2023_10K.html,,2024-01-25,"Capitalized software, equipment","Capitalized software development costs and related accumulated amortization are included in Property, equipment and capitalized software in the accompanying Consolidated Statements of Financial Condition and are amortized over a period of 1.5 to 3 years, which represents the estimated useful lives of the underlying software.",1.5,3.0,No,,"Communication and data processing. Communication and data processing represent primarily fixed expenses for data center co-location, network lines and connectivity for our trading centers and co-location facilities. Communications expense consists primarily of the cost of voice and data telecommunication lines supporting our business, including connectivity to data centers, exchanges, markets and liquidity pools around the world, and data processing expense consists primarily of market data subscription fees that we pay to third parties to receive price quotes and related information.",MD&A (Item 7),Not disclosed,,0,significant_accounting_policies,2. Summary of Significant Accounting Policies,3,True,1.5-3.0 ans | 3.0-7.0 ans,"score=5,idx=16409,zone=29608",808,OK,
0001592386,VIRT,2024,0001592386_VIRT_FY2024_10K.html,,2025-02-19,"Capitalized software, equipment","Capitalized software development costs and related accumulated amortization are included in Property, equipment and capitalized software in the accompanying Consolidated Statements of Financial Condition and are amortized over a period of 1.5 to 3 years, which represents the estimated useful lives of the underlying software.",1.5,3.0,No,,"Communication and data processing. Communication and data processing represent primarily fixed expenses for data center co-location, network lines and connectivity for our trading centers and co-location facilities. Communications expense consists primarily of the cost of voice and data telecommunication lines supporting our business, including connectivity to data centers, exchanges, markets and liquidity pools around the world, and data processing expense consists primarily of market data subscription fees that we pay to third parties to receive price quotes and related information.",MD&A (Item 7),Not disclosed,,0,significant_accounting_policies,2. Summary of Significant Accounting Policies,3,True,1.5-3.0 ans | 3.0-7.0 ans,"score=5,idx=16858,zone=30093",859,OK,
0001626115,PJT,2015,0001626115_PJT_FY2015_10K.html,,"December 31, 2015","Office Equipment, Furniture and Fixtures, Furniture, Equipment","December 31, 2015 2014 Office Equipment $ 1,873 $ 2,904 Leasehold Improvements 23,330 10,066 Furniture and Fixtures 9,119 4,434 Less: Accumulated Depreciation (2,832 ) (12,293 ) Furniture, Equipment and Leasehold Improvements, Net $ 31,490 $ 5,111",,,No,,Not disclosed,,Not disclosed,,0,significant_accounting_policies,"7. FURNITURE, EQUIPMENT AND LEASEHOLD IMPROVEMENTS",3,False,,"score=6,idx=7015,zone=11797",579,OK,
0001626115,PJT,2016,0001626115_PJT_FY2016_10K.html,,"December 31, 2016","Office Equipment, Furniture and Fixtures, Furniture, Equipment","December 31, 2016 2015 Office Equipment $ 1,778 $ 1,873 Leasehold Improvements 32,889 23,330 Furniture and Fixtures 11,364 9,119 Total Furniture, Equipment and Leasehold Improvements 46,031 34,322 Accumulated Depreciation (7,876 ) (2,832 ) Furniture, Equipment and Leasehold Improvements, Net $ 38,155 $ 31,490",,,No,,Not disclosed,,Not disclosed,,0,significant_accounting_policies,"7. FURNITURE, EQUIPMENT A ND LEASEHOLD IMPROVEMENTS",3,False,,"score=6,idx=5547,zone=13583",632,OK,
0001626115,PJT,2017,0001626115_PJT_FY2017_10K.html,,"December 31, 2017","Office Equipment, Furniture and Fixtures, Furniture, Equipment","December 31, 2017 2016 Office Equipment $ 1,758 $ 1,778 Leasehold Improvements 33,713 32,889 Furniture and Fixtures 11,886 11,364 Total Furniture, Equipment and Leasehold Improvements 47,357 46,031 Accumulated Depreciation (13,568 ) (7,876 ) Furniture, Equipment and Leasehold Improvements, Net $ 33,789 $ 38,155",,,No,,Not disclosed,,Not disclosed,,0,significant_accounting_policies,2. SUMMARY OF SIGNIFICANT ACCOUNTING POLICIES,3,False,,"score=6,idx=6031,zone=14556",628,OK,
0001626115,PJT,2018,0001626115_PJT_FY2018_10K.html,,"December 31, 2018","Office Equipment, Furniture and Fixtures, Furniture, Equipment","December 31, 2018 2017 Office Equipment $ 2,151 $ 1,758 Leasehold Improvements 38,745 33,713 Furniture and Fixtures 13,558 11,886 Total Furniture, Equipment and Leasehold Improvements 54,454 47,357 Accumulated Depreciation (19,649 ) (13,568 ) Furniture, Equipment and Leasehold Improvements, Net $ 34,805 $ 33,789",,,No,,Not disclosed,,Not disclosed,,0,significant_accounting_policies,4. REVENUES FROM CONTRACTS WITH CUSTOMERS,3,False,,"score=6,idx=6098,zone=15665",672,OK,
0001626115,PJT,2019,0001626115_PJT_FY2019_10K.html,,2020-02-13,"Office Equipment, Furniture and Fixtures, Furniture, Equipment","December 31, 2019 2018 Office Equipment $ 2,324 $ 2,151 Leasehold Improvements 45,368 38,745 Furniture and Fixtures 16,040 13,558 Total Furniture, Equipment and Leasehold Improvements 63,732 54,454 Accumulated Depreciation (26,609 ) (19,649 ) Furniture, Equipment and Leasehold Improvements, Net $ 37,123 $ 34,805",,,No,,Not disclosed,,"In August 2018, the FASB issued updated guidance on the accounting for implementation costs incurred in a cloud computing arrangement. The updated guidance requires the capitalization of implementation costs incurred in a cloud computing arrangement to be aligned with the requirements for capitalizing costs incurred to develop or obtain internal-use software. The updated guidance is effective for annual and interim reporting periods beginning after December 15, 2019, with early adoption permitted. The Company adopted this guidance on January 1, 2020 for cloud computing arrangements on a prospective basis.",,0,significant_accounting_policies,4. REVENUES FROM CONTRACTS WITH CUSTOMERS,3,False,,"score=6,idx=7797,zone=15689",663,OK,
0001626115,PJT,2020,0001626115_PJT_FY2020_10K.html,,2021-02-26,"Furniture and Fixtures, Office Equipment, Furniture, Equipment","December 31, 2020 2019 Leasehold Improvements $ 52,789 $ 45,368 Furniture and Fixtures 17,773 16,040 Office Equipment 2,327 2,324 Total Furniture, Equipment and Leasehold Improvements 72,889 63,732 Accumulated Depreciation (34,112 ) (26,609 ) Furniture, Equipment and Leasehold Improvements, Net $ 38,777 $ 37,123",,,No,,Not disclosed,,"In August 2018, the FASB issued updated guidance on the accounting for implementation costs incurred in a cloud computing arrangement. The updated guidance requires the capitalization of implementation costs incurred in a cloud computing arrangement to be aligned with the requirements for capitalizing costs incurred to develop or obtain internal-use software. The Company adopted this guidance on January 1, 2020 for cloud computing arrangements on a prospective basis.",,0,significant_accounting_policies,4. REVENUES FROM CONTRACTS WITH CUSTOMERS,3,False,,"score=6,idx=5928,zone=15432",602,OK,
0001626115,PJT,2021,0001626115_PJT_FY2021_10K.html,,2022-02-25,"Furniture and Fixtures, Office Equipment, Furniture, Equipment","December 31, 2021 2020 Leasehold Improvements $ 56,230 $ 52,789 Furniture and Fixtures 18,044 17,773 Office Equipment 4,423 2,327 Total Furniture, Equipment and Leasehold Improvements 78,697 72,889 Accumulated Depreciation (41,550 ) (34,112 ) Furniture, Equipment and Leasehold Improvements, Net $ 37,147 $ 38,777",,,No,,Not disclosed,,Not disclosed,,0,significant_accounting_policies,2. SUMMARY OF SIGNIFICANT ACCOUNTING POLICIES,3,False,,"score=6,idx=5070,zone=12588",512,OK,
0001626115,PJT,2022,0001626115_PJT_FY2022_10K.html,,2023-02-24,"Furniture and Fixtures, Office Equipment, Furniture, Equipment","December 31, 2022 2021 Leasehold Improvements $ 54,555 $ 56,230 Furniture and Fixtures 18,811 18,044 Office Equipment 5,533 4,423 Total Furniture, Equipment and Leasehold Improvements 78,899 78,697 Accumulated Depreciation (48,206 ) (41,550 ) Furniture, Equipment and Leasehold Improvements, Net $ 30,693 $ 37,147",,,No,,Not disclosed,,Not disclosed,,0,significant_accounting_policies,2. SUMMARY OF SIGNIFICANT ACCOUNTING POLICIES,3,False,,"score=6,idx=5051,zone=12081",538,OK,
0001626115,PJT,2023,0001626115_PJT_FY2023_10K.html,,2024-02-28,other fixed assets,"Furniture, Equipment and Leasehold Improvements Furniture, Equipment and Leasehold Improvements, Net consist primarily of leasehold improvements, furniture, fixtures and equipment and office equipment, and are recorded at cost less accumulated depreciation and amortization.",10.0,15.0,No,,Not disclosed,,Not disclosed,,0,significant_accounting_policies,2. SUMMARY OF SIGNIFICA NT ACCOUNTING POLICIES,3,True,5.0-7.0 ans | 10.0-15.0 ans,"score=7,idx=6405,zone=17824",670,OK,
0001626115,PJT,2024,0001626115_PJT_FY2024_10K.html,,2025-02-27,other fixed assets,"Furniture, Equipment and Leasehold Improvements Furniture, Equipment and Leasehold Improvements, Net consist primarily of leasehold improvements, furniture, fixtures and equipment and office equipment, and are recorded at cost less accumulated depreciation and amortization.",10.0,15.0,No,,Not disclosed,,Not disclosed,,0,significant_accounting_policies,2. SUMMARY OF SIGNIFICA NT ACCOUNTING POLICIES,3,True,5.0-7.0 ans | 10.0-15.0 ans,"score=7,idx=6560,zone=18137",681,OK,
0001631569,CHCT,2015,0001631569_CHCT_FY2015_10K.html,,"DECEMBER 31, 2015",Not disclosed,Not disclosed,,,No,,Not disclosed,,Not disclosed,,0,unknown,,0,False,,"score=7,idx=8178,zone=9145",499,OK,
0001631569,CHCT,2016,0001631569_CHCT_FY2016_10K.html,,"DECEMBER 31, 2016",Not disclosed,Not disclosed,,,No,,Not disclosed,,Not disclosed,,0,unknown,,0,False,,"score=7,idx=8837,zone=12067",595,OK,
0001631569,CHCT,2017,0001631569_CHCT_FY2017_10K.html,,"DECEMBER 31, 2017",Not disclosed,Not disclosed,,,No,,Not disclosed,,Not disclosed,,0,unknown,,0,False,,"score=7,idx=10496,zone=14190",671,OK,
0001631569,CHCT,2018,0001631569_CHCT_FY2018_10K.html,,"DECEMBER 31, 2018",Not disclosed,Not disclosed,,,No,,Not disclosed,,Not disclosed,,0,unknown,,0,False,,"score=7,idx=11103,zone=15498",721,OK,
0001631569,CHCT,2019,0001631569_CHCT_FY2019_10K.html,,2019-12-31,Not disclosed,Not disclosed,,,No,,Not disclosed,,Not disclosed,,0,unknown,,0,False,,"score=7,idx=12923,zone=17575",665,OK,
0001631569,CHCT,2020,0001631569_CHCT_FY2020_10K.html,,2021-02-16,Not disclosed,Not disclosed,,,No,,Not disclosed,,Not disclosed,,0,unknown,,0,False,,"score=5,idx=8748,zone=8753",477,OK,
0001631569,CHCT,2021,0001631569_CHCT_FY2021_10K.html,,2022-02-10,Not disclosed,Not disclosed,,,No,,Not disclosed,,Not disclosed,,0,unknown,,0,False,,"score=5,idx=8971,zone=9279",504,OK,
0001631569,CHCT,2022,0001631569_CHCT_FY2022_10K.html,,2023-02-14,Not disclosed,Not disclosed,,,No,,Not disclosed,,Not disclosed,,0,unknown,,0,False,,"score=5,idx=8953,zone=9104",491,OK,
0001631569,CHCT,2023,0001631569_CHCT_FY2023_10K.html,,2024-02-13,Not disclosed,Not disclosed,,,No,,Not disclosed,,Not disclosed,,0,unknown,,0,False,,"score=5,idx=9465,zone=9879",516,OK,
0001631569,CHCT,2024,0001631569_CHCT_FY2024_10K.html,,2025-12-31,Not disclosed,Not disclosed,,,No,,Not disclosed,,Not disclosed,,0,unknown,,0,False,,"score=5,idx=9485,zone=10177",598,OK,
0001632127,CABO,2015,0001632127_CABO_FY2015_10K.html,,"December 31, 2015",Not disclosed,Not disclosed,,,No,,Not disclosed,,Not disclosed,,0,unknown,,0,False,,"score=7,idx=9427,zone=18",3,OK,
0001632127,CABO,2016,0001632127_CABO_FY2016_10K.html,,"December 31, 2016",Not disclosed,Not disclosed,,,No,,Not disclosed,,Not disclosed,,0,unknown,,0,False,,"score=7,idx=8168,zone=30",3,OK,
0001632127,CABO,2017,0001632127_CABO_FY2017_10K.html,,,Not disclosed,Not disclosed,,,No,,Not disclosed,,Not disclosed,,0,unknown,,0,False,,"score=7,idx=7093,zone=14",3,OK,
0001632127,CABO,2018,0001632127_CABO_FY2018_10K.html,,,Not disclosed,Not disclosed,,,No,,Not disclosed,,Not disclosed,,0,unknown,,0,False,,"score=7,idx=6398,zone=9",2,OK,
0001632127,CABO,2019,0001632127_CABO_FY2019_10K.html,,2020-06-30,Not disclosed,Not disclosed,,,No,,Not disclosed,,Not disclosed,,0,unknown,,0,False,,"score=7,idx=8038,zone=16",3,OK,
0001632127,CABO,2020,0001632127_CABO_FY2020_10K.html,,2021-06-30,Not disclosed,Not disclosed,,,No,,Not disclosed,,Not disclosed,,0,unknown,,0,False,,"score=7,idx=8770,zone=13",3,OK,
0001632127,CABO,2021,0001632127_CABO_FY2021_10K.html,,"December 31, 2021",Not disclosed,Not disclosed,,,No,,Not disclosed,,Not disclosed,,0,unknown,,0,False,,"score=7,idx=9393,zone=11",2,OK,
0001632127,CABO,2022,0001632127_CABO_FY2022_10K.html,,"December 31, 2022",Not disclosed,Not disclosed,,,No,,Not disclosed,,Not disclosed,,0,unknown,,0,False,,"score=7,idx=9941,zone=11",2,OK,
0001632127,CABO,2023,0001632127_CABO_FY2023_10K.html,,2023-12-31,Not disclosed,Not disclosed,,,No,,Not disclosed,,Not disclosed,,0,unknown,,0,False,,"score=5,idx=8883,zone=4",2,OK,
0001632127,CABO,2024,0001632127_CABO_FY2024_10K.html,,2024-12-31,Not disclosed,Not disclosed,,,No,,Not disclosed,,Not disclosed,,0,unknown,,0,False,,"score=5,idx=8735,zone=4",2,OK,
0001633931,BLD,2015,0001633931_BLD_FY2015_10K.html,,,"Equipment, Computer hardware","As of December 31, 2015 2014 Land and improvements $ 7,950 $ 8,055 Buildings 39,424 39,521 Equipment 85,217 80,818 Computer hardware and software 123,550 124,835 Company vehicles 36,988 38,965 293,129 292,194 Less: Accumulated depreciation (200,063) (199,037) Total property and equipment, net $ 93,066 $ 93,157",,,No,,Not disclosed,,Not disclosed,,0,significant_accounting_policies,"1. SUMMARY OF SIGNIFICANT ACCOUNTING POLICIES Basis of Presentation. On June 30, 2015 (the “Effective Date”), Masco Corporation (“Masco” or the “Forme",3,False,,"score=4,idx=7041,zone=12093",498,OK,
0001633931,BLD,2016,0001633931_BLD_FY2016_10K.html,,"December 31, 2016","Equipment, Computer hardware","As of December 31, 2016 2015 Land and improvements $ 7,907 $ 7,950 Buildings 38,865 39,424 Equipment 88,472 85,217 Computer hardware and software 123,725 123,550 Company vehicles 34,668 36,988 293,637 293,129 Less: Accumulated depreciation (200,877) (200,063) Total property and equipment, net $ 92,760 $ 93,066",,,No,,Not disclosed,,Not disclosed,,0,significant_accounting_policies,"1. SUMMARY OF SIGNIFICANT ACCOUNTING POLICIES Basis of Presentation. On June 30, 2015 (the “Effective Date”), Masco Corporation (“Masco” or the “Forme",3,False,,"score=4,idx=7553,zone=15950",472,OK,
0001633931,BLD,2017,0001633931_BLD_FY2017_10K.html,,"December 31, 2017","EQUIPMENT, Computer hardware","PROPERTY & EQUIPMENT The following table sets forth our property and equipment by class as of December 31, 2017 and 2016, in thousands: As of December 31, 2017 2016 Land and improvements $ 7,846 $ 7,907 Buildings 40,515 38,865 Equipment 96,580 88,472 Computer hardware and software 125,984 123,725 Company vehicles 41,298 34,668 312,223 293,637 Less: Accumulated depreciation (205,102) (200,877) Total property and equipment, net $ 107,121 $ 92,760 Depreciation expense was $13.5 million, $11.2 million, and $11.1 million for the years ended December 31, 2017, 2016, and 2015, respectively.",,,No,,Not disclosed,,Not disclosed,,0,significant_accounting_policies,"2. RELATED PARTY TRANSACTIONS Prior to the Separation, interest was charged each month as an adjustment to Former Parent’s investment in TopBuild. Our",3,False,,"score=4,idx=9551,zone=19559",553,OK,
0001633931,BLD,2018,0001633931_BLD_FY2018_10K.html,,"December 31, 2018","Equipment, Computer hardware","As of December 31, 2018 2017 Land and improvements $ 7,649 $ 7,846 Buildings 38,933 40,515 Equipment 115,261 96,580 Computer hardware and software 132,719 125,984 Company vehicles 94,896 41,298 389,458 312,223 Less: Accumulated depreciation (221,497) (205,102) Total property and equipment, net $ 167,961 $ 107,121",,,No,,Not disclosed,,"In August 2018, the FASB issued ASU 2018-15, “Customer’s Accounting for Implementation Costs Incurred in a Cloud Computing Arrangement that is a Service Contract”. This update aligns the requirements for capitalizing implementation costs incurred in a hosting arrangement that is a service contract with the requirements for capitalizing implementation costs incurred to develop or obtain internal-use software. We early adopted this guidance as of October 1, 2018 and applied it prospectively to a new contract that was executed during the fourth quarter which falls within the scope of this update. We expect to capitalize approximately $1.3 million of costs to be incurred during the implementation stage in 2019 and will expense these costs over the term of the hosting arrangement, in accordance with the guidance.",,0,significant_accounting_policies,"1. SUMMARY OF SIGNIFICANT ACCOUNTING POLICIES Basis of Presentation. On June 30, 2015, Masco completed the Separation of its Services Business from it",3,False,,"score=4,idx=8944,zone=20064",599,OK,
0001633931,BLD,2019,0001633931_BLD_FY2019_10K.html,,2020-03-31,Equipment,"Property and Equipment, net. Property and equipment, net, including significant betterments to existing facilities, are recorded at cost. Upon retirement or disposal, the cost and accumulated depreciation are removed from the accounts and any gain or loss is included in the Consolidated Statements of Operations. Maintenance and repair costs are charged against earnings as incurred. Gains and losses on the disposal of equipment are included in selling, general, and administrative expense.",,,No,,Not disclosed,,Not disclosed,,0,significant_accounting_policies,1. SUMMARY OF SIGNIFICANT ACCOUNTING POLICIES,3,False,,"score=6,idx=8805,zone=19532",509,OK,
0001633931,BLD,2020,0001633931_BLD_FY2020_10K.html,,2021-03-31,Equipment,"Property and Equipment, net. Property and equipment, net, including significant betterments to existing facilities, are recorded at cost. Upon retirement or disposal, the cost and accumulated depreciation are removed from the accounts and any gain or loss is included in the Consolidated Statements of Operations. Maintenance and repair costs are charged against earnings as incurred. Gains and losses on the disposal of equipment are included in selling, general, and administrative expense.",,,No,,Not disclosed,,Not disclosed,,0,significant_accounting_policies,1. SUMMARY OF SIGNIFICANT ACCOUNTING POLICIES,3,False,,"score=6,idx=8940,zone=18478",463,OK,
0001633931,BLD,2021,0001633931_BLD_FY2021_10K.html,,2021-12-31,Equipment,"Property and Equipment, net. Property and equipment, net, including significant improvements to existing facilities, are recorded at cost. Upon retirement or disposal, the cost and accumulated depreciation are removed from the accounts and any gain or loss is included in the Consolidated Statements of Operations. Maintenance and repair costs are charged against earnings as incurred. Gains and losses on the disposal of equipment are included in selling, general, and administrative expense.",,,No,,Not disclosed,,Not disclosed,,0,significant_accounting_policies,1. SUMMARY OF SIGNIFICANT ACCOUNTING POLICIES,3,False,,"score=6,idx=8146,zone=21382",506,OK,
0001633931,BLD,2022,0001633931_BLD_FY2022_10K.html,,2023-03-31,Equipment,"Property and Equipment, net. Property and equipment, net, including significant improvements to existing facilities, are recorded at cost. Upon retirement or disposal, the cost and accumulated depreciation are removed from the accounts and any gain or loss is included in the Consolidated Statements of Operations. Maintenance and repair costs are charged against earnings as incurred. Gains and losses on the disposal of equipment are included in selling, general, and administrative expense.",,,No,,Not disclosed,,Not disclosed,,0,significant_accounting_policies,1. SUMMARY OF SIGNIFICANT ACCOUNTING POLICIES,3,False,,"score=6,idx=7872,zone=19633",470,OK,
0001633931,BLD,2023,0001633931_BLD_FY2023_10K.html,,"December 31, 2023",Equipment,"Property and Equipment, net. Property and equipment, net, including significant improvements to existing facilities, are recorded at cost. Upon retirement or disposal, the cost and accumulated depreciation are removed from the accounts and any gain or loss is included in the Consolidated Statements of Operations. Maintenance and repair costs are charged against earnings as incurred. Gains and losses on the disposal of equipment are included in selling, general, and administrative expense.",,,No,,Not disclosed,,Not disclosed,,0,significant_accounting_policies,1. SUMMARY OF SIGNIFICANT ACCOUNTING POLICIES,3,False,,"score=6,idx=7876,zone=19753",464,OK,
0001633931,BLD,2024,0001633931_BLD_FY2024_10K.html,,2024-12-31,Equipment,"Property and Equipment, net. Property and equipment, net, including significant improvements to existing facilities, are recorded at cost. Upon retirement or disposal, the cost and accumulated depreciation are removed from the accounts and any gain or loss is included in the Consolidated Statements of Operations. Maintenance and repair costs are charged against earnings as incurred. Gains and losses on the disposal of equipment are included in selling, general, and administrative expense.",,,No,,Not disclosed,,Not disclosed,,0,significant_accounting_policies,1. SUMMARY OF SIGNIFICANT ACCOUNTING POLICIES,3,False,,"score=6,idx=8333,zone=21639",488,OK,
0001633978,LITE,2015,0001633978_LITE_FY2015_10K.html,,,building and improvements,"Depreciation is computed by the straight-line method generally over the following estimated useful lives of the assets: 10 to 50 years for building and improvements, 3 to 5 years for machinery and equipment, and 2 to 5 years years for furniture, fixtures, software and office equipment.",2.0,5.0,No,,"OpComms: Our OpComms portfolio includes products used by Telecom and Datacom network equipment manufacturers (""NEMs"") and both traditional and cloud/data center service providers. These products enable the transmission and transport of video, audio and text data over high-capacity fiber optic cables. Transmission products primarily consist of optical transceivers, optical transponders, and their supporting components such as modulators and source lasers, including innovative products such as the Tunable Small Form-factor Pluggable Plus transceiver. Transport products primarily consist of modules or sub-systems containing optical amplifiers, reconfigurable optical add/drop multiplexers (""ROADMs"") or Wavelength Selective Switches, Optical Channel Monitors and their supporting components. Our products for 3-D sensing applications, formerly referred to as our gesture recognition products, include a light source",Item 8,Not disclosed,,0,significant_accounting_policies,Note 16. Subsequent Events,3,True,2.0-5.0 ans | 3.0-5.0 ans,"score=7,idx=8757,zone=15658",698,OK,
0001633978,LITE,2016,0001633978_LITE_FY2016_10K.html,,,building and improvements,"Depreciation is computed by the straight-line method generally over the following estimated useful lives of the assets: 10 to 50 years for building and improvements, 3 to 5 years for machinery and equipment, and 2 to 5 years for furniture, fixtures, software and office equipment.",2.0,5.0,No,,"Our OpComms products include a wide range of components, modules and subsystems to support and maintain customers in our two primary markets: Telecom and Datacom. The Telecom market includes carrier networks for access (local), metro (intracity), long-haul (city-to-city and worldwide) and submarine (undersea) networks. The Datacom market addresses enterprise, cloud and data center applications, including storage-access networks (“SANs”), local-area networks (“LANs”) and wide-area networks (“WANs”). These products enable the transmission and transport of video, audio and text data over high-capacity fiber-optic cables. We maintain leading positions in the fastest-growing OpComms markets, including reconfigurable optical add/drop multiplexers (“ROADMs”), tunable 10-gigabit small form-factor pluggable transceivers and tunable small form-factor pluggables. Our 10G, 40G legacy transceivers and a growing portfolio of 100G pluggable transceivers support LAN/SAN/WAN needs and the cloud for customers building enterprise and hyperscale data center networks.",Item 8,Not disclosed,,0,notes_to_financials,Note 17. Quarterly Financial Information (unaudited),2,True,2.0-5.0 ans | 3.0-5.0 ans,"score=7,idx=9303,zone=19639",827,OK,
0001633978,LITE,2017,0001633978_LITE_FY2017_10K.html,,,building and improvements,"Depreciation is computed by the straight-line method generally over the following estimated useful lives of the assets: 10 to 50 years for building and improvements, 3 to 5 years for machinery and equipment, and 2 to 5 years for furniture, fixtures, software and office equipment.",2.0,5.0,No,,"Our OpComms products include a wide range of components, modules and subsystems to support and maintain customers in our two primary markets: Telecom and Datacom. The Telecom market includes carrier networks for access (local), metro (intracity), long-haul (city-to-city and worldwide) and submarine (undersea) networks. The Datacom market addresses enterprise, cloud and data center applications, including storage-access networks (“SANs”), local-area networks (“LANs”) and wide-area networks (“WANs”). These products enable the transmission and transport of video, audio and text data over high-capacity fiber-optic cables. We maintain leading positions in the fast growing OpComms markets, including reconfigurable optical add/drop multiplexers (“ROADMs”), tunable 10-gigabit small form-factor pluggable transceivers and tunable small form-factor pluggable transceivers. Our 10G, 40G legacy transceivers and a growing portfolio of 100G pluggable transceivers support LAN/SAN/WAN needs and the cloud for customers building enterprise and hyperscale data center networks.",Item 8,Not disclosed,,0,notes_to_financials,Note 20. Quarterly Financial Information (unaudited),2,True,2.0-5.0 ans | 3.0-5.0 ans,"score=7,idx=9501,zone=22728",992,OK,
0001633978,LITE,2018,0001633978_LITE_FY2018_10K.html,,,building and improvements,"Depreciation is computed by the straight-line method generally over the following estimated useful lives of the assets: 10 to 50 years for building and improvements, 3 to 5 years for machinery and equipment, and 2 to 5 years for furniture, fixtures, software and office equipment.",2.0,5.0,No,,"Our OpComms products include a wide range of components, modules and subsystems to support and maintain customers including carrier networks for access (local), metro (intracity), long-haul (city-to-city and worldwide) and, submarine (undersea). Additionally, our products address enterprise, cloud, and data center applications, including SANs, LANs, and WANs. These products enable the transmission and transport of video, audio and text data over high-capacity fiber-optic cables. We maintain leading positions in these fast growing OpComms markets through our extensive product portfolio, including ROADMs, tunable 10-gigabit small form-factor pluggable transceivers and tunable small form-factor pluggable transceivers. Our 10G, 40G legacy transceivers and a growing portfolio of 100G pluggable transceivers support LAN/SAN/WAN needs and the cloud for customers building enterprise and hyperscale data center networks. Additionally, we are engaging customers in the sale of laser chips for use in the manufacture of high-speed transceivers.",Item 8,Not disclosed,,0,notes_to_financials,Note 20. Quarterly Financial Information (unaudited),2,True,2.0-5.0 ans | 3.0-5.0 ans,"score=7,idx=10369,zone=27449",1036,OK,
0001633978,LITE,2019,0001633978_LITE_FY2019_10K.html,,,equipment,"Property, plant and equipment are stated at cost. Depreciation is computed by the straight-line method generally over the following estimated useful lives of the assets:",,,No,,"On December 10, 2018, we completed our merger with Oclaro, Inc. (“Oclaro”), a provider of optical components and modules for the long-haul, metro and data center markets. Our consolidated financial statements include the operating results of Oclaro for the period from the date of acquisition through",Item 8,"Intangibles-Goodwill and Other-Internal-Use Software (Subtopic 350-40): Customer’s Accounting for Implementation Costs Incurred in a Cloud Computing Arrangement That Is a Service Contract. ||| On December 10, 2018, we acquired all of the outstanding common stock of Oclaro, a provider of optical components and modules for the long-haul, metro and data center markets. Oclaro’s products provide differentiated solutions for optical networks and high-speed interconnects driving the next wave of streaming video, cloud computing, application virtualization and other bandwidth-intensive and high-speed applications. This acquisition strengthens our product portfolio, including gaining Oclaro’s indium phosphide laser and photonic integrated circuit and coherent component and module capabilities; broadens our revenue mix; and positions us strongly to meet the future needs of our customers. ||| In August 2018, FASB issued ASU 2018-15, Intangibles-Goodwill and Other-Internal-Use Software (Subtopic 350-40): Customer’s Accounting for Implementation Costs Incurred in a Cloud Computing Arrangement That Is a Service Contract. ASU 2018-15 requires an entity in a hosting arrangement that is a service contract to follow the guidance in Subtopic 350-40 to determine which implementation costs to capitalize as an asset related to the service contract and which costs to expense. Implementation costs capitalized must be expensed over the term of the hosting arrangement, including the period covered by an option to extend the arrangement. The standard is effective for fiscal years beginning after December 15, 2019, and interim periods within those fiscal years, and should be applied either retrospectively or prospectively to all implementation costs incurred after the date of adoption. Early adoption is permitted, including adoption in any interim period, for all entities. We early adopted ASU 2018-15, which did not have a material impact on our consolidated financial statements.",,0,significant_accounting_policies,Note 20. Operating Segments and Geographic Information,3,False,,"score=7,idx=11188,zone=30195",1269,OK,
0001633978,LITE,2020,0001633978_LITE_FY2020_10K.html,,"June 27, 2020",building and improvements,"Depreciation is computed by the straight-line method generally over the following estimated useful lives of the assets: 10 to 40 years for building and improvements, 3 to 5 years for machinery and equipment, and 2 to 5 years for furniture, fixtures, software and office equipment.",2.0,5.0,No,,"On December 10, 2018, we completed our merger with Oclaro, Inc. (“Oclaro”), a provider of optical components and modules for the long-haul, metro and data center markets. Our consolidated financial statements include the operating results of Oclaro beginning from the date of acquisition. Refer to “ Note 4. Business Combinations ” for further discussion of the merger.",Item 8,"Our primary strategic focus for several years has been technology and product leadership combined with close customer relationships in long-term healthy and growing markets. We believe this strategy is even more apt, and our long-term opportunity is not diminished, with COVID-19. We believe there may be long-term opportunities, as the world’s experience with COVID-19 could drive an increasingly digital and virtual world touching all aspects of life and work that increasingly emphasizes communications systems, cloud services, augmented and virtual reality, and enhanced security. Additionally, ever advancing electronic devices are needed to consume, produce, and communicate digital and virtual content. All these trends could drive the need for higher volumes of higher performing optical devices that we could supply. As such, we expect to continue to invest strongly in new products, technology, and customer programs.",,0,significant_accounting_policies,Note 20. Operating Segments and Geographic Information,3,True,2.0-5.0 ans | 3.0-5.0 ans,"score=7,idx=15320,zone=31384",1214,OK,
0001633978,LITE,2021,0001633978_LITE_FY2021_10K.html,,2021-07-03,building and improvements,"Depreciation is computed by the straight-line method generally over the following estimated useful lives of the assets: 10 to 40 years for building and improvements, 3 to 5 years for machinery and equipment, and 2 to 5 years for furniture, fixtures, software and office equipment.",2.0,5.0,No,,"On December 10, 2018, we completed our merger with Oclaro, Inc. (“Oclaro”), a provider of optical components and modules for the long-haul, metro and data center markets. Our consolidated financial statements include the operating results of Oclaro beginning from the date of acquisition. Refer to “Note 4. Business Combinations” for further discussion of the merger.",Item 8,"Our primary strategic focus for several years has been technology and product leadership combined with close customer relationships in long-term healthy and growing markets. We believe this strategy is even more apt, and our long-term opportunity is not diminished, with COVID-19. We believe there are long-term opportunities, as the world’s experience with COVID-19 is driving an increasingly digital and virtual world touching all aspects of life and work that increasingly emphasizes communications systems, cloud services, augmented and virtual reality, and enhanced security. Additionally, ever advancing electronic devices are needed to consume, produce, and communicate digital and virtual content. All these trends could drive the need for higher volumes of higher performing optical devices that we could supply. As such, we expect to continue to invest strongly in new products, technology, and customer programs.",B100,1,significant_accounting_policies,Note 1. Description of Business and Summary of Significant Accounting Policies,3,True,2.0-5.0 ans | 3.0-5.0 ans,"score=5,idx=11215,zone=18270",959,OK,
0001633978,LITE,2022,0001633978_LITE_FY2022_10K.html,,2023-07-01,building and improvements,"Depreciation is computed by the straight-line method generally over the following estimated useful lives of the assets: 10 to 40 years for building and improvements, 3 to 10 years for machinery and equipment, and 2 to 5 years for furniture, fixtures, software and office equipment.",2.0,5.0,No,,"Our OpComms products include a wide range of components, modules and subsystems to support customers including carrier networks for access (local), metro (intracity), long-haul (city-to-city and worldwide) and submarine (undersea) applications. Additionally, our products address enterprise, cloud, and data center applications, including storage-access networks (“SANs”), local-area networks (“LANs”) and wide-area networks (“WANs”). These products enable the transmission and transport of video, audio and data over high-capacity fiber-optic cables. We maintain leading positions in these fast growing OpComms markets through our extensive product portfolio, including reconfigurable optical add/drop multiplexers (“ROADMs”), coherent dense wavelength division multiplexing (“DWDM”) pluggable transceivers, and tunable small form-factor pluggable transceivers. We also sell laser chips for use in manufacturing of high-speed Datacom transceivers.",Item 8,"On August 3, 2022 (the “Closing Date”), we completed our acquisition of NeoPhotonics Corporation (“NeoPhotonics”). The addition of NeoPhotonics expands our opportunity in some of the fastest growing markets for optical components used in cloud and telecom network infrastructure. We expect the integrated company to be better positioned to serve the needs of a global customer base who are increasingly utilizing photonics to accelerate the shift to digital and virtual approaches to work and life, the proliferation of IoT, 5G, and next-generation mobile networks, and the transition to advanced cloud computing architectures. ||| Our primary strategic focus for several years has been technology and product leadership combined with close customer relationships in long-term healthy and growing markets. We believe this strategy is even more apt, and our long-term opportunity is not diminished, with COVID-19. We believe there are long-term opportunities, as the world’s experience with COVID-19 could drive an increasingly digital and virtual world, touching all aspects of life and work, that increasingly emphasizes the importance of communications systems, cloud services, augmented and virtual reality, and enhanced security. Additionally, ever advancing electronic devices are needed to consume, produce, and communicate digital and virtual content. All these trends could drive the need for higher volumes of higher performing optical devices that we could supply. As such, we expect to continue to invest strongly in new products, technology and customer programs.",A100,1,significant_accounting_policies,Note 1. Description of Business and Summary of Significant Accounting Policies,3,True,2.0-5.0 ans | 3.0-10.0 ans,"score=5,idx=10325,zone=17018",932,OK,
0001633978,LITE,2023,0001633978_LITE_FY2023_10K.html,,2024-07-01,building and improvements,"Depreciation is computed by the straight-line method generally over the following estimated useful lives of the assets: 10 to 40 years for building and improvements, 3 to 10 years for machinery and equipment, and 2 to 5 years for furniture, fixtures, software and office equipment.",2.0,5.0,No,,"Our OpComms products include a wide range of components, modules and subsystems to support customers including carrier networks for access (local), metro (intracity), long-haul (city-to-city and worldwide) and submarine (undersea) applications. Additionally, our products address enterprise, cloud, and data center applications, including storage-access networks (“SANs”), local-area networks (“LANs”) and wide-area networks (“WANs”), as well as artificial intelligence and machine learning (“AI/ML”). These products enable the transmission and transport of video, audio and data over high-capacity fiber-optic cables. We maintain leading positions in these fast-growing OpComms markets through our extensive product portfolio, including reconfigurable optical add/drop multiplexers (“ROADMs”), coherent dense wavelength division multiplexing (“DWDM”) pluggable transceivers, and tunable small form-factor pluggable transceivers. We also sell laser chips for use in manufacturing of high-speed Datacom transceivers.",Item 8,"On August 3, 2022 (the “Closing date”), we completed our merger with NeoPhotonics Corporation (“NeoPhotonics”). The addition of NeoPhotonics expands our opportunities in some of the fastest growing markets for optical components used in cloud and telecom network infrastructure. The integrated company is better positioned to serve the needs of a global customer base who are increasingly utilizing photonics to accelerate the shift to digital and virtual approaches to work and life, the proliferation of IoT, 5G, and next-generation mobile networks, and the transition to advanced cloud computing architectures.",,0,significant_accounting_policies,Note 1. Description of Business and Summary of Significant Accounting Policies,3,True,2.0-5.0 ans | 3.0-10.0 ans,"score=5,idx=11213,zone=19256",1030,OK,
0001633978,LITE,2024,0001633978_LITE_FY2024_10K.html,,2025-06-28,building and improvements,"Depreciation is computed by the straight-line method generally over the following estimated useful lives of the assets: 10 to 40 years for building and improvements, 3 to 10 years for machinery and equipment, and 2 to 5 years for furniture, fixtures, software and office equipment.",2.0,5.0,No,,"Our Cloud & Networking products include a comprehensive portfolio of optical and photonic components, modules, and subsystems supplied to network operator and network equipment manufacturer customers building cloud data center infrastructure, including products for artificial intelligence and machine learning (“AI/ML”) and data center interconnect (“DCI”) applications, and communications service provider networks, including products for access (local), metro (intracity), long-haul (city-to-city and worldwide), and submarine (undersea) network infrastructure. Our Cloud & Networking products also support network equipment manufacturers building enterprise network infrastructure, including storage-area networks (“SANs”), local-area networks (“LANs”) and wide-area networks (“WANs”). Demand for our Cloud & Networking products is driven by the continual growth in network capacity required for cloud computing and services, including for AI/ML, streaming video and video conferencing, wireless and mobile devices, and internet of things (“IoT”).",Item 8,"Our Cloud & Networking products include a comprehensive portfolio of optical and photonic components, modules, and subsystems supplied to network operator and network equipment manufacturer customers building cloud data center infrastructure, including products for artificial intelligence and machine learning (“AI/ML”) and data center interconnect (“DCI”) applications, and communications service provider networks, including products for access (local), metro (intracity), long-haul (city-to-city and worldwide), and submarine (undersea) network infrastructure. Our Cloud & Networking products also support network equipment manufacturers building enterprise network infrastructure, including storage-area networks (“SANs”), local-area networks (“LANs”) and wide-area networks (“WANs”). Demand for our Cloud & Networking products is driven by the continual growth in network capacity required for cloud computing and services, including for AI/ML, streaming video and video conferencing, wireless and mobile devices, and internet of things (“IoT”).",,0,significant_accounting_policies,Note 1. Description of Business and Summary of Significant Accounting Policies,3,True,2.0-5.0 ans | 3.0-10.0 ans,"score=5,idx=10566,zone=17883",1100,OK,
