firm_cik,firm_ticker,fiscal_year,filename,filing_date,period_end_date,asset_category,useful_life_text,useful_life_min_years,useful_life_max_years,policy_change,policy_change_text,ai_infra_text,ai_infra_source,segment_ai_text,hardware_mentions,hardware_count,source_section,section_title,confidence,ambiguity_flag,ambiguity_detail,item8_method,item8_segment_count,extraction_status,error_message
0000016160,CALM,2013,0000016160_CALM_FY2013_10K.html,,,machinery and equipment,"Depreciation is provided by the straight-line method over the estimated useful lives, which are 15 to 25 years for buildings
and improvements and 3 to 12 years for machinery and equipment. When property, plant, and equipment are retired, sold,
or otherwise disposed of, the asset’s carrying amount and related accumulated depreciation are removed from the accounts
and any gain or loss is included in operations.",3.0,12.0,No,,Not disclosed,,Not disclosed,,0,significant_accounting_policies,1. Significant Accounting Policies,3,False,,"score=7,idx=6218,zone=10280",417,OK,
0000016160,CALM,2014,0000016160_CALM_FY2014_10K.html,,,buildings and improvements,"Depreciation is provided by the straight-line method over the estimated useful lives, which are 15 to 25 years for buildings and improvements and 3 to 12 years for machinery and equipment. When property, plant, and equipment are retired, sold, or otherwise disposed of, the asset’s carrying amount and related accumulated depreciation are removed from the accounts and any gain or loss is included in operations. The Company capitalizes interest cost incurred on funds used to construct property, plant, and equipment as part of the asset to which it relates , and is amortized over the asset’s estimated useful life .",3.0,12.0,No,,Not disclosed,,Not disclosed,,0,significant_accounting_policies,1. Significant Accounting Policies,3,False,,"score=7,idx=9687,zone=13868",757,OK,
0000016160,CALM,2015,0000016160_CALM_FY2015_10K.html,,,buildings and improvements,"Depreciation is provided by the straight-line method over the estimated useful lives, which are 15 to 25 years for buildings and improvements and 3 to 12 years for machinery and equipment. When property, plant, and equipment are retired, sold, or otherwise disposed of, the asset’s carrying amount and related accumulated depreciation are removed from the accounts and any gain or loss is included in operations. The Company capitalizes interest cost incurred on funds used to construct property, plant, and equipment as part of the asset to which it relates , and is amortized over the asset’s estimated useful life.",3.0,12.0,No,,Not disclosed,,Not disclosed,,0,significant_accounting_policies,0. A,3,False,,"score=7,idx=10507,zone=13826",735,OK,
0000016160,CALM,2016,0000016160_CALM_FY2016_10K.html,,,buildings and improvements,"Depreciation is provided by the straight-line method over the estimated useful lives, which are 15 to 25 years for buildings and improvements and 3 to 12 years for machinery and equipment. When property, plant, and equipment are retired, sold, or otherwise disposed of, the asset’s carrying amount and related accumulated depreciation are removed from the accounts and any gain or loss is included in operations. The Company capitalizes interest cost incurred on funds used to construct property, plant, and equipment as part of the asset to which it relates , and is amortized over the asset’s estimated useful life.",3.0,12.0,No,,Not disclosed,,Not disclosed,,0,significant_accounting_policies,1. Significant Accounting Policies,3,False,,"score=7,idx=10633,zone=12532",702,OK,
0000016160,CALM,2017,0000016160_CALM_FY2017_10K.html,,,equipment,"Property, plant and equipment are stated at cost. Depreciation is provided by the straight-line method over the estimated useful lives, which are",,,No,,Not disclosed,,Not disclosed,,0,significant_accounting_policies,1. Significant Accounting Policies,3,False,,"score=7,idx=15458,zone=18719",545,OK,
0000016160,CALM,2018,0000016160_CALM_FY2018_10K.html,,,equipment,"Property, plant and equipment are stated at cost. Depreciation is provided by the straight-line method over the estimated useful lives, which are",,,No,,Not disclosed,,Not disclosed,,0,significant_accounting_policies,1. Significant Accounting Policies,3,False,,"score=7,idx=15782,zone=18575",593,OK,
0000016160,CALM,2019,0000016160_CALM_FY2019_10K.html,,"June 1, 2019",buildings and improvements,"Depreciation is provided by the straight-line method over the estimated useful lives, which are 15 to 25 years for buildings and improvements and 3 to 12 years for machinery and equipment. When property, plant, and equipment are retired, sold, or otherwise disposed of, the asset’s carrying amount and related accumulated depreciation are removed from the accounts and any gain or loss is included in operations. The Company capitalizes interest cost incurred on funds used to construct property, plant, and equipment as part of the asset to which it relates, and is amortized over the asset’s estimated useful life.",3.0,12.0,No,,Not disclosed,,Not disclosed,,0,significant_accounting_policies,1. Significant Accounting Policies,3,False,,"score=7,idx=13666,zone=19549",561,OK,
0000016160,CALM,2020,0000016160_CALM_FY2020_10K.html,,"May 30, 2020",buildings and improvements,"Depreciation is provided by the straight-line method over the estimated useful lives, which are 15 to 25 years for buildings and improvements and 3 to 12 years for machinery and equipment. When property, plant, and equipment are retired, sold, or otherwise disposed of, the asset’s carrying amount and related accumulated depreciation are removed from the accounts and any gain or loss is included in operations. The Company capitalizes interest cost incurred on funds used to construct property, plant, and equipment as part of the asset to which it relates, and is amortized over the asset’s estimated useful life.",3.0,12.0,No,,Not disclosed,,"In August 2018, the FASB issued ASU 2018-15, Intangibles – Goodwill and Other – Internal-Use Software (Subtopic 350-40) Customer’s Accounting for Implementation Costs Incurred in a Cloud Computing Arrangement that is a Service Contract, which aligns the requirements for capitalizing implementation costs incurred in a hosting arrangement that is a service contract with the requirements for capitalizing implementation costs incurred to develop or obtain internal-use software. This standard will be effective for interim and annual reporting periods beginning after December 15, 2019, our fiscal 2021. Early adoption is permitted. The application of the guidance requires various transition methods depending on the specific amendment and the prospective transition method should be applied. We do not expect the adoption of this guidance to have a material impact on our consolidated financial statements.",,0,significant_accounting_policies,Note 1 - Summary of Significant Accounting Policies,3,False,,"score=5,idx=8691,zone=13337",479,OK,
0000016160,CALM,2021,0000016160_CALM_FY2021_10K.html,,"May 29, 2021",buildings and improvements,"Depreciation is provided by the straight-line method over the estimated useful lives, which are 15 to 25 years for buildings and improvements and 3 to 12 years for machinery and equipment. When property, plant, and equipment are retired, sold, or otherwise disposed of, the asset’s carrying amount and related accumulated depreciation are removed from the accounts and any gain or loss is included in operations. The Company capitalizes interest cost incurred on funds used to construct property, plant, and equipment as part of the asset to which it relates, and is amortized over the asset’s estimated useful life.",3.0,12.0,No,,Not disclosed,,Not disclosed,A100,1,significant_accounting_policies,Note 1 - Summary of Significant Accounting Policies,3,False,,"score=7,idx=10832,zone=7912",950,OK,
0000016160,CALM,2022,0000016160_CALM_FY2022_10K.html,,"May 28, 2022",buildings and improvements,"Depreciation is provided by the straight-line method over the estimated useful lives, which are 15 to 25 years for buildings and improvements and 3 to 12 years for machinery and equipment. When property, plant, and equipment are retired, sold, or otherwise disposed of, the asset’s carrying amount and related accumulated depreciation are removed from the accounts and any gain or loss is included in operations. The Company capitalizes interest cost incurred on funds used to construct property, plant, and equipment as part of the asset to which it relates and amortizes such cost over the asset’s estimated useful life.",3.0,12.0,No,,Not disclosed,,Not disclosed,,0,significant_accounting_policies,Note 1 - Summary of Significant Accounting Policies,3,False,,"score=7,idx=12370,zone=8145",958,OK,
0000016160,CALM,2024,0000016160_CALM_FY2024_10K.html,,"June 1, 2024",buildings and improvements,"Depreciation is provided by the straight-line method over the estimated useful lives, which are 15 to 25 years for buildings and improvements and 3 to 12 years for machinery and equipment. When property, plant, and equipment are retired, sold, or otherwise disposed of, the asset’s carrying amount and related accumulated depreciation are removed from the accounts and any gain or loss is included in operations.",3.0,12.0,No,,Not disclosed,,Not disclosed,,0,significant_accounting_policies,Note 1 - Summary of Significant Accounting Policies,3,False,,"score=7,idx=12427,zone=8076",880,OK,
0000797721,VSAT,2013,0000797721_VSAT_FY2013_10K.html,,"April 4, 2014",Not disclosed,Not disclosed,,,No,,"Total cost of revenues increased $212.2 million during fiscal year 2013 when compared to fiscal year 2012
principally related to a cost of service revenues increase of approximately $130.0 million. Cost of service revenues increased from $233.2 million to $363.2 million during fiscal year 2013 when compared to fiscal year 2012 primarily due to an
increase in service revenues, which caused an increase of approximately $97.0 million in cost of service revenues on a constant margin basis, mainly related to government satellite communications systems services in our government systems segment
and our Exede broadband services in our satellite services segment. Additionally, in fiscal year 2013 we experienced an increase of cost of service revenues associated with our ViaSat-1 satellite, data center, billing system and costs in connection
with our Exede broadband services, which commenced commercial operation in January 2012. Cost of product revenues increased from $402.8 million to $485.0 million during fiscal year 2013 when compared to fiscal year 2012 primarily due to increased
product revenues, which caused an increase of approximately $90.9 million in cost of product revenues on a constant margin basis, mainly related to consumer broadband products in our commercial networks segment and government satellite
communications systems in our government systems segment. This increase in cost of product revenues was partially offset by improved margins in our commercial networks segment mainly related to consumer broadband products.",MD&A (Item 7),Not disclosed,,0,unknown,,0,False,,"score=7,idx=11259,zone=566",12,OK,
0000797721,VSAT,2014,0000797721_VSAT_FY2014_10K.html,,"April 3, 2015",Not disclosed,Not disclosed,,,No,,Not disclosed,,Not disclosed,,0,unknown,,0,False,,"score=7,idx=11162,zone=566",12,OK,
0000797721,VSAT,2015,0000797721_VSAT_FY2015_10K.html,,"March 31, 2016",Not disclosed,Not disclosed,,,No,,Not disclosed,,Not disclosed,,0,unknown,,0,False,,"score=7,idx=11136,zone=562",14,OK,
0000797721,VSAT,2016,0000797721_VSAT_FY2016_10K.html,,"March 31, 2017",Not disclosed,Not disclosed,,,No,,Not disclosed,,Not disclosed,,0,unknown,,0,False,,"score=7,idx=11634,zone=573",12,OK,
0000797721,VSAT,2017,0000797721_VSAT_FY2017_10K.html,,"March 31, 2018",Not disclosed,Not disclosed,,,No,,Not disclosed,,Not disclosed,,0,unknown,,0,False,,"score=7,idx=8792,zone=542",18,OK,
0000797721,VSAT,2018,0000797721_VSAT_FY2018_10K.html,,2019-03-31,Not disclosed,Not disclosed,,,No,,Not disclosed,,Not disclosed,,0,unknown,,0,False,,"score=7,idx=11985,zone=541",19,OK,
0000797721,VSAT,2019,0000797721_VSAT_FY2019_10K.html,,2020-06-30,Not disclosed,Not disclosed,,,No,,Not disclosed,,Not disclosed,,0,unknown,,0,False,,"score=7,idx=10406,zone=545",15,OK,
0000797721,VSAT,2020,0000797721_VSAT_FY2020_10K.html,,2021-04-30,Not disclosed,Not disclosed,,,No,,Not disclosed,,Not disclosed,,0,unknown,,0,False,,"score=7,idx=8728,zone=7",5,OK,
0000797721,VSAT,2021,0000797721_VSAT_FY2021_10K.html,,"March 31, 2022",Not disclosed,Not disclosed,,,No,,Not disclosed,,Not disclosed,B200,1,unknown,,0,False,,"score=7,idx=9549,zone=808",18,OK,
0000797721,VSAT,2022,0000797721_VSAT_FY2022_10K.html,,"March 31, 2023",Not disclosed,Not disclosed,,,No,,Not disclosed,,Not disclosed,B100,1,unknown,,0,False,,"score=7,idx=11705,zone=1599",20,OK,
0000797721,VSAT,2023,0000797721_VSAT_FY2023_10K.html,,2024-05-24,Not disclosed,Not disclosed,,,No,,Not disclosed,,Not disclosed,,0,unknown,,0,False,,"score=7,idx=10080,zone=1609",26,OK,
0000797721,VSAT,2024,0000797721_VSAT_FY2024_10K.html,,2025-05-02,Not disclosed,Not disclosed,,,No,,Not disclosed,,Not disclosed,,0,unknown,,0,False,,"score=7,idx=11574,zone=1588",20,OK,
0000812011,MTN,2013,0000812011_MTN_FY2013_10K.html,,"July 31, 2013","Machinery and equipment, Furniture and fixtures, equipment","July 31, 2013 2012 Land and land improvements $ 343,982 $ 281,729 Buildings and building improvements 884,307 838,780 Machinery and equipment 646,102 563,309 Furniture and fixtures 259,693 243,587 Software 92,553 81,659 Vehicles 49,356 44,798 Construction in progress 49,102 36,979 Gross property, plant and equipment 2,325,095 2,090,841 Accumulated depreciation (1,155,807 ) (1,041,634 ) Property, plant and equipment, net $ 1,169,288 $ 1,049,207",,,No,,Not disclosed,,Not disclosed,,0,item_8_other,,1,False,,"score=6,idx=12871,zone=21516",557,OK,
0000812011,MTN,2014,0000812011_MTN_FY2014_10K.html,,"July 31, 2014","Machinery and equipment, Furniture and fixtures, equipment","July 31, 2014 2013 Land and land improvements $ 348,328 $ 343,982 Buildings and building improvements 907,280 884,307 Machinery and equipment 700,745 646,102 Furniture and fixtures 269,209 259,693 Software 98,653 92,553 Vehicles 55,724 49,356 Construction in progress 31,487 49,102 Gross property, plant and equipment 2,411,426 2,325,095 Accumulated depreciation (1,263,436 ) (1,155,807 ) Property, plant and equipment, net $ 1,147,990 $ 1,169,288",,,No,,Not disclosed,,Not disclosed,,0,item_8_other,,1,False,,"score=6,idx=12980,zone=21390",544,OK,
0000812011,MTN,2015,0000812011_MTN_FY2015_10K.html,,"July 31, 2015","Machinery and equipment, Furniture and fixtures, equipment","July 31, 2015 2014 Land and land improvements $ 431,854 $ 348,328 Buildings and building improvements 1,006,821 907,280 Machinery and equipment 815,946 700,745 Furniture and fixtures 286,863 269,209 Software 106,433 98,653 Vehicles 61,036 55,724 Construction in progress 53,158 31,487 Gross property, plant and equipment 2,762,111 2,411,426 Accumulated depreciation (1,375,836 ) (1,263,436 ) Property, plant and equipment, net $ 1,386,275 $ 1,147,990",,,No,,Not disclosed,,"In April 2015, the FASB issued ASU No. 2015-05, ""Intangibles - Goodwill and Other - Internal-Use Software (Subtopic 350-40): Customer’s Accounting for Fees Paid in a Cloud Computing Arrangement."" The standard provides guidance about whether a cloud computing arrangement includes a software license. If a cloud computing arrangement includes a software license, then the software license element of the arrangement should be accounted for as an acquisition of a software license. If a cloud computing arrangement does not include a software license, it should be accounted for as a service contract. The standard will be effective for the first interim period within fiscal years beginning after December 15, 2015 (the Company’s 2017 first fiscal quarter) and may be adopted either retrospectively or prospectively. The Company is evaluating the impacts, if any, the adoption of this accounting standard will have on the Company's financial position or results of operations and cash flows.",,0,notes_to_financials,4. Long-Term Debt,2,False,,"score=6,idx=12798,zone=15315",759,OK,
0000812011,MTN,2016,0000812011_MTN_FY2016_10K.html,,"July 31, 2016","Machinery and equipment, Furniture and fixtures, equipment","July 31, 2016 2015 Land and land improvements $ 440,300 $ 431,854 Buildings and building improvements 1,025,515 1,006,821 Machinery and equipment 866,008 815,946 Furniture and fixtures 284,959 286,863 Software 103,754 106,433 Vehicles 58,159 61,036 Construction in progress 39,396 53,158 Gross property, plant and equipment 2,818,091 2,762,111 Accumulated depreciation (1,454,277 ) (1,375,836 ) Property, plant and equipment, net $ 1,363,814 $ 1,386,275",,,No,,Not disclosed,,"In April 2015, the FASB issued ASU No. 2015-05, “Intangibles - Goodwill and Other - Internal-Use Software (Subtopic 350-40): Customer’s Accounting for Fees Paid in a Cloud Computing Arrangement.” The standard provides guidance about whether a cloud computing arrangement includes a software license. If a cloud computing arrangement includes a software license, then the software license element of the arrangement should be accounted for as an acquisition of a software license. If a cloud computing arrangement does not include a software license, it should be accounted for as a service contract. The standard will be effective for the first interim period within fiscal years beginning after December 15, 2015 (the Company’s first quarter of fiscal 2017) and may be adopted either retrospectively or prospectively. The adoption of this accounting standard is not expected to have a material impact on the Company’s financial position or results of operations and cash flows.",,0,notes_to_financials,1. Organization and Business,2,False,,"score=6,idx=12863,zone=14926",729,OK,
0000812011,MTN,2017,0000812011_MTN_FY2017_10K.html,,"July 31, 2017","Machinery and equipment, Furniture and fixtures, equipment","July 31, 2017 2016 Land and land improvements $ 553,655 $ 440,300 Buildings and building improvements 1,210,864 1,025,515 Machinery and equipment 987,080 866,008 Furniture and fixtures 280,292 284,959 Software 108,048 103,754 Vehicles 59,596 58,159 Construction in progress 49,359 39,396 Gross property, plant and equipment 3,248,894 2,818,091 Accumulated depreciation (1,534,740 ) (1,454,277 ) Property, plant and equipment, net $ 1,714,154 $ 1,363,814",,,No,,Not disclosed,,Not disclosed,,0,notes_to_financials,1. Organization and Business,2,False,,"score=6,idx=13878,zone=16680",828,OK,
0000812011,MTN,2018,0000812011_MTN_FY2018_10K.html,,"July 31, 2018","Machinery and equipment, Furniture and fixtures, equipment","July 31, 2018 2017 Land and land improvements $ 552,271 $ 553,655 Buildings and building improvements 1,193,528 1,210,864 Machinery and equipment 1,007,250 987,080 Furniture and fixtures 283,694 280,292 Software 113,699 108,048 Vehicles 60,697 59,596 Construction in progress 59,579 49,359 Gross property, plant and equipment 3,270,718 3,248,894 Accumulated depreciation (1,643,499 ) (1,534,740 ) Property, plant and equipment, net $ 1,627,219 $ 1,714,154",,,No,,Not disclosed,,Not disclosed,,0,notes_to_financials,1. Organization and Business,2,False,,"score=6,idx=14028,zone=16788",835,OK,
0000812011,MTN,2019,0000812011_MTN_FY2019_10K.html,,"July 31, 2019","Machinery and equipment, Furniture and fixtures, equipment","July 31, 2019 2018 Land and land improvements $ 619,561 $ 552,271 Buildings and building improvements 1,284,438 1,193,528 Machinery and equipment 1,160,817 1,007,250 Furniture and fixtures 309,271 283,694 Software 118,815 113,699 Vehicles 65,556 60,697 Construction in progress 79,282 59,579 Gross property, plant and equipment 3,637,740 3,270,718 Accumulated depreciation (1,795,240 ) (1,643,499 ) Property, plant and equipment, net $ 1,842,500 $ 1,627,219",,,No,,Not disclosed,,Not disclosed,,0,notes_to_financials,1. Organization and Business,2,False,,"score=6,idx=13930,zone=17763",883,OK,
0000812011,MTN,2020,0000812011_MTN_FY2020_10K.html,,"July 31, 2020","Machinery and equipment, Furniture and fixtures, equipment","July 31, 2020 2019 Land and land improvements $ 750,714 $ 619,561 Buildings and building improvements 1,475,661 1,284,438 Machinery and equipment 1,361,178 1,160,817 Furniture and fixtures 308,267 309,271 Software 104,223 118,815 Vehicles 80,510 65,556 Construction in progress 81,967 79,282 Gross property, plant and equipment 4,162,520 3,637,740 Accumulated depreciation (1,969,841 ) (1,795,240 ) Property, plant and equipment, net $ 2,192,679 $ 1,842,500",,,No,,Not disclosed,,Not disclosed,,0,notes_to_financials,8. Supplementary Balance Sheet Information,2,False,,"score=6,idx=16279,zone=19320",946,OK,
0000812011,MTN,2021,0000812011_MTN_FY2021_10K.html,,2021-10-22,"Machinery and equipment, Furniture and fixtures, equipment","July 31, 2021 2020 Land and land improvements $ 756,517 $ 750,714 Buildings and building improvements 1,496,402 1,475,661 Machinery and equipment 1,417,705 1,361,178 Furniture and fixtures 308,432 308,267 Software 122,778 104,223 Vehicles 80,328 80,510 Construction in progress 67,710 81,967 Gross property, plant and equipment 4,249,872 4,162,520 Accumulated depreciation (2,181,996) (1,969,841) Property, plant and equipment, net $ 2,067,876 $ 2,192,679",,,No,,Not disclosed,,Not disclosed,B200,1,significant_accounting_policies,8. Supplementary Balance Sheet Information,3,False,,"score=5,idx=11004,zone=9658",698,OK,
0000812011,MTN,2022,0000812011_MTN_FY2022_10K.html,,2022-10-24,"Machinery and equipment, Furniture and fixtures, equipment","July 31, 2022 2021 Land and land improvements $ 763,432 $ 756,517 Buildings and building improvements 1,545,571 1,496,402 Machinery and equipment 1,505,236 1,417,705 Furniture and fixtures 307,867 308,432 Software 138,058 122,778 Vehicles 81,927 80,328 Construction in progress 127,282 67,710 Gross property, plant and equipment 4,469,373 4,249,872 Accumulated depreciation (2,351,321) (2,181,996) Property, plant and equipment, net $ 2,118,052 $ 2,067,876",,,Yes,"Year Ended July 31, 2022 2021 2020 Net revenue: Mountain and Lodging services and other $ 2,116,547 $ 1,650,055 $ 1,578,463 Mountain and Lodging retail and dining 408,657 257,885 380,394 Resort net revenue 2,525,204 1,907,940 1,958,857 Real Estate 708 1,770 4,847 Total net revenue 2,525,912 1,909,710 1,963,704 Operating expense (exclusive of depreciation and amortization shown separately below): Mountain and Lodging operating expense 1,180,963 960,453 1,019,437 Mountain and Lodging retail and dining cost of products sold 162,414 112,536 159,066 General and administrative 347,493 296,993 278,695 Resort operating expense 1,690,870 1,369,982 1,457,198 Real Estate 5,911 6,676 9,182 Total segment operating expense 1,696,781 1,376,658 1,466,380 Other operating (expense) income: Depreciation and amortization (252,391) (252,585) (249,572) Gain on sale of real property 1,276 324 207 Asset impairments (Note 2) — — (28,372) Change in estimated fair value of contingent consideration (Note 9) (20,280) (14,402) 2,964 Gain (loss) on disposal of fixed assets and other, net 43,992 (5,373) 838 Income from operations 601,728 261,016 223,389 Interest expense, net (148,183) (151,399) (106,721) Mountain equity investment income, net 2,580 6,698 1,690 Investment income and other, net 3,718 586 1,305 Foreign currency (loss) gain on intercompany loans (Note 6) (2,682) 8,282 (3,230) Income before provision for income taxes 457,161 125,183 116,433 Provision for income taxes (Note 10) (88,824) (726) (7,378) Net income 368,337 124,457 109,055 Net (income) loss attributable to noncontrolling interests (20,414) 3,393 (10,222) Net income attributable to Vail Resorts, Inc. $ 347,923 $ 127,850 $ 98,833 Per share amounts (Note 5): Basic net income per share attributable to Vail Resorts, Inc. $ 8.60 $ 3.17 $ 2.45 Diluted net income per share attributable to Vail Resorts, Inc. $ 8.55 $ 3.13 $ 2.42 Cash dividends declared per share $ 5.58 $ — $ 5.28",Not disclosed,,Not disclosed,A100,1,significant_accounting_policies,8. Supplementary Balance Sheet Information,3,False,,"score=5,idx=9658,zone=9086",678,OK,
0000812011,MTN,2023,0000812011_MTN_FY2023_10K.html,,2023-10-26,"Machinery and equipment, Furniture and fixtures, equipment","July 31, 2023 2022 Land and land improvements $ 796,730 $ 763,432 Buildings and building improvements 1,643,517 1,545,571 Machinery and equipment 1,792,378 1,505,236 Furniture and fixtures 298,725 307,867 Software 152,033 138,058 Vehicles 87,298 81,927 Construction in progress 134,113 127,282 Gross property, plant and equipment 4,904,794 4,469,373 Accumulated depreciation (2,533,237) (2,351,321) Property, plant and equipment, net $ 2,371,557 $ 2,118,052",,,Yes,"Year Ended July 31, 2023 2022 2021 Net revenue: Mountain and Lodging services and other $ 2,372,175 $ 2,116,547 $ 1,650,055 Mountain and Lodging retail and dining 509,124 408,657 257,885 Resort net revenue 2,881,299 2,525,204 1,907,940 Real Estate 8,065 708 1,770 Total net revenue 2,889,364 2,525,912 1,909,710 Operating expense (exclusive of depreciation and amortization shown separately below): Mountain and Lodging operating expense 1,454,324 1,180,963 960,453 Mountain and Lodging retail and dining cost of products sold 203,278 162,414 112,536 General and administrative 389,465 347,493 296,993 Resort operating expense 2,047,067 1,690,870 1,369,982 Real Estate 10,635 5,911 6,676 Total segment operating expense 2,057,702 1,696,781 1,376,658 Other operating (expense) income: Depreciation and amortization (268,501) (252,391) (252,585) Gain on sale of real property 842 1,276 324 Change in estimated fair value of contingent consideration (Note 9) (49,836) (20,280) (14,402) (Loss) gain on disposal of fixed assets and other, net (9,070) 43,992 (5,373) Income from operations 505,097 601,728 261,016 Interest expense, net (153,022) (148,183) (151,399) Mountain equity investment income, net 605 2,580 6,698 Investment income and other, net 23,744 3,718 586 Foreign currency (loss) gain on intercompany loans (Note 6) (2,907) (2,682) 8,282 Income before provision for income taxes 373,517 457,161 125,183 Provision for income taxes (Note 10) (88,414) (88,824) (726) Net income 285,103 368,337 124,457 Net (income) loss attributable to noncontrolling interests (16,955) (20,414) 3,393 Net income attributable to Vail Resorts, Inc. $ 268,148 $ 347,923 $ 127,850 Per share amounts (Note 5): Basic net income per share attributable to Vail Resorts, Inc. $ 6.76 $ 8.60 $ 3.17 Diluted net income per share attributable to Vail Resorts, Inc. $ 6.74 $ 8.55 $ 3.13 Cash dividends declared per share $ 7.94 $ 5.58 $ —",Not disclosed,,Not disclosed,,0,significant_accounting_policies,8. Supplementary Balance Sheet Information,3,False,,"score=5,idx=9548,zone=9166",667,OK,
0000812011,MTN,2024,0000812011_MTN_FY2024_10K.html,,2024-10-24,"Machinery and equipment, Furniture and fixtures, equipment","July 31, 2024 2023 Land and land improvements $ 804,287 $ 796,730 Buildings and building improvements 1,682,734 1,643,517 Machinery and equipment 1,984,549 1,792,378 Furniture and fixtures 316,510 298,725 Software 161,502 152,033 Vehicles 91,951 87,298 Construction in progress 116,872 134,113 Gross property, plant and equipment 5,158,405 4,904,794 Accumulated depreciation (2,735,770) (2,533,237) Property, plant and equipment, net $ 2,422,635 $ 2,371,557",,,Yes,"Year Ended July 31, 2024 2023 2022 Net revenue: Mountain and Lodging services and other $ 2,388,227 $ 2,372,175 $ 2,116,547 Mountain and Lodging retail and dining 492,260 509,124 408,657 Resort net revenue 2,880,487 2,881,299 2,525,204 Real Estate 4,704 8,065 708 Total net revenue 2,885,191 2,889,364 2,525,912 Operating expense (exclusive of depreciation and amortization shown separately below): Mountain and Lodging operating expense 1,458,369 1,454,324 1,180,963 Mountain and Lodging retail and dining cost of products sold 188,054 203,278 162,414 General and administrative 410,027 389,465 347,493 Resort operating expense 2,056,450 2,047,067 1,690,870 Real Estate 9,514 10,635 5,911 Total segment operating expense 2,065,964 2,057,702 1,696,781 Other operating (expense) income: Depreciation and amortization (276,493) (268,501) (252,391) Gain on sale of real property 6,285 842 1,276 Change in estimated fair value of contingent consideration (Note 9) (47,957) (49,836) (20,280) (Loss) gain on disposal of fixed assets and other, net (9,633) (9,070) 43,992 Income from operations 491,429 505,097 601,728 Interest expense, net (161,839) (153,022) (148,183) Mountain equity investment income, net 1,053 605 2,580 Investment income and other, net 18,592 23,744 3,718 Foreign currency loss on intercompany loans (Note 6) (4,140) (2,907) (2,682) Income before provision for income taxes 345,095 373,517 457,161 Provision for income taxes (Note 10) (98,816) (88,414) (88,824) Net income 246,279 285,103 368,337 Net income attributable to noncontrolling interests (15,874) (16,955) (20,414) Net income attributable to Vail Resorts, Inc. $ 230,405 $ 268,148 $ 347,923 Per share amounts (Note 5): Basic net income per share attributable to Vail Resorts, Inc. $ 6.08 $ 6.76 $ 8.60 Diluted net income per share attributable to Vail Resorts, Inc. $ 6.07 $ 6.74 $ 8.55 Cash dividends declared per share $ 8.56 $ 7.94 $ 5.58",Not disclosed,,Not disclosed,,0,significant_accounting_policies,8. Supplementary Balance Sheet Information,3,False,,"score=5,idx=9747,zone=9162",657,OK,
0000849869,SLGN,2013,0000849869_SLGN_FY2013_10K.html,,"December 31, 2013",Not disclosed,Not disclosed,,,No,,Not disclosed,,Not disclosed,,0,unknown,,0,False,,"score=2,idx=551,zone=20",0,OK,
0000849869,SLGN,2014,0000849869_SLGN_FY2014_10K.html,,"December 31, 2014",Not disclosed,Not disclosed,,,No,,Not disclosed,,Not disclosed,,0,unknown,,0,False,,"score=2,idx=542,zone=20",0,OK,
0000849869,SLGN,2015,0000849869_SLGN_FY2015_10K.html,,"December 31, 2015",Not disclosed,Not disclosed,,,No,,Not disclosed,,Not disclosed,,0,unknown,,0,False,,"score=2,idx=542,zone=20",0,OK,
0000849869,SLGN,2016,0000849869_SLGN_FY2016_10K.html,,"December 31, 2016",Not disclosed,Not disclosed,,,No,,Not disclosed,,Not disclosed,,0,unknown,,0,False,,"score=2,idx=547,zone=20",0,OK,
0000849869,SLGN,2017,0000849869_SLGN_FY2017_10K.html,,"December 31, 2017",Not disclosed,Not disclosed,,,No,,Not disclosed,,Not disclosed,,0,unknown,,0,False,,"score=2,idx=548,zone=20",0,OK,
0000849869,SLGN,2018,0000849869_SLGN_FY2018_10K.html,,"December 31, 2018",Not disclosed,Not disclosed,,,No,,Not disclosed,,Not disclosed,,0,unknown,,0,False,,"score=2,idx=548,zone=20",0,OK,
0000849869,SLGN,2019,0000849869_SLGN_FY2019_10K.html,,"December 31, 2019",Not disclosed,Not disclosed,,,No,,Not disclosed,,Not disclosed,,0,unknown,,0,False,,"score=2,idx=3715,zone=20",0,OK,
0000849869,SLGN,2020,0000849869_SLGN_FY2020_10K.html,,"December 31, 2020",Not disclosed,Not disclosed,,,No,,Not disclosed,,Not disclosed,,0,unknown,,0,False,,"score=2,idx=3582,zone=14",1,OK,
0000849869,SLGN,2021,0000849869_SLGN_FY2021_10K.html,,"December 31, 2021",Not disclosed,Not disclosed,,,No,,Not disclosed,,Not disclosed,A100,1,unknown,,0,False,,"score=2,idx=3887,zone=14",1,OK,
0000849869,SLGN,2022,0000849869_SLGN_FY2022_10K.html,,"December 31, 2022",Not disclosed,Not disclosed,,,No,,Not disclosed,,Not disclosed,B100,1,unknown,,0,False,,"score=2,idx=3861,zone=14",1,OK,
0000849869,SLGN,2023,0000849869_SLGN_FY2023_10K.html,,2023-12-31,Not disclosed,Not disclosed,,,No,,Not disclosed,,Not disclosed,,0,unknown,,0,False,,"score=2,idx=3760,zone=14",1,OK,
0000849869,SLGN,2024,0000849869_SLGN_FY2024_10K.html,,2024-12-31,Not disclosed,Not disclosed,,,No,,Not disclosed,,Not disclosed,,0,unknown,,0,False,,"score=2,idx=3794,zone=14",1,OK,
0000887359,VCEL,2013,0000887359_VCEL_FY2013_10K.html,,"December 31, 2013",Equipment,"Property and Equipment — Property and equipment is recorded at cost and depreciated or amortized using the straight-line method over the estimated useful life of the asset (primarily three to five years) or the underlying lease term for leasehold improvements, whichever is shorter.",3.0,5.0,No,,Not disclosed,,Not disclosed,,0,significant_accounting_policies,1. Organization and Summary of Significant Accounting Policies,3,False,,"score=4,idx=3776,zone=9101",311,OK,
0000887359,VCEL,2014,0000887359_VCEL_FY2014_10K.html,,"December 31, 2014",equipment,"The depreciable value of property, plant and equipment, net of any residual value, is depreciated on a straight line basis over the useful life of the asset. The useful lives of property, plant and equipment are as follows:",,,No,,Not disclosed,,Not disclosed,,0,significant_accounting_policies,2. Summary of Significant Accounting Policies,3,False,,"score=4,idx=6024,zone=8943",332,OK,
0000887359,VCEL,2015,0000887359_VCEL_FY2015_10K.html,,"December 31, 2015","Machinery and equipment, Furniture, office equipment, Computer equipment","(In thousands) 2015 2014 Machinery and equipment $ 3,280 $ 3,135 Furniture, fixtures and office equipment 931 777 Computer equipment and software 2,662 667 Leasehold improvements 2,393 1,691 Construction in process 421 1,019 9,687 7,289 Less accumulated depreciation (5,638 ) (4,397 ) Property and Equipment $ 4,049 $ 2,892",,,No,,Not disclosed,,Not disclosed,,0,significant_accounting_policies,1. Organization,3,False,,"score=4,idx=9675,zone=11571",535,OK,
0000887359,VCEL,2016,0000887359_VCEL_FY2016_10K.html,,"December 31, 2016","Machinery and equipment, Furniture, office equipment, Computer equipment","(In thousands) 2016 2015 Machinery and equipment $ 3,150 $ 3,280 Furniture, fixtures and office equipment 931 931 Computer equipment and software 3,147 2,662 Leasehold improvements 3,332 2,393 Construction in process 408 421 10,968 9,687 Less accumulated depreciation (7,093 ) (5,638 ) Property and Equipment $ 3,875 $ 4,049",,,No,,Not disclosed,,Not disclosed,,0,significant_accounting_policies,1. Organization,3,False,,"score=4,idx=10111,zone=12041",549,OK,
0000887359,VCEL,2017,0000887359_VCEL_FY2017_10K.html,,"December 31, 2017","Machinery and equipment, Furniture, office equipment, Computer equipment","(In thousands) 2017 2016 Machinery and equipment $ 1,249 $ 3,150 Furniture, fixtures and office equipment 872 931 Computer equipment and software 3,536 3,147 Leasehold improvements 4,213 3,332 Construction in process 822 408 10,692 10,968 Less accumulated depreciation (6,621 ) (7,093 ) Property and Equipment $ 4,071 $ 3,875",,,No,,Not disclosed,,Not disclosed,,0,significant_accounting_policies,1. Organization,3,False,,"score=4,idx=9479,zone=11913",506,OK,
0000887359,VCEL,2018,0000887359_VCEL_FY2018_10K.html,,"December 31, 2018","Machinery and equipment, Furniture, office equipment, Computer equipment","(In thousands) 2018 2017 Machinery and equipment $ 1,536 $ 1,249 Furniture, fixtures and office equipment 775 872 Computer equipment and software 3,712 3,536 Leasehold improvements 4,587 4,213 Construction in process 2,801 822 13,411 10,692 Less accumulated depreciation (7,505 ) (6,621 ) Property and Equipment $ 5,906 $ 4,071",,,No,,Not disclosed,,Not disclosed,,0,significant_accounting_policies,1. Organization,3,False,,"score=4,idx=9403,zone=13151",507,OK,
0000887359,VCEL,2019,0000887359_VCEL_FY2019_10K.html,,"December 31, 2019","Machinery and equipment, Furniture, office equipment, Computer equipment","(In thousands) 2019 2018 Machinery and equipment $ 3,152 $ 1,536 Furniture, fixtures and office equipment 775 775 Computer equipment and software 6,174 3,712 Leasehold improvements 5,256 4,587 Construction in process 859 2,801 Financing right-of-use lease 148 — Total property and equipment, gross 16,364 13,411 Less accumulated depreciation (9,220 ) (7,505 ) $ 7,144 $ 5,906",,,No,,Not disclosed,,Not disclosed,,0,significant_accounting_policies,5. Selected Balance Sheet Components,3,False,,"score=4,idx=11580,zone=16209",572,OK,
0000887359,VCEL,2020,0000887359_VCEL_FY2020_10K.html,,2021-01-31,"Machinery and equipment, Furniture, office equipment, Computer equipment","(In thousands) 2020 2019 Machinery and equipment $ 3,672 $ 3,152 Furniture, fixtures and office equipment 809 775 Computer equipment and software 6,846 6,174 Leasehold improvements 5,560 5,256 Construction in process 2,021 859 Financing right-of-use lease 111 148 Total property and equipment, gross 19,019 16,364 Less accumulated depreciation (11,386) (9,220) $ 7,633 $ 7,144",,,No,,Not disclosed,,Not disclosed,Hopper,1,significant_accounting_policies,5. Selected Balance Sheet Components,3,False,,"score=2,idx=9135,zone=9190",422,OK,
0000887359,VCEL,2021,0000887359_VCEL_FY2021_10K.html,,2022-01-31,"Machinery and equipment, Furniture, office equipment, Computer equipment","(In thousands) 2021 2020 Machinery and equipment $ 4,522 $ 3,672 Furniture, fixtures and office equipment 1,551 809 Computer equipment and software 7,769 6,846 Leasehold improvements 10,617 5,560 Construction in process 3,097 2,021 Financing right-of-use lease 74 111 Total property and equipment, gross 27,630 19,019 Less accumulated depreciation (14,322) (11,386) Total property and equipment, net $ 13,308 $ 7,633",,,No,,Not disclosed,,Not disclosed,Hopper,1,significant_accounting_policies,4. Selected Balance Sheet Components,3,False,,"score=2,idx=8352,zone=7896",410,OK,
0000887359,VCEL,2022,0000887359_VCEL_FY2022_10K.html,,"December 31, 2022","Machinery and equipment, Furniture, office equipment, Computer equipment","December 31, (In thousands) 2022 2021 Machinery and equipment $ 5,041 $ 4,522 Furniture, fixtures and office equipment 1,710 1,551 Computer equipment and software 8,224 7,769 Leasehold improvements 13,689 10,617 Construction in process 5,438 3,097 Financing right-of-use lease 37 74 Total property and equipment, gross 34,139 27,630 Less accumulated depreciation (18,302) (14,322) Total property and equipment, net $ 15,837 $ 13,308",,,No,,Not disclosed,,Not disclosed,Hopper,1,significant_accounting_policies,4. Selected Balance Sheet Components,3,False,,"score=2,idx=8392,zone=8030",435,OK,
0000887359,VCEL,2023,0000887359_VCEL_FY2023_10K.html,,"December 31, 2023","Machinery and equipment, Furniture, office equipment, Computer equipment","December 31, (In thousands) 2023 2022 Machinery and equipment $ 5,562 $ 5,041 Furniture, fixtures and office equipment 1,731 1,710 Computer equipment and software 9,116 8,224 Leasehold improvements 14,901 13,689 Construction in process 32,531 5,438 Financing right-of-use lease — 37 Total property and equipment, gross 63,841 34,139 Less accumulated depreciation (22,206) (18,302) Total property and equipment, net $ 41,635 $ 15,837",,,No,,Not disclosed,,Not disclosed,Hopper,1,significant_accounting_policies,4. Selected Balance Sheet Components,3,False,,"score=2,idx=8690,zone=8404",452,OK,
0000887359,VCEL,2024,0000887359_VCEL_FY2024_10K.html,,"December 31, 2024","Machinery and equipment, Furniture, office equipment, Computer equipment","December 31, (In thousands) 2024 2023 Machinery and equipment $ 12,161 $ 5,562 Furniture, fixtures and office equipment 5,109 1,731 Computer equipment and software 12,318 9,116 Leasehold improvements 77,990 14,901 Construction in process 22,482 32,531 Total property and equipment, gross 130,060 63,841 Less accumulated depreciation (26,899) (22,206) Total property and equipment, net $ 103,161 $ 41,635",,,No,,Not disclosed,,Not disclosed,Hopper,1,significant_accounting_policies,4. Selected Balance Sheet Components,3,False,,"score=2,idx=8907,zone=8768",464,OK,
0000936395,CIEN,2013,0000936395_CIEN_FY2013_10K.html,,,"equipment, furniture and fixtures","Depreciation of equipment, furniture and fixtures, and amortization of leasehold improvements",,,No,,"Optical Transport — includes optical transport solutions that add capacity to core, regional and metro networks and enable cost-effective and efficient transport of voice, video and data traffic at high transmission speeds. Ciena's principal products in this segment include the 4200 Advanced Services Platform, Corestream® Agility Optical Transport System, 5100/5200 Advanced Services Platform, Common Photonic Layer (CPL), and 6100 Multiservice Optical Platform. This segment includes sales from SONET/SDH, transport and data networking products, as well as certain enterprise-oriented transport solutions that support storage and LAN extension, interconnection of data centers, and virtual private networks. This segment also includes operating system software and enhanced software features embedded in each of these products. Revenue from this segment is included in product revenue on the Consolidated Statement of Operations.",Item 8,Not disclosed,,0,item_8_other,,1,False,,"score=4,idx=17449,zone=17936",670,OK,
0000936395,CIEN,2014,0000936395_CIEN_FY2014_10K.html,,,"equipment, furniture and fixtures","Depreciation of equipment, furniture and fixtures, and amortization of leasehold improvements",,,No,,"Optical Transport — includes the 4200 Advanced Services Platform, Corestream® Agility Optical Transport System, 5100/5200 Advanced Services Platform, Common Photonic Layer (CPL) and 6100 Multiservice Optical Platform. This segment includes sales from SONET/SDH, transport and data networking products, as well as certain enterprise-oriented transport solutions that support storage and LAN extension, interconnection of data centers, and virtual private networks. This segment also includes operating system software and enhanced software features embedded in each of these products. Revenue from this segment is included in product revenue on the Consolidated Statement of Operations.",Item 8,Not disclosed,,0,item_8_other,,1,False,,"score=4,idx=17794,zone=19135",742,OK,
0000936395,CIEN,2015,0000936395_CIEN_FY2015_10K.html,,,"equipment, furniture and fixtures","years for equipment, furniture and fixtures and the shorter of useful life or lease term for leasehold improvements.",,,No,,"Optical Transport — includes the 4200 Advanced Services Platform, Corestream® Agility Optical Transport System, 5100/5200 Advanced Services Platform, Common Photonic Layer (CPL) and 6100 Multiservice Optical Platform. This segment includes sales from SONET/SDH, transport and data networking products, as well as certain enterprise-oriented transport solutions that support storage and LAN extension, interconnection of data centers, and virtual private networks. This segment also includes operating system software and enhanced software features embedded in each of these products. Revenue from this segment is included in product revenue on the Consolidated Statement of Operations.",Item 8,Not disclosed,,0,item_8_other,,1,False,,"score=4,idx=18621,zone=21009",813,OK,
0000936395,CIEN,2016,0000936395_CIEN_FY2016_10K.html,,,"equipment, information technology","Types of expense incurred in research and development include employee compensation, prototype equipment, consulting and third party services, depreciation, facility costs and information technology.",,,No,,"While drivers of bandwidth growth and network evolution remain strong, in recent periods certain of our customers, including several of our larger communications service provider customers in North America and Europe, Middle East and Africa (EMEA), have taken steps to constrain their capital expenditure budgets. As a result of the measured spending environment and efforts to manage network costs, growth rates in some of our markets have slowed. Some of our market segments have been adversely impacted and we have experienced lower spending levels on networking equipment from some existing customers as compared to prior periods. Notwithstanding these market dynamics, during fiscal 2016 we continued to improve our financial results and increased our revenue. Revenue growth during fiscal 2016 benefited meaningfully from our continued efforts to diversify our business to include additional customer and geographic markets, and to take market share from or displace competitors. Specifically, we continue to diversify our customer base to include additional customer segments, such as Web-scale providers, cable and multiservice operators, data center operators and enterprise customers, which",MD&A (Item 7),Not disclosed,,0,item_8_other,,1,False,,"score=4,idx=19748,zone=21648",882,OK,
0000936395,CIEN,2017,0000936395_CIEN_FY2017_10K.html,,,"equipment, information technology","Types of expense incurred in research and development include employee compensation, prototype equipment, consulting and third-party services, depreciation, facility costs and information technology.",,,No,,"While drivers of bandwidth growth and network evolution remain strong, our customers are under constant pressure to constrain their capital expenditure budgets and cannot grow their network spending at the rate of bandwidth growth. As a result, as we innovate and introduce new and more robust solutions that increase capacity or features, there is a market expectation of solutions that are more cost-effective than existing or competing solutions. The combination of this regular technology-driven price compression in our industry and ongoing customer efforts to manage network costs can impact growth rates in our markets, and requires that we increase our volume of product shipments to grow revenue. During fiscal 2017, we saw slower market growth rates in a number of our geographies. Notwithstanding these market dynamics, we grew annual revenue and benefited meaningfully from our continued efforts to diversify our business and to take market share from competitors. Specifically, we continued to diversify our customer base to include additional customer segments, such as Web-scale providers and data center operators and enterprise customers, which contributed to our growth in North America during fiscal 2017. We also benefited from geographic diversification and growth of our business in Asia-Pacific during fiscal 2017,",MD&A (Item 7),Not disclosed,,0,item_8_other,,1,False,,"score=4,idx=18980,zone=22539",961,OK,
0000936395,CIEN,2018,0000936395_CIEN_FY2018_10K.html,,,"equipment, information technology","Types of expense incurred in research and development include employee compensation, prototype equipment, consulting and third-party services, depreciation, facility costs and information technology.",,,No,,"During fiscal 2018, our revenue growth accelerated as we benefited meaningfully from our innovation leadership, the diversification of our business and efforts to take market share from competitors. We continue to diversify our solutions offerings and customer base to address fast-growing applications and customer segments, such as Web-scale providers and data center interconnection. These customers were important contributors to our overall growth during fiscal 2018 and are included among our largest customers by revenue. At the same time, a significant portion of our revenue and customer base continues to consist of sales to large communication service providers and cable operators. Our revenue growth benefited from a go-to-market strategy focused on generating new wins and capturing additional opportunities with service providers in international markets, particularly in our Asia-Pacific and India regions. We believe that continued diversification of our business is important to address the dynamic industry environment in which we operate, to continue to grow our business, and to better",MD&A (Item 7),Not disclosed,,0,item_8_other,,1,False,,"score=4,idx=19362,zone=22595",965,OK,
0000936395,CIEN,2019,0000936395_CIEN_FY2019_10K.html,,"October 31, 2019","equipment, information technology","Types of expense incurred in research and development include employee compensation, prototype equipment, consulting and third-party services, depreciation, facility costs and information technology.",,,No,,"We continue to diversify our business across geographies, customer segments and product solutions and applications. In fiscal 2019 and for the last several years, our diversification and global scale have been key contributors to our strong revenue growth despite any challenges in a particular geography, segment or account that may have served as a meaningful revenue contributor in an earlier period. During fiscal 2019, we grew revenue in our North America, EMEA and CALA geographic regions, and across three of our four operating segments. During fiscal 2019, we also grew revenue with our largest service provider customers, particularly in North America, after recent years of declining revenues. During fiscal 2019 we also benefited meaningfully from our strong market position with leading Web-scale providers for data center interconnection applications. Sales to Web-scale provider customers, representing approximately 22% of total revenue and growing over 40% year-over-year, were an important contributor to our annual revenue growth, with certain of these customers among our largest customers by revenue for fiscal 2019. Certain of such customers have announced an intention to reduce capital spending in future periods, and we expect our revenue from Web-scale customers to moderate from the level achieved in fiscal 2019. Our revenue gains from these areas offset a meaningful revenue reduction from our APAC region during fiscal 2019. After recent years of strong growth driven by aggressive network build outs by service providers in India, capital spending in this region decreased year-over-year. We believe our business and financial performance in recent years highlights the benefits of our diverse global business and our ability to target high growth segments within our markets.",MD&A (Item 7),Not disclosed,,0,item_8_other,,1,False,,"score=4,idx=18965,zone=26076",972,OK,
0000936395,CIEN,2020,0000936395_CIEN_FY2020_10K.html,,2020-10-31,"equipment, information technology","Types of expense incurred in research and development include employee compensation, prototype equipment, consulting and third-party services, depreciation, facility costs and information technology.",,,No,,"Ciena’s solutions include Networking Platforms, including Ciena’s Converged Packet Optical and Packet Networking portfolios, which can be applied from the network core to end-user access points, and which allow network operators to scale capacity, increase transmission speeds, allocate traffic and adapt dynamically to changing end-user service demands. Ciena’s Converged Packet Optical portfolio includes products and solutions that support the connection of content to content and users to content, including in long haul and regional, submarine and data center interconnect networks. Ciena’s Packet Networking portfolio includes products and solutions that enable next-generation metro, access and aggregation networks, connecting users to content in applications that include 5G, mobile backhaul, virtualization and enterprise services.",Item 8,Not disclosed,,0,significant_accounting_policies,Note 27: Subsequent Events,3,True,2.0 ans | 5.0 ans,"score=2,idx=12869,zone=14756",790,OK,
0000936395,CIEN,2021,0000936395_CIEN_FY2021_10K.html,,2021-10-30,"equipment, information technology","Types of expense incurred in research and development include employee compensation, prototype equipment, consulting and third-party services, depreciation, facility costs and information technology.",,,No,,"Ciena’s solutions include Networking Platforms, including Ciena’s Converged Packet Optical and Routing and Switching portfolios, which can be applied from the network core to end-user access points, and which allow network operators to scale capacity, increase transmission speeds, allocate traffic efficiently and adapt dynamically to changing end-user service demands. Ciena’s Converged Packet Optical portfolio includes products that support the connection of content to content, including in long haul and regional, submarine and data center interconnect networks, and users to content, including in metro and edge networks. Ciena’s Routing and Switching portfolio includes products and solutions that enable efficient internet protocol (“IP”) transport in next-generation metro, edge, access and aggregation networks, connecting users to content in applications that include 5G and Internet of Things (“IoT”), mobile backhaul, optical access, virtualization and enterprise services.",Item 8,Not disclosed,,0,significant_accounting_policies,Note 28: Subsequent Events,3,True,2.0 ans | 5.0 ans,"score=2,idx=10575,zone=13772",715,OK,
0000936395,CIEN,2022,0000936395_CIEN_FY2022_10K.html,,2022-11-22,"equipment, information technology","Types of expense incurred in research and development include employee compensation, prototype equipment, consulting and third-party services, depreciation, facility costs and information technology.",,,No,,"Ciena’s solutions include Networking Platforms, including its Converged Packet Optical and Routing and Switching portfolios, which can be applied from the network core to end-user access points, and which allow network operators to scale capacity, increase transmission speeds, allocate traffic efficiently and adapt dynamically to changing end-user service demands. Ciena’s Converged Packet Optical portfolio includes products that support long haul and regional networks, submarine and data center interconnect networks, and metro and edge networks. Ciena’s Routing and Switching portfolio includes products and solutions that enable efficient internet protocol (“IP”) transport in next-generation metro edge, access and aggregation networks.",Item 8,Not disclosed,A100,1,significant_accounting_policies,Note 28: Subsequent Events,3,True,2.0 ans | 3.0 ans | 5.0 ans,"score=2,idx=10911,zone=14151",774,OK,
0000936395,CIEN,2023,0000936395_CIEN_FY2023_10K.html,,2023-10-28,"equipment, information technology","Types of expense incurred in research and development include employee compensation, prototype equipment, consulting and third-party services, depreciation, facility costs and information technology.",,,No,,"Ciena’s solutions include Networking Platforms, including its Optical Networking portfolio and Routing and Switching portfolio, which can be applied from the network core to end-user access points, and which allow network operators to scale capacity, increase transmission speeds, allocate traffic efficiently and adapt dynamically to changing end-user service demands. Ciena’s Optical Networking portfolio, which was previously referred to as Ciena’s Converged Packet Optical portfolio, includes products that support long haul and regional networks, submarine and data center interconnect networks, and metro and edge networks. Ciena’s Routing and Switching portfolio includes products and solutions that enable efficient internet protocol (“IP”) transport in next-generation metro, core, aggregation, and access networks, including in enterprise edge and broadband access applications.",Item 8,Cloud computing arrangements (1) ||| Cloud Computing Arrangements ||| Ciena capitalizes certain costs related to hosting arrangements that are service contracts (cloud computing arrangements). Capitalized costs are included in Other long-term assets in the Consolidated Balance Sheets and are amortized on a straight-line basis over the estimated useful life.,,0,significant_accounting_policies,Note 27: Commitments and Contingencies,3,True,2.0 ans | 3.0 ans | 5.0 ans,"score=2,idx=11422,zone=14348",827,OK,
0000936395,CIEN,2024,0000936395_CIEN_FY2024_10K.html,,2024-12-13,"equipment, information technology","Types of expense incurred in research and development include employee compensation, prototype equipment, consulting and third-party services, depreciation, facility costs and information technology.",,,No,,"Ciena’s solutions include Networking Platforms, including its Optical Networking portfolio and Routing and Switching portfolio, which can be applied from the network core to end-user access points, and which allow network operators to scale capacity, increase transmission speeds, allocate traffic efficiently, and adapt dynamically to changing end-user service demands. Ciena’s Optical Networking portfolio includes products that support long haul and regional networks, submarine and data center interconnect networks, and metro and edge networks. Ciena’s Routing and Switching portfolio includes products and solutions that enable efficient Internet Protocol (“IP”) transport in next-generation metro, core, aggregation, and access networks, including converged IP, optical, and fiber-based broadband access applications.",Item 8,Cloud computing arrangements (2) ||| Cloud Computing Arrangements ||| Ciena capitalizes certain costs related to hosting arrangements that are service contracts (cloud computing arrangements). Capitalized costs are included in Other long-term assets on the Consolidated Balance Sheets and are amortized on a straight-line basis over the estimated useful life.,,0,significant_accounting_policies,Note 27: Subsequent Events,3,True,2.0 ans | 3.0 ans | 5.0 ans,"score=2,idx=11355,zone=13870",825,OK,
0001000753,NSP,2013,0001000753_NSP_FY2013_10K.html,,"December 31, 2013",Not disclosed,Not disclosed,,,No,,Not disclosed,,Not disclosed,,0,unknown,,0,False,,"score=7,idx=13936,zone=10",2,OK,
0001000753,NSP,2014,0001000753_NSP_FY2014_10K.html,,"December 31, 2014",Not disclosed,Not disclosed,,,No,,Not disclosed,,Not disclosed,,0,unknown,,0,False,,"score=7,idx=16344,zone=10",2,OK,
0001000753,NSP,2015,0001000753_NSP_FY2015_10K.html,,"December 31, 2015",Not disclosed,Not disclosed,,,No,,Not disclosed,,Not disclosed,,0,unknown,,0,False,,"score=7,idx=17270,zone=10",2,OK,
0001000753,NSP,2016,0001000753_NSP_FY2016_10K.html,,"December 31, 2016",Not disclosed,Not disclosed,,,No,,Not disclosed,,Not disclosed,,0,unknown,,0,False,,"score=7,idx=18200,zone=25",2,OK,
0001000753,NSP,2017,0001000753_NSP_FY2017_10K.html,,"December 31, 2017",Not disclosed,Not disclosed,,,No,,Not disclosed,,Not disclosed,,0,unknown,,0,False,,"score=7,idx=17531,zone=5",2,OK,
0001000753,NSP,2018,0001000753_NSP_FY2018_10K.html,,"December 31, 2018",Not disclosed,Not disclosed,,,No,,Not disclosed,,Not disclosed,,0,unknown,,0,False,,"score=4,idx=17299,zone=49",4,OK,
0001000753,NSP,2019,0001000753_NSP_FY2019_10K.html,,2019-12-31,Not disclosed,Not disclosed,,,No,,Not disclosed,,Not disclosed,,0,unknown,,0,False,,"score=4,idx=18357,zone=49",4,OK,
0001000753,NSP,2020,0001000753_NSP_FY2020_10K.html,,"December 31, 2020",Not disclosed,Not disclosed,,,No,,Not disclosed,,Not disclosed,,0,unknown,,0,False,,"score=2,idx=10617,zone=41",4,OK,
0001000753,NSP,2021,0001000753_NSP_FY2021_10K.html,,"December 31, 2021",Not disclosed,Not disclosed,,,No,,Not disclosed,,Not disclosed,,0,unknown,,0,False,,"score=2,idx=8690,zone=43",3,OK,
0001000753,NSP,2022,0001000753_NSP_FY2022_10K.html,,"December 31, 2022",Not disclosed,Not disclosed,,,No,,Not disclosed,,Not disclosed,A100,1,unknown,,0,False,,"score=2,idx=8799,zone=43",3,OK,
0001000753,NSP,2023,0001000753_NSP_FY2023_10K.html,,"December 31, 2023",Not disclosed,Not disclosed,,,No,,Not disclosed,,Not disclosed,,0,unknown,,0,False,,"score=2,idx=8317,zone=44",5,OK,
0001000753,NSP,2024,0001000753_NSP_FY2024_10K.html,,"December 31, 2024",Not disclosed,Not disclosed,,,No,,Not disclosed,,Not disclosed,,0,unknown,,0,False,,"score=2,idx=8331,zone=44",5,OK,
0001020710,DXPE,2013,0001020710_DXPE_FY2013_10K.html,,"December 31, 2013",equipment,Depreciation of property and equipment is computed using the straight-line method over their estimated useful lives.,,,No,,Not disclosed,,Not disclosed,,0,significant_accounting_policies,NOTE 2 - SUMMARY OF SIGNIFICANT ACCOUNTING AND BUSINESS POLICIES Basis of Presentation,3,False,,"score=5,idx=4126,zone=7742",459,OK,
0001020710,DXPE,2014,0001020710_DXPE_FY2014_10K.html,,"December 31, 2014",equipment,Depreciation of property and equipment is computed using the straight-line method over their estimated useful lives.,,,No,,Not disclosed,,Not disclosed,,0,significant_accounting_policies,NOTE 2 - SUMMARY OF SIGNIFICANT ACCOUNTING AND BUSINESS POLICIES Basis of Presentation,3,False,,"score=5,idx=5277,zone=8588",504,OK,
0001020710,DXPE,2015,0001020710_DXPE_FY2015_10K.html,,"December 31, 2015",equipment,Depreciation of property and equipment is computed using the straight-line method over their estimated useful lives.,,,No,,Not disclosed,,Not disclosed,,0,significant_accounting_policies,NOTE 2 - SUMMARY OF SIGNIFICANT ACCOUNTING AND BUSINESS POLICIES Basis of Presentation,3,False,,"score=5,idx=5679,zone=10097",481,OK,
0001020710,DXPE,2016,0001020710_DXPE_FY2016_10K.html,,"December 31, 2016",equipment,Depreciation of property and equipment is computed using the straight-line method over their estimated useful lives.,,,No,,Not disclosed,,Not disclosed,,0,significant_accounting_policies,NOTE 2 - SUMMARY OF SIGNIFICANT ACCOUNTING AND BUSINESS POLICIES Basis of Presentation,3,False,,"score=5,idx=5995,zone=10301",548,OK,
0001020710,DXPE,2017,0001020710_DXPE_FY2017_10K.html,,"December 31, 2017",equipment,Depreciation of property and equipment is computed using the straight-line method over their estimated useful lives.,,,No,,Not disclosed,,Not disclosed,,0,significant_accounting_policies,NOTE 2 - SUMMARY OF SIGNIFICANT ACCOUNTING AND BUSINESS POLICIES Basis of Presentation,3,False,,"score=5,idx=5630,zone=9565",514,OK,
0001020710,DXPE,2018,0001020710_DXPE_FY2018_10K.html,,"December 31, 2018",equipment,Depreciation of property and equipment is computed using the straight-line method over their estimated useful lives.,,,No,,Not disclosed,,"Internal-Use Software (Subtopic 350-40): Customer’s Accounting for Implementation Costs Incurred in a Cloud Computing Arrangement That Is a Service Contract ||| based on a consensus of the FASB’s Emerging Issues Task Force (EITF) that requires implementation costs incurred by customers in cloud computing arrangements (CCAs) to be deferred and recognized over the term of the arrangement, if those costs would be capitalized by the customer in a software licensing arrangement under the internal-use software guidance in ASC 350-40, “Intangibles-Goodwill and Other-Internal-Use Software”. The ASU does not affect the accounting by cloud service providers, other software vendors or customers’ accounting for software licensing arrangements. The ASU will require companies to recognize deferred implementation costs to expense over the ‘term of the hosting arrangement’. Under the ASU, the term of the hosting arrangement comprises the noncancellable period of the CCA plus any optional renewal periods that are reasonably certain to be exercised by the customer or for which exercise of the option is controlled by the vendor. The guidance is effective for fiscal years beginning after December 15, 2019, and interim periods within those fiscal years. Early adoption is permitted, and we will continue to assess the standard and make a determination later. ||| Intangibles-Goodwill and Other. In August 2018, the FASB issued ASU No. 2018-15, Internal-Use Software (Subtopic 350-40): Customer’s Accounting for Implementation Costs Incurred in a Cloud Computing Arrangement That Is a Service Contract based on a consensus of the FASB’s Emerging Issues Task Force (EITF) that requires implementation costs incurred by customers in cloud computing arrangements (CCAs) to be deferred and recognized over the term of the arrangement, if those costs would be capitalized by the customer in a software licensing arrangement under the internal-use software guidance in ASC 350-40, “Intangibles-Goodwill and Other-Internal-Use Software”. The ASU does not affect the accounting by cloud service providers, other software vendors or customers’ accounting for software licensing arrangements. The ASU will require companies to recognize deferred implementation costs to expense over the ‘term of the hosting arrangement’. Under the ASU, the term of the hosting arrangement comprises the noncancellable period of the CCA plus any optional renewal periods that are reasonably certain to be exercised by the customer or for which exercise of the option is controlled by the vendor. The guidance is effective for fiscal years beginning after December 15, 2019, and interim periods within those fiscal years. Early adoption is permitted, and we will continue to assess the standard and make a determination later.",,0,significant_accounting_policies,NOTE 2 - SUMMARY OF SIGNIFICANT ACCOUNTING AND BUSINESS POLICIES,3,False,,"score=7,idx=9459,zone=17792",741,OK,
0001020710,DXPE,2019,0001020710_DXPE_FY2019_10K.html,,"December 31, 2019",equipment,Depreciation of property and equipment is computed using the straight-line method over their estimated useful lives.,,,No,,Not disclosed,,"Internal-Use Software (Subtopic 350-40): Customer’s Accounting for Implementation Costs Incurred in a Cloud Computing Arrangement That Is a Service Contract ||| based on a consensus of the FASB’s Emerging Issues Task Force (EITF) that requires implementation costs incurred by customers in cloud computing arrangements (CCAs) to be deferred and recognized over the term of the arrangement, if those costs would be capitalized by the customer in a software licensing arrangement under the internal-use software guidance in ASC 350-40, “Intangibles-Goodwill and Other-Internal-Use Software”. The ASU does not affect the accounting by cloud service providers, other software vendors or customers’ accounting for software licensing arrangements. The ASU will require companies to recognize deferred implementation costs to expense over the ‘term of the hosting arrangement’. Under the ASU, the term of the hosting arrangement comprises the non-cancellable period of the CCA plus any optional renewal periods that are reasonably certain to be exercised by the customer or for which exercise of the option is controlled by the vendor. The guidance is effective for fiscal years beginning after December 15, 2019, and interim periods within those fiscal years. We will adopt the new standard beginning January 1, 2020. We do not anticipate that the new standard will have a material impact on our results of operations. ||| Intangibles-Goodwill and Other . In August 2018, the FASB issued ASU No. 2018-15, Internal-Use Software (Subtopic 350-40): Customer’s Accounting for Implementation Costs Incurred in a Cloud Computing Arrangement That Is a Service Contract based on a consensus of the FASB’s Emerging Issues Task Force (EITF) that requires implementation costs incurred by customers in cloud computing arrangements (CCAs) to be deferred and recognized over the term of the arrangement, if those costs would be capitalized by the customer in a software licensing arrangement under the internal-use software guidance in ASC 350-40, “Intangibles-Goodwill and Other-Internal-Use Software”. The ASU does not affect the accounting by cloud service providers, other software vendors or customers’ accounting for software licensing arrangements. The ASU will require companies to recognize deferred implementation costs to expense over the ‘term of the hosting arrangement’. Under the ASU, the term of the hosting arrangement comprises the non-cancellable period of the CCA plus any optional renewal periods that are reasonably certain to be exercised by the customer or for which exercise of the option is controlled by the vendor. The guidance is effective for fiscal years beginning after December 15, 2019, and interim periods within those fiscal years. We will adopt the new standard beginning January 1, 2020. We do not anticipate that the new standard will have a material impact on our results of operations.",,0,significant_accounting_policies,NOTE 2 - SUMMARY OF SIGNIFICANT ACCOUNTING AND BUSINESS POLICIES,3,False,,"score=7,idx=9421,zone=17703",717,OK,
0001020710,DXPE,2020,0001020710_DXPE_FY2020_10K.html,,2020-12-31,equipment,Depreciation of property and equipment is computed using the straight-line method over their estimated useful lives.,,,No,,Not disclosed,,"Intangibles-Goodwill and Other . In August 2018, the FASB issued ASU No. 2018-15, Internal-Use Software (Subtopic 350-40): Customer’s Accounting for Implementation Costs Incurred in a Cloud Computing Arrangement That Is a Service Contract based on a consensus of the FASB’s Emerging Issues Task Force (EITF) that requires implementation costs incurred by customers in cloud computing arrangements (CCAs) to be deferred and recognized over the term of the arrangement, if those costs would be capitalized by the customer in a software licensing arrangement under the internal-use software guidance in ASC 350-40, “Intangibles-Goodwill and Other-Internal-Use Software”. The ASU does not affect the accounting by cloud service providers, other software vendors or customers’ accounting for software licensing arrangements. The ASU requires companies to recognize deferred implementation costs to expense over the ‘term of the hosting arrangement’. Under the ASU, the term of the hosting arrangement comprises the non-cancellable period of the CCA plus any optional renewal periods that are ||| Internal-Use Software (Subtopic 350-40): Customer’s Accounting for Implementation Costs Incurred in a Cloud Computing Arrangement That Is a Service Contract ||| based on a consensus of the FASB’s Emerging Issues Task Force (EITF) that requires implementation costs incurred by customers in cloud computing arrangements (CCAs) to be deferred and recognized over the term of the arrangement, if those costs would be capitalized by the customer in a software licensing arrangement under the internal-use software guidance in ASC 350-40, “Intangibles-Goodwill and Other-Internal-Use Software”. The ASU does not affect the accounting by cloud service providers, other software vendors or customers’ accounting for software licensing arrangements. The ASU requires companies to recognize deferred implementation costs to expense over the ‘term of the hosting arrangement’. Under the ASU, the term of the hosting arrangement comprises the non-cancellable period of the CCA plus any optional renewal periods that are",,0,significant_accounting_policies,NOTE 2 - SUMMARY OF SIGNIFICANT ACCOUNTING AND BUSINESS POLICIES,3,False,,"score=5,idx=9405,zone=10639",658,OK,
0001020710,DXPE,2021,0001020710_DXPE_FY2021_10K.html,,2022-03-02,equipment,Depreciation of property and equipment is computed using the straight-line method over their estimated useful lives.,,,No,,Not disclosed,,Not disclosed,,0,significant_accounting_policies,NOTE 2 - SUMMARY OF SIGNIFICANT ACCOUNTING AND BUSINESS POLICIES,3,False,,"score=5,idx=9016,zone=10483",628,OK,
0001020710,DXPE,2022,0001020710_DXPE_FY2022_10K.html,,2022-12-31,equipment,Depreciation of property and equipment is computed using the straight-line method over their estimated useful lives.,,,No,,Not disclosed,,Not disclosed,,0,significant_accounting_policies,NOTE 2 - SUMMARY OF SIGNIFICANT ACCOUNTING AND BUSINESS POLICIES,3,False,,"score=5,idx=9195,zone=10308",632,OK,
0001020710,DXPE,2023,0001020710_DXPE_FY2023_10K.html,,"DECEMBER 31, 2023",equipment,Depreciation of property and equipment is computed using the straight-line method over their estimated useful lives.,,,No,,Not disclosed,,Not disclosed,,0,significant_accounting_policies,NOTE 2 - SUMMARY OF SIGNIFICANT ACCOUNTING AND BUSINESS POLICIES,3,False,,"score=5,idx=9372,zone=9943",601,OK,
0001020710,DXPE,2024,0001020710_DXPE_FY2024_10K.html,,"DECEMBER 31, 2024",equipment,Depreciation of property and equipment is computed using the straight-line method over their estimated useful lives.,,,No,,Not disclosed,,Not disclosed,,0,significant_accounting_policies,NOTE 2 - SUMMARY OF SIGNIFICANT ACCOUNTING AND BUSINESS POLICIES,3,False,,"score=5,idx=10679,zone=11715",607,OK,
0001022079,DGX,2013,0001022079_DGX_FY2013_10K.html,,,Not disclosed,Not disclosed,,,No,,Not disclosed,,Not disclosed,DGX,1,unknown,,0,False,,"score=4,idx=6150,zone=11",2,OK,
0001022079,DGX,2014,0001022079_DGX_FY2014_10K.html,,,Not disclosed,Not disclosed,,,No,,Not disclosed,,Not disclosed,DGX,1,unknown,,0,False,,"score=4,idx=6340,zone=11",2,OK,
0001022079,DGX,2015,0001022079_DGX_FY2015_10K.html,,,Not disclosed,Not disclosed,,,No,,Not disclosed,,Not disclosed,DGX,1,unknown,,0,False,,"score=4,idx=7326,zone=11",2,OK,
0001022079,DGX,2016,0001022079_DGX_FY2016_10K.html,,,Not disclosed,Not disclosed,,,No,,Not disclosed,,Not disclosed,DGX,1,unknown,,0,False,,"score=4,idx=7729,zone=12",2,OK,
0001022079,DGX,2017,0001022079_DGX_FY2017_10K.html,,,Not disclosed,Not disclosed,,,No,,Not disclosed,,Not disclosed,DGX,1,unknown,,0,False,,"score=4,idx=7922,zone=12",2,OK,
0001022079,DGX,2018,0001022079_DGX_FY2018_10K.html,,,Not disclosed,Not disclosed,,,No,,Not disclosed,,Not disclosed,DGX,1,unknown,,0,False,,"score=4,idx=6442,zone=12",2,OK,
0001022079,DGX,2019,0001022079_DGX_FY2019_10K.html,,"December 31, 2019",Not disclosed,Not disclosed,,,No,,Not disclosed,,Not disclosed,DGX,1,unknown,,0,False,,"score=4,idx=10546,zone=12",2,OK,
0001022079,DGX,2020,0001022079_DGX_FY2020_10K.html,,2021-12-31,Not disclosed,Not disclosed,,,No,,Not disclosed,,Not disclosed,DGX,1,unknown,,0,False,,"score=2,idx=8797,zone=10",2,OK,
0001022079,DGX,2021,0001022079_DGX_FY2021_10K.html,,2022-12-31,Not disclosed,Not disclosed,,,No,,Not disclosed,,Not disclosed,DGX,1,unknown,,0,False,,"score=2,idx=8008,zone=10",2,OK,
0001022079,DGX,2022,0001022079_DGX_FY2022_10K.html,,2023-12-31,Not disclosed,Not disclosed,,,No,,Not disclosed,,Not disclosed,DGX,1,unknown,,0,False,,"score=2,idx=7957,zone=10",2,OK,
0001022079,DGX,2023,0001022079_DGX_FY2023_10K.html,,2024-12-31,Not disclosed,Not disclosed,,,No,,Not disclosed,,Not disclosed,DGX,1,unknown,,0,False,,"score=2,idx=8089,zone=10",2,OK,
0001022079,DGX,2024,0001022079_DGX_FY2024_10K.html,,2025-12-31,Not disclosed,Not disclosed,,,No,,Not disclosed,,Not disclosed,DGX,1,unknown,,0,False,,"score=2,idx=8477,zone=10",2,OK,
0001022671,STLD,2013,0001022671_STLD_FY2013_10K.html,,"DECEMBER 31, 2013","plant, machinery and equipment","The company assigns each fixed asset a useful life ranging from 3 to 15 years
for plant, machinery and equipment and 10 to 40 years for buildings and improvements.",10.0,40.0,No,,Not disclosed,,Not disclosed,,0,significant_accounting_policies,Note 1. Description of the Business and Summary of Significant Accounting Policies (Continued),3,False,,"score=7,idx=12955,zone=30996",460,OK,
0001022671,STLD,2014,0001022671_STLD_FY2014_10K.html,,"DECEMBER 31, 2014","plant, machinery and equipment","The company assigns
each fixed asset a useful life ranging from 3 to 20 years for plant, machinery and equipment and 10 to 40 years for buildings and improvements.",10.0,40.0,No,,Not disclosed,,Not disclosed,,0,significant_accounting_policies,Note 1. Description of the Business and Summary of Significant Accounting Policies (Continued),3,False,,"score=7,idx=12619,zone=33061",496,OK,
0001022671,STLD,2015,0001022671_STLD_FY2015_10K.html,,"DECEMBER 31, 2015","plant, machinery and equipment","The company assigns each fixed asset a useful life ranging from 3 to 20 years
for plant, machinery and equipment and 10 to 40 years for buildings and improvements.",10.0,40.0,No,,Not disclosed,,Not disclosed,,0,significant_accounting_policies,Note 1. Description of the Business and Summary of Significant Accounting Policies (Continued),3,False,,"score=7,idx=11940,zone=32972",498,OK,
0001022671,STLD,2016,0001022671_STLD_FY2016_10K.html,,"DECEMBER 31, 2016","plant, machinery and equipment","The company assigns each fixed asset a useful life ranging from 3 to 20 years for plant, machinery and equipment and 10 to 40 years for buildings and improvements.",10.0,40.0,No,,Not disclosed,,Not disclosed,,0,significant_accounting_policies,Note 1. Description of the Business and Summary of Significant Accounting Policies (Continued),3,False,,"score=5,idx=10282,zone=22863",545,OK,
0001022671,STLD,2017,0001022671_STLD_FY2017_10K.html,,,equipment,"﻿ ﻿ ﻿ Years Ended December 31, ﻿ 2017 2016 2015 ﻿ Operating activities: Net income (loss) $ 805,796 $ 360,006 $ (145,170) ﻿ Adjustments to reconcile net income (loss) to net cash provided by operating activities: Depreciation and amortization 298,999 296,109 294,595 Asset impairment charge - 132,839 428,500 Equity-based compensation 36,197 31,656 30,181 Deferred income taxes (135,899) 53,846 (99,323) Other adjustments 14,068 20,676 19,886 Changes in certain assets and liabilities: Accounts receivable (139,054) (106,617) 311,302 Inventories (242,883) (115,575) 488,003 Other assets 4,188 12,053 (450) Accounts payable 96,062 106,521 (227,092) Income taxes receivable/payable (33,889) (13,921) 12,706 Accrued expenses 36,021 75,176 (59,513) Net cash provided by operating activities 739,606 852,769 1,053,625 ﻿ Investing activities: Purchases of property, plant and equipment (164,935) (198,160) (114,501) Acquisition of business, net of cash acquired (6,192) (123,351) (45,000) Other investing activities 32,022 8,618 16,874 Net cash used in investing activities (139,105) (312,893) (142,627) ﻿ Financing activities: Issuance of current and long-term debt 620,041 473,903 207,930 Repayment of current and long-term debt (609,914) (728,993) (625,924) Dividends paid (145,565) (135,767) (127,569) Proceeds from exercise of stock options, including related tax effect - 9,564 10,781 Purchases of treasury stock (252,242) (25,034) - Other financing activities (25,655) (19,098) (10,547) Net cash provided used in financing activities (413,335) (425,425) (545,329) ﻿ Increase in cash and equivalents 187,166 114,451 365,669 Cash and equivalents at beginning of period 841,483 727,032 361,363 ﻿ Cash and equivalents at end of period $ 1,028,649 $ 841,483 $ 727,032 ﻿ ﻿ Supplemental disclosure information: Cash paid for interest $ 135,381 $ 150,679 $ 160,190 Cash paid (refunded) for income taxes, net $ 296,493 $ 159,950 $ (9,898)",,,No,,Not disclosed,,Not disclosed,,0,significant_accounting_policies,"Note 15. Quarterly Financial Information (unaudited, in thousands, except per share data)",3,False,,"score=5,idx=10613,zone=22247",626,OK,
0001022671,STLD,2018,0001022671_STLD_FY2018_10K.html,,"DECEMBER 31, 2018",equipment,"﻿ ﻿ ﻿ Years Ended December 31, ﻿ 2018 2017 2016 ﻿ Operating activities: Net income $ 1,255,805 $ 805,796 $ 360,006 ﻿ Adjustments to reconcile net income to net cash provided by operating activities: Depreciation and amortization 317,198 298,999 296,109 Asset impairment charge - - 132,839 Equity-based compensation 43,317 36,197 31,656 Deferred income taxes 61,827 (135,899) 53,846 Other adjustments (1,245) 14,068 20,676 Changes in certain assets and liabilities: Accounts receivable (145,873) (139,054) (106,617) Inventories (246,213) (242,883) (115,575) Other assets (3,475) 4,002 12,044 Accounts payable 37,904 96,062 106,521 Income taxes receivable/payable 26,471 (33,889) (13,921) Accrued expenses 69,753 36,021 75,176 Net cash provided by operating activities 1,415,469 739,420 852,760 ﻿ Investing activities: Purchases of property, plant and equipment (239,390) (164,935) (198,160) Purchases of short-term investments (268,783) - - Proceeds from maturities of short term investments 40,000 - - Acquisition of business, net of cash acquired (433,998) (6,192) (123,351) Other investing activities 6,907 32,022 8,618 Net cash used in investing activities (895,264) (139,105) (312,893) ﻿ Financing activities: Issuance of current and long-term debt 445,607 620,041 473,903 Repayment of current and long-term debt (455,491) (609,914) (728,993) Dividends paid (168,913) (145,565) (135,767) Purchases of treasury stock (523,569) (252,242) (25,034) Other financing activities (18,501) (25,655) (9,534) Net cash used in financing activities (720,867) (413,335) (425,425) ﻿ Increase (decrease) in cash and equivalents, and restricted cash (200,662) 186,980 114,442 Cash and equivalents, and restricted cash at beginning of period 1,035,085 848,105 733,663 ﻿ Cash and equivalents, and restricted cash at end of period $ 834,423 $ 1,035,085 $ 848,105 ﻿ Supplemental disclosure information: Cash paid for interest $ 124,034 $ 135,381 $ 150,679 Cash paid for income taxes, net $ 288,429 $ 296,493 $ 159,950",,,No,,Not disclosed,,Not disclosed,,0,significant_accounting_policies,"Note 15. Quarterly Financial Information (unaudited, in thousands, except per share data)",3,False,,"score=5,idx=9963,zone=23452",681,OK,
0001022671,STLD,2019,0001022671_STLD_FY2019_10K.html,,"DECEMBER 31, 2019","plant, machinery and equipment","The company assigns each fixed asset a useful life ranging from 3 to 20 years for plant, machinery and equipment, and 10 to 40 years for buildings and improvements.",10.0,40.0,No,,Not disclosed,,Not disclosed,,0,significant_accounting_policies,Note 1. Description of the Business and Summary of Significant Accounting Policies (Continued),3,False,,"score=9,idx=12702,zone=25025",457,OK,
0001022671,STLD,2020,0001022671_STLD_FY2020_10K.html,,"DECEMBER 31, 2020","plant, machinery and equipment","The company assigns each fixed asset a useful life ranging from 3 to 20 years for plant, machinery and equipment, and 10 to 40 years for buildings and improvements.",10.0,40.0,No,,Not disclosed,,Not disclosed,,0,significant_accounting_policies,Note 1. Description of the Business and Summary of Significant Accounting Policies (Continued),3,False,,"score=9,idx=12808,zone=23119",432,OK,
0001022671,STLD,2021,0001022671_STLD_FY2021_10K.html,,"DECEMBER 31, 2021","plant, machinery and equipment","The company assigns each fixed asset a useful life ranging from 3 to 20 years for plant, machinery and equipment, and 10 to 40 years for buildings and improvements.",10.0,40.0,No,,"Our steel fabrication operations benefited in 2021 from a robust non-residential construction market, as order activity was strong throughout the year, resulting in record shipments, as well as a record customer order backlog at the end of 2021, and higher selling prices, due to the strength of warehouse construction related to distribution and data centers. Net sales for the segment increased 95% during 2021, compared to 2020, as shipments increased 19%, and average selling prices increased 64%, or $874 per ton.",MD&A (Item 7),Not disclosed,,0,significant_accounting_policies,Note 1. Description of the Business and Summary of Significant Accounting Policies (Continued),3,False,,"score=9,idx=9772,zone=21049",414,OK,
0001022671,STLD,2022,0001022671_STLD_FY2022_10K.html,,"DECEMBER 31, 2022","plant, machinery and equipment","The company assigns each fixed asset a useful life ranging from 3 to 20 years for plant, machinery and equipment, and 10 to 40 years for buildings and improvements.",10.0,40.0,No,,Not disclosed,,Not disclosed,,0,significant_accounting_policies,Note 1. Description of the Business and Summary of Significant Accounting Policies (Continued),3,False,,"score=9,idx=9645,zone=20612",409,OK,
0001022671,STLD,2023,0001022671_STLD_FY2023_10K.html,,"DECEMBER 31, 2023","plant, machinery and equipment","useful life ranging from 3 to 15 years for plant, machinery and equipment, and 10 to 40 years for buildings and improvements.",10.0,40.0,No,,Not disclosed,,Not disclosed,,0,significant_accounting_policies,Note 1. Description of the Business and Summary of Significant Accounting Policies (Continued),3,False,,"score=9,idx=9876,zone=21519",411,OK,
0001022671,STLD,2024,0001022671_STLD_FY2024_10K.html,,"DECEMBER 31, 2024","plant, machinery and equipment","The company assigns each fixed asset a useful life ranging from 3 to 15 years for plant, machinery and equipment, and 5 to 40 years for buildings and improvements.",5.0,40.0,No,,Not disclosed,,Not disclosed,,0,significant_accounting_policies,Note 1. Description of the Business and Summary of Significant Accounting Policies (Continued),3,False,,"score=9,idx=9625,zone=18685",381,OK,
0001023128,LAD,2013,0001023128_LAD_FY2013_10K.html,,,Not disclosed,Not disclosed,,,No,,Not disclosed,,Not disclosed,,0,unknown,,0,False,,"score=4,idx=17118,zone=11",1,OK,
0001023128,LAD,2014,0001023128_LAD_FY2014_10K.html,,,Not disclosed,Not disclosed,,,No,,Not disclosed,,Not disclosed,,0,unknown,,0,False,,"score=4,idx=20836,zone=11",1,OK,
0001023128,LAD,2015,0001023128_LAD_FY2015_10K.html,,,Not disclosed,Not disclosed,,,No,,Not disclosed,,Not disclosed,,0,unknown,,0,False,,"score=4,idx=22244,zone=12",2,OK,
0001023128,LAD,2016,0001023128_LAD_FY2016_10K.html,,,Not disclosed,Not disclosed,,,No,,Not disclosed,,Not disclosed,,0,unknown,,0,False,,"score=4,idx=21950,zone=12",2,OK,
0001023128,LAD,2017,0001023128_LAD_FY2017_10K.html,,,Not disclosed,Not disclosed,,,No,,Not disclosed,,Not disclosed,,0,unknown,,0,False,,"score=4,idx=34122,zone=20",7,OK,
0001023128,LAD,2018,0001023128_LAD_FY2018_10K.html,,,Not disclosed,Not disclosed,,,No,,Not disclosed,,Not disclosed,,0,unknown,,0,False,,"score=4,idx=27759,zone=18",7,OK,
0001023128,LAD,2019,0001023128_LAD_FY2019_10K.html,,"December 31, 2019",equipment,Property and equipment are stated at cost and depreciated over their estimated useful lives on the straight-line basis.,,,No,,Not disclosed,,Not disclosed,,0,significant_accounting_policies,Note 3,3,False,,"fallback,idx=29815,zone=21510",1455,OK,
0001023128,LAD,2020,0001023128_LAD_FY2020_10K.html,,2020-12-31,equipment,Property and equipment are stated at cost and depreciated over their estimated useful lives on the straight-line basis.,,,No,,Not disclosed,,Not disclosed,,0,significant_accounting_policies,Note 1. Summary of Significant Accounting Policies,3,False,,"score=2,idx=17361,zone=11809",796,OK,
0001023128,LAD,2021,0001023128_LAD_FY2021_10K.html,,2021-12-31,equipment,Property and equipment are stated at cost and depreciated over their estimated useful lives on the straight-line basis.,,,No,,Not disclosed,,Not disclosed,,0,significant_accounting_policies,Note 1. Summary of Significant Accounting Policies,3,False,,"score=2,idx=17510,zone=13456",917,OK,
0001023128,LAD,2022,0001023128_LAD_FY2022_10K.html,,2022-12-31,equipment,Property and equipment are stated at cost and depreciated over their estimated useful lives on the straight-line basis.,,,No,,Not disclosed,,Not disclosed,,0,significant_accounting_policies,NOTE 1. SUMMARY OF SIGNIFICANT ACCOUNTING POLICIES,3,False,,"score=2,idx=15868,zone=14366",955,OK,
0001023128,LAD,2023,0001023128_LAD_FY2023_10K.html,,2024-02-23,equipment,Property and equipment are stated at cost and depreciated over their estimated useful lives on the straight-line basis.,,,No,,Not disclosed,,Not disclosed,,0,significant_accounting_policies,NOTE 1. SUMMARY OF SIGNIFICANT ACCOUNTING POLICIES,3,False,,"score=2,idx=16184,zone=15454",976,OK,
0001023128,LAD,2024,0001023128_LAD_FY2024_10K.html,,2024-12-31,equipment,Property and equipment are stated at cost and depreciated over their estimated useful lives on the straight-line basis.,,,No,,Not disclosed,,Not disclosed,,0,significant_accounting_policies,NOTE 1. SUMMARY OF SIGNIFICANT ACCOUNTING POLICIES,3,False,,"score=2,idx=17054,zone=16705",1017,OK,
0001023313,FORR,2013,0001023313_FORR_FY2013_10K.html,,"December 31, 2013",Not disclosed,Not disclosed,,,No,,Not disclosed,,Not disclosed,,0,unknown,,0,False,,"score=4,idx=7868,zone=23690",423,OK,
0001023313,FORR,2014,0001023313_FORR_FY2014_10K.html,,"December 31, 2014",Not disclosed,Not disclosed,,,Yes,"The Company evaluates reportable segment performance and allocates resources based on segment revenues and expenses. Segment expenses
include the direct expenses of each segment organization and exclude selling and marketing expenses, general and administrative expenses, stock-based compensation expense, depreciation expense, adjustments to incentive bonus compensation from target
amounts, amortization of intangible assets, reorganization costs, other income and gains (losses) on investments. The accounting policies used by the segments are the same as those used in the consolidated financial statements.",Not disclosed,,Not disclosed,,0,unknown,,0,False,,"score=4,idx=8164,zone=16113",365,OK,
0001023313,FORR,2015,0001023313_FORR_FY2015_10K.html,,"December 31, 2015","equipment, Computer software, Furniture and fixtures",Estimated Useful Life Computers and equipment 3 to 10 Years Computer software 3 to 5 Years Furniture and fixtures 7 Years Leasehold improvements Shorter of asset life or lease term,3.0,10.0,Yes,"The Company evaluates reportable segment performance and allocates resources based on segment revenues and expenses. Segment expenses include the direct expenses of each segment organization and exclude selling and marketing expenses, general and administrative expenses, stock-based compensation expense, depreciation expense, adjustments to incentive bonus compensation from target amounts, amortization of intangible assets, reorganization costs, other income and losses on investments. The accounting policies used by the segments are the same as those used in the consolidated financial statements.",Not disclosed,,Not disclosed,,0,item_8_other,,1,True,3.0-5.0 ans | 3.0-10.0 ans | 7.0 ans,"score=3,idx=7402,zone=13198",458,OK,
0001023313,FORR,2016,0001023313_FORR_FY2016_10K.html,,"December 31, 2016","equipment, Computer software, Furniture and fixtures",Estimated Useful Life Computers and equipment 3 to 10 Years Computer software 3 to 5 Years Furniture and fixtures 7 Years Leasehold improvements Shorter of asset life or lease term,3.0,10.0,Yes,"The Company evaluates reportable segment performance and allocates resources based on segment revenues and expenses. Segment expenses include the direct expenses of each segment organization and exclude selling and marketing expenses, general and administrative expenses, stock-based compensation expense, depreciation expense, adjustments to incentive bonus compensation from target amounts, amortization of intangible assets, reorganization costs, other income and losses on investments. The accounting policies used by the segments are the same as those used in the consolidated financial statements.",Not disclosed,,Not disclosed,,0,item_8_other,,1,True,3.0-5.0 ans | 3.0-10.0 ans | 7.0 ans,"score=3,idx=7444,zone=13227",440,OK,
0001023313,FORR,2017,0001023313_FORR_FY2017_10K.html,,"December 31, 2017","equipment, Computer software, Furniture and fixtures",Estimated Useful Life Computers and equipment 3 to 10 Years Computer software 3 to 5 Years Furniture and fixtures 7 Years Leasehold improvements Shorter of asset life or lease term,3.0,10.0,Yes,"The Company evaluates reportable segment performance and allocates resources based on segment revenues and expenses. Segment expenses include the direct expenses of each segment organization and exclude selling and marketing expenses, general and administrative expenses, stock-based compensation expense, depreciation expense, adjustments to incentive bonus compensation from target amounts, amortization of intangible assets, reorganization costs, other income and losses on investments. The accounting policies used by the segments are the same as those used in the consolidated financial statements.",Not disclosed,,Not disclosed,,0,item_8_other,,1,True,3.0-5.0 ans | 3.0-10.0 ans | 7.0 ans,"score=3,idx=7467,zone=13815",450,OK,
0001023313,FORR,2018,0001023313_FORR_FY2018_10K.html,,"December 31, 2018","equipment, Computer software, Furniture and fixtures",Estimated Useful Life Computers and equipment 3 to 10 Years Computer software 3 to 5 Years Furniture and fixtures 7 Years Leasehold improvements Shorter of asset life or lease term,3.0,10.0,Yes,"The Company evaluates reportable segment performance and allocates resources based on segment revenues and expenses. Segment expenses include the direct expenses of each segment organization and exclude selling and marketing expenses, general and administrative expenses, stock-based compensation expense, depreciation expense, adjustments to incentive bonus compensation from target amounts, amortization of intangible assets, other income and gains (losses) on investments. The accounting policies used by the segments are the same as those used in the consolidated financial statements.",Not disclosed,,"In August 2018, the FASB issued ASU No. 2018-15, Intangibles-Goodwill and Other-Internal-Use Software: Customer’s Accounting for Implementation Costs Incurred in a Cloud Computing Arrangement That is a Service Contract. The new standard aligns the requirements for capitalizing implementation costs incurred in a hosting arrangement that is a service contract with the requirements for capitalizing implementation costs incurred to develop or obtain internal-use software (and hosting arrangements that include an internal-use software license). The new standard will be effective for the Company on January 1, 2020. The Company is currently evaluating the potential impact that this standard may have on its financial position and results of operations. ||| Intangibles-Goodwill and Other-Internal-Use Software: Customer’s Accounting for Implementation Costs Incurred in a Cloud Computing Arrangement That is a Service Contract.",,0,significant_accounting_policies,Note 15 - Subsequent Events,3,True,3.0-5.0 ans | 3.0-10.0 ans | 7.0 ans,"score=3,idx=8401,zone=15746",604,OK,
0001023313,FORR,2019,0001023313_FORR_FY2019_10K.html,,"December 31, 2019","equipment, Computer software, Furniture and fixtures",Estimated Useful Life Computers and equipment 3 to 10 Years Computer software 3 to 5 Years Furniture and fixtures 7 Years Leasehold improvements Shorter of asset life or lease term,3.0,10.0,Yes,"The Company evaluates reportable segment performance and allocates resources based on segment revenues and expenses. Segment expenses include the direct expenses of each segment organization and exclude, except as noted above for the SiriusDecisions segment, selling and marketing expenses, general and administrative expenses, stock-based compensation expense, depreciation expense, adjustments to incentive bonus compensation from target amounts, amortization of intangible assets, interest and other expense, and gains (losses) on investments. The accounting policies used by the segments are the same as those used in the consolidated financial statements.",Not disclosed,,"In August 2018, the FASB issued ASU No. 2018-15, Intangibles-Goodwill and Other-Internal-Use Software: Customer’s Accounting for Implementation Costs Incurred in a Cloud Computing Arrangement That is a Service Contract. The new standard aligns the requirements for capitalizing implementation costs incurred in a hosting arrangement that is a service contract with the requirements for capitalizing implementation costs incurred to develop or obtain internal-use software (and hosting arrangements that include an internal-use software license). The new standard will be effective for the Company on January 1, 2020. The adoption of this standard is not expected to have a material impact on the Company’s financial position or results of operations. ||| Intangibles-Goodwill and Other-Internal-Use Software: Customer’s Accounting for Implementation Costs Incurred in a Cloud Computing Arrangement That is a Service Contract.",,0,significant_accounting_policies,Note 15 – Subsequent Events (unaudited),3,True,3.0-5.0 ans | 3.0-10.0 ans | 7.0 ans,"score=3,idx=6326,zone=15575",717,OK,
0001023313,FORR,2020,0001023313_FORR_FY2020_10K.html,,2020-12-31,"equipment, Computer software, Furniture and fixtures",Estimated Useful Life Computers and equipment 3 to 10 Years Computer software 3 to 5 Years Furniture and fixtures 7 Years Leasehold improvements Shorter of asset life or lease term,3.0,10.0,Yes,"The Company evaluates reportable segment performance and allocates resources based on segment revenues and expenses. Segment expenses include the direct expenses of each segment organization and excludes: selling and marketing expenses, general and administrative expenses, stock-based compensation expense, depreciation expense, adjustments to incentive bonus compensation from target amounts, amortization of intangible assets, interest and other expense, and gains (losses) on investments. The accounting policies used by the segments are the same as those used in the consolidated financial statements. The Company does not review or evaluate assets as part of segment performance. Accordingly, the Company does not identify or allocate assets by reportable segment.",Not disclosed,,"The Company adopted the guidance in ASU No. 2018-15, Intangibles-Goodwill and Other-Internal-Use Software: Customer’s Accounting for Implementation Costs Incurred in a Cloud Computing Arrangement That is a Service Contract on January 1, 2020 using the prospective method . The new standard aligns the requirements for capitalizing implementation costs incurred in a hosting arrangement that is a service contract with the requirements for capitalizing implementation costs incurred to develop or obtain ||| Intangibles-Goodwill and Other-Internal-Use Software: Customer’s Accounting for Implementation Costs Incurred in a Cloud Computing Arrangement That is a Service Contract",,0,significant_accounting_policies,Note 14 — Contingencies,3,True,3.0-5.0 ans | 3.0-10.0 ans | 7.0 ans,"score=3,idx=7189,zone=14744",721,OK,
0001023313,FORR,2021,0001023313_FORR_FY2021_10K.html,,2021-12-31,"equipment, Computer software, Furniture and fixtures, Technology","Depreciation and Amortization Forrester provides for depreciation and amortization of property and equipment, computed using the straight-line method, over their estimated useful lives of its assets as follows: Estimated Useful Life Computers and equipment 3 to 10 Years Computer software 3 to 5 Years Furniture and fixtures 7 Years Leasehold improvements Shorter of asset life or lease term Forrester provides for amortization of intangible assets, computed using an accelerated method according to the expected cash flows to be received from the underlying assets, over their estimated useful lives as follows: Estimated Useful Life Customer relationships 5 to 9 Years Technology 1 to 8 Years Trademarks 6 to 8 Years 39",3.0,10.0,Yes,"The Company evaluates reportable segment performance and allocates resources based on segment revenues and expenses. Segment expenses include the direct expenses of each segment organization and exclude selling and marketing expenses, general and administrative expenses, stock-based compensation expense, depreciation expense, adjustments to incentive bonus compensation from target amounts, amortization of intangible assets, interest and other expense, and gains on investments. The accounting policies used by the segments are the same as those used in the consolidated financial statements. The Company does not review or evaluate assets as part of segment performance. Accordingly, the Company does not identify or allocate assets by reportable segment.",Not disclosed,,"The Company adopted the guidance in ASU No. 2018-15, Intangibles-Goodwill and Other-Internal-Use Software: Customer’s Accounting for Implementation Costs Incurred in a Cloud Computing Arrangement That is a Service Contract on January 1, 2020 using the prospective method . The new standard aligns the requirements for capitalizing implementation costs incurred in a hosting arrangement that is a service contract with the requirements for capitalizing implementation costs incurred to develop or obtain internal-use software (and hosting arrangements that include an internal-use software license). The adoption of this standard did not have a material impact on the Company’s financial position or results of operations. ||| Intangibles-Goodwill and Other-Internal-Use Software: Customer’s Accounting for Implementation Costs Incurred in a Cloud Computing Arrangement That is a Service Contract",,0,significant_accounting_policies,"Note 1 – Summary of Significant Accounting Policies Basis of Presentation Forrester Research, Inc. is a global independent research and advisory firm.",3,True,1.0-8.0 ans | 3.0-5.0 ans | 3.0-10.0 ans | 5.0-9.0 ans | 6.0-8.0 ans | 7.0 ans,"score=4,idx=8066,zone=20583",876,OK,
0001023313,FORR,2022,0001023313_FORR_FY2022_10K.html,,2022-12-31,"equipment, Computer software, Furniture and fixtures, Technology","Depreciation and Amortization Forrester provides for depreciation and amortization of property and equipment, computed using the straight-line method, over their estimated useful lives of its assets as follows: Estimated Useful Life Computers and equipment 3 to 10 Years Computer software 3 to 5 Years Furniture and fixtures 7 Years Leasehold improvements Shorter of asset life or lease term Forrester provides for amortization of intangible assets, computed using an accelerated method according to the expected cash flows to be received from the underlying assets, over their estimated useful lives as follows: Estimated Useful Life Customer relationships 5 to 9 Years Technology 1 to 8 Years Trademarks 6 to 8 Years 38",3.0,10.0,Yes,"The Company evaluates reportable segment performance and allocates resources based on segment revenues and expenses. Segment expenses include the direct expenses of each segment organization and exclude selling and marketing expenses, general and administrative expenses, stock-based compensation expense, depreciation expense, adjustments to incentive bonus compensation from target amounts, amortization of intangible assets, restructuring and integration costs, interest and other income (expense), and gains on investments. The accounting policies used by the segments are the same as those used in the consolidated financial statements. The Company does not review or evaluate assets as part of segment performance. Accordingly, the Company does not identify or allocate assets by reportable segment.",Not disclosed,,"The Company adopted the guidance in ASU No. 2018-15, Intangibles-Goodwill and Other-Internal-Use Software: Customer’s Accounting for Implementation Costs Incurred in a Cloud Computing Arrangement That is a Service Contract on January 1, 2020 using the prospective method . The standard aligned the requirements for capitalizing implementation costs incurred in a hosting arrangement that is a service contract with the requirements for capitalizing implementation costs incurred to develop or obtain internal-use software (and hosting arrangements that include an internal-use software license). The adoption of this standard did not have a material impact on the Company’s financial position or results of operations. ||| Intangibles-Goodwill and Other-Internal-Use Software: Customer’s Accounting for Implementation Costs Incurred in a Cloud Computing Arrangement That is a Service Contract",A100,1,significant_accounting_policies,"Note 1 – Summary of Significant Accounting Policies Basis of Presentation Forrester Research, Inc. is a global independent research and advisory firm.",3,True,1.0-8.0 ans | 3.0-5.0 ans | 3.0-10.0 ans | 5.0-9.0 ans | 6.0-8.0 ans | 7.0 ans,"score=4,idx=7412,zone=20622",790,OK,
0001023313,FORR,2023,0001023313_FORR_FY2023_10K.html,,2024-02-29,"equipment, Computer software, Furniture and fixtures, Technology","Depreciation and Amortization Forrester provides for depreciation and amortization of property and equipment, computed using the straight-line method, over their estimated useful lives of its assets as follows: Estimated Useful Life Computers and equipment 3 to 10 Years Computer software 3 to 5 Years Furniture and fixtures 7 Years Leasehold improvements Shorter of asset life or lease term Forrester provides for amortization of intangible assets, computed using an accelerated method according to the expected cash flows to be received from the underlying assets, over their estimated useful lives as follows: Estimated Useful Life Customer relationships 5 to 9 Years Technology 1 to 8 Years Trademarks 6 to 8 Years",3.0,10.0,Yes,"The Company evaluates reportable segment performance and allocates resources based on segment revenues and expenses. Segment expenses include the direct expenses of each segment organization and exclude selling and marketing expenses, general and administrative expenses, stock-based compensation expense, depreciation expense, adjustments to incentive bonus compensation from target amounts, amortization of intangible assets, restructuring and integration costs, interest and other income (expense), and gains on investments. The accounting policies used by the segments are the same as those used in the consolidated financial statements. The Company does not review or evaluate assets as part of segment performance. Accordingly, the Company does not identify or allocate assets by reportable segment.",Not disclosed,,Not disclosed,,0,significant_accounting_policies,"Note 1 – Summary of Significant Accounting Policies Basis of Presentation Forrester Research, Inc. is a global independent research and advisory firm.",3,True,1.0-8.0 ans | 3.0-5.0 ans | 3.0-10.0 ans | 5.0-9.0 ans | 6.0-8.0 ans | 7.0 ans,"score=4,idx=7237,zone=20859",776,OK,
0001023313,FORR,2024,0001023313_FORR_FY2024_10K.html,,2025-01-31,"equipment, Computer software, Furniture and fixtures, Technology","Depreciation and Amortization Forrester provides for depreciation and amortization of property and equipment, computed using the straight-line method, over their estimated useful lives of its assets as follows: Estimated Useful Life Computers and equipment 3 to 10 Years Computer software 3 to 5 Years Furniture and fixtures 7 Years Leasehold improvements Shorter of asset life or lease term Forrester provides for amortization of intangible assets, computed using an accelerated method according to the expected cash flows to be received from the underlying assets, over their estimated useful lives as follows: Estimated Useful Life Customer relationships 5 to 9 Years Technology 1 to 8 Years Trademarks 6 to 8 Years",3.0,10.0,Yes,"The Company evaluates reportable segment performance and allocates resources based on segment operating income (loss). Segment expenses include the direct expenses of each segment organization and exclude selling and marketing expenses, general and administrative expenses, stock-based compensation expense, depreciation expense, adjustments to incentive bonus compensation from target amounts, amortization of intangible assets, restructuring costs, loss from sale of divested operation, interest expense, other income, and gains on investments. The accounting policies used by the segments are the same as those used in the consolidated financial statements. The Company does not review or evaluate assets as part of segment performance. Accordingly, the Company does not identify or allocate assets by reportable segment.",Not disclosed,,Not disclosed,A100;B100;B200,3,significant_accounting_policies,"Note 1 – Summary of Significant Accounting Policies Basis of Presentation Forrester Research, Inc. is a global independent research and advisory firm.",3,True,1.0-8.0 ans | 3.0-5.0 ans | 3.0-10.0 ans | 5.0-9.0 ans | 6.0-8.0 ans | 7.0 ans,"score=4,idx=8866,zone=22162",820,OK,
0001025996,KRC,2013,0001025996_KRC_FY2013_10K.html,,,Not disclosed,Not disclosed,,,No,,Not disclosed,,Not disclosed,,0,unknown,,0,False,,"score=6,idx=35013,zone=13",2,OK,
0001025996,KRC,2014,0001025996_KRC_FY2014_10K.html,,,Not disclosed,Not disclosed,,,No,,Not disclosed,,Not disclosed,,0,unknown,,0,False,,"score=6,idx=35710,zone=13",2,OK,
0001025996,KRC,2015,0001025996_KRC_FY2015_10K.html,,,Not disclosed,Not disclosed,,,No,,Not disclosed,,Not disclosed,,0,unknown,,0,False,,"score=6,idx=36241,zone=13",2,OK,
0001025996,KRC,2016,0001025996_KRC_FY2016_10K.html,,,Not disclosed,Not disclosed,,,No,,Not disclosed,,Not disclosed,,0,unknown,,0,False,,"score=6,idx=39595,zone=14",2,OK,
0001025996,KRC,2017,0001025996_KRC_FY2017_10K.html,,,Not disclosed,Not disclosed,,,No,,Not disclosed,,Not disclosed,,0,unknown,,0,False,,"score=6,idx=39546,zone=14",2,OK,
0001025996,KRC,2018,0001025996_KRC_FY2018_10K.html,,,Not disclosed,Not disclosed,,,No,,Not disclosed,,Not disclosed,,0,unknown,,0,False,,"score=6,idx=39851,zone=14",2,OK,
0001025996,KRC,2019,0001025996_KRC_FY2019_10K.html,,2020-01-31,Not disclosed,Not disclosed,,,No,,Not disclosed,,Not disclosed,,0,unknown,,0,False,,"score=6,idx=42254,zone=14",2,OK,
0001025996,KRC,2020,0001025996_KRC_FY2020_10K.html,,2021-01-29,Not disclosed,Not disclosed,,,No,,Not disclosed,,Not disclosed,,0,unknown,,0,False,,"score=5,idx=25747,zone=10",2,OK,
0001025996,KRC,2021,0001025996_KRC_FY2021_10K.html,,2022-01-28,Not disclosed,Not disclosed,,,No,,Not disclosed,,Not disclosed,B100,1,unknown,,0,False,,"score=5,idx=22861,zone=10",2,OK,
0001025996,KRC,2022,0001025996_KRC_FY2022_10K.html,,2023-02-06,Not disclosed,Not disclosed,,,No,,Not disclosed,,Not disclosed,,0,unknown,,0,False,,"score=5,idx=22817,zone=10",2,OK,
0001025996,KRC,2023,0001025996_KRC_FY2023_10K.html,,2024-01-22,Not disclosed,Not disclosed,,,No,,Not disclosed,,Not disclosed,,0,unknown,,0,False,,"score=5,idx=20695,zone=10",2,OK,
0001025996,KRC,2024,0001025996_KRC_FY2024_10K.html,,2024-12-31,Not disclosed,Not disclosed,,,No,,Not disclosed,,Not disclosed,,0,unknown,,0,False,,"score=5,idx=21015,zone=10",2,OK,
0001170010,KMX,2013,0001170010_KMX_FY2013_10K.html,,,equipment,Property and equipment is stated at cost less accumulated depreciation and amortization.,,,No,,Not disclosed,,Not disclosed,,0,significant_accounting_policies,2. Summary of Significant Accounting Policies,3,False,,"score=4,idx=10272,zone=18527",963,OK,
0001170010,KMX,2014,0001170010_KMX_FY2014_10K.html,,,equipment,Property and equipment is stated at cost less accumulated depreciation and amortization.,,,No,,Not disclosed,,"In April 2015, the FASB issued an accounting pronouncement (FASB ASU 2015-5) which provides guidance regarding whether a cloud computing arrangement includes a software license (FASB ASC Subtopic 350-40). If a cloud computing arrangement includes a software license, then the entity should account for the software license element of the arrangement consistent with the acquisition of other software licenses. If a cloud computing arrangement does not include a software license, the entity should account for the arrangement as a service contract. The guidance will not change GAAP for an entity’s accounting for service contracts. This pronouncement is effective for fiscal years, including interim periods within those fiscal years, beginning after December 15, 2015.",,0,significant_accounting_policies,2. Summary of Significant Accounting Policies,3,False,,"score=4,idx=10342,zone=18610",943,OK,
0001170010,KMX,2015,0001170010_KMX_FY2015_10K.html,,,Not disclosed,Not disclosed,,,No,,Not disclosed,,Not disclosed,,0,unknown,,0,False,,"score=4,idx=11491,zone=21839",752,OK,
0001170010,KMX,2016,0001170010_KMX_FY2016_10K.html,,,Not disclosed,Not disclosed,,,No,,Not disclosed,,"In April 2015, the FASB issued an accounting pronouncement (FASB ASU 2015-05), which provides guidance regarding whether a cloud computing arrangement includes a software license (FASB ASC Subtopic 350-40). If a cloud computing arrangement includes a software license, then the entity should account for the software license element of the arrangement consistent with the acquisition of other software licenses. If a cloud computing arrangement does not include a software license, the entity should account for the arrangement as a service contract. The guidance does not change GAAP for an entity’s accounting for service contracts. We adopted this guidance for our fiscal year beginning March 1, 2016, and it did not have a material effect on our consolidated financial statements.",,0,unknown,,0,False,,"score=4,idx=12134,zone=21902",764,OK,
0001170010,KMX,2017,0001170010_KMX_FY2017_10K.html,,,Not disclosed,Not disclosed,,,No,,Not disclosed,,Not disclosed,,0,unknown,,0,False,,"score=4,idx=12356,zone=21061",748,OK,
0001170010,KMX,2018,0001170010_KMX_FY2018_10K.html,,,Not disclosed,Not disclosed,,,No,,Not disclosed,,"In August 2018, the FASB issued an accounting pronouncement (FASB ASU 2018-15) related to a customer’s accounting for implementation costs incurred in a cloud computing arrangement that is considered a service contract. This pronouncement aligns the requirements for capitalizing implementation costs in such arrangements with the requirements for capitalizing implementation costs incurred to develop or obtain internal-use software. This pronouncement is effective for fiscal years, and for interim periods within those fiscal years, beginning after December 15, 2019. We plan to early adopt this pronouncement for our fiscal year beginning March 1, 2019 using the prospective approach. We do not expect the adoption of this pronouncement to have a material effect on our consolidated financial statements.",,0,unknown,,0,False,,"score=4,idx=12653,zone=21703",793,OK,
0001170010,KMX,2020,0001170010_KMX_FY2020_10K.html,,2021-02-28,equipment,Property and equipment is stated at cost less accumulated depreciation and amortization.,,,No,,Not disclosed,,Not disclosed,,0,significant_accounting_policies,1. NATURE OF OPERATIONS AND SUMMARY OF SIGNIFICANT ACCOUNTING POLICIES,3,False,,"score=2,idx=9873,zone=12520",790,OK,
0001170010,KMX,2021,0001170010_KMX_FY2021_10K.html,,2022-02-28,"Furniture, equipment","As of February 28 (In thousands) 2022 2021 Land $ 913,577 $ 868,221 Land held for development (1) 73,347 78,960 Buildings 2,290,686 2,193,203 Leasehold improvements 331,002 291,129 Furniture, fixtures and equipment 520,407 633,857 Construction in progress 113,091 155,915 Software 246,616 121,400 Finance leases 157,890 127,142 Total property and equipment 4,646,616 4,469,827 Less: accumulated depreciation and amortization (1,437,548) (1,414,264) Property and equipment, net $ 3,209,068 $ 3,055,563",,,No,,Not disclosed,,Not disclosed,B200,1,ppe_note,8. PROPERTY AND EQUIPMENT,3,False,,"score=2,idx=9745,zone=14296",845,OK,
0001170010,KMX,2022,0001170010_KMX_FY2022_10K.html,,2023-02-28,"Furniture, equipment","As of February 28 (In thousands) 2023 2022 Land $ 947,734 $ 913,577 Land held for development (1) 62,770 73,347 Buildings 2,454,937 2,290,686 Leasehold improvements 356,974 331,002 Furniture, fixtures and equipment 559,927 520,407 Construction in progress 156,925 113,091 Software 314,454 246,616 Finance leases 192,117 157,890 Total property and equipment 5,045,838 4,646,616 Less: accumulated depreciation and amortization (1,614,924) (1,437,548) Property and equipment, net $ 3,430,914 $ 3,209,068",,,No,,Not disclosed,,Not disclosed,,0,ppe_note,8. PROPERTY AND EQUIPMENT,3,False,,"score=2,idx=9654,zone=14586",853,OK,
0001170010,KMX,2023,0001170010_KMX_FY2023_10K.html,,2024-03-31,"Furniture, equipment","As of February 29 or 28 (In thousands) 2024 2023 Land $ 990,225 $ 947,734 Land held for development (1) 193,923 62,770 Buildings 2,612,746 2,454,937 Leasehold improvements 361,850 356,974 Furniture, fixtures and equipment 586,813 559,927 Construction in progress 117,352 156,925 Software 385,867 314,454 Finance leases 230,537 192,117 Total property and equipment 5,479,313 5,045,838 Less: accumulated depreciation and amortization (1,813,783) (1,614,924) Property and equipment, net $ 3,665,530 $ 3,430,914",,,No,,Not disclosed,,Not disclosed,,0,ppe_note,7. PROPERTY AND EQUIPMENT,3,False,,"score=2,idx=9513,zone=13962",821,OK,
0001170010,KMX,2024,0001170010_KMX_FY2024_10K.html,,2025-02-28,"Furniture, equipment","As of February 28 or 29 (In thousands) 2025 2024 Land $ 1,020,677 $ 990,225 Land held for development (1) 179,810 193,923 Buildings 2,681,927 2,612,746 Leasehold improvements 366,842 361,850 Furniture, fixtures and equipment 607,666 586,813 Construction in progress 300,136 117,352 Software 471,175 385,867 Finance leases 228,163 230,537 Total property and equipment 5,856,396 5,479,313 Less: accumulated depreciation and amortization (2,014,563) (1,813,783) Property and equipment, net $ 3,841,833 $ 3,665,530",,,No,,Not disclosed,,Not disclosed,,0,ppe_note,7. PROPERTY AND EQUIPMENT,3,False,,"score=2,idx=9574,zone=13484",792,OK,
