firm_cik,firm_ticker,fiscal_year,filename,filing_date,period_end_date,asset_category,useful_life_text,useful_life_min_years,useful_life_max_years,policy_change,policy_change_text,ai_infra_text,ai_infra_source,segment_ai_text,hardware_mentions,hardware_count,source_section,section_title,confidence,ambiguity_flag,ambiguity_detail,item8_method,item8_segment_count,extraction_status,error_message
0000007789,ASB,2013,0000007789_ASB_FY2013_10K.html,,"December 31, 2013",equipment,Premises and equipment are stated at cost less accumulated depreciation and amortization.,,,No,,Not disclosed,,Not disclosed,,0,significant_accounting_policies,"NOTE 1 SUMMARY OF
SIGNIFICANT ACCOUNTING POLICIES:",3,False,,"score=7,idx=36697,zone=50418",795,OK,
0000007789,ASB,2014,0000007789_ASB_FY2014_10K.html,,"December 31, 2014",equipment,Premises and equipment are stated at cost less accumulated depreciation and amortization.,,,No,,Not disclosed,,Not disclosed,,0,significant_accounting_policies,"NOTE 1 SUMMARY OF
SIGNIFICANT ACCOUNTING POLICIES:",3,False,,"score=7,idx=35628,zone=50661",793,OK,
0000007789,ASB,2015,0000007789_ASB_FY2015_10K.html,,"December 31, 2015",Not disclosed,Not disclosed,,,No,,Not disclosed,,Not disclosed,,0,unknown,,0,False,,"score=6,idx=39295,zone=56653",3,OK,
0000007789,ASB,2016,0000007789_ASB_FY2016_10K.html,,"December 31, 2016",equipment,"Premises and equipment are stated at cost less accumulated depreciation and amortization. Software, included in other assets in the consolidated balance sheets, is amortized on a straight-line basis over the lesser of the contract terms or the estimated useful life of the software.",,,No,,Not disclosed,,"In April 2015, the FASB issued an amendment to provide guidance to customers about whether a cloud computing arrangement included a software license. If the cloud computing arrangement includes a software license, then the customer should account for the software license element consistent with the acquisition of other software licenses. ||| If a cloud computing arrangement does not include a software license, the customer should account for the arrangement as a service contract. This amendment was effective for annual periods, and interim periods within those annual periods, beginning after December 15, 2015. The Corporation adopted the accounting standard on a prospective basis during the first quarter of 2016, as required, with no material impact on its results of operations, financial position, or liquidity.",,0,significant_accounting_policies,Note 16,3,False,,"score=6,idx=30823,zone=43151",302,OK,
0000007789,ASB,2017,0000007789_ASB_FY2017_10K.html,,2017-12-31,equipment,"Premises and equipment are stated at cost less accumulated depreciation and amortization. Software, included in other assets in the consolidated balance sheets, is amortized on a straight-line basis over the lesser of the contract terms or the estimated useful life of the software.",,,No,,Not disclosed,,Not disclosed,,0,significant_accounting_policies,Note 16,3,False,,"score=6,idx=35145,zone=45975",309,OK,
0000007789,ASB,2018,0000007789_ASB_FY2018_10K.html,,2018-12-31,equipment,"Premises and equipment are stated at cost less accumulated depreciation and amortization. Software, included in other assets in the consolidated balance sheets, is amortized on a straight-line basis over the lesser of the contract terms or the estimated useful life of the software.",,,No,,Not disclosed,,Not disclosed,,0,significant_accounting_policies,Note 15,3,False,,"score=6,idx=36948,zone=52263",413,OK,
0000007789,ASB,2019,0000007789_ASB_FY2019_10K.html,,"December 31, 2019",Not disclosed,Not disclosed,,,No,,Not disclosed,,Not disclosed,B200,1,unknown,,0,False,,"score=5,idx=27118,zone=30422",155,OK,
0000007789,ASB,2020,0000007789_ASB_FY2020_10K.html,,2020-12-31,equipment,"Premises and equipment are stated at cost less accumulated depreciation and amortization. Software, included in other assets on the consolidated balance sheets, is amortized on a straight-line basis over the lesser of the contract terms or the estimated useful life of the software.",,,No,,Not disclosed,,"Information security risks for financial institutions like us continue to increase in part because of new technologies, the increased use of the internet and telecommunications technologies (including mobile devices and cloud computing) to conduct financial and other business transactions, political activism, and the increased sophistication and activities of organized crime, perpetrators of fraud, hackers, terrorists and others.",,0,significant_accounting_policies,Note 1 Summary of Significant Accounting Policies,3,False,,"score=5,idx=29854,zone=28426",2362,OK,
0000007789,ASB,2021,0000007789_ASB_FY2021_10K.html,,2021-12-31,Not disclosed,Not disclosed,,,No,,Not disclosed,,"Information security risks for financial institutions like us continue to increase in part because of new technologies, the increased use of the internet and telecommunications technologies (including mobile devices and cloud computing) to conduct financial and other business transactions, political activism, and the increased sophistication and activities of organized crime, perpetrators of fraud, hackers, terrorists and others.",A100,1,unknown,,0,False,,"score=5,idx=29778,zone=29839",514,OK,
0000007789,ASB,2022,0000007789_ASB_FY2022_10K.html,,2022-12-31,Not disclosed,Not disclosed,,,No,,Not disclosed,,"Information security risks for financial institutions like us continue to increase in part because of new technologies, the increased use of the internet and telecommunications technologies (including mobile devices and cloud computing) to conduct financial and other business transactions, political activism, and the increased sophistication and activities of organized crime, perpetrators of fraud, hackers, terrorists and others.",B200,1,unknown,,0,False,,"score=5,idx=28025,zone=29687",512,OK,
0000007789,ASB,2023,0000007789_ASB_FY2023_10K.html,,2023-12-31,Not disclosed,Not disclosed,,,No,,Not disclosed,,"Information security risks for financial institutions like us continue to increase in part because of new technologies, the increased use of the internet and telecommunications technologies (including mobile devices and cloud computing) to conduct financial and other business transactions, political activism, and the increased sophistication and activities of organized crime, perpetrators of fraud, hackers, terrorists and others.",,0,unknown,,0,False,,"score=5,idx=28095,zone=30143",549,OK,
0000007789,ASB,2024,0000007789_ASB_FY2024_10K.html,,2031-12-31,Not disclosed,Not disclosed,,,No,,Not disclosed,,"Information security risks for financial institutions like us continue to increase in part because of new technologies, the increased use of the internet and telecommunications technologies (including mobile devices and cloud computing) to conduct financial and other business transactions, political activism, and the increased sophistication and activities of organized crime, perpetrators of fraud, hackers, terrorists and others.",,0,unknown,,0,False,,"score=5,idx=29076,zone=32923",515,OK,
0000092230,TFC,2013,0000092230_TFC_FY2013_10K.html,,,Not disclosed,Not disclosed,,,No,,Not disclosed,,Not disclosed,,0,unknown,,0,False,,"score=7,idx=25026,zone=36687",995,OK,
0000092230,TFC,2014,0000092230_TFC_FY2014_10K.html,,,Not disclosed,Not disclosed,,,No,,Not disclosed,,Not disclosed,,0,unknown,,0,False,,"score=7,idx=25513,zone=33125",984,OK,
0000092230,TFC,2015,0000092230_TFC_FY2015_10K.html,,,Not disclosed,Not disclosed,,,No,,Not disclosed,,"During April 2015, the FASB issued new guidance related to Internal-Use
Software . Under the new guidance, if a cloud computing arrangement includes a software license, then the customer should account
for the software license element of the arrangement consistent with the acquisition of other software licenses. If a cloud computing
arrangement does not include a software license, the customer should account for the arrangement as a service contract. This guidance
is effective for fiscal years beginning after December 15, 2015 and interim periods within those fiscal years. The adoption of
this guidance is not expected to be material to the consolidated financial statements.",,0,unknown,,0,False,,"score=7,idx=26681,zone=41053",1010,OK,
0000092230,TFC,2016,0000092230_TFC_FY2016_10K.html,,,"equipment, computer software","Premises, equipment, capital leases and leasehold improvements are stated at cost less accumulated depreciation and amortization. Capitalized leases are amortized using the same methods as premises and equipment over the estimated useful lives or lease terms, whichever is less.",,,No,,Not disclosed,,"- requires the software license element of a cloud computing arrangement be accounted for consistent with the acquisition of other software licenses; otherwise, the arrangement should be accounted for as a service contract. ||| Internal-Use Software - requires the software license element of a cloud computing arrangement be accounted for consistent with the acquisition of other software licenses; otherwise, the arrangement should be accounted for as a service contract.",,0,significant_accounting_policies,NOTE 1. Summary of Significant Accounting Policies,3,False,,"score=7,idx=44398,zone=64903",1248,OK,
0000092230,TFC,2017,0000092230_TFC_FY2017_10K.html,,,equipment,"Premises, equipment, capital leases and leasehold improvements are stated at cost less accumulated depreciation and amortization.",,,No,,Not disclosed,,Not disclosed,,0,significant_accounting_policies,Note 3. Loans and ACL,3,False,,"score=7,idx=41164,zone=53677",1149,OK,
0000092230,TFC,2018,0000092230_TFC_FY2018_10K.html,,,equipment,"Premises, equipment, capital leases and leasehold improvements are stated at cost less accumulated depreciation and amortization.",,,No,,Not disclosed,,Not disclosed,,0,significant_accounting_policies,Note 3. Loans and ACL,3,False,,"score=7,idx=37802,zone=49245",1149,OK,
0000092230,TFC,2019,0000092230_TFC_FY2019_10K.html,,2020-12-31,equipment,"Premises, equipment, finance leases and leasehold improvements are stated at cost less accumulated depreciation and amortization.",,,No,,"Truist has operating and finance leases for data centers, corporate offices, branches, retail centers, and certain equipment, and determines if an arrangement is a lease at inception. Operating leases with an original lease term in excess of one year are included in Other assets and Other liabilities in the Consolidated Balance Sheets. Finance leases are included in Premises and equipment and Long-term debt in the Consolidated Balance Sheets.",Item 8,Not disclosed,B100,1,significant_accounting_policies,NOTE 1. Basis of Presentation,3,False,,"score=5,idx=38547,zone=46453",1434,OK,
0000092230,TFC,2020,0000092230_TFC_FY2020_10K.html,,2021-12-31,equipment,"Premises, equipment, finance leases and leasehold improvements are stated at cost less accumulated depreciation and amortization.",,,No,,"Truist has operating and finance leases for data centers, corporate offices, branches, retail centers, and certain equipment, and determines if an arrangement is a lease at inception. Operating leases with an original lease term in excess of one year are included in Other assets and Other liabilities in the Consolidated Balance Sheets. Finance leases are included in Premises and equipment and Long-term debt in the Consolidated Balance Sheets.",Item 8,Not disclosed,A100,1,significant_accounting_policies,NOTE 1. Basis of Presentation,3,False,,"score=5,idx=35863,zone=42346",1425,OK,
0000092230,TFC,2021,0000092230_TFC_FY2021_10K.html,,2022-12-31,equipment,"Premises, equipment, finance leases, and leasehold improvements are stated at cost less accumulated depreciation and amortization.",,,No,,"Truist has operating and finance leases for data centers, corporate offices, branches, retail centers, and certain equipment. Operating leases with an original lease term in excess of one year are included in Other assets and Other liabilities in the Consolidated Balance Sheets. Finance leases are included in Premises and equipment and Long-term debt in the Consolidated Balance Sheets.",Item 8,Not disclosed,B100,1,significant_accounting_policies,NOTE 1. Basis of Presentation,3,False,,"score=5,idx=31997,zone=43893",1350,OK,
0000092230,TFC,2022,0000092230_TFC_FY2022_10K.html,,2023-12-31,equipment,"Premises, equipment, finance leases, and leasehold improvements are stated at cost less accumulated depreciation and amortization.",,,No,,"Truist has operating and finance leases for data centers, corporate offices, branches, retail centers, and certain equipment. Operating leases with an original lease term in excess of one year are included in Other assets and Other liabilities in the Consolidated Balance Sheets. Finance leases are included in Premises and equipment and Long-term debt in the Consolidated Balance Sheets.",Item 8,Not disclosed,A100,1,significant_accounting_policies,NOTE 1. Basis of Presentation,3,False,,"score=5,idx=31604,zone=44278",1370,OK,
0000092230,TFC,2023,0000092230_TFC_FY2023_10K.html,,2024-12-31,equipment,"Premises, equipment, finance leases, and leasehold improvements are stated at cost less accumulated depreciation and amortization.",,,No,,"Truist has operating and finance leases for data centers, corporate offices, branches, retail centers, and certain equipment. Operating leases with an original lease term in excess of one year are included in Other assets and Other liabilities in the Consolidated Balance Sheets. Finance leases are included in Premises and equipment and Long-term debt in the Consolidated Balance Sheets.",Item 8,Not disclosed,,0,significant_accounting_policies,NOTE 1. Basis of Presentation,3,False,,"score=5,idx=31758,zone=48803",1433,OK,
0000092230,TFC,2024,0000092230_TFC_FY2024_10K.html,,2025-12-31,equipment,"Premises, equipment, finance leases, and leasehold improvements are stated at cost less accumulated depreciation and amortization.",,,No,,"Truist has operating and finance leases for data centers, corporate offices, branches, retail centers, and certain equipment. Operating leases with an original lease term in excess of one year are included in Other assets and Other liabilities in the Consolidated Balance Sheets. Finance leases are included in Premises and equipment and Long-term debt in the Consolidated Balance Sheets.",Item 8,Not disclosed,,0,significant_accounting_policies,NOTE 1. Basis of Presentation,3,False,,"score=5,idx=35149,zone=52656",1502,OK,
0000714310,VLY,2013,0000714310_VLY_FY2013_10K.html,,"December 31, 2013",Not disclosed,Not disclosed,,,No,,Not disclosed,,Not disclosed,,0,unknown,,0,False,,"score=4,idx=30827,zone=52725",902,OK,
0000714310,VLY,2014,0000714310_VLY_FY2014_10K.html,,,Not disclosed,Not disclosed,,,No,,Not disclosed,,Not disclosed,,0,unknown,,0,False,,"score=3,idx=31726,zone=52891",71,OK,
0000714310,VLY,2015,0000714310_VLY_FY2015_10K.html,,,Not disclosed,Not disclosed,,,No,,Not disclosed,,Not disclosed,,0,unknown,,0,False,,"score=3,idx=32072,zone=53703",69,OK,
0000714310,VLY,2016,0000714310_VLY_FY2016_10K.html,,,Not disclosed,Not disclosed,,,No,,Not disclosed,,Not disclosed,,0,unknown,,0,False,,"score=3,idx=32676,zone=52499",68,OK,
0000714310,VLY,2017,0000714310_VLY_FY2017_10K.html,,,Not disclosed,Not disclosed,,,No,,Not disclosed,,Not disclosed,,0,unknown,,0,False,,"score=3,idx=30919,zone=52105",67,OK,
0000714310,VLY,2018,0000714310_VLY_FY2018_10K.html,,,Not disclosed,Not disclosed,,,No,,Not disclosed,,Not disclosed,,0,unknown,,0,False,,"score=3,idx=30431,zone=52603",66,OK,
0000714310,VLY,2019,0000714310_VLY_FY2019_10K.html,,2020-01-01,Not disclosed,Not disclosed,,,No,,Not disclosed,,Not disclosed,,0,unknown,,0,False,,"score=3,idx=38128,zone=58716",75,OK,
0000714310,VLY,2020,0000714310_VLY_FY2020_10K.html,,2020-12-31,capitalized software to up to 40 years for buildings,Premises and equipment are stated at cost less accumulated depreciation computed using the straight-line method over the estimated useful lives of the related assets. Estimated useful lives range from 3 years for capitalized software to up to 40 years for buildings.,40.0,,No,,"Net occupancy and equipment expenses increased $10.8 million for the year ended December 31, 2020 as compared to 2019 largely due to higher rental expenses resulting from a sale leaseback transaction completed near the end of the first quarter 2019 and higher depreciation expense related to computer equipment and new data centers placed into service in fourth quarter 2019. In addition, during 2020, we incurred higher equipment and certain other COVID-19 pandemic related expenses which included additional cleaning services for facilities to maintain employee and customer safety. During 2020, we also incurred additional costs associated with branches and other facilities acquired from Oritani, which were partially offset by costs savings from branch closures during 2020 as compared to 2019.",MD&A (Item 7),Not disclosed,,0,item_8_other,,1,False,,"score=2,idx=21680,zone=28254",1249,OK,
0000714310,VLY,2021,0000714310_VLY_FY2021_10K.html,,2022-06-30,capitalized software to up to 40 years for buildings,Premises and equipment are stated at cost less accumulated depreciation computed using the straight-line method over the estimated useful lives of the related assets. Estimated useful lives range from 3 years for capitalized software to up to 40 years for buildings.,40.0,,No,,Not disclosed,,Not disclosed,A100,1,item_8_other,,1,False,,"score=2,idx=20368,zone=29457",1270,OK,
0000714310,VLY,2022,0000714310_VLY_FY2022_10K.html,,2023-02-28,capitalized software to up to 40 years for buildings,Premises and equipment are stated at cost less accumulated depreciation computed using the straight-line method over the estimated useful lives of the related assets. Estimated useful lives range from 3 years for capitalized software to up to 40 years for buildings.,40.0,,No,,Not disclosed,,Not disclosed,B100,1,item_8_other,,1,False,,"score=2,idx=20870,zone=29895",1292,OK,
0000714310,VLY,2023,0000714310_VLY_FY2023_10K.html,,2023-12-31,capitalized software to up to 40 years for buildings,Premises and equipment are stated at cost less accumulated depreciation computed using the straight-line method over the estimated useful lives of the related assets. Estimated useful lives range from 3 years for capitalized software to up to 40 years for buildings.,40.0,,No,,Not disclosed,,Not disclosed,,0,item_8_other,,1,False,,"score=2,idx=23379,zone=31185",1344,OK,
0000714310,VLY,2024,0000714310_VLY_FY2024_10K.html,,2024-12-31,capitalized software to up to 40 years for buildings,Premises and equipment are stated at cost less accumulated depreciation computed using the straight-line method over the estimated useful lives of the related assets. Estimated useful lives range from 3 years for capitalized software to up to 40 years for buildings.,40.0,,No,,Not disclosed,,Not disclosed,,0,item_8_other,,1,False,,"score=2,idx=24199,zone=34191",1277,OK,
0000720672,SF,2013,0000720672_SF_FY2013_10K.html,,"December 31, 2013","Office equipment, equipment","Office equipment is depreciated on
an accelerated basis over the estimated useful life of the asset of two to seven years. Depreciation expense is recorded in occupancy and equipment rental expense in the consolidated statements of
operations. Office equipment, leasehold improvements, and property are stated at cost net of accumulated depreciation and amortization in the consolidated statements of financial condition.",2.0,7.0,No,,Not disclosed,,Not disclosed,,0,significant_accounting_policies,NOTE 2 – Summary of Significant Accounting Policies,3,True,2.0-7.0 ans | 30.0-9.0 ans,"score=7,idx=20949,zone=24824",747,OK,
0000720672,SF,2014,0000720672_SF_FY2014_10K.html,,"December 31, 2014","Office equipment, equipment","Office equipment is depreciated on an accelerated basis over the estimated useful life of the asset of two to seven years. Depreciation expense is recorded in occupancy and equipment rental expense in the consolidated statements of operations. Office equipment, leasehold improvements, and property are stated at cost net of accumulated depreciation and
amortization in the consolidated statements of financial condition.",2.0,7.0,No,,Not disclosed,,Not disclosed,,0,significant_accounting_policies,"NOTE 2 – Summary
of Significant Accounting Policies",3,True,2.0-7.0 ans | 30.0-9.0 ans,"score=7,idx=20331,zone=24662",767,OK,
0000720672,SF,2015,0000720672_SF_FY2015_10K.html,,"December 31, 2015","Office equipment, equipment",Office equipment is depreciated on an accelerated basis over the estimated useful life of the asset of two to seven years. Depreciation expense is recorded in occupancy and equipment rental expense in the consolidated statements of operations.,2.0,7.0,No,,Not disclosed,,Not disclosed,,0,significant_accounting_policies,NOTE 2 – Summary of Significant Accounting Policies,3,True,2.0-7.0 ans | 30.0-9.0 ans,"score=7,idx=24869,zone=35542",940,OK,
0000720672,SF,2016,0000720672_SF_FY2016_10K.html,,"December 31, 2016","Office equipment, equipment","Office equipment is depreciated on an accelerated basis over the estimated useful life of the asset of two to seven years. Depreciation expense is recorded in occupancy and equipment rental expense in the consolidated statements of operations. Office equipment, leasehold improvements, and property are stated at cost net of accumulated depreciation and amortization in the consolidated statements of financial condition.",2.0,7.0,No,,Not disclosed,,Not disclosed,,0,significant_accounting_policies,NOTE 2 – Summary of Significant Accounting Policies,3,True,2.0-7.0 ans | 30.0-9.0 ans,"score=7,idx=24963,zone=34523",925,OK,
0000720672,SF,2017,0000720672_SF_FY2017_10K.html,,"December 31, 2017","Office equipment, equipment","Office equipment is depreciated on a straight-line basis over the estimated useful life of the asset of two to seven years. Depreciation expense is recorded in occupancy and equipment rental expense in the consolidated statements of operations. Office equipment, leasehold improvements, and property are stated at cost net of accumulated depreciation and amortization in the consolidated statements of financial condition.",2.0,7.0,No,,Not disclosed,,Not disclosed,,0,significant_accounting_policies,NOTE 2 – Summary of Significant Accounting Policies,3,True,2.0-7.0 ans | 30.0-9.0 ans,"score=7,idx=24588,zone=30531",647,OK,
0000720672,SF,2018,0000720672_SF_FY2018_10K.html,,"December 31, 2018","Office equipment, equipment","Office equipment is depreciated on a straight-line basis over the estimated useful life of the asset of two to seven years. Depreciation expense is recorded in occupancy and equipment rental in the consolidated statements of operations. Office equipment, leasehold improvements, and property are stated at cost net of accumulated depreciation and amortization in the consolidated statements of financial condition.",2.0,7.0,No,,Not disclosed,,Not disclosed,,0,significant_accounting_policies,NOTE 2 – Summary of Significant Accounting Policies,3,True,2.0-7.0 ans | 30.0-9.0 ans,"score=7,idx=25090,zone=31864",966,OK,
0000720672,SF,2019,0000720672_SF_FY2019_10K.html,,2019-12-31,"Office equipment, equipment",Office equipment is depreciated on a straight-line basis over the estimated useful life of the asset of two to seven years. Depreciation expense is recorded in occupancy and equipment rental in the consolidated statements of operations. Office equipment and leasehold improvements are stated at cost net of accumulated depreciation and amortization in the consolidated statements of financial condition.,2.0,7.0,No,,Not disclosed,,Not disclosed,,0,significant_accounting_policies,NOTE 2 – Summary of Significant Accounting Policies,3,True,2.0-7.0 ans | 30.0-9.0 ans,"score=7,idx=29586,zone=31916",1000,OK,
0000720672,SF,2020,0000720672_SF_FY2020_10K.html,,2030-02-15,"Office equipment, equipment",Office equipment is depreciated on a straight-line basis over the estimated useful life of the asset of two to seven years. Depreciation expense is recorded in occupancy and equipment rental in the consolidated statements of operations. Office equipment and leasehold improvements are stated at cost net of accumulated depreciation and amortization in the consolidated statements of financial condition.,2.0,7.0,No,,Not disclosed,,Not disclosed,,0,significant_accounting_policies,NOTE 2 – Summary of Significant Accounting Policies,3,True,2.0-7.0 ans | 30.0-9.0 ans,"score=7,idx=29986,zone=32652",941,OK,
0000720672,SF,2021,0000720672_SF_FY2021_10K.html,,2030-02-15,"Office equipment, equipment",Office equipment is depreciated on a straight-line basis over the estimated useful life of the asset of two to seven years . Depreciation expense is recorded in occupancy and equipment rental in the consolidated statements of operations. Office equipment and leasehold improvements are stated at cost net of accumulated depreciation and amortization in the consolidated statements of financial condition.,2.0,7.0,No,,Not disclosed,,Not disclosed,B200,1,significant_accounting_policies,NOTE 2 – Summary of Signif icant Accounting Policies,3,True,1.0 ans | 2.0-7.0 ans | 30.0-9.0 ans,"score=7,idx=32356,zone=44460",1226,OK,
0000720672,SF,2022,0000720672_SF_FY2022_10K.html,,2030-02-15,"Office equipment, equipment",Office equipment is depreciated on a straight-line basis over the estimated useful life of the asset of two to seven years . Depreciation expense is recorded in occupancy and equipment rental in the consolidated statements of operations. Office equipment and leasehold improvements are stated at cost net of accumulated depreciation and amortization in the consolidated statements of financial condition.,2.0,7.0,No,,"Our diverse operations expose us to risk of loss resulting from inadequate or failed internal processes, people, and systems external events, including technological or connectivity failures either at the exchanges in which we do business or between our data centers, operations processing sites, or our branches. Our businesses depend on our ability to process and monitor, on a daily basis, a large number of complex transactions across numerous and diverse markets. The inability of our systems to accommodate an increasing volume of transactions could also constrain our ability to expand our businesses. Our financial, accounting, data processing, or other operating systems and facilities may fail to operate properly or become disabled as a result of events that are wholly or partially beyond our control, adversely affecting our ability to process these transactions or provide these services. Operational risk exists in every activity, function, or unit of our business, and can take the form of internal or external fraud, employment and hiring practices, an error in meeting a professional obligation, or failure to meet corporate fiduciary standards. Operational risk also exists in the event of business disruption, system failures, or failed transaction processing. Third parties with which we do business could also be",Item 8,Not disclosed,,0,significant_accounting_policies,NOTE 2 – Summary of Signif icant Accounting Policies,3,True,1.0 ans | 2.0-7.0 ans | 30.0-9.0 ans,"score=7,idx=33029,zone=46312",2167,OK,
0000720672,SF,2023,0000720672_SF_FY2023_10K.html,,2030-02-15,"Office equipment, equipment","Office equipment is depreciated on a straight-line basis over the estimated useful life of the asset of two to seven years . Internally developed software is amortized on a straight-line basis over the estimated useful life of the asset. Depreciation expense is recorded in occupancy and equipment rental in the consolidated statements of operations. Office equipment, leasehold improvements, and internally developed software are stated at cost net of accumulated depreciation and amortization in the consolidated statements of financial condition.",2.0,7.0,No,,Not disclosed,,Not disclosed,,0,significant_accounting_policies,NOTE 2 – Summary of Signif icant Accounting Policies,3,True,2.0-7.0 ans | 30.0-9.0 ans,"score=7,idx=32680,zone=45432",1163,OK,
0000720672,SF,2024,0000720672_SF_FY2024_10K.html,,2030-02-15,"Office equipment, equipment","Office equipment is depreciated on a straight-line basis over the estimated useful life of the asset of two to seven years . Internally developed software is amortized on a straight-line basis over the estimated useful life of the asset. Depreciation expense is recorded in occupancy and equipment rental in the consolidated statements of operations. Office equipment, leasehold improvements, and internally developed software are stated at cost net of accumulated depreciation and amortization in the consolidated statements of financial condition.",2.0,7.0,No,,Not disclosed,,Not disclosed,B100,1,significant_accounting_policies,NOTE 2 – Summary of Signif icant Accounting Policies,3,True,2.0-7.0 ans | 30.0-9.0 ans,"score=7,idx=33056,zone=46098",1210,OK,
0000763744,LCII,2013,0000763744_LCII_FY2013_10K.html,,"December 31, 2013",equipment,"Fixed assets which are owned are stated at cost less accumulated depreciation, and are depreciated on a straight-line basis over the estimated useful lives of the properties and equipment. Leasehold improvements and leased equipment are amortized over the shorter of the lives of the leases or the underlying assets.",,,No,,Not disclosed,,Not disclosed,,0,significant_accounting_policies,1. SUMMARY OF SIGNIFICANT ACCOUNTING POLICIES,3,False,,"score=4,idx=6337,zone=10457",464,OK,
0000763744,LCII,2014,0000763744_LCII_FY2014_10K.html,,,equipment,"Fixed assets which are owned are stated at cost less accumulated depreciation, and are depreciated on a straight-line basis over the estimated useful lives of the properties and equipment. Leasehold improvements and leased equipment are amortized over the shorter of the lives of the leases or the underlying assets.",,,No,,Not disclosed,,Not disclosed,,0,significant_accounting_policies,1. SUMMARY OF SIGNIFICANT ACCOUNTING POLICIES,3,False,,"fallback,idx=12084,zone=17704",660,OK,
0000763744,LCII,2015,0000763744_LCII_FY2015_10K.html,,,equipment,"Fixed assets which are owned are stated at cost less accumulated depreciation, and are depreciated on a straight-line basis over the estimated useful lives of the properties and equipment. Leasehold improvements and leased equipment are amortized over the shorter of the lives of the leases or the underlying assets.",,,No,,Not disclosed,,Not disclosed,,0,significant_accounting_policies,1. SUMMARY OF SIGNIFICANT ACCOUNTING POLICIES,3,False,,"fallback,idx=12698,zone=18025",691,OK,
0000763744,LCII,2016,0000763744_LCII_FY2016_10K.html,,,Not disclosed,Not disclosed,,,No,,Not disclosed,,Not disclosed,,0,unknown,,0,False,,"fallback,idx=11379,zone=18241",726,OK,
0000763744,LCII,2017,0000763744_LCII_FY2017_10K.html,,,Not disclosed,Not disclosed,,,No,,Not disclosed,,Not disclosed,,0,unknown,,0,False,,"fallback,idx=11649,zone=18096",664,OK,
0000763744,LCII,2018,0000763744_LCII_FY2018_10K.html,,2018-12-31,equipment,"Fixed assets which are owned are stated at cost less accumulated depreciation, and are depreciated on a straight-line basis over the estimated useful lives of the properties and equipment. Leasehold improvements and leased equipment are amortized over the shorter of the lives of the leases or the underlying assets.",,,No,,Not disclosed,,Not disclosed,,0,significant_accounting_policies,2. SUMMARY OF SIGNIFICANT ACCOUNTING POLICIES,3,False,,"fallback,idx=10185,zone=9771",522,OK,
0000763744,LCII,2019,0000763744_LCII_FY2019_10K.html,,2020-01-31,equipment,"Fixed assets which are owned are stated at cost less accumulated depreciation, and are depreciated on a straight-line basis over the estimated useful lives of the properties and equipment. Leasehold improvements and leased equipment are amortized over the shorter of the lives of the leases or the underlying assets.",,,No,,Not disclosed,,Not disclosed,,0,significant_accounting_policies,2. SUMMARY OF SIGNIFICANT ACCOUNTING POLICIES,3,False,,"fallback,idx=8682,zone=11259",498,OK,
0000763744,LCII,2020,0000763744_LCII_FY2020_10K.html,,2020-12-31,equipment,"Fixed assets which are owned are stated at cost less accumulated depreciation, and are depreciated on a straight-line basis over the estimated useful lives of the properties and equipment. Leasehold improvements and leased equipment are amortized over the shorter of the lives of the leases or the underlying assets.",,,No,,Not disclosed,,Not disclosed,,0,significant_accounting_policies,2. SUMMARY OF SIGNIFICANT ACCOUNTING POLICIES,3,False,,"fallback,idx=7069,zone=9805",506,OK,
0000763744,LCII,2021,0000763744_LCII_FY2021_10K.html,,2021-12-31,equipment,Fixed assets which are owned are stated at cost less accumulated depreciation and are depreciated on a straight-line basis over the estimated useful lives of the properties and equipment. Leasehold improvements and leased equipment are amortized over the shorter of the lives of the leases or the underlying assets.,,,No,,Not disclosed,,Not disclosed,B100,1,significant_accounting_policies,2. SUMMARY OF SIGNIFICANT ACCOUNTING POLICIES,3,False,,"fallback,idx=7355,zone=10681",538,OK,
0000763744,LCII,2022,0000763744_LCII_FY2022_10K.html,,2022-12-31,equipment,Fixed assets which are owned are stated at cost less accumulated depreciation and are depreciated on a straight-line basis over the estimated useful lives of the properties and equipment. Leasehold improvements and leased equipment are amortized over the shorter of the lives of the leases or the underlying assets.,,,No,,Not disclosed,,Not disclosed,,0,significant_accounting_policies,2. SUMMARY OF SIGNIFICANT ACCOUNTING POLICIES,3,False,,"fallback,idx=7138,zone=10135",494,OK,
0000763744,LCII,2023,0000763744_LCII_FY2023_10K.html,,2023-12-31,equipment,Fixed assets which are owned are stated at cost less accumulated depreciation and are depreciated on a straight-line basis over the estimated useful lives of the properties and equipment. Leasehold improvements and leased equipment are amortized over the shorter of the lives of the leases or the underlying assets.,,,No,,Not disclosed,,Not disclosed,,0,significant_accounting_policies,2. SUMMARY OF SIGNIFICANT ACCOUNTING POLICIES,3,False,,"fallback,idx=6638,zone=9778",484,OK,
0000763744,LCII,2024,0000763744_LCII_FY2024_10K.html,,2024-12-31,equipment,Fixed assets which are owned are stated at cost less accumulated depreciation and are depreciated on a straight-line basis over the estimated useful lives of the properties and equipment. Leasehold improvements and leased equipment are amortized over the shorter of the lives of the leases or the underlying assets.,,,No,,Not disclosed,,Not disclosed,,0,significant_accounting_policies,2. SUMMARY OF SIGNIFICANT ACCOUNTING POLICIES,3,False,,"fallback,idx=6514,zone=8959",430,OK,
0000779152,JKHY,2013,0000779152_JKHY_FY2013_10K.html,,"June 30, 2013","EQUIPMENT, Computer software","AND SUBSIDIARIES CONSOLIDATED BALANCE SHEETS (In Thousands, Except Share and Per Share Data) June 30, 2013 June 30, 2012 ASSETS CURRENT ASSETS: Cash and cash equivalents $ 127,905 $ 157,313 Receivables, net 231,263 218,305 Income tax receivable 6,107 8,476 Prepaid expenses and other 59,244 61,261 Prepaid cost of product 23,366 23,294 Total current assets 447,885 468,649 PROPERTY AND EQUIPMENT, net 300,511 276,730 OTHER ASSETS: Non-current prepaid cost of product 27,898 21,344 Computer software, net of amortization 132,612 115,785 Other non-current assets 30,411 30,523 Customer relationships, net of amortization 147,167 162,561 Trade names, net of amortization 9,380 10,380 Goodwill 533,291 533,520 Total other assets 880,759 874,113 Total assets $ 1,629,155 $ 1,619,492 LIABILITIES AND STOCKHOLDERS' EQUITY CURRENT LIABILITIES: Accounts payable $ 11,701 $ 16,317 Accrued expenses 68,528 58,260 Deferred income tax liability 30,845 26,256 Notes payable and current maturities of long term debt 7,929 25,503 Deferred revenues 293,255 275,907 Total current liabilities 412,258 402,243 LONG TERM LIABILITIES: Non-current deferred revenues 11,342 20,093 Non-current deferred income tax liability 120,434 100,932 Debt, net of current maturities 7,366 106,166 Other long-term liabilities 5,586 7,002 Total long term liabilities 144,728 234,193 Total liabilities 556,986 636,436 STOCKHOLDERS' EQUITY Preferred stock - $1 par value; 500,000 shares authorized, none issued — — Common stock - $0.01 par value; 250,000,000 shares authorized; 101,993,808 shares issued at June 30, 2013 101,482,461 shares issued at June 30, 2012 1,020 1,015 Additional paid-in capital 400,710 381,919 Retained earnings 1,072,521 944,078 Less treasury stock at cost 16,753,889 shares at June 30, 2013 15,452,064 shares at June 30, 2012 (402,082 ) (343,956 ) Total stockholders' equity 1,072,169 983,056 Total liabilities and equity $ 1,629,155 $ 1,619,492",,,No,,", which included spend on our online bill payment data center migration and an aircraft purchase. Other uses of cash included",MD&A (Item 7),Not disclosed,,0,ppe_note,NOTE 13.,3,False,,"score=7,idx=8705,zone=15494",491,OK,
0000779152,JKHY,2014,0000779152_JKHY_FY2014_10K.html,,"June 30, 2014","EQUIPMENT, Computer software","AND SUBSIDIARIES CONSOLIDATED BALANCE SHEETS (In Thousands, Except Share and Per Share Data) June 30, 2014 June 30, 2013 ASSETS CURRENT ASSETS: Cash and cash equivalents $ 70,377 $ 127,905 Receivables, net 224,041 231,263 Income tax receivable 7,937 6,107 Prepaid expenses and other 59,824 59,244 Prepaid cost of product 22,202 23,366 Total current assets 384,381 447,885 PROPERTY AND EQUIPMENT, net 291,675 300,511 OTHER ASSETS: Non-current prepaid cost of product 34,708 27,898 Computer software, net of amortization 160,391 132,612 Other non-current assets 38,121 30,411 Customer relationships, net of amortization 136,602 147,167 Other intangible assets, net of amortization 25,653 9,380 Goodwill 552,761 533,291 Total other assets 948,236 880,759 Total assets $ 1,624,292 $ 1,629,155 LIABILITIES AND STOCKHOLDERS' EQUITY CURRENT LIABILITIES: Accounts payable $ 10,516 $ 11,701 Accrued expenses 63,299 68,528 Deferred income tax liability 37,592 30,845 Notes payable and current maturities of long term debt 5,407 7,929 Deferred revenues 312,002 293,255 Total current liabilities 428,816 412,258 LONG TERM LIABILITIES: Non-current deferred revenues 8,985 11,342 Non-current deferred income tax liability 134,918 120,434 Debt, net of current maturities 3,729 7,366 Other long-term liabilities 9,683 5,586 Total long term liabilities 157,315 144,728 Total liabilities 586,131 556,986 STOCKHOLDERS' EQUITY Preferred stock - $1 par value; 500,000 shares authorized, none issued — — Common stock - $0.01 par value; 250,000,000 shares authorized; 102,429,926 shares issued at June 30, 2014; 101,993,808 shares issued at June 30, 2013 1,024 1,020 Additional paid-in capital 412,512 400,710 Retained earnings 1,202,406 1,072,521 Less treasury stock at cost 19,794,559 shares at June 30, 2014; 16,753,889 shares at June 30, 2013 (577,781 ) (402,082 ) Total stockholders' equity 1,038,161 1,072,169 Total liabilities and equity $ 1,624,292 $ 1,629,155",,,No,,"proceeds received primarily from sale of aircraft. Cash used in investing activities for the fiscal year ended June 30, 2013 totaled $97,244 and included capital expenditures on facilities and equipment totaled $46,256, which included spending on our online bill payment data center migration and an aircraft purchase. Other uses of cash included $51,332 for the development of software and $186 for the acquisition of customer contracts. These expenditures were partially offset by $530 proceeds from sale of assets.",MD&A (Item 7),Not disclosed,,0,ppe_note,NOTE 14. SUBSEQUENT EVENTS,3,False,,"score=7,idx=8532,zone=15656",517,OK,
0000779152,JKHY,2015,0000779152_JKHY_FY2015_10K.html,,"June 30, 2015","EQUIPMENT, Computer software","AND SUBSIDIARIES CONSOLIDATED BALANCE SHEETS (In Thousands, Except Share and Per Share Data) June 30, 2015 June 30, 2014 ASSETS CURRENT ASSETS: Cash and cash equivalents $ 148,313 $ 70,377 Receivables, net 245,387 224,041 Income tax receivable 2,753 7,937 Prepaid expenses and other 69,096 61,074 Deferred costs 27,950 27,077 Total current assets 493,499 390,506 PROPERTY AND EQUIPMENT, net 296,332 291,675 OTHER ASSETS: Non-current deferred costs 96,423 78,458 Computer software, net of amortization 191,541 160,391 Other non-current assets 52,432 44,657 Customer relationships, net of amortization 122,204 136,602 Other intangible assets, net of amortization 34,038 25,653 Goodwill 550,366 552,761 Total other assets 1,047,004 998,522 Total assets $ 1,836,835 $ 1,680,703 LIABILITIES AND STOCKHOLDERS' EQUITY CURRENT LIABILITIES: Accounts payable $ 9,933 $ 10,516 Accrued expenses 78,962 63,299 Accrued income taxes 5,543 — Deferred income tax liability 7,034 30,094 Notes payable and current maturities of long term debt 2,595 5,407 Deferred revenues 339,544 337,493 Total current liabilities 443,611 446,809 LONG TERM LIABILITIES: Non-current deferred revenues 192,443 155,375 Non-current deferred income tax liability 150,223 97,720 Debt, net of current maturities 50,102 3,729 Other long-term liabilities 8,922 9,683 Total long term liabilities 401,690 266,507 Total liabilities 845,301 713,316 STOCKHOLDERS' EQUITY Preferred stock - $1 par value; 500,000 shares authorized, none issued — — Common stock - $0.01 par value; 250,000,000 shares authorized; 102,695,214 shares issued at June 30, 2015; 102,429,926 shares issued at June 30, 2014 1,027 1,024 Additional paid-in capital 424,536 412,512 Retained earnings 1,266,443 1,131,632 Less treasury stock at cost 21,842,632 shares at June 30, 2015; 19,794,559 shares at June 30, 2014 (700,472 ) (577,781 ) Total stockholders' equity 991,534 967,387 Total liabilities and equity $ 1,836,835 $ 1,680,703",,,No,,"During the year the Profitstars® division of the Company sold its TeleWeb suite of Internet and mobile banking software products to Data Center Inc. (DCI). Goodwill allocated to the carrying amount of the net assets sold was calculated based on the relative fair values of the business disposed of and the portion of the reporting unit (in which the business resided) that was retained, multiplied by the reporting unit's carrying value of goodwill.",Item 8,Not disclosed,,0,ppe_note,NOTE 14. SUBSEQUENT EVENTS,3,False,,"score=7,idx=8779,zone=16122",540,OK,
0000779152,JKHY,2016,0000779152_JKHY_FY2016_10K.html,,"June 30, 2016","EQUIPMENT, Computer software","AND SUBSIDIARIES CONSOLIDATED BALANCE SHEETS (In Thousands, Except Share and Per Share Data) June 30, 2016 June 30, 2015 ASSETS CURRENT ASSETS: Cash and cash equivalents $ 70,310 $ 148,313 Receivables, net 253,923 245,387 Income tax receivable 15,636 2,753 Prepaid expenses and other 56,588 69,096 Deferred costs 35,472 27,950 Total current assets 431,929 493,499 PROPERTY AND EQUIPMENT, net 298,564 296,332 OTHER ASSETS: Non-current deferred costs 99,799 96,423 Computer software, net of amortization 222,115 191,541 Other non-current assets 70,461 52,432 Customer relationships, net of amortization 104,085 122,204 Other intangible assets, net of amortization 35,706 34,038 Goodwill 552,853 550,366 Total other assets 1,085,019 1,047,004 Total assets $ 1,815,512 $ 1,836,835 LIABILITIES AND STOCKHOLDERS' EQUITY CURRENT LIABILITIES: Accounts payable $ 14,596 $ 9,933 Accrued expenses 85,411 78,962 Accrued income taxes — 5,543 Deferred income tax liability — 7,034 Notes payable and current maturities of long term debt 200 2,595 Deferred revenues 343,525 339,544 Total current liabilities 443,732 443,611 LONG TERM LIABILITIES: Non-current deferred revenues 177,529 192,443 Non-current deferred income tax liability 188,601 150,223 Debt, net of current maturities — 50,102 Other long-term liabilities 9,440 8,922 Total long term liabilities 375,570 401,690 Total liabilities 819,302 845,301 STOCKHOLDERS' EQUITY Preferred stock - $1 par value; 500,000 shares authorized, none issued — — Common stock - $0.01 par value; 250,000,000 shares authorized; 102,903,971 shares issued at June 30, 2016; 102,695,214 shares issued at June 30, 2015 1,029 1,027 Additional paid-in capital 440,123 424,536 Retained earnings 1,431,192 1,266,443 Less treasury stock at cost 24,208,517 shares at June 30, 2016; 21,842,632 shares at June 30, 2015 (876,134 ) (700,472 ) Total stockholders' equity 996,210 991,534 Total liabilities and equity $ 1,815,512 $ 1,836,835",,,No,,due to the sale of the TeleWeb™ suite of Internet and mobile banking software products to Data Center Inc. (DCI).,MD&A (Item 7),Not disclosed,,0,ppe_note,NOTE 14: SUBSEQUENT EVENTS,3,False,,"score=7,idx=9101,zone=16404",554,OK,
0000779152,JKHY,2017,0000779152_JKHY_FY2017_10K.html,,"June 30, 2017","EQUIPMENT, Computer software","AND SUBSIDIARIES CONSOLIDATED BALANCE SHEETS (In Thousands, Except Share and Per Share Data) June 30, 2017 June 30, 2016 ASSETS CURRENT ASSETS: Cash and cash equivalents $ 114,765 $ 70,310 Receivables, net 276,923 253,923 Income tax receivable 20,135 15,636 Prepaid expenses and other 66,894 56,588 Deferred costs 41,314 35,472 Total current assets 520,031 431,929 PROPERTY AND EQUIPMENT, net 282,934 298,564 OTHER ASSETS: Non-current deferred costs 96,847 99,799 Computer software, net of amortization 247,317 222,115 Other non-current assets 82,525 70,461 Customer relationships, net of amortization 90,433 104,085 Other intangible assets, net of amortization 36,393 35,706 Goodwill 552,465 552,853 Total other assets 1,105,980 1,085,019 Total assets $ 1,908,945 $ 1,815,512 LIABILITIES AND STOCKHOLDERS' EQUITY CURRENT LIABILITIES: Accounts payable $ 6,841 $ 14,596 Accrued expenses 81,574 85,411 Notes payable and current maturities of long-term debt — 200 Deferred revenues 382,777 343,525 Total current liabilities 471,192 443,732 LONG-TERM LIABILITIES: Non-current deferred revenues 128,607 177,529 Non-current deferred income tax liability 219,541 188,601 Debt, net of current maturities 50,000 — Other long-term liabilities 7,554 9,440 Total long-term liabilities 405,702 375,570 Total liabilities 876,894 819,302 STOCKHOLDERS' EQUITY Preferred stock - $1 par value; 500,000 shares authorized, none issued — — Common stock - $0.01 par value; 250,000,000 shares authorized; 103,083,299 shares issued at June 30, 2017; 102,903,971 shares issued at June 30, 2016 1,031 1,029 Additional paid-in capital 452,016 440,123 Retained earnings 1,585,278 1,431,192 Less treasury stock at cost 25,660,212 shares at June 30, 2017; 24,208,517 shares at June 30, 2016 (1,006,274 ) (876,134 ) Total stockholders' equity 1,032,051 996,210 Total liabilities and equity $ 1,908,945 $ 1,815,512",,,No,,", we sold the TeleWeb™ suite of Internet and mobile banking software products to Data Center Inc. (DCI), resulting in a gain of",MD&A (Item 7),Not disclosed,,0,ppe_note,NOTE 14: SUBSEQUENT EVENTS,3,False,,"score=7,idx=9231,zone=15792",556,OK,
0000779152,JKHY,2018,0000779152_JKHY_FY2018_10K.html,,"June 30, 2018","EQUIPMENT, Computer software","AND SUBSIDIARIES CONSOLIDATED BALANCE SHEETS (In Thousands, Except Share and Per Share Data) June 30, 2018 June 30, 2017 ASSETS CURRENT ASSETS: Cash and cash equivalents $ 31,440 $ 114,765 Receivables, net 291,630 276,923 Income tax receivable 21,671 20,135 Prepaid expenses and other 84,810 66,894 Deferred costs 38,985 41,314 Total current assets 468,536 520,031 PROPERTY AND EQUIPMENT, net 286,850 282,934 OTHER ASSETS: Non-current deferred costs 95,540 96,847 Computer software, net of amortization 288,172 247,317 Other non-current assets 107,775 82,525 Customer relationships, net of amortization 115,034 90,433 Other intangible assets, net of amortization 38,467 36,393 Goodwill 649,929 552,465 Total other assets 1,294,917 1,105,980 Total assets $ 2,050,303 $ 1,908,945 LIABILITIES AND STOCKHOLDERS' EQUITY CURRENT LIABILITIES: Accounts payable $ 34,510 $ 6,841 Accrued expenses 97,848 81,574 Deferred revenues 355,538 382,777 Total current liabilities 487,896 471,192 LONG-TERM LIABILITIES: Non-current deferred revenues 93,094 128,607 Deferred income tax liability 189,613 219,541 Debt, net of current maturities — 50,000 Other long-term liabilities 12,872 7,554 Total long-term liabilities 295,579 405,702 Total liabilities 783,475 876,894 STOCKHOLDERS' EQUITY Preferred stock - $1 par value; 500,000 shares authorized, none issued — — Common stock - $0.01 par value; 250,000,000 shares authorized; 103,278,562 shares issued at June 30, 2018; 103,083,299 shares issued at June 30, 2017 1,033 1,031 Additional paid-in capital 464,138 452,016 Retained earnings 1,856,917 1,585,278 Less treasury stock at cost 26,107,903 shares at June 30, 2018; 25,660,212 shares at June 30, 2017; (1,055,260 ) (1,006,274 ) Total stockholders' equity 1,266,828 1,032,051 Total liabilities and equity $ 2,050,303 $ 1,908,945",,,No,,Not disclosed,,"compared to the prior year. The increase was driven by increased outsourcing and cloud services, as well as increased transaction and digital processing. Excluding deconversion fees from each period and Vanguard Software Group revenue from fiscal ||| Revenue in the Complementary segment increased 7% for the fiscal year ended June 30, 2018 compared to the prior year. The increase was driven by increased outsourcing and cloud services, as well as increased transaction and digital processing. Excluding deconversion fees from each period and Vanguard Software Group revenue from fiscal 2018 , revenue increased 6% . Cost of revenue increased 6% , but was a consistent percentage of total revenue in fiscal 2018 and fiscal 2017 .",,0,ppe_note,NOTE 14: SUBSEQUENT EVENTS,3,False,,"score=7,idx=7870,zone=16327",649,OK,
0000779152,JKHY,2019,0000779152_JKHY_FY2019_10K.html,,"June 30, 2019","EQUIPMENT, Computer software","AND SUBSIDIARIES CONSOLIDATED BALANCE SHEETS (In Thousands, Except Share and Per Share Data) June 30, 2019 June 30, 2018 ASSETS CURRENT ASSETS: Cash and cash equivalents $ 93,628 $ 31,440 Receivables, net 310,080 297,271 Income tax receivable 17,817 21,671 Prepaid expenses and other 106,466 96,069 Deferred costs 35,102 22,991 Assets held for sale 6,355 1,300 Total current assets 569,448 470,742 PROPERTY AND EQUIPMENT, net 272,474 285,550 OTHER ASSETS: Non-current deferred costs 90,084 74,865 Computer software, net of amortization 318,969 288,172 Other non-current assets 134,743 110,299 Customer relationships, net of amortization 100,653 115,034 Other intangible assets, net of amortization 31,514 38,467 Goodwill 666,944 649,929 Total other assets 1,342,907 1,276,766 Total assets $ 2,184,829 $ 2,033,058 LIABILITIES AND STOCKHOLDERS' EQUITY CURRENT LIABILITIES: Accounts payable $ 9,850 $ 30,360 Accrued expenses 120,360 88,764 Deferred revenues 339,752 328,931 Total current liabilities 469,962 448,055 LONG-TERM LIABILITIES: Non-current deferred revenues 54,554 40,984 Deferred income tax liability 217,010 208,303 Other long-term liabilities 14,290 12,872 Total long-term liabilities 285,854 262,159 Total liabilities 755,816 710,214 STOCKHOLDERS' EQUITY Preferred stock - $1 par value; 500,000 shares authorized, none issued — — Common stock - $0.01 par value; 250,000,000 shares authorized; 103,496,026 shares issued at June 30, 2019; 103,278,562 shares issued at June 30, 2018 1,035 1,033 Additional paid-in capital 472,029 464,138 Retained earnings 2,066,073 1,912,933 Less treasury stock at cost 26,507,903 shares at June 30, 2019; 26,107,903 shares at June 30, 2018 (1,110,124 ) (1,055,260 ) Total stockholders' equity 1,429,013 1,322,844 Total liabilities and equity $ 2,184,829 $ 2,033,058",,,No,,Not disclosed,,Not disclosed,,0,ppe_note,NOTE 14: SUBSEQUENT EVENTS,3,False,,"score=7,idx=7469,zone=20895",735,OK,
0000779152,JKHY,2020,0000779152_JKHY_FY2020_10K.html,,2020-08-21,Not disclosed,"The Company capitalizes new product development costs incurred for software to be sold from the point at which technological feasibility has been established through the point at which the product is ready for general availability. Software development costs that are capitalized are evaluated on a product-by-product basis annually and are assigned an estimated economic life based on the type of product, market characteristics, and maturity of the market for that particular product. These costs are amortized based on current and estimated future revenue from the product or on a straight-line basis, whichever yields greater amortization expense. All of this amortization expense is included within components of operating income, primarily cost of revenue.",,,Yes,"In August of 2018, the FASB issued ASU No. 2018-15, Intangibles, Goodwill and Other - Internal-Use Software (Subtopic 350-40), which broadens the scope of Subtopic 350-40 to include costs incurred to implement a hosting arrangement that is a service contract. The costs are capitalized or expensed depending on the nature of the costs and the project stage during which they are incurred, consistent with costs for internal-use software. The amendments in this update can be applied either retrospectively or prospectively to all implementation costs incurred after the date of adoption. The required ASU effective date for the Company is July 1, 2020, with early adoption permitted. The Company early-adopted ASU No. 2018-15 for its fiscal 2020 third quarter. The Company chose prospective adoption and there was no material impact on its consolidated financial statements for the quarter or year-to-date period.","The Company leases certain office space, data centers and equipment. The Company’s leases have remaining terms of 1 to 13 years. Certain leases contain renewal options for varying periods, which are at the Company’s sole discretion. For leases where the Company is reasonably certain to exercise a renewal option, such option periods have been included in the determination of the Company’s ROU assets and lease liabilities. Certain leases require the Company to pay taxes, insurance, maintenance, and other operating expenses associated with the leased asset. Such amounts are not included in the measurement of the lease liability to the extent they are variable in nature. These variable lease costs are recognized as a variable lease expense when incurred. Certain leases include options to purchase the leased asset at the end of the lease term, which is assessed as a part of the Company’s lease classification determination. The depreciable life of the ROU asset and leasehold improvements are limited by the expected lease term unless the Company is reasonably certain of a transfer of title or purchase option.",Item 8,Not disclosed,,0,significant_accounting_policies,NOTE 1. NATURE OF OPERATIONS AND SUMMARY OF SIGNIFICANT ACCOUNTING POLICIES,3,False,,"score=5,idx=5601,zone=9232",466,OK,
0000779152,JKHY,2021,0000779152_JKHY_FY2021_10K.html,,2021-08-23,Not disclosed,"The Company capitalizes new product development costs incurred for software to be sold from the point at which technological feasibility has been established through the point at which the product is ready for general availability. Software development costs that are capitalized are evaluated on a product-by-product basis annually for impairment and are assigned an estimated economic life based on the type of product, market characteristics, and maturity of the market for that particular product. These costs are amortized based on current and estimated future revenue from the product or on a straight-line basis, whichever yields greater amortization expense. All of this amortization expense is included within components of operating income, primarily cost of revenue.",,,No,,"The Company leases certain office space, data centers and equipment. The Company’s leases have remaining terms of 1 to 12 years. Certain leases contain renewal options for varying periods, which are at the Company’s sole discretion. For leases where the Company is reasonably certain to exercise a renewal option, such option periods have been included in the determination of the Company’s ROU assets and lease liabilities. Certain leases require the Company to pay taxes, insurance, maintenance, and other operating expenses associated with the leased asset. Such amounts are not included in the measurement of the lease liability to the extent they are variable in nature. These variable lease costs are recognized as a variable lease expense when incurred. Certain leases include options to purchase the leased asset at the end of the lease term, which is assessed as a part of the Company’s lease classification determination. The depreciable life of the ROU asset and leasehold improvements are limited by the expected lease term unless the Company is reasonably certain of a transfer of title or purchase option.",Item 8,Not disclosed,,0,significant_accounting_policies,NOTE 1. NATURE OF OPERATIONS AND SUMMARY OF SIGNIFICANT ACCOUNTING POLICIES,3,False,,"score=5,idx=4940,zone=7320",449,OK,
0000779152,JKHY,2022,0000779152_JKHY_FY2022_10K.html,,2022-08-22,Not disclosed,"The Company capitalizes new product development costs incurred for software to be sold from the point at which technological feasibility has been established through the point at which the product is ready for general availability. Software development costs that are capitalized are evaluated on a product-by-product basis annually for impairment and are assigned an estimated economic life based on the type of product, market characteristics, and maturity of the market for that particular product. These costs are amortized based on current and estimated future revenue from the product or on a straight-line basis, whichever yields greater amortization expense. All of this amortization expense is included within components of operating income, primarily cost of revenue.",,,No,,"The Company leases certain office space, data centers and equipment. The Company’s leases have remaining terms of 1 to 11 years. Certain leases contain renewal options for varying periods, which are at the Company’s sole discretion. For leases where the Company is reasonably certain to exercise a renewal option, such option periods have been included in the determination of the Company’s ROU assets and lease liabilities. Certain leases require the Company to pay taxes, insurance, maintenance, and other operating expenses associated with the leased asset. Such amounts are not included in the measurement of the lease liability to the extent they are variable in nature. These variable lease costs are recognized as a variable lease expense when incurred. Certain leases include options to purchase the leased asset at the end of the lease term, which is assessed as a part of the Company’s lease classification determination. The depreciable life of the ROU asset and leasehold improvements are limited by the expected lease term unless the Company is reasonably certain of a transfer of title or purchase option.",Item 8,"At June 30, 2022, the Company had contractual obligations of $1,449,442, including operating lease obligations and $1,393,541 related to off-balance sheet purchase obligations. Included in off-balance sheet purchase obligations were open purchase orders of $167,692 and a strategic services agreement entered into by JKHY in fiscal 2017 with First Data® and PSCU® to provide full-service debit and credit card processing on a single platform to all existing core bank and credit union customers, as well as to expand our card processing platform to financial institutions outside our core customer base. This agreement and subsequent amendments include a total purchase commitment at June 30, 2022 of $980,348 over the remaining term of the contract, which currently extends until January 2036, subject to certain renewal terms. Contractual obligations also include an agreement entered into during fiscal 2022 with Google LLC to provide Google Cloud Platform to the Company, including a total purchase commitment at June 30, 2022 of $225,000. Contractual obligations also include an agreement entered into during fiscal 2022 with Feedzai Inc. to provide a software as a service offering that allows prevention, detection, and monitoring of financial crime, including a total purchase commitment at June 30, 2022 of $20,501. Contractual obligations exclude, however, $10,225 of liabilities for uncertain tax positions as we are unable to reasonably estimate the ultimate amount or timing of settlement.",B100,1,significant_accounting_policies,NOTE 1. NATURE OF OPERATIONS AND SUMMARY OF SIGNIFICANT ACCOUNTING POLICIES,3,False,,"score=5,idx=4936,zone=7396",436,OK,
0000779152,JKHY,2023,0000779152_JKHY_FY2023_10K.html,,2023-08-18,equipment,"June 30, 2023 2022 Deferred tax assets: Contract and service revenues $ 18,186 $ 15,340 Expense reserves and accruals (bad debts, compensation, and payroll tax) 14,023 15,382 Leasing liabilities 12,462 12,868 Net operating loss and tax credit carryforwards 1,965 2,107 Other, net 2,916 3,311 Total gross deferred tax assets 49,552 49,008 Valuation allowance (125) (200) Net deferred tax assets 49,427 48,808 Deferred tax liabilities: Property and equipment depreciation (27,788) (33,390) Intangibles, software development, and research and development tax amortization (136,045) (192,187) Contract and service costs (119,201) (104,139) Leasing right-of-use assets (10,824) (11,722) Total gross deferred liabilities (293,858) (341,438) Net deferred tax liability $ (244,431) $ (292,630)",,,No,,"The Company leases certain office space, data centers and equipment. The Company’s leases have remaining terms of 1 to 10 years. Certain leases contain renewal options for varying periods, which are at the Company’s sole discretion. For leases where the Company is reasonably certain to exercise a renewal option, such option periods have been included in the determination of the Company’s ROU assets and lease liabilities. Certain leases require the Company to pay taxes, insurance, maintenance, and other operating expenses associated with the leased asset. Such amounts are not included in the measurement of the lease liability to the extent they are variable in nature. These variable lease costs are recognized as a variable lease expense when incurred. Certain leases include options to purchase the leased asset at the end of the lease term, which is assessed as a part of the Company’s lease classification determination. The depreciable life of the ROU asset and leasehold improvements are limited by the expected lease term unless the Company is reasonably certain of a transfer of title or purchase option.",Item 8,Not disclosed,,0,ppe_note,NOTE 8. INCOME TAXES,3,False,,"score=5,idx=4859,zone=7095",429,OK,
0000779152,JKHY,2024,0000779152_JKHY_FY2024_10K.html,,2024-08-23,equipment,"June 30, 2024 2023 Deferred tax assets: Contract and service revenues $ 21,985 $ 18,186 Expense reserves and accruals (bad debts and compensation) 16,123 14,023 Leasing liabilities 14,755 12,462 Net operating loss and tax credit carryforwards 2,155 1,965 Other, net 3,369 2,916 Total gross deferred tax assets 58,387 49,552 Valuation allowance (108) (125) Net deferred tax assets 58,279 49,427 Deferred tax liabilities: Property and equipment depreciation (26,689) (27,788) Intangibles, software development, and research and development tax amortization (113,623) (136,045) Contract and service costs (148,126) (119,201) Leasing right-of-use assets (13,363) (10,824) Total gross deferred liabilities (301,801) (293,858) Net deferred tax liability $ (243,522) $ (244,431)",,,No,,"The Company leases certain office space, data centers and equipment. The Company’s leases have remaining terms of 3 months to 9 years. Certain leases contain renewal options for varying periods, which are at the Company’s sole discretion. For leases where the Company is reasonably certain to exercise a renewal option, such option periods have been included in the determination of the Company’s ROU assets and lease liabilities. Certain leases require the Company to pay taxes, insurance, maintenance, and other operating expenses associated with the leased asset. Such amounts are not included in the measurement of the lease liability to the extent they are variable in nature. These variable lease costs are recognized as a variable lease expense when incurred. Certain leases include options to purchase the leased asset at the end of the lease term, which is assessed as a part of the Company’s lease classification determination. The depreciable life of the ROU asset and leasehold improvements are limited by the expected lease term unless the Company is reasonably certain of a transfer of title or purchase option.",Item 8,Not disclosed,,0,ppe_note,NOTE 8. INCOME TAXES,3,False,,"score=5,idx=4688,zone=6980",424,OK,
0000895421,MS,2013,0000895421_MS_FY2013_10K.html,,,"equipment, furniture, furniture and fixtures","Premises and equipment are stated at cost less accumulated depreciation
and amortization. Estimated useful lives are generally as follows: buildings—39 years; furniture and fixtures—7 years;
computer and communications equipment—3 to 9 years; power plants—15 years; tugs and barges—15 years; and terminals, pipelines and equipment—3 to 25 years. Estimated useful lives for software costs are generally 3 to 5 years.",3.0,9.0,No,,Not disclosed,,Not disclosed,,0,significant_accounting_policies,2. Significant Accounting Policies.,3,True,3.0-5.0 ans | 3.0-9.0 ans | 7.0 ans | 15.0 ans,"score=4,idx=37497,zone=113188",1670,OK,
0000895421,MS,2014,0000895421_MS_FY2014_10K.html,,,"equipment, furniture, furniture and fixtures","Premises and equipment are stated at cost less accumulated depreciation and amortization. Estimated useful lives are generally as follows: buildings—39 years; furniture and fixtures—7 years; computer and communications equipment—3 to 9 years; power generation assets—15 to 29 years; and terminals, pipelines and
equipment—3 to 25 years. Estimated useful lives for software costs are generally 3 to 10 years.",3.0,9.0,Yes,"As a result of an analysis completed by the Company, effective April 1, 2014, the Company revised the estimated useful lives for software costs from generally 3 to 5 years to generally 3 to 10 years. The adoption of these revised estimated useful lives for software costs resulted in lower amortization expense of approximately $86 million in 2014.",Not disclosed,,Not disclosed,,0,significant_accounting_policies,2. Significant Accounting Policies.,3,True,3.0-5.0 ans | 3.0-9.0 ans | 3.0-10.0 ans | 7.0 ans,"score=4,idx=43266,zone=114369",1706,OK,
0000895421,MS,2015,0000895421_MS_FY2015_10K.html,,,equipment,"Premises, equipment and software costs (net of accumulated depreciation of $7,140 and $6,219 at December 31, 2015 and
December 31, 2014, respectively) ($183 and $191 at December 31, 2015 and December 31, 2014, respectively, related to consolidated variable interest entities, generally not available to the Company)",,,No,,Not disclosed,,Not disclosed,,0,item_8_other,,1,True,3.0-9.0 ans | 3.0-10.0 ans | 7.0 ans,"score=4,idx=47664,zone=114603",1809,OK,
0000895421,MS,2016,0000895421_MS_FY2016_10K.html,,,"equipment, furniture, furniture
and fixtures","Premises, equipment and software costs are stated at cost less accumulated depreciation and amortization and are included in
Other assets in the consolidated balance sheets. Estimated useful lives are generally as follows: buildings—39 years; furniture
and fixtures—7 years; computer and communications equipment—3 to 9 years; power generation assets—15 to 29 years; and terminals, pipelines and equipment—3 to 30 years. Estimated useful lives for software costs are generally 3 to
10 years.",3.0,9.0,No,,Not disclosed,,Not disclosed,,0,significant_accounting_policies,2. Significant Accounting Policies,3,True,3.0-9.0 ans | 3.0-10.0 ans | 7.0 ans,"score=4,idx=28196,zone=63328",1802,OK,
0000895421,MS,2017,0000895421_MS_FY2017_10K.html,,,Not disclosed,Not disclosed,,,Not disclosed,,Not disclosed,,Not disclosed,,0,unknown,,0,False,,NO_ITEM8_FOUND,0,ITEM8_NOT_FOUND,Item 8 non trouvé (NO_ITEM8_FOUND).
0000895421,MS,2018,0000895421_MS_FY2018_10K.html,,,Not disclosed,Not disclosed,,,Not disclosed,,Not disclosed,,Not disclosed,,0,unknown,,0,False,,NO_ITEM8_FOUND,0,ITEM8_NOT_FOUND,Item 8 non trouvé (NO_ITEM8_FOUND).
0000895421,MS,2019,0000895421_MS_FY2019_10K.html,,2019-12-31,Not disclosed,Not disclosed,,,Not disclosed,,Not disclosed,,Not disclosed,,0,unknown,,0,False,,NO_ITEM8_FOUND,0,ITEM8_NOT_FOUND,Item 8 non trouvé (NO_ITEM8_FOUND).
0000895421,MS,2020,0000895421_MS_FY2020_10K.html,,2020-12-31,Not disclosed,Not disclosed,,,Not disclosed,,Not disclosed,,Not disclosed,,0,unknown,,0,False,,NO_ITEM8_FOUND,0,ITEM8_NOT_FOUND,Item 8 non trouvé (NO_ITEM8_FOUND).
0000895421,MS,2021,0000895421_MS_FY2021_10K.html,,2021-12-31,Not disclosed,Not disclosed,,,Not disclosed,,Not disclosed,,Not disclosed,,0,unknown,,0,False,,NO_ITEM8_FOUND,0,ITEM8_NOT_FOUND,Item 8 non trouvé (NO_ITEM8_FOUND).
0000895421,MS,2022,0000895421_MS_FY2022_10K.html,,2022-12-31,Not disclosed,Not disclosed,,,Not disclosed,,Not disclosed,,Not disclosed,,0,unknown,,0,False,,NO_ITEM8_FOUND,0,ITEM8_NOT_FOUND,Item 8 non trouvé (NO_ITEM8_FOUND).
0000895421,MS,2023,0000895421_MS_FY2023_10K.html,,2023-12-31,Not disclosed,Not disclosed,,,Not disclosed,,Not disclosed,,Not disclosed,,0,unknown,,0,False,,NO_ITEM8_FOUND,0,ITEM8_NOT_FOUND,Item 8 non trouvé (NO_ITEM8_FOUND).
0000895421,MS,2024,0000895421_MS_FY2024_10K.html,,2024-12-31,Not disclosed,Not disclosed,,,Not disclosed,,Not disclosed,,Not disclosed,,0,unknown,,0,False,,NO_ITEM8_FOUND,0,ITEM8_NOT_FOUND,Item 8 non trouvé (NO_ITEM8_FOUND).
0001113169,TROW,2013,0001113169_TROW_FY2013_10K.html,,,equipment,"Property and equipment is stated at cost net of accumulated depreciation and amortization computed using the straight-line method. Provisions for depreciation and amortization are based on the following weighted-average estimated useful lives: computer and communications software and equipment,",,,No,,Not disclosed,,Not disclosed,,0,item_8_other,,1,False,,"fallback,idx=9356,zone=12980",201,OK,
0001113169,TROW,2014,0001113169_TROW_FY2014_10K.html,,,equipment,"Property and equipment is stated at cost net of accumulated depreciation and amortization computed using the straight-line method. Provisions for depreciation and amortization are based on the following weighted-average estimated useful lives: computer and communications software and equipment,",,,No,,Not disclosed,,Not disclosed,,0,item_8_other,,1,False,,"fallback,idx=9789,zone=12769",182,OK,
0001113169,TROW,2015,0001113169_TROW_FY2015_10K.html,,,equipment,"Property and equipment is stated at cost net of accumulated depreciation and amortization computed using the straight-line method. Provisions for depreciation and amortization are based on the following weighted-average estimated useful lives: computer and communications software and equipment,",,,No,,Not disclosed,,Not disclosed,,0,item_8_other,,1,False,,"fallback,idx=12398,zone=13659",188,OK,
0001113169,TROW,2016,0001113169_TROW_FY2016_10K.html,,,equipment,"Property and equipment is stated at cost net of accumulated depreciation and amortization computed using the straight-line method. Provisions for depreciation and amortization are based on the following weighted-average estimated useful lives: computer and communications software and equipment,",,,No,,Not disclosed,,Not disclosed,,0,item_8_other,,1,False,,"fallback,idx=16459,zone=17592",223,OK,
0001113169,TROW,2017,0001113169_TROW_FY2017_10K.html,,,equipment,"Property and equipment is stated at cost net of accumulated depreciation and amortization computed using the straight-line method. Provisions for depreciation and amortization are based on the following weighted-average estimated useful lives: computer and communications software and equipment,",,,No,,Not disclosed,,Not disclosed,,0,item_8_other,,1,False,,"fallback,idx=19829,zone=20427",258,OK,
0001113169,TROW,2018,0001113169_TROW_FY2018_10K.html,,,equipment,"Property and equipment is stated at cost net of accumulated depreciation and amortization computed using the straight-line method. Provisions for depreciation and amortization are based on the following weighted-average estimated useful lives: computer and communications software and equipment,",,,No,,Not disclosed,,"In August 2018, the FASB issued Accounting Standards Update No. 2018-15 — Intangibles—Goodwill and Other— Internal-Use Software (Subtopic 350-40): Customer’s Accounting for Implementation Costs Incurred in a Cloud Computing Arrangement That Is a Service Contract. This update provides additional guidance on the accounting for costs of implementation activities performed in a cloud computing arrangement that is a service contract. The amendments in this update are effective for fiscal years beginning after December 15, 2019, including interim periods within those fiscal years. Early adoption is permitted. We are currently evaluating the impact this standard will have on our financial position and results of operations.",,0,significant_accounting_policies,"Note 3 - Information about Receivables, Revenues, and Services",3,False,,"fallback,idx=22086,zone=20521",676,OK,
0001113169,TROW,2019,0001113169_TROW_FY2019_10K.html,,"December 31, 2019",computer and communications software and equipment,"Property and equipment is stated at cost net of accumulated depreciation and amortization computed using the straight-line method. Provisions for depreciation and amortization are based on the following weighted-average estimated useful lives: computer and communications software and equipment, 3 years; buildings and improvements, 32 years; leasehold improvements, 8 years; furniture and other equipment, 6 years; and leased land, 99 years.",3.0,,No,,"Our leases qualify as operating leases and consist primarily of real estate leases for corporate offices, data centers, and other facilities. We measure our operating lease liabilities using an estimated incremental borrowing rate as there is no rate implicit in any of our operating lease arrangements. Since we do not have any outstanding borrowings, we estimate our incremental borrowing rate using an estimated credit rating and available market information. Additionally, certain of our leases contain options to extend or terminate the lease term that, if exercised, would result in the remeasurement of the operating lease liability.",Item 8,"In August 2018, the FASB issued Accounting Standards Update No. 2018-15 — Intangibles—Goodwill and Other— Internal-Use Software (Subtopic 350-40): Customer’s Accounting for Implementation Costs Incurred in a Cloud Computing Arrangement That Is a Service Contract. This update provides additional guidance on the accounting for costs of implementation activities performed in a cloud computing arrangement that is a service contract. The amendments in this update are effective for fiscal years beginning after December 15, 2019, including interim periods within those fiscal years. We will adopt this guidance on January 1, 2020, using the prospective method of adoption. We do not expect any material impact on our financial position and results of operations in future periods.",,0,significant_accounting_policies,NOTE 1 – BASIS OF PREPARATION AND SUMMARY OF SIGNIFICANT ACCOUNTING POLICIES.,3,True,3.0 ans | 6.0 ans | 8.0 ans,"fallback,idx=25885,zone=20304",652,OK,
0001113169,TROW,2020,0001113169_TROW_FY2020_10K.html,,2021-01-01,computer and communications software and equipment,"Property and equipment is stated at cost net of accumulated depreciation and amortization computed using the straight-line method. Provisions for depreciation and amortization are based on the following weighted-average estimated useful lives: computer and communications software and equipment, 3 years; buildings and improvements, 33 years; leasehold improvements, 7 years; and furniture and other equipment, 6 years.",3.0,,No,,"Our leases qualify as operating leases and consist primarily of real estate leases for corporate offices, data centers, and other facilities. We measure our operating lease liabilities using an estimated incremental borrowing rate as an implicit rate cannot be readily determinable from any of our operating lease arrangements. Since we do not have any outstanding borrowings, we estimate our incremental borrowing rate using an estimated credit rating and available market information. Additionally, certain of our leases contain options to extend or terminate the lease term that, if exercised, would result in the remeasurement of the operating lease liability.",Item 8,"We adopted Accounting Standards Update No. 2018-15 — Intangibles—Goodwill and Other— Internal-Use Software (Subtopic 350-40): Customer’s Accounting for Implementation Costs Incurred in a Cloud Computing Arrangement That Is a Service Contract on January 1, 2020 using the prospective method of adoption. This update required implementation costs incurred in cloud computing arrangements to be deferred and recognized over the term of the hosting arrangement. A hosting arrangement is an agreement that allows customers, like us, to access and use software on an as-needed basis without having possession of the software. Beginning January 1, 2020, we were required to defer such qualifying implementation costs. We have capitalized an immaterial amount of implementation costs incurred in a cloud computing arrangement. Accordingly, the adoption of this guidance did not have a material impact on our consolidated balance sheets or our consolidated statements of income.",,0,significant_accounting_policies,NOTE 1 – BASIS OF PREPARATION AND SUMMARY OF SIGNIFICANT ACCOUNTING POLICIES.,3,True,3.0 ans | 6.0 ans | 7.0 ans,"fallback,idx=16628,zone=10113",465,OK,
0001113169,TROW,2021,0001113169_TROW_FY2021_10K.html,,2021-12-31,computer and communications software and equipment,"Property, equipment and software is stated at cost net of accumulated depreciation and amortization computed using the straight-line method. Provisions for depreciation and amortization are based on the following weighted-average estimated useful lives: computer and communications software and equipment, 3 years; buildings and improvements, 33 years; leasehold improvements, 8 years; and furniture and other equipment, 6 years.",3.0,,No,,"Our leases qualify as operating leases and consist primarily of real estate leases for corporate offices, data centers, and other facilities. We measure our operating lease liabilities using an estimated incremental borrowing rate as an implicit rate cannot be readily determinable from any of our operating lease arrangements. Since we do not have any outstanding borrowings, we estimate our incremental borrowing rate using an estimated credit rating and available market information. Additionally, certain of our leases contain options to extend or terminate the lease term that, if exercised, would result in the remeasurement of the operating lease liability.",Item 8,Not disclosed,,0,significant_accounting_policies,NOTE 1 – BASIS OF PREPARATION AND SUMMARY OF SIGNIFICANT ACCOUNTING POLICIES.,3,True,3.0 ans | 6.0 ans | 8.0 ans,"fallback,idx=16067,zone=10727",531,OK,
0001113169,TROW,2022,0001113169_TROW_FY2022_10K.html,,2022-12-31,computer and communications software and equipment,"Property, equipment and software is stated at cost net of accumulated depreciation and amortization computed using the straight-line method. Provisions for depreciation and amortization are based on the following weighted-average estimated useful lives: computer and communications software and equipment, 3 years; buildings and improvements, 33 years; leasehold improvements, 8 years; and furniture and other equipment, 6 years.",3.0,,No,,"Our leases qualify as operating leases and consist primarily of real estate leases for corporate offices, data centers, and other facilities. We measure our operating lease liabilities using an estimated incremental borrowing rate as an implicit rate cannot be readily determinable from any of our operating lease arrangements. Since we do not have any outstanding borrowings, we estimate our incremental borrowing rate using an estimated credit rating and available market information. Additionally, certain of our leases contain options to extend or terminate the lease term that, if exercised, would result in the remeasurement of the operating lease liability.",Item 8,Not disclosed,,0,significant_accounting_policies,NOTE 1 – BASIS OF PREPARATION AND SUMMARY OF SIGNIFICANT ACCOUNTING POLICIES.,3,True,3.0 ans | 6.0 ans | 8.0 ans,"fallback,idx=17042,zone=12027",547,OK,
0001113169,TROW,2023,0001113169_TROW_FY2023_10K.html,,2023-12-31,computer and communications software and equipment,"Property, equipment and software is stated at cost net of accumulated depreciation and amortization computed using the straight-line method. Provisions for depreciation and amortization are based on the following weighted-average estimated useful lives: computer and communications software and equipment, 3 years; buildings and improvements, 33 years; leasehold improvements, 9 years; and furniture and other equipment, 6 years.",3.0,,No,,"Our leases qualify as operating leases and consist primarily of real estate leases for corporate offices, data centers, and other facilities. We measure our operating lease liabilities using an estimated incremental borrowing rate as an implicit rate cannot be readily determinable from any of our operating lease arrangements. Since we do not have any outstanding borrowings, we estimate our incremental borrowing rate using an estimated credit rating and available market information. Additionally, certain of our leases contain options to extend or terminate the lease term that, if exercised, would result in the remeasurement of the operating lease liability.",Item 8,Not disclosed,,0,significant_accounting_policies,NOTE 1 – BASIS OF PREPARATION AND SUMMARY OF SIGNIFICANT ACCOUNTING POLICIES.,3,True,3.0 ans | 6.0 ans | 9.0 ans,"fallback,idx=15538,zone=11342",529,OK,
0001113169,TROW,2024,0001113169_TROW_FY2024_10K.html,,2024-12-31,computer and communications software and equipment,"Property, equipment and software is stated at cost net of accumulated depreciation and amortization computed using the straight-line method. Provisions for depreciation and amortization are based on the following weighted-average estimated useful lives: computer and communications software and equipment, 3 years; buildings and improvements, 33 years; leasehold improvements, 9 years; and furniture and other equipment, 6 years.",3.0,,No,,"Our leases qualify as operating leases and consist primarily of real estate leases for corporate offices, data centers, and other facilities. We measure our operating lease liabilities using an estimated incremental borrowing rate as an implicit rate cannot be readily determinable from any of our operating lease arrangements. Since we do not have any outstanding corporate borrowings, we estimate our incremental borrowing rate using an estimated credit rating and available market information. Additionally, certain of our leases contain options to extend or terminate the lease term that, if exercised, would result in the remeasurement of the operating lease liability.",Item 8,Not disclosed,,0,significant_accounting_policies,NOTE 1 – BASIS OF PREPARATION AND SUMMARY OF SIGNIFICANT ACCOUNTING POLICIES.,3,True,3.0 ans | 6.0 ans | 9.0 ans,"fallback,idx=15926,zone=11017",523,OK,
0001547903,NMIH,2013,0001547903_NMIH_FY2013_10K.html,,,"equipment, capitalized software","Software and equipment, net of accumulated amortization and depreciation, as of December 31, consist of the following:",,,Yes,Amortization of software and depreciation of equipment commences at the beginning of the month following the placement of the assets into use by us.,Not disclosed,,Not disclosed,,0,significant_accounting_policies,15. Quarterly Financial Data (Unaudited),3,False,,"score=4,idx=15089,zone=11932",612,OK,
0001547903,NMIH,2014,0001547903_NMIH_FY2014_10K.html,,,equipment,"Software and equipment are stated at cost, less accumulated amortization and depreciation. Once the software is ready for its intended use, amortization and depreciation are calculated using the straight-line method over the estimated useful lives of the respective assets ranging typically from",,,Yes,"In the second quarter of 2013, we reduced the useful life and shortened the amortization period of some of the software we purchased in connection with the acquisition of our insurance subsidiaries. This software was completely amortized by November 2014, and the original cost and accumulated amortization of",Not disclosed,,Not disclosed,,0,significant_accounting_policies,2. Summary of Accounting Principles,3,False,,"score=4,idx=13082,zone=13172",547,OK,
0001547903,NMIH,2015,0001547903_NMIH_FY2015_10K.html,,,equipment,"Software and equipment are stated at cost, less accumulated amortization and depreciation. Once the software is ready for its intended use, amortization and depreciation are calculated using the straight-line method over the estimated useful lives of the respective assets ranging typically from",,,No,,Not disclosed,,Not disclosed,,0,significant_accounting_policies,2. Summary of Accounting Principles,3,False,,"score=4,idx=13337,zone=12763",588,OK,
0001547903,NMIH,2016,0001547903_NMIH_FY2016_10K.html,,,equipment,"Software and equipment are stated at cost, less accumulated amortization and depreciation. Once the software is ready for its intended use, amortization and depreciation are calculated using the straight-line method over the estimated useful lives of the respective assets ranging typically from",,,No,,Not disclosed,,Not disclosed,,0,significant_accounting_policies,2. Summary of Accounting Principles,3,False,,"score=4,idx=17827,zone=16067",726,OK,
0001547903,NMIH,2017,0001547903_NMIH_FY2017_10K.html,,,equipment,"Software and equipment are stated at cost, less accumulated amortization and depreciation. Amortization of software and depreciation of equipment commences at the beginning of the month following our placement of the assets into use.",3.0,7.0,No,,Not disclosed,,Not disclosed,,0,significant_accounting_policies,"Note 4,",3,False,,"score=4,idx=16435,zone=17078",746,OK,
0001547903,NMIH,2018,0001547903_NMIH_FY2018_10K.html,,,equipment,"Software and equipment are stated at cost, less accumulated amortization and depreciation. Amortization of software and depreciation of equipment commences at the beginning of the month following our placement of the assets into use.",3.0,5.0,No,,Not disclosed,,"(Subtopic 350-40). This update applies to cloud computing arrangements hosted by a vendor and provides companies with guidance on the criteria for capitalizing implementation, set-up and other up-front costs incurred in association with these arrangements. The standard will take effect for public business entities for fiscal years, and interim periods within those fiscal years, beginning after December 15, 2019. We are currently evaluating the impact the adoption of this ASU will have, if any, on our consolidated financial statements. ||| In August 2018, the FASB issued ASU 2018-15, Intangibles - Goodwill and Other - Internal-Use Software (Subtopic 350-40). This update applies to cloud computing arrangements hosted by a vendor and provides companies with guidance on the criteria for capitalizing implementation, set-up and other up-front costs incurred in association with these arrangements. The standard will take effect for public business entities for fiscal years, and interim periods within those fiscal years, beginning after December 15, 2019. We are currently evaluating the impact the adoption of this ASU will have, if any, on our consolidated financial statements.",,0,significant_accounting_policies,2. Summary of Accounting Principles,3,False,,"score=4,idx=16410,zone=17802",818,OK,
0001547903,NMIH,2019,0001547903_NMIH_FY2019_10K.html,,"December 31, 2019",equipment,"Software and equipment are stated at cost, less accumulated amortization and depreciation. Amortization of software and depreciation of equipment commences at the beginning of the month following our placement of the assets into use.",3.0,5.0,No,,"We have two operating lease agreements related to our corporate headquarters and a data center facility for which we recognized operating ROU assets and lease liabilities of $6.4 million and $7.4 million in ""Other assets"" and ""Other liabilities,"" respectively, on our condensed consolidated balance sheet as of December 31, 2019 . As of December 31, 2019 , we did not have any finance leases.",Item 8,"In August 2018, the FASB issued ASU 2018-15, Intangibles - Goodwill and Other - Internal-Use Software (Subtopic 350-40).This update applies to cloud computing arrangements structured as service contracts, and provides companies with guidance on the criteria for capitalizing implementation, set-up and other up-front costs incurred in association with these arrangements. We adopted this ASU on January 1, 2020 and applied it on a prospective basis for eligible costs incurred after the effective date. The adoption of this ASU did not have a material impact on our consolidated financial statements. ||| (Subtopic 350-40).This update applies to cloud computing arrangements structured as service contracts, and provides companies with guidance on the criteria for capitalizing implementation, set-up and other up-front costs incurred in association with these arrangements. We adopted this ASU on January 1, 2020 and applied it on a prospective basis for eligible costs incurred after the effective date. The adoption of this ASU did not have a material impact on our consolidated financial statements.",,0,significant_accounting_policies,2. Summary of Accounting Principles,3,False,,"score=4,idx=20676,zone=20108",822,OK,
0001547903,NMIH,2020,0001547903_NMIH_FY2020_10K.html,,"December 31, 2020",equipment,"Software and equipment are stated at cost, less accumulated amortization and depreciation. Amortization of software and depreciation of equipment commences at the beginning of the month following our placement of the assets into use.",3.0,5.0,No,,"We have two operating lease agreements related to our corporate headquarters and a data center facility for which we recognized operating ROU assets and lease liabilities of $4.6 million and $5.3 million in "" Other assets "" and "" Other liabilities ,"" respectively, on our consolidated balance sheet as of December 31, 2020. As of December 31, 2019, we recognized operating ROU assets and lease liabilities of $6.4 million and $7.4 million, respectively. As of December 31, 2020 and 2019, we did not have any finance leases.",Item 8,"In August 2018, the FASB issued ASU 2018-15, Intangibles - Goodwill and Other - Internal-Use Software (Subtopic 350-40). This update applies to cloud computing arrangements structured as service contracts, and provides companies with guidance on the criteria for capitalizing implementation, set-up and other up-front costs incurred in association with these arrangements. We adopted this ASU on January 1, 2020 and applied it on a prospective basis for eligible costs incurred after the effective date. The adoption of this ASU did not have a material impact on our consolidated financial statements. ||| (Subtopic 350-40). This update applies to cloud computing arrangements structured as service contracts, and provides companies with guidance on the criteria for capitalizing implementation, set-up and other up-front costs incurred in association with these arrangements. We adopted this ASU on January 1, 2020 and applied it on a prospective basis for eligible costs incurred after the effective date. The adoption of this ASU did not have a material impact on our consolidated financial statements.",,0,significant_accounting_policies,2. Summary of Accounting Principles,3,False,,"score=2,idx=14769,zone=10763",660,OK,
0001547903,NMIH,2021,0001547903_NMIH_FY2021_10K.html,,2021-12-31,equipment,"Software and equipment are stated at cost, less accumulated amortization and depreciation. Amortization of software and depreciation of equipment commences at the beginning of the month following our placement of the assets into use.",3.0,5.0,No,,"We have two operating lease agreements related to our corporate headquarters and a data center facility for which we recognized operating ROU assets and lease liabilities of $2.6 million and $2.9 million in "" Other assets "" and "" Other liabilities ,"" respectively, on our consolidated balance sheet as of December 31, 2021. As of December 31, 2020, we recognized operating ROU assets and lease liabilities of $4.6 million and $5.3 million, respectively. As of December 31, 2021 and 2020, we did not have any finance leases.",Item 8,Not disclosed,B200,1,significant_accounting_policies,2. Summary of Accounting Principles,3,False,,"score=2,idx=14249,zone=10826",660,OK,
0001547903,NMIH,2022,0001547903_NMIH_FY2022_10K.html,,2022-12-31,equipment,"Software and equipment are stated at cost, less accumulated amortization and depreciation. Amortization of software and depreciation of equipment commences at the beginning of the month following our placement of the assets into use.",3.0,5.0,No,,"We have two operating lease agreements related to our corporate headquarters and a data center facility for which we recognized operating ROU assets and lease liabilities of $10.4 million and $12.1 million in "" Other assets "" and "" Other liabilities ,"" respectively, on our consolidated balance sheets as of December 31, 2022. As of December 31, 2021, we recognized operating ROU assets and lease liabilities of $2.6 million and $2.9 million, respectively. As of December 31, 2022 and 2021, we did not have any finance leases.",Item 8,Not disclosed,A100,1,significant_accounting_policies,2. Summary of Accounting Principles,3,False,,"score=2,idx=14442,zone=11098",664,OK,
0001547903,NMIH,2023,0001547903_NMIH_FY2023_10K.html,,2024-01-31,equipment,"Software and equipment are stated at cost, less accumulated amortization and depreciation. Amortization of software and depreciation of equipment commences at the beginning of the month following our placement of the assets into use.",3.0,5.0,No,,"We have two operating lease agreements related to our corporate headquarters and a data center facility for which we recognized operating ROU assets and lease liabilities of $9.1 million and $11.4 million in "" Other Assets "" and "" Other Liabilities ,"" respectively, on our consolidated balance sheets as of December 31, 2023. As of December 31, 2022, we recognized operating ROU assets and lease liabilities of $10.4 million and $12.1 million, respectively. As of December 31, 2023 and 2022, we did not have any finance leases.",Item 8,Not disclosed,,0,significant_accounting_policies,2. Summary of Accounting Principles,3,False,,"score=2,idx=14255,zone=10477",627,OK,
0001547903,NMIH,2024,0001547903_NMIH_FY2024_10K.html,,2025-01-01,equipment,"Software and equipment are stated at cost, less accumulated amortization and depreciation. Amortization of software and depreciation of equipment commences at the beginning of the month following our placement of the assets into use.",3.0,5.0,No,,"We have two operating lease agreements related to our corporate headquarters and a data center facility for which we recognized operating ROU assets and lease liabilities of $8.2 million and $10.3 million in “ Other Assets” and “ Other Liabilities , ” respectively, on our consolidated balance sheets as of December 31, 2024. As of December 31, 2023, we recognized operating ROU assets and lease liabilities of $9.1 million and $11.4 million, respectively. As of December 31, 2024 and 2023, we did not have any finance leases.",Item 8,Not disclosed,,0,significant_accounting_policies,2. Summary of Accounting Principles,3,False,,"score=2,idx=14519,zone=9572",628,OK,
0001792580,OVV,2019,0001792580_OVV_FY2019_10K.html,,2022-01-01,Not disclosed,Not disclosed,,,No,,Not disclosed,,Not disclosed,,0,unknown,,0,False,,"score=2,idx=73665,zone=1431",202,OK,
0001792580,OVV,2020,0001792580_OVV_FY2020_10K.html,,2021-02-12,Not disclosed,Not disclosed,,,No,,Not disclosed,,Not disclosed,,0,unknown,,0,False,,"score=2,idx=73642,zone=1360",192,OK,
0001792580,OVV,2021,0001792580_OVV_FY2021_10K.html,,2022-12-31,Not disclosed,Not disclosed,,,No,,Not disclosed,,Not disclosed,,0,unknown,,0,False,,"score=2,idx=71121,zone=1319",187,OK,
0001792580,OVV,2022,0001792580_OVV_FY2022_10K.html,,2023-02-27,Not disclosed,Not disclosed,,,No,,Not disclosed,,Not disclosed,,0,unknown,,0,False,,"score=2,idx=67436,zone=1231",173,OK,
0001792580,OVV,2023,0001792580_OVV_FY2023_10K.html,,2024-02-27,Not disclosed,Not disclosed,,,No,,Not disclosed,,Not disclosed,A100,1,unknown,,0,False,,"score=2,idx=6891,zone=16",1,OK,
0001792580,OVV,2024,0001792580_OVV_FY2024_10K.html,,2025-02-26,Not disclosed,Not disclosed,,,No,,Not disclosed,,Not disclosed,A100,1,unknown,,0,False,,"score=2,idx=6568,zone=16",1,OK,
0001895262,NE,2022,0001895262_NE_FY2022_10K.html,,2022-12-31,equipment,Drilling equipment and facilities are depreciated using the straight-line method over their estimated useful lives as of the date placed in service or date of major refurbishment. Estimated useful lives of our drilling equipment range from three to 30 years. Other property and equipment is depreciated using the straight-line method over useful lives ranging from two to 40 years.,3.0,30.0,Yes,"The pro forma results include, among others, (i) a reduction in Maersk Drilling’s historically reported depreciation expense related to adjustments of property and equipment values (ii) adjustments to reflect certain acquisition related costs incurred directly in connection with the Business Combination as if it had occurred on February 6, 2021, (iii) an adjustment to reflect the gain on sale as if the Rig Transaction (discussed below) had occurred on February 6, 2021 and (iv) net adjustments to increase contract drilling services revenue related to off-market customer contract assets and liabilities recognized in connection with the Business Combination with Maersk Drilling on a pro forma basis.",Not disclosed,,Not disclosed,,0,significant_accounting_policies,Note 1— Organization and Significant Accounting Policies,3,False,,"score=2,idx=11873,zone=25790",1091,OK,
0001895262,NE,2023,0001895262_NE_FY2023_10K.html,,2024-02-22,equipment,Drilling equipment and facilities are depreciated using the straight-line method over their estimated useful lives as of the date placed in service or,,,Yes,"The pro forma results include, among others, (i) a reduction in Maersk Drilling’s historically reported depreciation expense related to adjustments of property and equipment values, (ii) adjustments to reflect certain acquisition related costs incurred directly in connection with the Business Combination as if it had occurred on February 6, 2021, (iii) an adjustment to reflect the gain on sale as if the Rig Transaction (discussed below) had occurred on February 6, 2021, and (iv) net adjustments to increase contract drilling services revenue related to off-market customer contract assets and liabilities recognized in connection with the Business Combination with Maersk Drilling on a pro forma basis.",Not disclosed,,Not disclosed,,0,significant_accounting_policies,Note 1 — Organization and Significant Accounting Policies,3,False,,"score=2,idx=9670,zone=17242",1031,OK,
0001895262,NE,2024,0001895262_NE_FY2024_10K.html,,2024-12-31,equipment,Drilling equipment and facilities are depreciated using the straight-line method over their estimated useful lives as of the date placed in service or date of major refurbishment. Estimated useful lives of our drilling equipment range from three to 30 years. Other property and equipment is depreciated using the straight-line method over useful lives ranging from two to 40 years.,3.0,30.0,Yes,"The pro forma results include, among others, (i) an increase to Diamond’s historically reported depreciation expense related to adjustments of property and equipment values, (ii) adjustments to reflect certain acquisition related costs incurred directly in connection with the Diamond Transaction as if it had occurred on January 1, 2023, and (iii) net adjustments to increase contract drilling services revenue related to off-market customer contract liabilities recognized in connection with the Diamond Transaction on a pro forma basis.",Not disclosed,,Not disclosed,,0,significant_accounting_policies,Note 1 — Organization and Significant Accounting Policies,3,False,,"score=2,idx=9470,zone=12578",740,OK,
