firm_cik,firm_ticker,fiscal_year,filename,filing_date,period_end_date,asset_category,useful_life_text,useful_life_min_years,useful_life_max_years,policy_change,policy_change_text,ai_infra_text,ai_infra_source,segment_ai_text,hardware_mentions,hardware_count,source_section,section_title,confidence,ambiguity_flag,ambiguity_detail,item8_method,item8_segment_count,extraction_status,error_message
0000010329,BSET,2013,0000010329_BSET_FY2013_10K.html,,"November 30, 2013",equipment,"Income (loss) from operations for fiscal 2013, 2012 and 2011 includes new store pre-opening costs of $671, $371 and $90, respectively. Such costs consist of expenses incurred at the new store location during the period prior to its opening and include, among other things, facility occupancy costs such as rent and utilities and local store personnel costs related to pre-opening activities including training. New store pre-opening costs do not include costs which are capitalized in accordance with our property and equipment capitalization policies, such as leasehold improvements and store fixtures and equipment. Such capitalized costs associated with new stores are depreciated commencing with the opening of the store. There are no pre-opening costs associated with stores acquired from licensees, as such locations were already in operation at the time of their acquisition.",,,No,,Not disclosed,,Not disclosed,,0,significant_accounting_policies,2. Significant Accounting Policies,3,False,,"score=7,idx=7234,zone=10722",529,OK,
0000010329,BSET,2014,0000010329_BSET_FY2014_10K.html,,"November 29, 2014",Not disclosed,Not disclosed,,,No,,Not disclosed,,Not disclosed,,0,unknown,,0,False,,"score=7,idx=6809,zone=10558",454,OK,
0000010329,BSET,2015,0000010329_BSET_FY2015_10K.html,,"November 28, 2015",equipment,"Income (loss) from operations for fiscal 2015, 2014 and 2013 includes new store pre-opening costs of $623, $1,217 and $671, respectively. Such costs consist of expenses incurred at the new store location during the period prior to its opening and include, among other things, facility occupancy costs such as rent and utilities and local store personnel costs related to pre-opening activities including training. New store pre-opening costs do not include costs which are capitalized in accordance with our property and equipment capitalization policies, such as leasehold improvements and store fixtures and equipment. Such capitalized costs associated with new stores are depreciated commencing with the opening of the store. There are no pre-opening costs associated with stores acquired from licensees, as such locations were already in operation at the time of their acquisition.",,,No,,Not disclosed,,Not disclosed,,0,significant_accounting_policies,2. Significant Accounting Policies,3,False,,"score=7,idx=7226,zone=11917",532,OK,
0000010329,BSET,2016,0000010329_BSET_FY2016_10K.html,,"November 26, 2016",equipment,"Income (loss) from operations for fiscal 2016, 2015 and 2014 includes new store pre-opening costs of $1,148, $623 and $1,217, respectively. Such costs consist of expenses incurred at the new store location during the period prior to its opening and include, among other things, facility occupancy costs such as rent and utilities and local store personnel costs related to pre-opening activities including training. New store pre-opening costs do not include costs which are capitalized in accordance with our property and equipment capitalization policies, such as leasehold improvements and store fixtures and equipment. Such capitalized costs associated with new stores are depreciated commencing with the opening of the store. There are no pre-opening costs associated with stores acquired from licensees, as such locations were already in operation at the time of their acquisition.",,,No,,Not disclosed,,Not disclosed,,0,significant_accounting_policies,2. Significant Accounting Policies,3,False,,"score=7,idx=7516,zone=12108",493,OK,
0000010329,BSET,2017,0000010329_BSET_FY2017_10K.html,,,"equipment, Machinery and equipment",This property and equipment is stated at cost less accumulated depreciation. Machinery and equipment are generally depreciated over a period of 5 to 10 years.,5.0,10.0,No,,Not disclosed,,Not disclosed,,0,significant_accounting_policies,2. Significant Accounting Policies,3,False,,"score=7,idx=8282,zone=10211",639,OK,
0000010329,BSET,2018,0000010329_BSET_FY2018_10K.html,,,Not disclosed,Not disclosed,,,No,,Not disclosed,,"In August 2018, the FASB issued Accounting Standards Update No. 2018-15, Accounting Standards Update No. 2018-15 – Intangibles - Goodwill and Other - Internal-Use Software (Subtopic 350-40): Customer's Accounting for Implementation Costs Incurred in a Cloud Computing Arrangement That Is a Service Contract, to help entities evaluate the accounting for fees paid by a customer in a cloud computing arrangement (hosting arrangement) by providing guidance for determining when the arrangement includes a software license. The amendments in ASU 2018-15 align the requirements for capitalizing implementation costs incurred in a hosting arrangement that is a service contract with the requirements for capitalizing implementation costs incurred to develop or obtain internal-use software (and hosting arrangements that include an internal use software license). The accounting for the service element of a hosting arrangement that is a service contract is not affected by the amendments in ASU 2018-15. The amendments in ASU 2018-15 will become effective for us as of the beginning of our 2021 fiscal year. Early adoption is permitted, including adoption in any interim period. We are currently evaluating the impact that this guidance will have upon our financial position and results of operations, if any.",,0,unknown,,0,False,,"score=7,idx=8149,zone=9724",496,OK,
0000010329,BSET,2019,0000010329_BSET_FY2019_10K.html,,"November 30, 2019",Not disclosed,Not disclosed,,,No,,Not disclosed,,"In August 2018, the FASB issued Accounting Standards Update No. 2018 - 15 – Intangibles - Goodwill and Other - Internal-Use Software (Subtopic 350 - 40 ): Customer's Accounting for Implementation Costs Incurred in a Cloud Computing Arrangement That Is a Service Contract, to help entities evaluate the accounting for fees paid by a customer in a cloud computing arrangement (hosting arrangement) by providing guidance for determining when the arrangement includes a software license. The amendments in ASU 2018 - 15 align the requirements for capitalizing implementation costs incurred in a hosting arrangement that is a service contract with the requirements for capitalizing implementation costs incurred to develop or obtain internal-use software (and hosting arrangements that include an internal use software license). The accounting for the service element of a hosting arrangement that is a service contract is not affected by the amendments in ASU 2018 - 15. The amendments in ASU 2018 - 15 will become effective for us as of the beginning of our 2021 fiscal year. Early adoption is permitted, including adoption in any interim period. We are currently evaluating the impact that this guidance will have upon our financial position and results of operations, if any.",,0,unknown,,0,False,,"score=7,idx=10884,zone=10759",460,OK,
0000010329,BSET,2020,0000010329_BSET_FY2020_10K.html,,"November 28, 2020",Not disclosed,Not disclosed,,,No,,Not disclosed,,"In August 2018, the FASB issued Accounting Standards Update No. 2018 - 15, Accounting Standards Update No. 2018 - 15 – Intangibles - Goodwill and Other - Internal-Use Software (Subtopic 350 - 40 ): Customer's Accounting for Implementation Costs Incurred in a Cloud Computing Arrangement That Is a Service Contract, to help entities evaluate the accounting for fees paid by a customer in a cloud computing arrangement (hosting arrangement) by providing guidance for determining when the arrangement includes a software license. The amendments in ASU 2018 - 15 align the requirements for capitalizing implementation costs incurred in a hosting arrangement that is a service contract with the requirements for capitalizing implementation costs incurred to develop or obtain internal-use software (and hosting arrangements that include an internal use software license). The accounting for the service element of a hosting arrangement that is a service contract is not affected by the amendments in ASU 2018 - 15. The amendments in ASU 2018 - 15 will become effective for us as of the beginning of our 2021 fiscal year. Early adoption is permitted, including adoption in any interim period. We are currently evaluating the impact that this guidance will have upon our financial position and results of operations, if any.",,0,unknown,,0,False,,"score=7,idx=9443,zone=10743",481,OK,
0000010329,BSET,2021,0000010329_BSET_FY2021_10K.html,,"November 27, 2021",equipment,"Income from operations for fiscal 2021, 2020 and 2019 includes new store pre-opening costs of $0, $0 and $1,117, respectively. Such costs consist of expenses incurred at the new store location during the period prior to its opening and include, among other things, facility occupancy costs such as rent and utilities and local store personnel costs related to pre-opening activities including training. New store pre-opening costs do not include costs which are capitalized in accordance with our property and equipment capitalization policies, such as leasehold improvements and store fixtures and equipment. Such capitalized costs associated with new stores are depreciated commencing with the opening of the store. There are no pre-opening costs associated with stores acquired from licensees, as such locations were already in operation at the time of their acquisition.",,,No,,Not disclosed,,"Effective as of the beginning of fiscal 2021, we have adopted Accounting Standards Update No. 2018 - 15 – Intangibles - Goodwill and Other - Internal-Use Software (Subtopic 350 - 40 ): Customer's Accounting for Implementation Costs Incurred in a Cloud Computing Arrangement That Is a Service Contract (“ASU 2018 - 15” ). ASU 2018 - 15 was issued to help entities evaluate the accounting for fees paid by a customer in a cloud computing arrangement (hosting arrangement) by providing guidance for determining when the arrangement includes a software license. The amendments in ASU 2018 - 15 align the requirements for capitalizing implementation costs incurred in a hosting arrangement that is a service contract with the requirements for capitalizing implementation costs incurred to develop or obtain internal-use software (and hosting arrangements that include an internal use software license). The accounting for the service element of a hosting arrangement that is a service contract is not affected by the amendments in ASU 2018 - 15. We adopted ASU 2018 - 15 on a prospective basis and the adoption did not have a material impact upon our financial condition or results of operations.",,0,significant_accounting_policies,2. Significant Accounting Policies,3,False,,"score=7,idx=9549,zone=10676",482,OK,
0000010329,BSET,2022,0000010329_BSET_FY2022_10K.html,,"November 26, 2022",Not disclosed,Not disclosed,,,No,,Not disclosed,,Not disclosed,,0,unknown,,0,False,,"score=7,idx=7840,zone=10418",529,OK,
0000010329,BSET,2023,0000010329_BSET_FY2023_10K.html,,"November 25, 2023",equipment,Depreciation expense associated with the property and equipment shown above was included in income from operations in our consolidated statements of operations as follows:,,,No,,Not disclosed,,Not disclosed,,0,ppe_note,7. Property and Equipment,3,False,,"score=7,idx=8634,zone=10120",506,OK,
0000010329,BSET,2024,0000010329_BSET_FY2024_10K.html,,"November 30, 2024",equipment,Depreciation expense associated with the property and equipment shown above was included in income from operations in our consolidated statements of operations as follows:,,,No,,Not disclosed,,Not disclosed,,0,ppe_note,7. Property and Equipment,3,False,,"score=7,idx=9800,zone=10122",518,OK,
0000010456,BAX,2013,0000010456_BAX_FY2013_10K.html,,"December 31, 2013","computer software, machinery and equipment, Capitalized software","Capitalized software costs are amortized on a straight-line basis over the estimated useful lives of the software, and are included in depreciation expense below.",,,No,,Not disclosed,,Not disclosed,,0,significant_accounting_policies,NOTE 1 SUMMARY OF SIGNIFICANT ACCOUNTING POLICIES,3,False,,"score=4,idx=8583,zone=26656",792,OK,
0000010456,BAX,2014,0000010456_BAX_FY2014_10K.html,,"December 31, 2014",Not disclosed,Not disclosed,,,No,,Not disclosed,,Not disclosed,,0,unknown,,0,False,,"score=2,idx=473,zone=36445",49,OK,
0000010456,BAX,2015,0000010456_BAX_FY2015_10K.html,,"December 31, 2015",buildings and improvements and from 3 to 15 years for machinery and equipment,"Depreciation expense is calculated using the straight-line method over the estimated useful lives of the related assets,
which range from 20 to 50 years for buildings and improvements and from three to 15 years for machinery and equipment. Capitalized software
costs are amortized on a straight-line basis over the estimated useful lives of the software, and are included in depreciation expense.",3.0,15.0,No,,Not disclosed,,"In April 2015, the FASB issued ASU No. 2015-05,
Intangibles — Goodwill and Other — Internal-Use Software (Subtopic 350-40): Customer’s Accounting for Fees Paid in a Cloud Computing Arrangement, which provides guidance to customers about how to account for cloud
computing arrangements when such arrangements include software licenses. ASU No. 2015-05 will be effective for the company beginning on January 1, 2016. The standard may be applied retrospectively or prospectively. The company does not
expect a material impact from the adoption of this standard.",,0,significant_accounting_policies,"NOTE 1 SUMMARY OF SIGNIFICANT
ACCOUNTING POLICIES",3,False,,"score=4,idx=8187,zone=28401",763,OK,
0000010456,BAX,2016,0000010456_BAX_FY2016_10K.html,,"December 31, 2016",buildings and improvements and from 3 to 15 years for machinery and equipment,"Depreciation expense is calculated using the straight-line method over the estimated useful lives of the related assets, which range from 20 to 50 years for buildings and improvements and from three to 15 years for machinery and equipment. Capitalized software costs are amortized on a straight-line basis over the estimated useful lives of the software, and are included in depreciation expense.",3.0,15.0,No,,Not disclosed,,"As of January 1, 2016, the company adopted ASU No. 2015-05, Intangibles — Goodwill and Other — Internal-Use Software (Subtopic 350-40), Customer’s Accounting for Fees Paid in a Cloud Computing Arrangement. This update provides guidance on determining whether a cloud-based computer arrangement includes a software license. If it is determined that the arrangement includes a software license, then the customer is to account for that element in a manner that is consistent with the acquisition of other software licenses. If it is determined that the arrangement does not include a software license, then it is to be accounted for as a service",,0,significant_accounting_policies,NOTE 1 SUMMARY OF SIGNIFICANT ACCOUNTING POLICIES,3,False,,"score=3,idx=6759,zone=25393",884,OK,
0000010456,BAX,2017,0000010456_BAX_FY2017_10K.html,,"December 31, 2017",buildings and improvements and from 3 to 15 years for machinery and equipment,"Depreciation expense is calculated using the straight-line method over the estimated useful lives of the related assets, which range from 20 to 50 years for buildings and improvements and from three to 15 years for machinery and equipment. Capitalized software costs are amortized on a straight-line basis over the estimated useful lives of the software, and are included in depreciation expense.",3.0,15.0,No,,Not disclosed,,Not disclosed,,0,significant_accounting_policies,NOTE 1 SUMMARY OF SIGNIFICANT ACCOUNTING POLICIES,3,False,,"score=3,idx=7177,zone=24811",900,OK,
0000010456,BAX,2018,0000010456_BAX_FY2018_10K.html,,"December 31, 2018",buildings and improvements and from 3 to 15 years for machinery and equipment,"Depreciation expense is calculated using the straight-line method over the estimated useful lives of the related assets, which range from 20 to 50 years for buildings and improvements and from three to 15 years for machinery and equipment. Capitalized software costs are amortized on a straight-line basis over the estimated useful lives of the software, and are included in depreciation expense.",3.0,15.0,Yes,"In 2018, the estimated useful life of the company’s enterprise resource planning (ERP) software was extended from 2020 on a prospective basis based on the company’s commitment to upgrade, enhance and support its existing systems through 2028.",Not disclosed,,Not disclosed,,0,significant_accounting_policies,NOTE 1 SUMMARY OF SIGNIFICANT ACCOUNTING POLICIES,3,False,,"score=3,idx=7353,zone=24876",976,OK,
0000010456,BAX,2019,0000010456_BAX_FY2019_10K.html,,2020-01-31,buildings and improvements and from 3 to 15 years for machinery and equipment,"Depreciation expense is calculated using the straight-line method over the estimated useful lives of the related assets, which range from 20 to 50 years for buildings and improvements and from three to 15 years for machinery and equipment. Capitalized software costs are included within machinery and equipment and are amortized on a straight-line basis over the estimated useful lives of the software, which generally range from three to five years.",3.0,5.0,No,,Not disclosed,,Not disclosed,,0,notes_to_financials,NOTE 1,2,True,3.0-5.0 ans | 3.0-15.0 ans,"score=2,idx=15840,zone=49118",1177,OK,
0000010456,BAX,2020,0000010456_BAX_FY2020_10K.html,,2021-02-28,buildings and improvements and from 3 to 15 years for machinery and equipment,"Depreciation expense is calculated using the straight-line method over the estimated useful lives of the related assets, which range from 20 to 50 years for buildings and improvements and from 3 to 15 years for machinery and equipment. Capitalized software costs are included within machinery and equipment and are amortized on a straight-line basis over the estimated useful lives of the software, which generally range from three to five years.",3.0,5.0,No,,Not disclosed,,Not disclosed,,0,notes_to_financials,NOTE 1,2,True,3.0-5.0 ans | 3.0-15.0 ans,"score=2,idx=11503,zone=15151",928,OK,
0000010456,BAX,2021,0000010456_BAX_FY2021_10K.html,,2022-02-18,buildings and improvements and from 3 to 15 years for machinery and equipment,"Depreciation expense is calculated using the straight-line method over the estimated useful lives of the related assets, which range from 20 to 50 years for buildings and improvements and from 3 to 15 years for machinery and equipment. Capitalized software costs are included within machinery and equipment and are amortized on a straight-line basis over the estimated useful lives of the software, which generally range from three to five years.",3.0,5.0,No,,Not disclosed,,Not disclosed,,0,significant_accounting_policies,NOTE 1,3,True,3.0-5.0 ans | 3.0-15.0 ans,"score=2,idx=10690,zone=14913",996,OK,
0000010456,BAX,2022,0000010456_BAX_FY2022_10K.html,,2023-01-31,buildings and improvements and from 3 to 15 years for machinery and equipment,"Depreciation expense is calculated using the straight-line method over the estimated useful lives of the related assets, which range from 20 to 50 years for buildings and improvements and from 3 to 15 years for machinery and equipment. Capitalized software costs are included within machinery and equipment and are amortized on a straight-line basis over the estimated useful lives of the software, which generally range from three to five years.",3.0,5.0,No,,Not disclosed,,Not disclosed,,0,significant_accounting_policies,NOTE 1,3,True,3.0-5.0 ans | 3.0-15.0 ans,"score=2,idx=10788,zone=15107",990,OK,
0000010456,BAX,2023,0000010456_BAX_FY2023_10K.html,,2024-01-31,buildings and improvements and from 3 to 15 years for machinery and equipment,"Depreciation expense is calculated using the straight-line method over the estimated useful lives of the related assets, which range from 20 to 50 years for buildings and improvements and from 3 to 15 years for machinery and equipment. Capitalized software costs are included within machinery and equipment and are amortized on a straight-line basis over the estimated useful lives of the software, which generally range from three to five years.",3.0,5.0,No,,Not disclosed,,Not disclosed,,0,significant_accounting_policies,NOTE 1,3,True,3.0-5.0 ans | 3.0-15.0 ans,"score=2,idx=12633,zone=16911",1039,OK,
0000010456,BAX,2024,0000010456_BAX_FY2024_10K.html,,2025-12-31,buildings and improvements and from 3 to 15 years for machinery and equipment,"Depreciation expense is calculated using the straight-line method over the estimated useful lives of the related assets, which range from 20 to 50 years for buildings and improvements and from 3 to 15 years for machinery and equipment. Capitalized software costs are included within machinery and equipment and are amortized on a straight-line basis over the estimated useful lives of the software, which generally range from three to five years.",3.0,5.0,No,,Not disclosed,,Not disclosed,,0,significant_accounting_policies,NOTE 1,3,True,3.0-5.0 ans | 3.0-15.0 ans,"score=2,idx=11691,zone=17360",992,OK,
0000010795,BDX,2013,0000010795_BDX_FY2013_10K.html,,"SEPTEMBER 30, 2013",Capitalized software,"Capitalized software, including costs for software developed or obtained for internal use, is stated at cost,
less accumulated amortization. Amortization expense related to capitalized software was $38
million, $36 million and $23 million for 2013, 2012 and 2011, respectively.",10.0,,No,,Not disclosed,,Not disclosed,,0,significant_accounting_policies,Note 1 — Summary of Significant Accounting Policies,3,True,1.0-12.0 ans | 4.0-13.0 ans | 10.0 ans,"score=4,idx=6590,zone=23486",607,OK,
0000010795,BDX,2014,0000010795_BDX_FY2014_10K.html,,"SEPTEMBER 30, 2014",Capitalized software,"Capitalized software, including costs for software developed or obtained for internal use, is stated at cost, less accumulated
amortization. Amortization expense related to capitalized software was $41 million, $38
million and $36 million for 2014, 2013 and 2012, respectively.",10.0,,No,,Not disclosed,,Not disclosed,,0,significant_accounting_policies,Note 1 — Summary of Significant Accounting Policies,3,True,1.0-12.0 ans | 4.0-13.0 ans | 10.0 ans,"score=4,idx=8078,zone=23494",577,OK,
0000010795,BDX,2015,0000010795_BDX_FY2015_10K.html,,"SEPTEMBER 30, 2015",Capitalized software,"Capitalized software, including costs for software developed or obtained for internal use, is stated at cost, less accumulated amortization.",,,No,,Not disclosed,,Not disclosed,,0,significant_accounting_policies,Note 1 — Summary of Significant Accounting Policies,3,False,,"score=4,idx=8829,zone=24792",1038,OK,
0000010795,BDX,2016,0000010795_BDX_FY2016_10K.html,,,Capitalized software,"Capitalized software, including costs for software developed or obtained for internal use, is stated at cost, less accumulated amortization.",,,No,,Not disclosed,,Not disclosed,,0,significant_accounting_policies,Note 1 — Summary of Significant Accounting Policies,3,False,,"score=4,idx=10100,zone=24500",1054,OK,
0000010795,BDX,2017,0000010795_BDX_FY2017_10K.html,,,Not disclosed,Not disclosed,,,No,,Not disclosed,,Not disclosed,,0,unknown,,0,False,,"score=4,idx=11660,zone=25415",982,OK,
0000010795,BDX,2018,0000010795_BDX_FY2018_10K.html,,,Not disclosed,Not disclosed,,,No,,Not disclosed,,Not disclosed,,0,unknown,,0,False,,"score=4,idx=10479,zone=24452",1087,OK,
0000010795,BDX,2019,0000010795_BDX_FY2019_10K.html,,2019-09-30,buildings,"Property, plant and equipment are stated at cost, less accumulated depreciation and amortization. Depreciation and amortization are principally provided on the straight-line basis over estimated useful lives, which range from 20 to 45 years for buildings, four to 13 years for machinery and equipment and one to 20 years for leasehold improvements.",1.0,20.0,No,,Not disclosed,,Not disclosed,,0,significant_accounting_policies,Note 1 — Summary of Significant Accounting Policies,3,True,4.0-13.0 ans | 5.0 ans,"score=4,idx=17194,zone=28542",1122,OK,
0000010795,BDX,2020,0000010795_BDX_FY2020_10K.html,,"September 30, 2020",buildings,"Property, plant and equipment are stated at cost, less accumulated depreciation and amortization. Depreciation and amortization are principally provided on the straight-line basis over estimated useful lives, which range from 20 to 45 years for buildings, four to 13 years for machinery and equipment and one to 20 years for leasehold improvements.",1.0,20.0,No,,Not disclosed,,Not disclosed,B200,1,significant_accounting_policies,Note 1 — Summary of Significant Accounting Policies,3,False,,"score=2,idx=13181,zone=14247",864,OK,
0000010795,BDX,2021,0000010795_BDX_FY2021_10K.html,,2021-10-31,buildings,"Property, plant and equipment are stated at cost, less accumulated depreciation and amortization. Depreciation and amortization are principally provided on the straight-line basis over estimated useful lives, which range from 20 to 45 years for buildings, four to 13 years for machinery and equipment and one to 20 years for leasehold improvements.",1.0,20.0,No,,Not disclosed,,Not disclosed,,0,significant_accounting_policies,Note 1 — Summary of Significant Accounting Policies,3,False,,"score=2,idx=12443,zone=14526",891,OK,
0000010795,BDX,2022,0000010795_BDX_FY2022_10K.html,,2022-09-30,equipment,"Property, plant and equipment are stated at cost, less accumulated depreciation and amortization.",,,No,,Not disclosed,,Not disclosed,,0,significant_accounting_policies,Note 1 — Summary of Significant Accounting Policies,3,False,,"score=2,idx=11942,zone=15034",953,OK,
0000010795,BDX,2023,0000010795_BDX_FY2023_10K.html,,2023-11-30,buildings,"Property, plant and equipment are stated at cost, less accumulated depreciation and amortization. Depreciation and amortization are principally provided on the straight-line basis over estimated useful lives, which range from 20 to 45 years for buildings, four to 13 years for machinery and equipment and one to 20",4.0,13.0,No,,Not disclosed,,Not disclosed,,0,significant_accounting_policies,Note 1 — Summary of Significant Accounting Policies,3,False,,"score=2,idx=11574,zone=14204",899,OK,
0000010795,BDX,2024,0000010795_BDX_FY2024_10K.html,,2024-09-30,buildings,"Property, plant and equipment are stated at cost, less accumulated depreciation and amortization. Depreciation and amortization are principally provided on the straight-line basis over estimated useful lives, which range from 20 to 45 years for buildings, four to 20 years for machinery and equipment and one to 20",20.0,45.0,No,,Not disclosed,,Not disclosed,,0,significant_accounting_policies,Note 1 — Summary of Significant Accounting Policies,3,False,,"score=2,idx=12177,zone=14272",902,OK,
0000012208,BIO,2013,0000012208_BIO_FY2013_10K.html,,,"equipment, which is amortized over a","With the exception of reagent rental equipment, which is amortized over a 1 - 5 year period, equipment and capitalized software is depreciated over 3 - 12 years.",1.0,5.0,No,,Not disclosed,,Not disclosed,,0,significant_accounting_policies,1. SIGNIFICANT ACCOUNTING POLICIES,3,True,1.0-5.0 ans | 3.0-12.0 ans,"score=7,idx=6535,zone=26620",858,OK,
0000012208,BIO,2014,0000012208_BIO_FY2014_10K.html,,,"equipment, which is amortized over a","With the exception of reagent rental equipment, which is amortized over a 1 - 5 year period, equipment and capitalized software is depreciated over 3 - 12 years.",1.0,5.0,No,,Not disclosed,,Not disclosed,,0,significant_accounting_policies,1. SIGNIFICANT ACCOUNTING POLICIES,3,True,1.0-5.0 ans | 3.0-12.0 ans,"score=7,idx=6234,zone=22841",808,OK,
0000012208,BIO,2015,0000012208_BIO_FY2015_10K.html,,,"equipment, which is amortized over a","With the exception of reagent rental equipment, which is amortized over a 1 - 5 year period, equipment and capitalized software is depreciated over 3 - 12 years.",1.0,5.0,No,,Not disclosed,,Not disclosed,,0,significant_accounting_policies,1. SIGNIFICANT ACCOUNTING POLICIES,3,True,1.0-5.0 ans | 3.0-12.0 ans,"score=7,idx=6085,zone=21900",738,OK,
0000012208,BIO,2016,0000012208_BIO_FY2016_10K.html,,2016-12-31,"equipment, capitalized software","Property, plant and equipment are carried at cost, less accumulated depreciation and amortization.",,,No,,Not disclosed,,Not disclosed,,0,significant_accounting_policies,1. SIGNIFICANT ACCOUNTING POLICIES,3,True,1.0-5.0 ans | 3.0-12.0 ans,"score=7,idx=9692,zone=23849",780,OK,
0000012208,BIO,2017,0000012208_BIO_FY2017_10K.html,,2017-12-31,"equipment, capitalized software","Property, plant and equipment are carried at cost, less accumulated depreciation and amortization.",,,No,,Not disclosed,,Not disclosed,,0,significant_accounting_policies,1. SIGNIFICANT ACCOUNTING POLICIES,3,True,1.0-5.0 ans | 3.0-12.0 ans,"score=7,idx=10732,zone=28708",905,OK,
0000012208,BIO,2018,0000012208_BIO_FY2018_10K.html,,2018-12-31,"equipment, capitalized software","Property, plant and equipment are carried at cost, less accumulated depreciation and amortization.",,,Yes,"In August 2018, the FASB issued ASU 2018-15, ""Customer's Accounting for Implementation Costs Incurred in a Cloud Computing Arrangement That Is a Service Contract."" ASU 2018-15 amends the definition of a hosting arrangement and requires a customer in a hosting arrangement that is a service contract to capitalize certain implementation costs as if the arrangement was an internal-use software project. The internal-use software guidance states that only qualifying costs incurred during the application development stage can be capitalized. We will prospectively adopt ASU 2018-15 effective January 1, 2019. We do not expect ASU 2018-15 to have a material impact to our consolidated financial statements.",Not disclosed,,"In August 2018, the FASB issued ASU 2018-15, ""Customer's Accounting for Implementation Costs Incurred in a Cloud Computing Arrangement That Is a Service Contract."" ASU 2018-15 amends the definition of a hosting arrangement and requires a customer in a hosting arrangement that is a service contract to capitalize certain implementation costs as if the arrangement was an internal-use software project. The internal-use software guidance states that only qualifying costs incurred during the application development stage can be capitalized. We will prospectively adopt ASU 2018-15 effective January 1, 2019. We do not expect ASU 2018-15 to have a material impact to our consolidated financial statements.",,0,significant_accounting_policies,1. SIGNIFICANT ACCOUNTING POLICIES,3,True,1.0-5.0 ans | 3.0-12.0 ans,"score=7,idx=10052,zone=26017",923,OK,
0000012208,BIO,2019,0000012208_BIO_FY2019_10K.html,,"December 31, 2019","equipment, capitalized software","Property, plant and equipment are carried at cost, less accumulated depreciation and amortization.",,,Yes,"As of December 31, 2019 , we capitalized $3.1 million of implementation costs for cloud computing arrangements, net of accumulated amortization, primarily for business analytics software.",Not disclosed,,"In August 2018, the FASB issued ASU 2018-15, ""Customer's Accounting for Implementation Costs Incurred in a Cloud Computing Arrangement That Is a Service Contract."" ASU 2018-15 amends the definition of a hosting arrangement and requires a customer in a hosting arrangement that is a service contract to capitalize certain implementation costs as if the arrangement was an internal-use software project. The internal-use software guidance states that only qualifying costs incurred during the application development stage can be capitalized. We prospectively adopted ASU 2018-15 effective January 1, 2019. As of December 31, 2019 , we capitalized $3.1 million of implementation costs for cloud computing arrangements, net of accumulated amortization, primarily for business analytics software. These costs were recorded in Other current assets and Other assets in the Consolidated Balance Sheet. ||| of implementation costs for cloud computing arrangements, net of accumulated amortization, primarily for business analytics software. These costs were recorded in Other current assets and Other assets in the Consolidated Balance Sheet.",,0,significant_accounting_policies,1. SIGNIFICANT ACCOUNTING POLICIES,3,True,1.0-5.0 ans | 3.0-12.0 ans,"score=7,idx=9841,zone=27440",986,OK,
0000012208,BIO,2020,0000012208_BIO_FY2020_10K.html,,2020-12-31,"equipment, capitalized software","Property, plant and equipment are stated at cost, less accumulated depreciation and amortization.",,,No,,Not disclosed,,Not disclosed,,0,significant_accounting_policies,1. SIGNIFICANT ACCOUNTING POLICIES,3,True,1.0-5.0 ans | 3.0-12.0 ans,"score=5,idx=7958,zone=14664",800,OK,
0000012208,BIO,2021,0000012208_BIO_FY2021_10K.html,,2021-12-31,"equipment, capitalized software","Property, plant and equipment are stated at cost, less accumulated depreciation and amortization.",,,No,,Not disclosed,,Not disclosed,,0,significant_accounting_policies,1. SIGNIFICANT ACCOUNTING POLICIES,3,True,1.0-5.0 ans | 3.0-5.0 ans | 3.0-12.0 ans,"score=5,idx=7024,zone=14173",808,OK,
0000012208,BIO,2022,0000012208_BIO_FY2022_10K.html,,2022-12-31,"equipment, capitalized software","Property, plant and equipment are stated at cost, less accumulated depreciation and amortization.",,,No,,Not disclosed,,Not disclosed,,0,significant_accounting_policies,1. SIGNIFICANT ACCOUNTING POLICIES,3,True,1.0-5.0 ans | 3.0-5.0 ans | 3.0-12.0 ans,"score=5,idx=7699,zone=15146",850,OK,
0000012208,BIO,2023,0000012208_BIO_FY2023_10K.html,,2023-12-31,"equipment, capitalized software","Property, plant and equipment are stated at cost, less accumulated depreciation and amortization.",,,No,,Not disclosed,,Not disclosed,,0,significant_accounting_policies,1. SIGNIFICANT ACCOUNTING POLICIES,3,True,1.0-5.0 ans | 3.0-5.0 ans | 3.0-12.0 ans,"score=5,idx=6931,zone=14605",755,OK,
0000012208,BIO,2024,0000012208_BIO_FY2024_10K.html,,2025-12-31,"equipment, capitalized software","Property, plant and equipment are stated at cost, less accumulated depreciation and amortization.",,,No,,Not disclosed,,Not disclosed,,0,significant_accounting_policies,1. SIGNIFICANT ACCOUNTING POLICIES,3,False,,"score=5,idx=6316,zone=13762",737,OK,
0000012659,HRB,2013,0000012659_HRB_FY2013_10K.html,,"April 30, 2014",computers and other equipment,"PROPERTY AND EQUIPMENT – Buildings and equipment are initially recorded at cost and are depreciated over the estimated useful life of the assets using the straight-line method. Estimated useful lives are 15 to 40 years for buildings, three to five years for computers and other equipment, three years for purchased software and up to eight years for leasehold improvements.",3.0,5.0,Not disclosed,,Not disclosed,,Not disclosed,,0,ppe_note,NOTE 22: CONDENSED CONSOLIDATING FINANCIAL STATEMENTS,3,False,,"score=7,idx=19052,zone=39342",1083,ERROR,'<' not supported between instances of 'NoneType' and 'float'
0000012659,HRB,2014,0000012659_HRB_FY2014_10K.html,,"April 30, 2015",computers and other equipment,"PROPERTY AND EQUIPMENT – Buildings and equipment are initially recorded at cost and are depreciated over the estimated useful life of the assets using the straight-line method. Estimated useful lives are 15 to 40 years for buildings, three to five years for computers and other equipment, three years for purchased software and up to eight years for leasehold improvements.",3.0,5.0,Not disclosed,,Not disclosed,,Not disclosed,,0,ppe_note,note 15,3,False,,"score=7,idx=20421,zone=37485",997,ERROR,'<' not supported between instances of 'NoneType' and 'float'
0000012659,HRB,2015,0000012659_HRB_FY2015_10K.html,,"April 30, 2016",computers and other equipment,"PROPERTY AND EQUIPMENT – Buildings and equipment are initially recorded at cost and are depreciated over the estimated useful life of the assets using the straight-line method. Estimated useful lives are 15 to 40 years for buildings, three to five years for computers and other equipment, three years for purchased software and up to eight years for leasehold improvements.",3.0,5.0,Not disclosed,,Not disclosed,,Not disclosed,,0,ppe_note,NOTE 19: CONDENSED CONSOLIDATING FINANCIAL STATEMENTS,3,False,,"score=7,idx=12698,zone=33124",867,ERROR,'<' not supported between instances of 'NoneType' and 'float'
0000012659,HRB,2016,0000012659_HRB_FY2016_10K.html,,"April 30, 2017",computers and other equipment,"PROPERTY AND EQUIPMENT – Buildings and equipment are initially recorded at cost and are depreciated over the estimated useful life of the assets using the straight-line method. Estimated useful lives are 15 to 40 years for buildings, three to five years for computers and other equipment, three years for purchased software and up to eight years for leasehold improvements.",3.0,5.0,Not disclosed,,Not disclosed,,Not disclosed,,0,ppe_note,NOTE 17: CONDENSED CONSOLIDATING FINANCIAL STATEMENTS,3,False,,"score=7,idx=13532,zone=29869",795,ERROR,'<' not supported between instances of 'NoneType' and 'float'
0000012659,HRB,2017,0000012659_HRB_FY2017_10K.html,,"April 30, 2018",computers and other equipment,"PROPERTY AND EQUIPMENT – Buildings and equipment are initially recorded at cost and are depreciated over the estimated useful life of the assets using the straight-line method. Estimated useful lives are generally 15 to 40 years for buildings, two to five years for computers and other equipment, three to five years for purchased software and up to eight years for leasehold improvements.",2.0,5.0,No,,Not disclosed,,Not disclosed,,0,ppe_note,NOTE 15: CONDENSED CONSOLIDATING FINANCIAL STATEMENTS,3,True,2.0-5.0 ans | 3.0-5.0 ans | 8.0 ans,"score=7,idx=12561,zone=29236",796,OK,
0000012659,HRB,2018,0000012659_HRB_FY2018_10K.html,,"April 30, 2019",computers and other equipment,"PROPERTY AND EQUIPMENT – Buildings and equipment are initially recorded at cost and are depreciated over the estimated useful life of the assets using the straight-line method. Estimated useful lives are generally 15 to 40 years for buildings, two to five years for computers and other equipment, three to five years for purchased software and up to eight years for leasehold improvements.",2.0,5.0,No,,Not disclosed,,Not disclosed,,0,ppe_note,NOTE 15: CONDENSED CONSOLIDATING FINANCIAL STATEMENTS,3,True,2.0-5.0 ans | 3.0-5.0 ans | 8.0 ans,"score=7,idx=10208,zone=25834",790,OK,
0000012659,HRB,2019,0000012659_HRB_FY2019_10K.html,,"April 30, 2020",computers and other equipment,"PROPERTY AND EQUIPMENT – Buildings and equipment are initially recorded at cost and are depreciated over the estimated useful life of the assets using the straight-line method. Estimated useful lives are generally 15 to 40 years for buildings, two to five years for computers and other equipment, three to five years for purchased software and up to eight years for leasehold improvements.",2.0,5.0,No,,Not disclosed,,Not disclosed,,0,significant_accounting_policies,NOTE 1: SUMMARY OF SIGNIFICANT ACCOUNTING POLICIES,3,True,2.0-5.0 ans | 3.0-5.0 ans | 8.0 ans,"score=7,idx=13228,zone=18498",826,OK,
0000012659,HRB,2021,0000012659_HRB_FY2021_10K.html,,2021-04-30,computers and other equipment,"PROPERTY AND EQUIPMENT – Buildings and equipment are initially recorded at cost and are depreciated over the estimated useful life of the assets using the straight-line method. Estimated useful lives are generally 15 to 40 years for buildings, two to five years for computers and other equipment, three to five years for purchased software and up to eight years for leasehold improvements.",2.0,5.0,No,,Not disclosed,,Not disclosed,,0,significant_accounting_policies,note 4,3,True,2.0-5.0 ans | 3.0-5.0 ans | 8.0 ans,"score=5,idx=7798,zone=9281",637,OK,
0000012659,HRB,2022,0000012659_HRB_FY2022_10K.html,,2022-06-30,computers and other equipment,"PROPERTY AND EQUIPMENT – Buildings, equipment and leasehold improvements are initially recorded at cost and are depreciated over the estimated useful life of the assets using the straight-line method. Estimated useful lives are generally 15 to 40 years for buildings, two to five years for computers and other equipment, three to five years for purchased software and up to eight years for leasehold improvements.",2.0,5.0,No,,Not disclosed,,Not disclosed,,0,significant_accounting_policies,note 4,3,True,2.0-5.0 ans | 3.0-5.0 ans | 8.0 ans,"score=5,idx=10848,zone=11743",627,OK,
0000012659,HRB,2023,0000012659_HRB_FY2023_10K.html,,2023-06-30,computers and other equipment,"PROPERTY AND EQUIPMENT – Buildings, equipment and leasehold improvements are initially recorded at cost and are depreciated over the estimated useful life of the assets using the straight-line method. Estimated useful lives are generally 15 to 40 years for buildings, two to five years for computers and other equipment, three to five years for purchased software and up to eight years for leasehold improvements.",2.0,5.0,No,,Not disclosed,,Not disclosed,,0,significant_accounting_policies,note 4,3,True,2.0-5.0 ans | 3.0-5.0 ans | 8.0 ans,"score=5,idx=7433,zone=10586",585,OK,
0000012659,HRB,2024,0000012659_HRB_FY2024_10K.html,,2024-06-30,"computers and other equipment, three to five","PROPERTY AND EQUIPMENT – Buildings, equipment and leasehold improvements are initially recorded at cost and are depreciated over the estimated useful life of the assets using the straight-line method. Estimated useful lives are generally 15 to 40 years for buildings, two to five years for computers and other equipment, three to five",2.0,5.0,No,,Not disclosed,,Not disclosed,,0,significant_accounting_policies,note 4,3,False,,"score=5,idx=6483,zone=8990",580,OK,
0000012927,BA,2013,0000012927_BA_FY2013_10K.html,,,machinery and equipment,"The principal methods of depreciation are as follows: buildings and land improvements, 150% declining balance; and machinery and equipment, sum-of-the-years’ digits. Capitalized internal use software is included in Other assets and amortized using the straight line method over",,,Yes,"For operating leases, revenue on leased aircraft and equipment is recorded on a straight-line basis over the term of the lease.",Not disclosed,,Not disclosed,,0,ppe_note,Note 23 - Subsequent Event,3,False,,"score=4,idx=14248,zone=31354",1242,OK,
0000012927,BA,2014,0000012927_BA_FY2014_10K.html,,,machinery and equipment,"The principal methods of depreciation are as follows: buildings and land improvements, 150% declining balance; and machinery and equipment, sum-of-the-years’ digits. Capitalized internal use software is included in Other assets and amortized using the straight line method over",,,Yes,"For operating leases, revenue on leased aircraft and equipment is recorded on a straight-line basis over the term of the lease.",Not disclosed,,Not disclosed,,0,ppe_note,Note 22 - Quarterly Financial Data,3,False,,"score=4,idx=14593,zone=31267",1276,OK,
0000012927,BA,2015,0000012927_BA_FY2015_10K.html,,,machinery and equipment,"The principal methods of depreciation are as follows: buildings and land improvements, 150% declining balance; and machinery and equipment, sum-of-the-years’ digits. Capitalized internal use software is included in Other assets and amortized using the straight line method over",,,Yes,"For operating leases, revenue on leased aircraft and equipment is recorded on a straight-line basis over the term of the lease.",Not disclosed,,Not disclosed,,0,ppe_note,Note 22 - Quarterly Financial Data,3,False,,"score=4,idx=14714,zone=30493",1269,OK,
0000012927,BA,2016,0000012927_BA_FY2016_10K.html,,,machinery and equipment,"The principal methods of depreciation are as follows: buildings and land improvements, 150% declining balance; and machinery and equipment, sum-of-the-years’ digits. Capitalized internal use software is included in Other assets and amortized using the straight line method over",,,Yes,"For operating leases, revenue on leased aircraft and equipment is recorded on a straight-line basis over the term of the lease.",Not disclosed,,Not disclosed,,0,ppe_note,Note 22 - Quarterly Financial Data,3,False,,"score=4,idx=15176,zone=30354",1229,OK,
0000012927,BA,2017,0000012927_BA_FY2017_10K.html,,,machinery and equipment,"The principal methods of depreciation are as follows: buildings and land improvements, 150% declining balance; and machinery and equipment, sum-of-the-years’ digits. Capitalized internal use software is included in Other assets and amortized using the straight line method over",,,Yes,"For operating leases, revenue on leased aircraft and equipment is recorded on a straight-line basis over the term of the lease.",Not disclosed,,Not disclosed,,0,ppe_note,Note 22 - Quarterly Financial Data,3,False,,"score=4,idx=13250,zone=30891",1206,OK,
0000012927,BA,2018,0000012927_BA_FY2018_10K.html,,2018-12-31,software is included in Other assets and amortized using the straight line method over,"Property, plant and equipment are recorded at cost, including applicable construction-period interest, less accumulated depreciation and are depreciated principally over the following estimated useful lives: new buildings and land improvements, from 10 to 40 years; and new machinery and equipment, from 4 to 20 years. The principal methods of depreciation are as follows: buildings and land improvements, 150% declining balance; and machinery and equipment, sum-of-the-years’ digits. Capitalized internal use software is included in Other assets and amortized using the straight line method over 5 years. Capitalized software as a service is included in Other assets and amortized using the straight line method over the term of the hosting arrangement which is typically no greater than 5 years.",4.0,20.0,Yes,"For operating leases, revenue on leased aircraft and equipment is recorded on a straight-line basis over the term of the lease.",Not disclosed,,Not disclosed,,0,ppe_note,Note 24 - Quarterly Financial Data,3,False,,"score=4,idx=19346,zone=40237",1285,OK,
0000012927,BA,2019,0000012927_BA_FY2019_10K.html,,2019-12-31,software is included in Other assets and amortized using the straight line method over,Capitalized internal use software is included in Other assets and amortized using the straight line method over 5 years. Capitalized software as a service is included in Other assets and amortized using the straight line method over the term of the hosting arrangement which is typically no greater than 10 years.,5.0,,Yes,"For operating leases, revenue on leased aircraft and equipment is recorded on a straight-line basis over the term of the lease.",Not disclosed,,Not disclosed,,0,significant_accounting_policies,Note 1 – Summary of Significant Accounting Policies,3,True,5.0 ans | 10.0 ans,"score=4,idx=19776,zone=35061",1346,OK,
0000012927,BA,2020,0000012927_BA_FY2020_10K.html,,2020-12-31,software is included in Other assets and amortized using the straight line method over,"Property, plant and equipment are recorded at cost, including applicable construction-period interest, less accumulated depreciation and are depreciated principally over the following estimated useful lives: new buildings and land improvements, from 10 to 40 years; and new machinery and equipment, from 4 to 20 years. The principal methods of depreciation are as follows: buildings and land improvements, 150% declining balance; and machinery and equipment, sum-of-the-years’ digits. Capitalized internal use software is included in Other assets and amortized using the straight line method over 5 years. Capitalized software as a service is included in Other assets and amortized using the straight line method over the term of the hosting arrangement which is typically no greater than 10 years.",4.0,20.0,Yes,"For operating leases, revenue on leased aircraft and equipment is recorded on a straight-line basis over the term of the lease.",Not disclosed,,Not disclosed,A100,1,significant_accounting_policies,Note 1 – Summary of Significant Accounting Policies,3,True,5.0 ans | 10.0 ans,"score=2,idx=13826,zone=16645",1103,OK,
0000012927,BA,2021,0000012927_BA_FY2021_10K.html,,2021-12-31,software is included in Other assets and amortized using the straight line method over,"Property, plant and equipment are recorded at cost, including applicable construction-period interest, less accumulated depreciation and are depreciated principally over the following estimated useful lives: new buildings and land improvements, from 10 to 40 years; and new machinery and equipment, from 4 to 20 years. The principal methods of depreciation are as follows: buildings and land improvements, 150% declining balance; and machinery and equipment, sum-of-the-years’ digits. Capitalized internal use software is included in Other assets and amortized using the straight line method over 5 years. Capitalized software as a service is included in Other assets and amortized using the straight line method over the term of the hosting arrangement, which is typically no greater than 10 years.",4.0,20.0,Yes,"For operating leases, revenue on leased aircraft and equipment is recorded on a straight-line basis over the term of the lease.",Not disclosed,,Not disclosed,,0,significant_accounting_policies,Note 1 – Summary of Significant Accounting Policies,3,True,5.0 ans | 10.0 ans,"score=2,idx=12650,zone=16311",1052,OK,
0000012927,BA,2022,0000012927_BA_FY2022_10K.html,,2022-12-31,software is included in Other assets and amortized using the straight line method over,"Property, plant and equipment are recorded at cost, including applicable construction-period interest, less accumulated depreciation and are depreciated principally over the following estimated useful lives: new buildings and land improvements, from 10 to 40 years; and new machinery and equipment, from 4 to 20 years. The principal methods of depreciation are as follows: buildings and land improvements, 150% declining balance; and machinery and equipment, sum-of-the-years’ digits. Capitalized internal use software is included in Other assets and amortized using the straight line method over 5 years. Capitalized software as a service is included in Other assets and amortized using the straight line method over the term of the hosting arrangement, which is typically no greater than 10 years.",4.0,20.0,Yes,"For operating leases, revenue on leased aircraft and equipment is recorded on a straight-line basis over the term of the lease.",Not disclosed,,Not disclosed,,0,significant_accounting_policies,Note 1 – Summary of Significant Accounting Policies,3,True,5.0 ans | 10.0 ans,"score=2,idx=12639,zone=16173",997,OK,
0000012927,BA,2023,0000012927_BA_FY2023_10K.html,,2023-12-31,"software is included in Other assets, net and amortized using the straight line method over","Property, plant and equipment are recorded at cost, including applicable construction-period interest, less accumulated depreciation and are depreciated principally over the following estimated useful lives: new buildings and land improvements, from 10 to 40 years; and new machinery and equipment, from 4 to 20 years. The principal methods of depreciation are as follows: buildings and land improvements, 150% declining balance; and machinery and equipment, sum-of-the-years’ digits. Capitalized internal use software is included in Other assets, net and amortized using the straight line method over 5 years. Capitalized costs of software purchased as a service are included in Other assets, net and amortized using the straight line method over the term of the hosting arrangement, which is typically no greater than 10 years.",4.0,20.0,Yes,"For operating leases, revenue on leased aircraft and equipment is recorded on a straight-line basis over the term of the lease. Operating lease assets, included in Financing receivables and operating lease equipment, net, are recorded at cost and depreciated to an estimated residual value using the straight-line method over the period that we project we will hold the asset.",Not disclosed,,Not disclosed,,0,significant_accounting_policies,Note 1 – Summary of Significant Accounting Policies,3,True,5.0 ans | 10.0 ans,"score=2,idx=11585,zone=15647",974,OK,
0000012927,BA,2024,0000012927_BA_FY2024_10K.html,,2027-10-15,"software is included in Other assets, net and amortized using the straight line method over","Property, plant and equipment are recorded at cost, including applicable construction-period interest, less accumulated depreciation and are depreciated principally over the following estimated useful lives: new buildings and land improvements, from 10 to 40 years; and new machinery and equipment, from 4 to 20 years. The principal method of depreciation for buildings and land improvements is 150% declining balance and for machinery and equipment is sum-of-the-years’ digits. Capitalized internal use software is included in Other assets, net and amortized using the straight line method over 5 years. Capitalized costs of software purchased as a service are included in Other assets, net and amortized using the straight line method over the term of the hosting arrangement, which is typically no greater than 10 years.",4.0,20.0,Yes,"For operating leases, revenue on leased aircraft and equipment is recorded on a straight-line basis over the term of the lease. Operating lease assets, included in Financing receivables and operating lease equipment, net, are recorded at cost and depreciated to an estimated residual value using the straight-line method over the period that we project we will hold the asset.",Not disclosed,,Not disclosed,,0,significant_accounting_policies,Note 1 – Summary of Significant Accounting Policies,3,True,5.0 ans | 10.0 ans,"score=2,idx=12168,zone=16790",1084,OK,
0000109563,AIT,2013,0000109563_AIT_FY2013_10K.html,,"June 30, 2013",Not disclosed,Not disclosed,,,No,,Not disclosed,,Not disclosed,,0,unknown,,0,False,,"score=5,idx=2273,zone=124",14,OK,
0000109563,AIT,2014,0000109563_AIT_FY2014_10K.html,,"June 30, 2014","software, generally not to exceed","Buildings, building improvements and leasehold improvements are depreciated over ten to thirty years or the life of the lease if a shorter period, and equipment is depreciated over three to ten years. Amortization of software begins when it is ready for its intended use, and is computed on a straight-line basis over the estimated useful life of the software, generally not to exceed twelve years.",3.0,10.0,No,,Not disclosed,,Not disclosed,,0,notes_to_financials,NOTE 1: BUSINESS AND ACCOUNTING POLICIES,2,True,3.0-10.0 ans | 12.0 ans,"score=5,idx=6742,zone=18607",625,OK,
0000109563,AIT,2015,0000109563_AIT_FY2015_10K.html,,"June 30, 2015","software, generally not to exceed","Buildings, building improvements and leasehold improvements are depreciated over ten to thirty years or the life of the lease if a shorter period, and equipment is depreciated over three to ten years. Amortization of software begins when it is ready for its intended use, and is computed on a straight-line basis over the estimated useful life of the software, generally not to exceed twelve years.",3.0,10.0,No,,Not disclosed,,Not disclosed,,0,notes_to_financials,NOTE 1: BUSINESS AND ACCOUNTING POLICIES,2,True,3.0-10.0 ans | 12.0 ans,"score=5,idx=6790,zone=18788",642,OK,
0000109563,AIT,2016,0000109563_AIT_FY2016_10K.html,,"June 30, 2016","software, generally not to exceed","Buildings, building improvements and leasehold improvements are depreciated over ten to thirty years or the life of the lease if a shorter period, and equipment is depreciated over three to ten years. Amortization of software begins when it is ready for its intended use, and is computed on a straight-line basis over the estimated useful life of the software, generally not to exceed twelve years.",3.0,10.0,No,,Not disclosed,,Not disclosed,,0,notes_to_financials,NOTE 1: BUSINESS AND ACCOUNTING POLICIES,2,True,3.0-10.0 ans | 12.0 ans,"score=5,idx=7198,zone=18947",662,OK,
0000109563,AIT,2017,0000109563_AIT_FY2017_10K.html,,"June 30, 2017","software, generally not to exceed","Buildings, building improvements and leasehold improvements are depreciated over ten to thirty years or the life of the lease if a shorter period, and equipment is depreciated over three to ten years. Amortization of software begins when it is ready for its intended use, and is computed on a straight-line basis over the estimated useful life of the software, generally not to exceed twelve years.",3.0,10.0,No,,Not disclosed,,Not disclosed,,0,notes_to_financials,NOTE 1: BUSINESS AND ACCOUNTING POLICIES,2,True,3.0-10.0 ans | 12.0 ans,"score=5,idx=7221,zone=18476",661,OK,
0000109563,AIT,2018,0000109563_AIT_FY2018_10K.html,,"June 30, 2018","software, generally not to exceed","Buildings, building improvements and leasehold improvements are depreciated over ten to thirty years or the life of the lease if a shorter period, and equipment is depreciated over three to ten years. Amortization of software begins when it is ready for its intended use, and is computed on a straight-line basis over the estimated useful life of the software, generally not to exceed twelve years.",3.0,10.0,No,,Not disclosed,,Not disclosed,,0,notes_to_financials,NOTE 1: BUSINESS AND ACCOUNTING POLICIES,2,True,3.0-10.0 ans | 12.0 ans,"score=5,idx=8607,zone=18994",693,OK,
0000109563,AIT,2019,0000109563_AIT_FY2019_10K.html,,"June 30, 2019","software, generally not to exceed","Buildings, building improvements and leasehold improvements are depreciated over ten to thirty years or the life of the lease if a shorter period, and equipment is depreciated over three to ten years. Amortization of software begins when it is ready for its intended use, and is computed on a straight-line basis over the estimated useful life of the software, generally not to exceed twelve years.",3.0,10.0,No,,Not disclosed,,"In August 2018, the FASB issued its final standard on the accounting for implementation costs incurred in a cloud computing arrangement that is a service contract. This standard, issued as ASU 2018-15, aligns the requirements for capitalizing implementation costs incurred in a hosting arrangement that is a service contract with the requirements",,0,notes_to_financials,NOTE 1: BUSINESS AND ACCOUNTING POLICIES,2,True,3.0-10.0 ans | 12.0 ans,"score=5,idx=6716,zone=21104",743,OK,
0000109563,AIT,2020,0000109563_AIT_FY2020_10K.html,,"June 30, 2020","software, generally not to exceed","Buildings, building improvements and leasehold improvements are depreciated over ten to thirty years or the life of the lease if a shorter period, and equipment is depreciated over three to ten years. Amortization of software begins when it is ready for its intended use, and is computed on a straight-line basis over the estimated useful life of the software, generally not to exceed twelve years.",3.0,10.0,No,,Not disclosed,,Not disclosed,,0,notes_to_financials,NOTE 1: BUSINESS AND ACCOUNTING POLICIES,2,True,3.0-10.0 ans | 12.0 ans,"score=5,idx=10453,zone=20236",702,OK,
0000109563,AIT,2021,0000109563_AIT_FY2021_10K.html,,"JUNE 30, 2021","software, generally not to exceed","Buildings, building improvements and leasehold improvements are depreciated over ten to thirty years or the life of the lease if a shorter period, and equipment is depreciated over three to ten years. Amortization of software begins when it is ready for its intended use, and is computed on a straight-line basis over the estimated useful life of the software, generally not to exceed twelve years.",3.0,10.0,No,,Not disclosed,,Not disclosed,B200,1,notes_to_financials,NOTE 1: BUSINESS AND ACCOUNTING POLICIES,2,True,3.0-10.0 ans | 12.0 ans,"score=5,idx=7377,zone=9616",488,OK,
0000109563,AIT,2022,0000109563_AIT_FY2022_10K.html,,"JUNE 30, 2022","software, generally not to exceed","Buildings, building improvements and leasehold improvements are depreciated over ten to thirty years or the life of the lease if a shorter period, and equipment is depreciated over three to ten years. Amortization of software begins when it is ready for its intended use, and is computed on a straight-line basis over the estimated useful life of the software, generally not to exceed twelve years.",3.0,10.0,No,,Not disclosed,,Not disclosed,,0,notes_to_financials,NOTE 1: BUSINESS AND ACCOUNTING POLICIES,2,True,3.0-10.0 ans | 12.0 ans,"score=5,idx=7307,zone=9562",484,OK,
0000109563,AIT,2023,0000109563_AIT_FY2023_10K.html,,"JUNE 30, 2023","software, generally not to exceed","Buildings, building improvements and leasehold improvements are depreciated over ten to thirty years or the life of the lease if a shorter period, and equipment is depreciated over three to ten years. Amortization of software begins when it is ready for its intended use, and is computed on a straight-line basis over the estimated useful life of the software, generally not to exceed twelve years.",3.0,10.0,No,,Not disclosed,,Not disclosed,,0,notes_to_financials,NOTE 1: BUSINESS AND ACCOUNTING POLICIES,2,True,3.0-10.0 ans | 12.0 ans,"score=5,idx=7236,zone=9412",478,OK,
0000109563,AIT,2024,0000109563_AIT_FY2024_10K.html,,"JUNE 30, 2024","software, generally not to exceed","Buildings, building improvements and leasehold improvements are depreciated over ten to thirty years or the life of the lease if a shorter period, and equipment is depreciated over three to ten years. Amortization of software begins when it is ready for its intended use, and is computed on a straight-line basis over the estimated useful life of the software, generally not to exceed twelve years.",3.0,10.0,No,,Not disclosed,,Not disclosed,,0,notes_to_financials,NOTE 1: BUSINESS AND ACCOUNTING POLICIES,2,True,3.0-10.0 ans | 12.0 ans,"score=5,idx=6590,zone=9326",496,OK,
0000314808,VAL,2013,0000314808_VAL_FY2013_10K.html,,"December 31, 2013",equipment,"Other equipment, including computer and communications hardware and software costs, is depreciated over estimated useful lives ranging from",,,Yes,"The pro forma results include, among others, (i) the amortization associated with the acquired intangible assets and liabilities; (ii) interest expense associated with debt used to fund a portion of the Merger; and (iii) the impact of certain fair value adjustments such as additional depreciation expense for adjustments to property and equipment and reductions to interest expense for adjustments to debt.",Not disclosed,,Not disclosed,,0,significant_accounting_policies,1. DESCRIPTION OF THE BUSINESS AND SUMMARY OF SIGNIFICANT ACCOUNTING POLICIES,3,False,,"fallback,idx=17491,zone=37012",996,OK,
0000314808,VAL,2014,0000314808_VAL_FY2014_10K.html,,"December 31, 2014",equipment,"Other equipment, including computer and communications hardware and software costs, is depreciated over estimated useful lives ranging from",,,Unclear,"-year measurement period based on attainment of performance goals. Our performance awards granted prior to 2013 are classified as liability awards with compensation expense measured based on the estimated probability of attainment of the specified performance goals and recognized on a straight-line basis over the requisite service period. The estimated probable outcome of attainment of the specified performance goals is based on historical experience, and any subsequent changes in this estimate are recognized as a cumulative adjustment to compensation cost in the period in which the change in estimate occurs.",Not disclosed,,Not disclosed,,0,significant_accounting_policies,1. DESCRIPTION OF THE BUSINESS AND SUMMARY OF SIGNIFICANT ACCOUNTING POLICIES,3,False,,"fallback,idx=18460,zone=37378",1097,OK,
0000314808,VAL,2015,0000314808_VAL_FY2015_10K.html,,"December 31, 2015",equipment,"Other equipment, including computer and communications hardware and software costs, is depreciated over estimated useful lives ranging from",,,Yes,"On December 31, 2015, we evaluated our current judgments and assumptions used in determining the useful lives of our drilling rigs. We considered both historical experience and expectations of future operations, utilization and performance of our assets based on recent changes in the current market environment. As a result, we reduced the useful lives of certain floaters and jackups effective January 1, 2016. We estimate this reduction in useful lives will increase depreciation expense by approximately",Not disclosed,,Not disclosed,,0,significant_accounting_policies,1. DESCRIPTION OF THE BUSINESS AND SUMMARY OF SIGNIFICANT ACCOUNTING POLICIES,3,False,,"fallback,idx=19122,zone=36932",1133,OK,
0000314808,VAL,2016,0000314808_VAL_FY2016_10K.html,,"December 31, 2016",equipment,"Other equipment, including computer and communications hardware and software costs, is depreciated over estimated useful lives ranging from",,,Yes,"On December 31, 2015, we evaluated our current judgments and assumptions used in determining the useful lives of our drilling rigs. We considered both historical experience and expectations of future operations, utilization and performance of our assets based on recent changes in the current market environment. As a result, we reduced the useful lives of certain floaters and jackups effective January 1, 2016. This reduction in useful lives increased depreciation expense by approximately",Not disclosed,,Not disclosed,,0,significant_accounting_policies,1. DESCRIPTION OF THE BUSINESS AND SUMMARY OF SIGNIFICANT ACCOUNTING POLICIES,3,False,,"fallback,idx=20716,zone=36566",1137,OK,
0000314808,VAL,2017,0000314808_VAL_FY2017_10K.html,,"December 31, 2017",equipment,"Other equipment, including computer and communications hardware and software costs, is depreciated over estimated useful lives ranging from",,,Yes,"The pro forma results include, among others, (i) the amortization associated with acquired intangible assets and liabilities, (ii) a reduction in depreciation expense for adjustments to property and equipment and (iii) a reduction to interest expense resulting from the retirement of Atwood's revolving credit facility and 6.50% senior notes due 2020.",Not disclosed,,Not disclosed,,0,significant_accounting_policies,1. DESCRIPTION OF THE BUSINESS AND SUMMARY OF SIGNIFICANT ACCOUNTING POLICIES,3,False,,"fallback,idx=21695,zone=37780",1243,OK,
0000314808,VAL,2018,0000314808_VAL_FY2018_10K.html,,"December 31, 2018",equipment,"Other equipment, including computer and communications hardware and software costs, is depreciated over estimated useful lives ranging from",,,Yes,"The pro forma results include, among others, (i) the amortization associated with acquired intangible assets and liabilities, (ii) a reduction in depreciation expense for adjustments to property and equipment and (iii) a reduction to interest expense resulting from the retirement of Atwood's revolving credit facility and 6.50% senior notes due 2020.",Not disclosed,,"In August 2018, the Financial Accounting Standards Board (the ""FASB"") issued Update 2018-15, Intangibles—Goodwill and Other—Internal-Use Software (Subtopic 350-40): Customer’s Accounting for Implementation Costs Incurred in a Cloud Computing Arrangement That is a Service Contract (""Update 2018-15""), which aligns the requirements for capitalizing implementation costs incurred in a hosting arrangement that is a service contract with the requirements for capitalizing implementation costs incurred to develop or obtain internal-use software (and hosting arrangements that included an internal-use software license). This update is effective for fiscal years beginning after December 15, 2020 and interim periods within those fiscal years, with early adoption permitted. We elected to early-adopt Update 2018-15 effective October 1, 2018. As a result of adopting Update 2018-15, we began deferring and amortizing certain costs incurred to implement cloud computing arrangements that would have been recognized as incurred under previous guidance. We do not expect our adoption of Update 2018-15 to have a material impact on our financial position or results of operations in future periods.",A100,1,significant_accounting_policies,1. DESCRIPTION OF THE BUSINESS AND SUMMARY OF SIGNIFICANT ACCOUNTING POLICIES,3,False,,"fallback,idx=20390,zone=37327",1197,OK,
0000314808,VAL,2019,0000314808_VAL_FY2019_10K.html,,2021-12-31,equipment,"Our property and equipment is depreciated on a straight-line basis, after allowing for salvage values, over the estimated useful lives of our assets. Drilling rigs and related equipment are depreciated over estimated useful lives ranging from four to 35 years . Other equipment, including computer and communications hardware and software costs, is depreciated over estimated useful lives ranging from three to six years .",4.0,35.0,Yes,"The pro forma results include, among others, (1) the amortization associated with acquired intangible assets and liabilities, (2) a reduction in depreciation expense for adjustments to property and equipment, (3) the amortization of premiums and discounts recorded on Rowan's debt, (4) removal of the historical amortization of unrealized gains and losses related to Rowan's pension plans and (5) the amortization of basis differences in assets and liabilities of ARO.",Not disclosed,,Not disclosed,,0,significant_accounting_policies,1. DESCRIPTION OF THE BUSINESS AND SUMMARY OF SIGNIFICANT ACCOUNTING POLICIES,3,False,,"fallback,idx=27811,zone=46311",1519,OK,
0000314808,VAL,2020,0000314808_VAL_FY2020_10K.html,,2022-12-31,equipment,"Our property and equipment is depreciated on a straight-line basis, after allowing for salvage values, over the estimated useful lives of our assets. Drilling rigs and related equipment are depreciated over estimated useful lives ranging from four to 35 years. Other equipment, including computer and communications hardware and software costs, is depreciated over estimated useful lives ranging from three to 6 years.",4.0,35.0,Yes,"The pro forma results include, among others, (1) the amortization associated with acquired intangible assets and liabilities, (2) a reduction in depreciation expense for adjustments to property and equipment, (3) the amortization of premiums and discounts recorded on Rowan's debt, (iv) removal of the historical amortization of unrealized gains and losses related to Rowan's pension plans and (v) the amortization of basis differences in assets and liabilities of ARO.",Not disclosed,,Not disclosed,,0,significant_accounting_policies,Note 2,3,False,,"fallback,idx=18586,zone=17049",1111,OK,
0000314808,VAL,2021,0000314808_VAL_FY2021_10K.html,,2021-12-31,equipment,"Our property and equipment is depreciated on a straight-line basis, after allowing for salvage values, over the estimated useful lives of our assets. Drilling rigs and related equipment are depreciated over estimated useful lives ranging from five to 35 years. Other equipment, including computer and communications hardware and software, is depreciated over estimated useful lives ranging from two to six years.",5.0,35.0,Yes,"The pro forma results include, among others, (1) the amortization associated with acquired intangible assets and liabilities, (2) a reduction in depreciation expense for adjustments to property and equipment, (3) the amortization of premiums and discounts recorded on Rowan's debt, (iv) removal of the historical amortization of unrealized gains and losses related to Rowan's pension plans and (v) the amortization of basis differences in assets and liabilities of ARO.",Not disclosed,,Not disclosed,,0,significant_accounting_policies,Note 3,3,False,,"fallback,idx=17850,zone=20888",1208,OK,
0000314808,VAL,2022,0000314808_VAL_FY2022_10K.html,,2023-06-30,equipment,"Our property and equipment is depreciated on a straight-line basis, after allowing for salvage values, over the estimated useful lives of our assets. Drilling rigs and related equipment are depreciated over estimated useful lives ranging from five to 35 years. Other equipment, including computer and communications hardware and software, is depreciated over estimated useful lives ranging from two to six years.",5.0,35.0,No,,Not disclosed,,Not disclosed,B200,1,significant_accounting_policies,Note 3,3,False,,"fallback,idx=15746,zone=20367",1063,OK,
0000314808,VAL,2023,0000314808_VAL_FY2023_10K.html,,2024-02-29,equipment,"Our property and equipment is depreciated on a straight-line basis, after allowing for salvage values, over the estimated useful lives of our assets. Drilling rigs and related equipment are depreciated over estimated useful lives ranging from five to 35 years. Other equipment, including computer and communications hardware and software, is depreciated over estimated useful lives ranging from two to six years.",5.0,35.0,No,,Not disclosed,,Not disclosed,,0,significant_accounting_policies,Note 3,3,False,,"fallback,idx=14459,zone=18569",955,OK,
0000314808,VAL,2024,0000314808_VAL_FY2024_10K.html,,2026-12-31,equipment,"Our property and equipment is depreciated on a straight-line basis, after allowing for salvage values, over the estimated useful lives of our assets. Drilling rigs and related equipment are depreciated over estimated useful lives ranging from three to 35 years. Other equipment, including computer and communications hardware and software, is depreciated over estimated useful lives ranging from two to six years.",3.0,35.0,No,,Not disclosed,,Not disclosed,,0,significant_accounting_policies,Note 13,3,False,,"fallback,idx=13217,zone=14167",711,OK,
0000315213,RHI,2013,0000315213_RHI_FY2013_10K.html,,"December 31, 2013",Not disclosed,Not disclosed,,,No,,Not disclosed,,Not disclosed,,0,unknown,,0,False,,"score=4,idx=3801,zone=12000",289,OK,
0000315213,RHI,2014,0000315213_RHI_FY2014_10K.html,,"December 31, 2014","Computer hardware, Computer software, Furniture, equipment","December 31, 2014 2013 Computer hardware $ 159,309 $ 148,541 Computer software 312,968 288,532 Furniture and equipment 105,262 111,426 Leasehold improvements 113,782 118,868 Other 9,045 11,488 Property and equipment, cost 700,366 678,855 Accumulated depreciation (578,612 ) (566,211 ) Property and equipment, net $ 121,754 $ 112,644",,,No,,Not disclosed,,Not disclosed,,0,item_8_other,,1,False,,"score=4,idx=6152,zone=13457",487,OK,
0000315213,RHI,2015,0000315213_RHI_FY2015_10K.html,,"December 31, 2015","Computer hardware, Computer software, Furniture, equipment","December 31, 2015 2014 Computer hardware $ 162,346 $ 159,309 Computer software 339,634 312,968 Furniture and equipment 96,536 105,262 Leasehold improvements 118,491 113,782 Other 9,560 9,045 Property and equipment, cost 726,567 700,366 Accumulated depreciation (583,661 ) (578,612 ) Property and equipment, net $ 142,906 $ 121,754",,,No,,Not disclosed,,"Customer's Accounting for Fees Paid in a Cloud Computing Arrangement ||| . In April 2015, the FASB issued authoritative guidance designed to assist customers in their determination of whether a cloud computing arrangement includes a software license. If a cloud computing arrangement includes a software license, then the customer should account for the software license element of the arrangement consistent with the acquisition of other software licenses. If a cloud computing arrangement does not include a software license, the customer should account for the arrangement as a service contract. The guidance will not change GAAP for a customer’s accounting for service contracts. This guidance is effective for annual and interim periods beginning after December 15, 2015. The Company does not expect the adoption of this guidance to have a material impact to its Financial Statements. ||| Customer's Accounting for Fees Paid in a Cloud Computing Arrangement . In April 2015, the FASB issued authoritative guidance designed to assist customers in their determination of whether a cloud computing arrangement includes a software license. If a cloud computing arrangement includes a software license, then the customer should account for the software license element of the arrangement consistent with the acquisition of other software licenses. If a cloud computing arrangement does not include a software license, the customer should account for the arrangement as a service contract. The guidance will not change GAAP for a customer’s accounting for service contracts. This guidance is effective for annual and interim periods beginning after December 15, 2015. The Company does not expect the adoption of this guidance to have a material impact to its Financial Statements.",,0,item_8_other,,1,False,,"score=4,idx=6128,zone=13435",489,OK,
0000315213,RHI,2016,0000315213_RHI_FY2016_10K.html,,"December 31, 2016","Computer hardware, Computer software, Furniture, equipment","December 31, 2016 2015 Computer hardware $ 170,746 $ 162,346 Computer software 374,490 339,634 Furniture and equipment 100,472 96,536 Leasehold improvements 133,541 118,491 Other 9,993 9,560 Property and equipment, cost 789,242 726,567 Accumulated depreciation (627,733 ) (583,661 ) Property and equipment, net $ 161,509 $ 142,906",,,No,,Not disclosed,,"Customer's Accounting for Fees Paid in a Cloud Computing Arrangement ||| . In April 2015, the Financial Accounting Standards Board (""FASB"") issued authoritative guidance designed to assist customers in their determination of whether a cloud computing arrangement includes a software license. If a cloud computing arrangement includes a software license, then the customer should account for the software license element of the arrangement consistent with the acquisition of other software licenses. If a cloud computing arrangement does not include a software license, the customer should account for the arrangement as a service contract. The guidance did not change GAAP for a customer’s accounting for service contracts. This guidance was effective for the Company in the first quarter of 2016. The adoption of this guidance did not have a material impact on the Company's financial statements. ||| Customer's Accounting for Fees Paid in a Cloud Computing Arrangement . In April 2015, the Financial Accounting Standards Board (""FASB"") issued authoritative guidance designed to assist customers in their determination of whether a cloud computing arrangement includes a software license. If a cloud computing arrangement includes a software license, then the customer should account for the software license element of the arrangement consistent with the acquisition of other software licenses. If a cloud computing arrangement does not include a software license, the customer should account for the arrangement as a service contract. The guidance did not change GAAP for a customer’s accounting for service contracts. This guidance was effective for the Company in the first quarter of 2016. The adoption of this guidance did not have a material impact on the Company's financial statements.",,0,item_8_other,,1,False,,"score=4,idx=6111,zone=12895",465,OK,
0000315213,RHI,2017,0000315213_RHI_FY2017_10K.html,,"December 31, 2017","Computer hardware, Computer software, Furniture, equipment","December 31, 2017 2016 Computer hardware $ 171,515 $ 170,746 Computer software 376,761 374,490 Furniture and equipment 102,424 100,472 Leasehold improvements 148,764 133,541 Other 9,907 9,993 Property and equipment, cost 809,371 789,242 Accumulated depreciation (664,484 ) (627,733 ) Property and equipment, net $ 144,887 $ 161,509",,,No,,Not disclosed,,Not disclosed,,0,item_8_other,,1,False,,"score=4,idx=5988,zone=12458",470,OK,
0000315213,RHI,2018,0000315213_RHI_FY2018_10K.html,,"December 31, 2018","Computer hardware, Computer software, Furniture, equipment","December 31, 2018 2017 Computer hardware $ 177,237 $ 171,515 Computer software 378,734 376,761 Furniture and equipment 107,421 102,424 Leasehold improvements 160,521 148,764 Other 10,319 9,907 Property and equipment, cost 834,232 809,371 Accumulated depreciation (709,056 ) (664,484 ) Property and equipment, net $ 125,176 $ 144,887",,,No,,Not disclosed,,"capitalized expenditures will range from $60 million to $70 million, of which $35 million to $45 million relates to software initiatives and technology infrastructure, including capitalized costs relating to the implementation of cloud computing arrangements. ||| Capital expenditures in 2018 totaled $43 million, approximately 41% of which represented investments in software initiatives and technology infrastructure, both of which are important to the Company’s future growth opportunities. During 2018 , we continued to invest in digital technology initiatives designed to enhance our service offerings to both clients and candidates. Capital expenditures also included amounts spent on tenant improvements and furniture and equipment in the Company’s leased offices. We currently expect that 2019 capitalized expenditures will range from $60 million to $70 million, of which $35 million to $45 million relates to software initiatives and technology infrastructure, including capitalized costs relating to the implementation of cloud computing arrangements.",,0,item_8_other,,1,False,,"score=4,idx=5693,zone=12990",506,OK,
0000315213,RHI,2019,0000315213_RHI_FY2019_10K.html,,"December 31, 2019","Computer hardware, Computer software, Furniture, equipment","December 31, 2019 2018 Computer hardware $ 164,547 $ 177,237 Computer software 291,681 378,734 Furniture and equipment 88,136 117,740 Leasehold improvements 150,644 160,521 Property and equipment, cost 695,008 834,232 Accumulated depreciation (566,623) (709,056) Property and equipment, net $ 128,385 $ 125,176",,,No,,Not disclosed,,"Capital expenditures, including $30 million related to cloud computing implementations, in 2019, totaled $90 million, approximately 62% of which represented investments in software initiatives and technology infrastructure, both of which are important to the Company’s future growth opportunities. Capital expenditures for cloud computing implementation costs are included in cash flows from operating activities on the Company’s Condensed Consolidated Statements of Cash Flows. Capital expenditures also included amounts spent on tenant improvements and furniture and equipment in the Company’s leased offices. We currently expect that 2020 capitalized expenditures will range from $100 million to $110 million, of which $50 million to $60 million relates to software initiatives and technology infrastructure, including capitalized costs relating to the implementation of cloud computing arrangements.",B100,1,item_8_other,,1,False,,"score=2,idx=4238,zone=8414",397,OK,
0000315213,RHI,2020,0000315213_RHI_FY2020_10K.html,,2021-02-11,"Computer hardware, Computer software, Furniture, equipment","December 31, 2020 2019 Computer hardware $ 159,180 $ 164,547 Computer software 250,585 291,681 Furniture and equipment 91,112 88,136 Leasehold improvements 164,807 150,644 Property and equipment, cost 665,684 695,008 Accumulated depreciation (555,867) (566,623) Property and equipment, net $ 109,817 $ 128,385",,,No,,Not disclosed,,"Capital expenditures, including $33 million related to cloud computing implementations, in 2020 totaled $67 million, approximately 71% of which represented investments in software initiatives and technology infrastructure, both of which are important to the Company’s future growth opportunities. Capital expenditures for cloud computing implementation costs are included in cash flows from operating activities on the Company’s Consolidated Statements of Cash Flows. Capital expenditures also included amounts spent on tenant improvements and furniture and equipment in the Company’s leased offices. We currently expect that 2021 capitalized expenditures will range from $85 million to $95 million, of which $50 million to $60 million relates to software initiatives and technology infrastructure, including capitalized costs relating to the implementation of cloud computing arrangements.",,0,item_8_other,,1,False,,"score=2,idx=4741,zone=8052",439,OK,
0000315213,RHI,2021,0000315213_RHI_FY2021_10K.html,,2022-02-10,"technology, computer software, equipment, Capitalized software","Capitalized software costs are amortized using the straight-line method over the estimated useful life of the software, ranging from two to five years.",2.0,5.0,No,,Not disclosed,,"Capital expenditures, including $31 million related to cloud computing implementations, in 2021, totaled $68 million, approximately 84% of which represented investments in software initiatives and technology infrastructure, both of which are important to the Company’s sustainability and future growth opportunities. Capital expenditures for cloud computing arrangements are included in cash flows from operating activities on the Company’s Consolidated Statements of Cash Flows. Capital expenditures included amounts spent on tenant improvements and furniture and equipment in the Company’s leased offices. We currently expect that 2022 capitalized expenditures will range from $95 million to $105 million, of which $75 million to $80 million relates to software initiatives and technology infrastructure, including capitalized costs relating to the implementation of cloud computing arrangements.",,0,item_8_other,,1,False,,"score=2,idx=5286,zone=7657",434,OK,
0000315213,RHI,2022,0000315213_RHI_FY2022_10K.html,,2023-02-09,"technology, computer software, equipment, Capitalized software","Capitalized software costs are amortized using the straight-line method over the estimated useful life of the software, ranging from two to five years.",2.0,5.0,No,,Not disclosed,,"Capital expenditures, including $40 million related to cloud computing implementations, in 2022, totaled $101 million, approximately 80.0% of which represented investments in software initiatives and technology infrastructure, both of which are important to the Company’s sustainability and future growth opportunities. Capital expenditures for cloud computing arrangements are included in cash flows from operating activities on the Company’s Consolidated Statements of Cash Flows. Capital expenditures included amounts spent on tenant improvements and furniture and equipment in the Company’s leased offices. The Company currently expects 2023 capitalized expenditures will range from $100 million to $120 million, of which $65 million to $75 million relates to software initiatives and technology infrastructure, including capitalized costs relating to the implementation of cloud computing arrangements.",,0,item_8_other,,1,False,,"score=2,idx=5381,zone=7582",428,OK,
0000315213,RHI,2023,0000315213_RHI_FY2023_10K.html,,2024-02-13,"technology, computer software, equipment, Capitalized software","Capitalized software costs are amortized using the straight-line method over the estimated useful life of the software, ranging from two to five years.",2.0,5.0,No,,Not disclosed,,"Capital expenditures, including $35 million related to cloud computing implementations, in 2023, totaled $81 million, approximately 67% of which represented investments in software initiatives and technology infrastructure, both of which are important to the Company’s sustainability and future growth opportunities. Capital expenditures for cloud computing arrangements are included in cash flows from operating activities on the Company’s Consolidated Statements of Cash Flows. Capital expenditures included amounts spent on tenant improvements and furniture and equipment in the Company’s leased offices. The Company currently expects 2024 capitalized expenditures will range from $90 million to $110 million, of which $45 million to $55 million relates to software initiatives and technology infrastructure, including capitalized costs relating to the implementation of cloud computing arrangements.",,0,item_8_other,,1,False,,"score=2,idx=5339,zone=7777",424,OK,
0000315213,RHI,2024,0000315213_RHI_FY2024_10K.html,,2025-02-12,"technology, computer software, equipment, Capitalized software","Capitalized software costs are amortized using the straight-line method over the estimated useful life of the software, ranging from two to five years.",2.0,5.0,No,,Not disclosed,,"Capital expenditures, including $29 million related to cloud computing implementations, in 2024 totaled $86 million, approximately 59% of which represented investments in software initiatives and technology infrastructure, both of which are important to the Company’s sustainability and future growth opportunities. Capital expenditures for cloud computing arrangements are included in cash flows from operating activities on the Company’s Consolidated Statements of Cash Flows. Capital expenditures included amounts spent on tenant improvements and furniture and equipment in the Company’s leased offices. The Company currently expects 2025 capitalized expenditures will range from $75 million to $95 million, of which $45 million to $55 million relates to software initiatives and technology infrastructure, including capitalized costs relating to the implementation of cloud computing arrangements.",,0,item_8_other,,1,False,,"score=2,idx=5171,zone=8093",448,OK,
0000729580,BELFB,2013,0000729580_BELFB_FY2013_10K.html,,"December 31, 2013","buildings and leasehold improvements, and from 1 to 13 years for machinery and equipment","DEPRECIATION - Property, plant and equipment are stated at cost less accumulated depreciation and amortization. The estimated useful lives primarily range from 2 to 39 years for buildings and leasehold improvements, and from 1 to 13 years for machinery and equipment.",1.0,13.0,No,,Not disclosed,,Not disclosed,,0,significant_accounting_policies,1. DESCRIPTION OF BUSINESS AND SUMMARY OF SIGNIFICANT ACCOUNTING POLICIES,3,False,,"score=2,idx=7563,zone=24639",572,OK,
0000729580,BELFB,2014,0000729580_BELFB_FY2014_10K.html,,"December 31, 2014","buildings and leasehold improvements, and from 1 to 15 years for machinery and equipment","Depreciation - Property, plant and equipment are stated at cost less accumulated depreciation and amortization. The estimated useful lives primarily range from 1 to 39 years for buildings and leasehold improvements, and from 1 to 15 years for machinery and equipment.",1.0,15.0,No,,"On June 19, 2014, the Company completed its acquisition of Power Solutions for $109.9 million, net of cash acquired. Power Solutions is a leading provider of high-efficiency and high-density power conversion products for server, storage and networking equipment, industrial applications and power systems. Power Solutions offers a premier line of standard, modified-standard and custom designed AC/DC, DC/DC and other specific power conversion products for a variety of technologies in data centers, telecommunications and industrial applications. The acquisition of Power Solutions brings a complementary, industry-leading power product portfolio to Bel's existing line of power products, expands our current customer base in the areas of server, storage and networking equipment and adds industrial and additional transportation applications to the Company's product offering.",Item 8,Not disclosed,,0,significant_accounting_policies,1. DESCRIPTION OF BUSINESS AND SUMMARY OF SIGNIFICANT ACCOUNTING POLICIES,3,False,,"score=2,idx=5248,zone=15780",652,OK,
0000729580,BELFB,2015,0000729580_BELFB_FY2015_10K.html,,"December 31, 2015","buildings and leasehold improvements, and from 3 to 15 years for machinery and equipment","Depreciation - Property, plant and equipment are stated at cost less accumulated depreciation and amortization. The estimated useful lives primarily range from 3 to 39 years for buildings and leasehold improvements, and from 3 to 15 years for machinery and equipment.",3.0,15.0,No,,Not disclosed,,Not disclosed,,0,significant_accounting_policies,1. DESCRIPTION OF BUSINESS AND SUMMARY OF SIGNIFICANT ACCOUNTING POLICIES,3,False,,"score=2,idx=5239,zone=15371",626,OK,
0000729580,BELFB,2016,0000729580_BELFB_FY2016_10K.html,,"December 31, 2016","buildings and leasehold improvements, and from 3 to 15 years for machinery and equipment","Depreciation - Property, plant and equipment are stated at cost less accumulated depreciation and amortization. The estimated useful lives primarily range from 2 to 39 years for buildings and leasehold improvements, and from 3 to 15 years for machinery and equipment.",3.0,15.0,No,,Not disclosed,,Not disclosed,,0,significant_accounting_policies,1. DESCRIPTION OF BUSINESS AND SUMMARY OF SIGNIFICANT ACCOUNTING POLICIES,3,False,,"score=2,idx=5430,zone=13964",611,OK,
0000729580,BELFB,2017,0000729580_BELFB_FY2017_10K.html,,"December 31, 2017","buildings and leasehold improvements, and from 3 to 15 years for machinery and equipment","Depreciation - Property, plant and equipment are stated at cost less accumulated depreciation and amortization. The estimated useful lives primarily range from 2 to 33 years for buildings and leasehold improvements, and from 3 to 15 years for machinery and equipment.",3.0,15.0,No,,Not disclosed,,Not disclosed,,0,significant_accounting_policies,1. DESCRIPTION OF BUSINESS AND SUMMARY OF SIGNIFICANT ACCOUNTING POLICIES,3,False,,"score=2,idx=5672,zone=13706",550,OK,
0000729580,BELFB,2018,0000729580_BELFB_FY2018_10K.html,,"December 31, 2018","buildings and leasehold improvements, and from 3 to 15 years for machinery and equipment","Depreciation - Property, plant and equipment are stated at cost less accumulated depreciation and amortization. The estimated useful lives primarily range from 2 to 33 years for buildings and leasehold improvements, and from 3 to 15 years for machinery and equipment.",3.0,15.0,No,,Not disclosed,,"Intangibles – Goodwill and Other-Internal-Use Software (Subtopic 350-40): Customer's Accounting for Implementation Costs Incurred in a Cloud Computing Arrangement That is a Service Cost ||| In August 2018, the FASB issued ASU 2018-15, Intangibles – Goodwill and Other-Internal-Use Software (Subtopic 350-40): Customer's Accounting for Implementation Costs Incurred in a Cloud Computing Arrangement That is a Service Cost . This guidance aligns the requirements for capitalizing implementation costs incurred in a hosting arrangement that is a service contract with the requirements for capitalizing implementation costs incurred to develop or obtain internal-use software. This guidance is effective for interim and annual reporting periods beginning after December 15, 2019, and early adoption is permitted. The Company is currently evaluating the impacts that adoption of this ASU will have on its consolidated financial statements.",,0,significant_accounting_policies,1. DESCRIPTION OF BUSINESS AND SUMMARY OF SIGNIFICANT ACCOUNTING POLICIES,3,False,,"score=2,idx=3802,zone=10783",561,OK,
0000729580,BELFB,2019,0000729580_BELFB_FY2019_10K.html,,,equipment,"December 31, 2019 Operating Leases: Operating lease right-of-use assets $ 18,504 Operating lease liability, current 7,377 Operating lease liability, long-term 11,751 Total operating lease liabilities 19,128 Finance Leases: Property, plant and equipment, gross $ 882 Accumulated depreciation (262 ) Property, plant and equipment, net 620 Other current liabilities 121 Other long-term liabilities 512 Total finance lease liabilities $ 633",,,No,,Not disclosed,,"In August 2018, the FASB issued ASU 2018-15, Intangibles – Goodwill and Other-Internal-Use Software (Subtopic 350-40): Customer's Accounting for Implementation Costs Incurred in a Cloud Computing Arrangement That is a Service Cost . This guidance aligns the requirements for capitalizing implementation costs incurred in a hosting arrangement that is a service contract with the requirements for capitalizing implementation costs incurred to develop or obtain internal-use software. This guidance is effective for interim and annual reporting periods beginning after December 15, 2019, and early adoption is permitted. The Company is currently evaluating the impacts that adoption of this ASU will have on its consolidated financial statements.",,0,ppe_note,"11. ACCRUED EXPENSES Accrued expenses consist of the following: December 31, 2019 2018 Sales commissions $ 2,542 $ 2,609 Subcontracting labor 990 1,55",3,False,,"score=4,idx=3144,zone=9796",601,OK,
0000729580,BELFB,2020,0000729580_BELFB_FY2020_10K.html,,"December 31, 2020",Not disclosed,Not disclosed,,,No,,Not disclosed,,"In August 2018, the FASB issued ASU 2018 - 15, Intangibles – Goodwill and Other-Internal-Use Software (Subtopic 350 - 40 ): Customer's Accounting for Implementation Costs Incurred in a Cloud Computing Arrangement That is a Service Cost . This guidance aligns the requirements for capitalizing implementation costs incurred in a hosting arrangement that is a service contract with the requirements for capitalizing implementation costs incurred to develop or obtain internal-use software. This guidance is effective for interim and annual reporting periods beginning after December 15, 2019. The Company adopted this guidance effective January 1, 2020 and it did not have a material impact on its consolidated financial position or consolidated results of operations.",,0,unknown,,0,False,,"score=4,idx=5374,zone=9733",512,OK,
0000729580,BELFB,2021,0000729580_BELFB_FY2021_10K.html,,"December 31, 2021",Not disclosed,Not disclosed,,,No,,Not disclosed,,"In August 2018, the FASB issued ASU 2018 - 15, Intangibles – Goodwill and Other-Internal-Use Software (Subtopic 350 - 40 ): Customer's Accounting for Implementation Costs Incurred in a Cloud Computing Arrangement That is a Service Cost . This guidance aligns the requirements for capitalizing implementation costs incurred in a hosting arrangement that is a service contract with the requirements for capitalizing implementation costs incurred to develop or obtain internal-use software. This guidance is effective for interim and annual reporting periods beginning after December 15, 2019. The Company adopted this guidance effective January 1, 2020 and it did not have a material impact on its consolidated financial position or consolidated results of operations.",,0,unknown,,0,False,,"score=4,idx=5631,zone=10391",538,OK,
0000729580,BELFB,2022,0000729580_BELFB_FY2022_10K.html,,"December 31, 2022",Not disclosed,Not disclosed,,,No,,Not disclosed,,Not disclosed,,0,unknown,,0,False,,"score=4,idx=6345,zone=10877",549,OK,
0000729580,BELFB,2023,0000729580_BELFB_FY2023_10K.html,,"December 31, 2023",Not disclosed,Not disclosed,,,No,,Not disclosed,,Not disclosed,,0,unknown,,0,False,,"score=4,idx=6811,zone=11069",591,OK,
0000729580,BELFB,2024,0000729580_BELFB_FY2024_10K.html,,"December 31, 2024",Not disclosed,Not disclosed,,,No,,Not disclosed,,Not disclosed,,0,unknown,,0,False,,"score=4,idx=8292,zone=16306",681,OK,
0000732712,VZ,2013,0000732712_VZ_FY2013_10K.html,,"December 31, 2013",Not disclosed,Not disclosed,,,No,,"Wireline’s voice, data and video communications products and
enhanced services include broadband video and data, corporate networking solutions, data center and cloud services, security and managed network services and local and long distance voice services. We provide these products and services to consumers
in the United States, as well as to carriers, businesses and government customers both in the United States and in over 150 other countries around the world.",Item 8,"Wireline’s voice, data and video communications products and
enhanced services include broadband video and data, corporate networking solutions, data center and cloud services, security and managed network services and local and long distance voice services. We provide these products and services to consumers
in the United States, as well as to carriers, businesses and government customers both in the United States and in over 150 other countries around the world. ||| The spectrum licenses we hold can be used for mobile wireless voice and data communications services. We have licenses to provide these
wireless services on portions of the 800 MHz band, also known as cellular spectrum, the 1800-1900 MHz band, also known as Personal Communication Services (PCS) spectrum, and the 1700 and 2100 MHz band, also known as Advanced Wireless Services (AWS)
spectrum, in areas that, collectively, cover nearly all of the population of the United States. In addition, we hold licenses for portions of the 700 MHz upper C band, including ten licenses that can, together, be used to provide wireless service
coverage to the entire United States and the Gulf of Mexico. ||| In 2012, Verizon Wireless acquired AWS spectrum in separate transactions with SpectrumCo, LLC and Cox TMI Wireless, LLC for which it paid an
aggregate of $3.9 billion at the time of the closings. During 2012, Verizon Wireless also completed license purchase and exchange transactions with Leap Wireless, Savary Island Wireless, which is majority owned by Leap Wireless, and a subsidiary of
T-Mobile USA. As a result of these transactions, Verizon Wireless received an aggregate $2.6 billion of AWS and PCS licenses at fair value and transferred certain AWS licenses to T-Mobile USA and a 700 megahertz (MHz) lower A block license to Leap
Wireless.",,0,unknown,,0,False,,"score=4,idx=3038,zone=11",165,OK,
0000732712,VZ,2014,0000732712_VZ_FY2014_10K.html,,"December 31, 2014",Not disclosed,Not disclosed,,,No,,Not disclosed,,"Our inability to operate our wireline or wireless networks as a result of cyber attacks, even for a limited
period of time, may result in significant expenses and/or loss of market share to other communications providers. The costs associated with a major cyber attack on Verizon could include expensive incentives offered to existing customers and business
partners to retain their business, increased expenditures on cyber security measures and the use of alternate resources, lost revenues from business interruption and litigation. The potential costs associated with these attacks could exceed the
insurance coverage we maintain. Further, certain of Verizon’s businesses, such as those offering security solutions and infrastructure and cloud services to business customers, could be negatively affected if our ability to protect our own
networks and systems is called into question as a result of a cyber attack. In addition, if we fail to prevent the theft of valuable information such as financial data, sensitive information about Verizon and intellectual property, or if we fail to
protect the privacy of customer and employee confidential data against cyber attacks, it could result in damage to our reputation, which could adversely impact customer and investor confidence. Any of these occurrences could result in a material
adverse effect on our results of operations and financial condition.",,0,unknown,,0,False,,"score=4,idx=3071,zone=11",36,OK,
0000732712,VZ,2015,0000732712_VZ_FY2015_10K.html,,"December 31, 2015",Not disclosed,Not disclosed,,,No,,"Wireline’s voice, data and video communications products and enhanced services include broadband video and data, corporate networking solutions, data center
and cloud services, security and managed network services and local and long distance voice services. We provide these products and services to consumers in the United States, as well as to carriers, businesses and government customers both in the
United States and around the world.",MD&A (Item 7),"Wireline’s voice, data and video communications products and enhanced services include broadband video and data, corporate networking solutions, data center
and cloud services, security and managed network services and local and long distance voice services. We provide these products and services to consumers in the United States, as well as to carriers, businesses and government customers both in the
United States and around the world. ||| We have the largest fourth-generation (4G) Long-Term Evolution (LTE) technology and third-generation (3G) Evolution - Data
Optimized (EV-DO) networks of any U.S. wireless service provider. Our 4G LTE network is available to over 98% of the U.S. population in more than 500 markets covering approximately 312 million people, including those in areas served by our LTE
in Rural America partners. Under this program, we are working with wireless carriers in rural areas to collaboratively build and operate a 4G LTE network using each carrier’s network assets and our core 4G LTE equipment and 700 MHz C Block and
Advanced Wireless Services (AWS) spectrum. ||| We design and deploy our
network in an efficient manner that we believe maximizes the number of successful data sessions, including video, and completions of large file downloads and uploads while delivering on our advertised throughput speeds and maximizes the number of
calls that are connected on the first attempt and completed without being dropped. We plan to continue to upgrade our network, primarily to increase its capacity and density, by utilizing small cell technology, in-building solutions and
distributed antennae systems in addition to deploying existing AWS spectrum. We are also exploring strategic opportunities to expand our national network coverage through selective acquisitions of wireless operations and spectrum licenses.",,0,unknown,,0,False,,"score=4,idx=614,zone=20",1,OK,
0000732712,VZ,2016,0000732712_VZ_FY2016_10K.html,,"December 31, 2016",Not disclosed,Not disclosed,,,No,,"Wireline’s voice, data and video communications products and enhanced services include broadband video and data, corporate networking solutions, data center
and cloud services, security and managed network services and local and long distance voice services. We provide these products and services to consumers in the United States, as well as to carriers, businesses and government customers both in the
United States and around the world.",Item 8,"Wireline’s voice, data and video communications products and enhanced services include broadband video and data, corporate networking solutions, data center
and cloud services, security and managed network services and local and long distance voice services. We provide these products and services to consumers in the United States, as well as to carriers, businesses and government customers both in the
United States and around the world. ||| We have the largest fourth-generation (4G) Long-Term Evolution (LTE)
technology and third-generation (3G) Evolution - Data Optimized (EV-DO) networks of any U.S. wireless service provider. Our 4G LTE network is available to over 98% of the U.S. population in more than 500
markets covering approximately 314 million people, including those in areas served by our LTE in Rural America partners. Under this program, we are working with wireless carriers in rural areas to collaboratively build and operate a 4G LTE
network using each carrier’s network assets and our core 4G LTE equipment and 700 MHz C Block and Advanced Wireless Services (AWS) spectrum. ||| We design and deploy our network in an efficient manner that we believe maximizes the number of successful data sessions, including video, permitting the completion of large file downloads and uploads
while delivering on our advertised throughput speeds, and maximizes the number of calls that are connected on the first attempt and completed without being dropped. We plan to continue to upgrade our network, primarily to increase its capacity
and density, by utilizing small cell technology, in-building solutions and distributed antennae systems in addition to deploying existing AWS spectrum. We are also exploring strategic opportunities to increase
our network capacity and efficiency through selective acquisitions of spectrum licenses.",,0,unknown,,0,False,,"score=4,idx=3184,zone=11",183,OK,
0000732712,VZ,2017,0000732712_VZ_FY2017_10K.html,,"December 31, 2017",Not disclosed,Not disclosed,,,No,,Not disclosed,,Not disclosed,,0,unknown,,0,False,,"score=3,idx=3910,zone=10",4,OK,
0000732712,VZ,2018,0000732712_VZ_FY2018_10K.html,,"December 31, 2018",Not disclosed,Not disclosed,,,No,,Not disclosed,,Not disclosed,,0,unknown,,0,False,,"score=3,idx=3398,zone=10",4,OK,
0000732712,VZ,2019,0000732712_VZ_FY2019_10K.html,,2020-01-31,Not disclosed,Not disclosed,,,No,,Not disclosed,,Not disclosed,,0,unknown,,0,False,,"score=3,idx=11908,zone=10",4,OK,
0000732712,VZ,2020,0000732712_VZ_FY2020_10K.html,,2021-12-31,Not disclosed,Not disclosed,,,No,,"Network equipment consists primarily of cable (aerial, buried, underground or undersea) and the related support structures of poles and conduit, wireless plant, switching equipment, network software, transmission equipment and related facilities. Land, buildings and building equipment consists of land and land improvements, central office buildings or any other buildings that house network equipment, and buildings that are used for administrative and other purposes. Substantially all the switching centers are located on land and in buildings we own due to their critical role in the networks and high set-up and relocation costs. We also maintain facilities throughout the U.S. comprised of administrative and sales offices, customer care centers, retail sales locations, garage work centers, switching centers, cell sites and data centers. Furniture and other consists of telephone equipment, furniture, data processing equipment, office equipment, motor vehicles, plant under construction and leasehold improvements.",MD&A (Item 7),"In the Global Enterprise and Public Sector and Other markets, competition levels remain high, primarily as a result of increased industry focus on technology convergence. We compete in this area with system integrators, carriers, and hardware and software providers. In addition, some of the largest information technology services companies are making strategic acquisitions, divesting non-strategic assets and forging new alliances to improve their cost structure. Many new alliances and acquisitions have focused on emerging fields, such as cloud computing, software defined networking, communication applications and other computing tasks via networks, rather than by the use of in-house machines. ||| The wireless network technology platform that carries the majority of our wireless traffic is 4G LTE, which provides higher data throughput performance for data services at a lower cost compared to that offered by 3G technology. As of December 31, 2020, our 4G LTE network is available in over 700 markets covering approximately 327 million people, including those in areas served by our LTE in Rural America partners. Under this program, we have collaborated with wireless carriers in rural areas to build and operate a 4G LTE network using each carrier’s network assets with our core 4G LTE equipment and 700 Megahertz (MHz) C Block and Advanced Wireless Services (AWS) spectrum. In 2020, we launched LTE Home Internet, a home broadband internet service that leverages the Verizon 4G LTE network. ||| The spectrum licenses we hold can be used for mobile wireless voice, video and data communications services. We are licensed by the Federal Communications Commission (FCC) to provide these wireless services on portions of the 800 MHz band, also known as cellular spectrum, the 1800-1900 MHz band, also known as Personal Communication Services (PCS) spectrum, portions of the 700 MHz upper C band and AWS 1 and 3 spectrum in the 1700 and 2100 MHz bands, in areas that, collectively, cover nearly all of the population of the U.S. We have also deployed 4G technologies in 3.5 Gigahertz (GHz) shared spectrum, using LTE/Citizens Broadband Radio Service, and in 5 GHz unlicensed spectrum, using LTE/Licensed Assisted Access. All of this spectrum is collectively called low and mid-band spectrum. We are using our low and mid-band spectrum to provide 3G, 4G LTE and 5G wireless services. We are increasingly reallocating spectrum previously used for 3G service to provide 4G LTE service. We are also utilizing low and mid-band spectrum, through DSS, for 5G to complement our spectrum licenses in the 28 and 39 GHz band, collectively called millimeter wave spectrum.",B100;B200,2,unknown,,0,False,,"score=2,idx=17602,zone=19940",0,OK,
0000732712,VZ,2021,0000732712_VZ_FY2021_10K.html,,2022-01-31,Not disclosed,Not disclosed,,,No,,"• Climate-Related Regulation and Policy – Due to the nature of our operations, we may be impacted by regulatory developments related to climate change, including, for example, the direct regulation of greenhouse gas emissions or carbon policies that could result in a tax on such emissions. In addition, policy-driven changes in the prices of fuel or energy in geographies in which we operate could make it more expensive for us to purchase energy to power our networks and data centers, and any increase in taxes on fuel could increase our costs associated with operating those vehicles in our fleet that are dependent on traditional fuels.",MD&A (Item 7),"In the Global Enterprise and Public Sector and Other markets, competition levels remain high, primarily as a result of increased industry focus on technology convergence. We compete in this area with system integrators, carriers, and hardware and software providers. In addition, some of the largest information technology services companies are making strategic acquisitions, divesting non-strategic assets and forging new alliances to improve their cost structure. Many new alliances and acquisitions have focused on emerging fields, such as cloud computing, software defined networking, communication applications and other computing tasks via networks, rather than by the use of in-house machines. ||| The wireless network technology platform that carries the majority of our wireless traffic is 4G LTE, which provides higher data throughput performance for data services at a lower cost compared to that offered by 3G technology. As of December 31, 2021, our 4G LTE network covers approximately 328 million people, including those in areas served by our LTE in Rural America partners. Under this program, we have collaborated with wireless carriers in rural areas to build and operate a 4G LTE network using each carrier’s network assets with our core 4G LTE equipment and 700 Megahertz (MHz) C Block and Advanced Wireless Services (AWS) spectrum. LTE Home Internet, our home broadband internet service, leverages the Verizon 4G LTE network. ||| The spectrum licenses we hold can be used for mobile and fixed wireless voice, video and data communications services. We are licensed by the Federal Communications Commission (FCC) to provide these wireless services on portions of the 800 MHz band, also known as cellular spectrum, the 1800-1900 MHz band, also known as Personal Communication Services (PCS) spectrum, portions of the 700 MHz upper C-Band and AWS 1 and 3 spectrum in the 1700 and 2100 MHz bands, in areas that collectively cover nearly all of the population of the U.S. We have also deployed 4G technologies in 3.5 Gigahertz (GHz) shared spectrum, using LTE/Citizens Broadband Radio Service, and in 5 GHz unlicensed spectrum, using LTE/Licensed Assisted Access. All of this spectrum is collectively called low and mid-band spectrum. We are using our low and mid-band spectrum to provide 3G, 4G LTE and 5G wireless services. We are increasingly reallocating spectrum previously used for 3G service to provide 4G LTE service. We are also utilizing low and mid-band spectrum through DSS for 5G to complement our spectrum licenses in the 28 and 39 GHz band, collectively called millimeter wave spectrum. In 2021, we acquired an average of 161 MHz of new mid-band spectrum in the continental United States in the 3700-3980 MHz band, also known as C-Band. We began using C-Band for 5G service in January 2022.",,0,unknown,,0,False,,"score=2,idx=17182,zone=20451",11,OK,
0000732712,VZ,2022,0000732712_VZ_FY2022_10K.html,,2024-12-31,Not disclosed,Not disclosed,,,No,,"• Climate-Related Regulation and Policy – Due to the nature of our operations, we have been, and expect to continue to be impacted by regulatory developments related to climate change, including, for example, the direct regulation of greenhouse gas emissions or carbon policies that could result in a tax on such emissions. In addition, policy-driven changes in the prices of fuel or energy in geographies in which we operate could make it more expensive for us to purchase energy to power our networks and data centers, and any increase in taxes on fuel could increase our costs associated with operating those vehicles in our fleet that are dependent on traditional fuels.",MD&A (Item 7),"The wireless network technology platform that carries the majority of our wireless traffic is 4G LTE. As of December 31, 2022, our 4G LTE network covers approximately 328 million POPs, including those in areas served by our LTE in Rural America partners. Under this program, we have collaborated with wireless carriers in rural areas to build and operate a 4G LTE network using each carrier’s network assets with our core 4G LTE equipment and 700 Megahertz (MHz) C Block and Advanced Wireless Services (AWS) spectrum. LTE Home Internet, our home broadband internet service leverages the Verizon 4G LTE network. ||| The spectrum licenses we hold can be used for mobile and fixed wireless voice, video and data communications services. We are licensed by the Federal Communications Commission (FCC) to provide these wireless services on portions of the 800 MHz band, also known as cellular spectrum, the 1800-1900 MHz band, also known as Personal Communication Services (PCS) spectrum, portions of the 700 MHz upper C block, AWS 1 and 3 spectrum in the 1700 and 2100 MHz bands in areas that collectively cover nearly all of the population of the U.S., and 3700-3900 MHz, also known as C-Band. We have also deployed 4G technologies in 3.5 Gigahertz (GHz) shared spectrum, using LTE/Citizens Broadband Radio Service, and in 5 GHz unlicensed spectrum, using LTE/Licensed Assisted Access. All of this spectrum is collectively called low and mid-band spectrum. We are using our low and mid-band spectrum to provide 4G LTE and 5G wireless services. As of December 31, 2022, we retired our 3G service. We are increasingly reallocating spectrum previously used for 3G service to provide 4G LTE service, and we completed that transition where needed at the end of 2022. We are also utilizing additional low and mid-band spectrum for 5G through DSS to complement both our C-Band and our spectrum licenses in the 28 and 39 GHz band, collectively called millimeter wave spectrum. ||| In the Global Enterprise and Public Sector and Other markets, competition levels remain high, primarily as a result of increased industry focus on technology convergence. We compete in this area with system integrators, carriers, and hardware and software providers. In addition, some of the largest information technology services companies are making strategic acquisitions, divesting non-strategic assets and forging new alliances to improve their cost structure. Many new alliances and acquisitions have focused on emerging fields, such as cloud computing, software defined networking, communication applications and other computing tasks via networks, rather than by the use of in-house machines.",B200,1,unknown,,0,False,,"score=2,idx=17646,zone=20529",10,OK,
0000732712,VZ,2023,0000732712_VZ_FY2023_10K.html,,2024-12-31,Not disclosed,Not disclosed,,,No,,"• Climate-Related Regulation and Policy – Due to the nature of our operations, we have been, and expect to continue to be impacted by regulatory developments related to climate change, including, for example, the direct regulation of greenhouse gas emissions or carbon policies that could result in a tax on such emissions. In addition, policy-driven changes in the prices of fuel or energy in geographies in which we operate could make it more expensive for us to purchase energy to power our networks and data centers, and any increase in taxes on fuel could increase our costs associated with operating those vehicles in our fleet that are dependent on traditional fuels.",MD&A (Item 7),"The wireless network technology platform that carries about half of our wireless traffic is 4G LTE. As of December 31, 2023, our 4G LTE network covers approximately 330 million people, excluding those in areas served by our LTE in Rural America partners. Under this program, we have collaborated with wireless carriers in rural areas to build and operate a 4G LTE network using each carrier’s network assets with our core 4G LTE equipment and 700 Megahertz (MHz) C Block and Advanced Wireless Services (AWS) spectrum. LTE Home Internet, our home broadband internet service leverages the Verizon 4G LTE network. ||| The spectrum licenses we hold can be used for mobile and fixed wireless voice, video and data communications services. We are licensed by the Federal Communications Commission (FCC) to provide these wireless services on the following low and mid-band spectrum in areas that collectively cover nearly all of the population of the U.S.: (i) the 700 MHz Upper C block, (ii) Cellular spectrum (850 MHz), (iii) Personal Communication Services (PCS) spectrum (1900 MHz), (iv) AWS 1 and AWS 3 bands (1700 MHz uplink and 2100 MHz downlink), and (v) the 3.7 GHz band (""C-Band""). We also hold spectrum licenses in the 28, Upper 37 and 39 GHz bands, known as millimeter wave spectrum, and utilize both Priority Access Licenses (PALs) and General Authorized Access (GAA) in the 3.5 GHz band (Citizens Broadband Radio Service). ||| In the Enterprise and Public Sector markets, competition levels remain high, primarily as a result of increased industry focus on technology convergence. We compete in this area with system integrators, carriers, and hardware and software providers. In addition, some of the largest information technology services companies are making strategic acquisitions, divesting non-strategic assets and forging new alliances to improve their cost structure. Many new alliances and acquisitions have focused on emerging fields, such as cloud computing, software defined networking, communication applications and other computing tasks via networks, rather than by the use of in-house machines.",,0,unknown,,0,False,,"score=2,idx=16924,zone=20305",10,OK,
0000732712,VZ,2024,0000732712_VZ_FY2024_10K.html,,2025-12-31,Not disclosed,Not disclosed,,,No,,"• Virtualization – We are leveraging the benefits of cloud computing and storage as we evolve our network infrastructure. Our private cloud infrastructure allows us to use shared compute, storage and networking resources rather than building unique physical instances for our network infrastructure.",MD&A (Item 7),"• Virtualization – We are leveraging the benefits of cloud computing and storage as we evolve our network infrastructure. Our private cloud infrastructure allows us to use shared compute, storage and networking resources rather than building unique physical instances for our network infrastructure. ||| – We are leveraging the benefits of cloud computing and storage as we evolve our network infrastructure. Our private cloud infrastructure allows us to use shared compute, storage and networking resources rather than building unique physical instances for our network infrastructure. ||| The spectrum licenses we hold can be used for mobile and fixed wireless voice, video and data communications services. We are licensed by the Federal Communications Commission (FCC) to provide these wireless services on the following low and mid-band spectrum in areas that collectively cover nearly all of the population of the U.S.: (i) the 700 MHz Upper C block, (ii) Cellular spectrum (850 MHz), (iii) Personal Communication Services (PCS) spectrum (1900 MHz), (iv) AWS 1 and AWS 3 bands (1700 MHz uplink and 2100 MHz downlink), and (v) the 3.7 GHz band (C-Band). We also hold spectrum licenses in the 28, Upper 37 and 39 GHz bands, known as millimeter wave spectrum, and utilize both Priority Access Licenses (PALs) and General Authorized Access (GAA) in the 3.5 GHz band (Citizens Broadband Radio Service).",,0,unknown,,0,False,,"score=2,idx=17442,zone=21680",0,OK,
0000764478,BBY,2013,0000764478_BBY_FY2013_10K.html,,,"Capitalized software, equipment","Costs associated with the acquisition or development of software for internal use are capitalized and amortized over the expected useful life of the software, from three to seven years. A subsequent addition, modification or upgrade to internal-use software is capitalized to the extent that it enhances the software's functionality or extends its useful life.",3.0,7.0,No,,Not disclosed,,Not disclosed,,0,significant_accounting_policies,1. Summary of Significant Accounting Policies,3,False,,"score=4,idx=20536,zone=29630",1040,OK,
0000764478,BBY,2014,0000764478_BBY_FY2014_10K.html,,,"Capitalized software, equipment","Costs associated with the acquisition or development of software for internal use are capitalized and amortized over the expected useful life of the software, from three to seven years. A subsequent addition, modification or upgrade to internal-use software is capitalized to the extent that it enhances the software's functionality or extends its useful life.",3.0,7.0,No,,Not disclosed,,Not disclosed,,0,significant_accounting_policies,1. Summary of Significant Accounting Policies,3,False,,"score=4,idx=19116,zone=27903",944,OK,
0000764478,BBY,2015,0000764478_BBY_FY2015_10K.html,,,"Capitalized software, equipment","Costs associated with the acquisition or development of software for internal use are capitalized and amortized over the expected useful life of the software, generally from three to seven years. A subsequent addition, modification or upgrade to internal-use software is capitalized to the extent that it enhances the software's functionality or extends its useful life.",3.0,7.0,No,,Not disclosed,,Not disclosed,,0,significant_accounting_policies,1. Summary of Significant Accounting Policies,3,False,,"score=4,idx=19561,zone=25538",961,OK,
0000764478,BBY,2016,0000764478_BBY_FY2016_10K.html,,,"Capitalized software, equipment","Costs associated with the acquisition or development of software for internal use are capitalized and amortized over the expected useful life of the software, generally from two to seven years. A subsequent addition, modification or upgrade to internal-use software is capitalized to the extent that it enhances the software's functionality or extends its useful life.",2.0,7.0,No,,Not disclosed,,Not disclosed,,0,significant_accounting_policies,1. Summary of Significant Accounting Policies,3,False,,"score=4,idx=19521,zone=22347",904,OK,
0000764478,BBY,2017,0000764478_BBY_FY2017_10K.html,,,"Capitalized software, equipment","Costs associated with the acquisition or development of software for internal use are capitalized and amortized over the expected useful life of the software, generally from two to seven years. A subsequent addition, modification or upgrade to internal-use software is capitalized to the extent that it enhances the software's functionality or extends its useful life.",2.0,7.0,No,,Not disclosed,,Not disclosed,,0,significant_accounting_policies,1. Summary of Significant Accounting Policies,3,False,,"score=4,idx=19634,zone=22901",926,OK,
0000764478,BBY,2018,0000764478_BBY_FY2018_10K.html,,,"Capitalized software, equipment","Costs associated with the acquisition or development of software for internal use are capitalized and amortized over the expected useful life of the software, generally from two to seven years. A subsequent addition, modification or upgrade to internal-use software is capitalized to the extent that it enhances the software's functionality or extends its useful life.",2.0,7.0,No,,Not disclosed,,"Intangibles-Goodwill and Other - Internal Use Software (Subtopic 350-40): Customer's Accounting for Implementation Costs Incurred in a Cloud Computing Arrangement That is a Service Contrac ||| In August 2018, the FASB issued ASU 2018-15, Intangibles-Goodwill and Other - Internal Use Software (Subtopic 350-40): Customer's Accounting for Implementation Costs Incurred in a Cloud Computing Arrangement That is a Service Contrac t. This guidance requires companies to apply the internal-use software guidance in ASC 350-40 to implementation costs incurred in a hosting arrangement that is a service contract to determine whether to capitalize certain implementation costs or expense them as incurred. We are currently evaluating the impact of adopting the updated provisions, which is effective for fiscal years, and interim periods within those fiscal years, beginning after December 15, 2019.",,0,significant_accounting_policies,1. Summary of Significant Accounting Policies,3,False,,"score=4,idx=18173,zone=21594",988,OK,
0000764478,BBY,2019,0000764478_BBY_FY2019_10K.html,,2020-03-19,"software for internal use are capitalized and amortized over the expected useful life of the software, generally from","Costs associated with the acquisition or development of software for internal use are capitalized and amortized over the expected useful life of the software, generally from two year s to seven year s. A subsequent addition, modification or upgrade to internal-use software is capitalized to the extent that it enhances the software's functionality or extends its useful life.",2.0,,No,,Not disclosed,,"In August 2018, the FASB issued ASU 2018-15, Intangibles-Goodwill and Other - Internal Use Software (Subtopic 350-40): Customer's Accounting for Implementation Costs Incurred in a Cloud Computing Arrangement That is a Service Contrac t. This guidance requires companies to apply the internal-use software guidance in Accounting Standards Codification (“ASC”) 350-40 to implementation costs incurred in a hosting arrangement that is a service contract to determine whether to capitalize certain implementation costs or expense them as incurred. We do not believe the new guidance, which is effective for fiscal years beginning after December 15, 2019, will have a material impact on our consolidated financial statements. ||| Intangibles-Goodwill and Other - Internal Use Software (Subtopic 350-40): Customer's Accounting for Implementation Costs Incurred in a Cloud Computing Arrangement That is a Service Contrac",A100,1,significant_accounting_policies,1. Summary of Significant Accounting Policies,3,True,2.0 ans | 7.0 ans,"score=4,idx=19499,zone=25903",917,OK,
0000764478,BBY,2020,0000764478_BBY_FY2020_10K.html,,2021-03-18,"software for internal use are capitalized and amortized over the expected useful life of the software, generally from","Costs associated with the acquisition or development of software for internal use are capitalized and amortized over the expected useful life of the software, generally from two year s to five year s.",2.0,,No,,Not disclosed,," ASU 2018-15, Intangibles-Goodwill and Other - Internal Use Software (Subtopic 350-40): Customer's Accounting for Implementation Costs Incurred in a Cloud Computing Arrangement That is a Service Contrac t ||| Intangibles-Goodwill and Other - Internal Use Software (Subtopic 350-40): Customer's Accounting for Implementation Costs Incurred in a Cloud Computing Arrangement That is a Service Contrac",,0,significant_accounting_policies,1. Summary of Significant Accounting Policies,3,True,2.0 ans | 5.0 ans,"score=4,idx=16316,zone=23217",830,OK,
0000764478,BBY,2021,0000764478_BBY_FY2021_10K.html,,2022-03-16,"software for internal use are capitalized and amortized over the expected useful life of the software, generally from","Costs associated with the acquisition or development of software for internal use are capitalized and amortized over the expected useful life of the software, generally from two year s to five year s.",2.0,,No,,Not disclosed,,Not disclosed,,0,significant_accounting_policies,1. Summary of Significant Accounting Policies,3,True,2.0 ans | 5.0 ans,"score=4,idx=14204,zone=22193",799,OK,
0000764478,BBY,2022,0000764478_BBY_FY2022_10K.html,,2023-12-31,"software for internal use are capitalized and amortized over the expected useful life of the software, generally from","Costs associated with the acquisition or development of software for internal use are capitalized and amortized over the expected useful life of the software, generally from two year s to five year s.",2.0,,No,,Not disclosed,,"Costs associated with implementing cloud computing arrangements that are service contracts are capitalized using methodology similar to internal-use software, but are included in Other Assets on our Consolidated Balance Sheets.",,0,significant_accounting_policies,1. Summary of Significant Accounting Policies,3,True,2.0 ans | 5.0 ans,"score=4,idx=13879,zone=22788",781,OK,
0000764478,BBY,2023,0000764478_BBY_FY2023_10K.html,,2025-02-01,"software for internal use are capitalized and amortized over the expected useful life of the software, generally from","Costs associated with the acquisition or development of software for internal use are capitalized and amortized over the expected useful life of the software, generally from two year s to five year s.",2.0,,No,,Not disclosed,,"Costs associated with implementing cloud computing arrangements that are service contracts are capitalized using methodology similar to internal-use software, but are included in Other assets on our Consolidated Balance Sheets.",,0,significant_accounting_policies,1. Summary of Significant Accounting Policies,3,True,2.0 ans | 5.0 ans,"score=4,idx=13644,zone=21941",779,OK,
0000764478,BBY,2024,0000764478_BBY_FY2024_10K.html,,2025-02-01,"software for internal use are capitalized at cost and amortized over the expected useful life of the software, generally from","Costs associated with the acquisition or development of software for internal use are capitalized at cost and amortized over the expected useful life of the software, generally from two year s to five year s.",2.0,,No,,Not disclosed,,Not disclosed,B200,1,significant_accounting_policies,1. Summary of Significant Accounting Policies,3,True,2.0 ans | 5.0 ans,"score=4,idx=12315,zone=21893",750,OK,
0001130464,BKH,2013,0001130464_BKH_FY2013_10K.html,,,Not disclosed,Not disclosed,,,No,,Not disclosed,,Not disclosed,,0,unknown,,0,False,,"score=6,idx=46897,zone=41089",1578,OK,
0001130464,BKH,2014,0001130464_BKH_FY2014_10K.html,,,Not disclosed,Not disclosed,,,No,,Not disclosed,,Not disclosed,,0,unknown,,0,False,,"score=6,idx=47324,zone=40331",1548,OK,
0001130464,BKH,2015,0001130464_BKH_FY2015_10K.html,,,Not disclosed,Not disclosed,,,No,,Not disclosed,,Not disclosed,,0,unknown,,0,False,,"score=6,idx=48559,zone=40931",1549,OK,
0001130464,BKH,2016,0001130464_BKH_FY2016_10K.html,,,Not disclosed,Not disclosed,,,No,,Not disclosed,,Not disclosed,,0,unknown,,0,False,,"score=6,idx=51053,zone=41645",1794,OK,
0001130464,BKH,2017,0001130464_BKH_FY2017_10K.html,,,Not disclosed,Not disclosed,,,No,,Not disclosed,,Not disclosed,,0,unknown,,0,False,,"score=6,idx=31854,zone=41440",1845,OK,
0001130464,BKH,2018,0001130464_BKH_FY2018_10K.html,,,Not disclosed,Not disclosed,,,No,,Not disclosed,,Not disclosed,,0,unknown,,0,False,,"score=6,idx=30333,zone=38638",1744,OK,
0001130464,BKH,2019,0001130464_BKH_FY2019_10K.html,,2019-12-31,equipment,"Due to the changes in our segment disclosures discussed in Note 5 , Total electric plant in service, Accumulated depreciation and amortization, and Electric plant net of accumulated depreciation and amortization were revised as of December 31, 2018 which resulted in an increase (decrease) of ($261) million , $91 million and ($170) million , respectively. There was no impact on our consolidated Plant, property and equipment.",,,Yes,"Due to the changes in our segment disclosures discussed in Note 5 , Total electric plant in service, Accumulated depreciation and amortization, and Electric plant net of accumulated depreciation and amortization were revised as of December 31, 2018 which resulted in an increase (decrease) of ($261) million , $91 million and ($170) million , respectively. There was no impact on our consolidated Plant, property and equipment.",Not disclosed,,"Internal-Use Software: Customer’s Accounting for Implementation Costs Incurred in a Cloud Computing Arrangement That Is a Service Contract, ASU 2018-15 ||| In August 2018, the FASB issued ASU 2018-15, Customer's Accounting for Implementation Costs Incurred in a Cloud Computing Arrangement That Is a Service Contract , which aligns the requirements for recording implementation costs incurred in a hosting arrangement that is a service contract with the requirements for capitalizing implementation costs incurred to develop or obtain internal-use software. As a result, certain categories of implementation costs that previously would have been charged to expense as incurred are now capitalized as prepayments and amortized over the term of the arrangement. The new guidance is effective for annual periods beginning after December 15, 2019, and interim periods within those fiscal years. The new guidance can be applied either retrospectively or prospectively to all implementation costs incurred after the date of adoption. Early adoption is permitted. We adopted this standard prospectively on January 1, 2020. Adoption of this guidance did not have a material impact on our financial position, results of operations or cash flows. ||| Customer's Accounting for Implementation Costs Incurred in a Cloud Computing Arrangement That Is a Service Contract",,0,ppe_note,Note 22. Quarterly Historical Data (unaudited),3,False,,"score=6,idx=34373,zone=39928",1623,OK,
0001130464,BKH,2020,0001130464_BKH_FY2020_10K.html,,2022-12-31,equipment,"The cost of regulated utility property, plant and equipment retired, or otherwise disposed of in the ordinary course of business, less salvage plus retirement costs, is charged to accumulated depreciation.",,,No,,Not disclosed,,"Internal-Use Software: Customer’s Accounting for Implementation Costs Incurred in a Cloud Computing Arrangement That Is a Service Contract, ASU 2018-15 ||| In August 2018, the FASB issued ASU 2018-15, Customer's Accounting for Implementation Costs Incurred in a Cloud Computing Arrangement That Is a Service Contract , which aligns the requirements for recording implementation costs incurred in a hosting arrangement that is a service contract with the requirements for capitalizing implementation costs incurred to develop or obtain internal-use software. As a result, certain categories of implementation costs that previously would have been charged to expense as incurred are now capitalized as prepayments and amortized over the term of the arrangement. We adopted this standard prospectively on January 1, 2020. Adoption of this guidance did not have a material impact on our financial position, results of operations or cash flows. ||| Customer's Accounting for Implementation Costs Incurred in a Cloud Computing Arrangement That Is a Service Contract",,0,significant_accounting_policies,Note 11,3,False,,"score=5,idx=22329,zone=19836",1191,OK,
0001130464,BKH,2021,0001130464_BKH_FY2021_10K.html,,2022-01-01,equipment,"The cost of regulated utility property, plant and equipment retired, or otherwise disposed in the ordinary course of business, less salvage plus retirement costs, is charged to accumulated depreciation.",,,No,,"Explore opportunities as an energy solutions provider. Another strategic initiative is to grow our business through creative energy solutions with new customers and partnerships. We see value creation by recruiting new customers and expanding existing partnerships with data centers, crypto miners and other blockchain opportunities; exploring energy markets such as RTOs; and expanding our transmission capabilities. As an example, we have supported enabling legislation in Wyoming for the growing blockchain and digital currency businesses while implementing our own Blockchain Interruptible Service Tariff to serve these customers. We are also re-focusing on our product and services offerings to our natural gas customers.",MD&A (Item 7),Not disclosed,,0,significant_accounting_policies,Note 4,3,False,,"score=5,idx=20088,zone=18002",1136,OK,
0001130464,BKH,2022,0001130464_BKH_FY2022_10K.html,,2023-01-26,Not disclosed,Not disclosed,,,No,,Explore opportunities as an energy solutions provider. Another strategic initiative is to grow our business through creative energy solutions with new customers and partnerships. We see value creation by recruiting new customers and expanding existing partnerships with data centers and blockchain opportunities; exploring energy markets such as RTOs; and expanding our transmission capabilities. A few recent examples of our initiatives to grow our business through creative solutions include:,MD&A (Item 7),"Operations and maintenance expense increased due to $10.3 million of higher generation-related expenses primarily due to higher fuel and materials costs and increased royalties on higher mining revenues, $4.5 million of higher outside services expenses primarily driven by higher contractor and consultant rates, $3.4 million of increased property taxes due to an expiration of an abatement and a higher asset base driven by recent capital expenditures, $3.4 million of higher cloud computing licensing costs, and $1.1 million of increased bad debt expense primarily attributable to higher customer billings. ||| Operations and maintenance expense increased due to $11.6 million of higher outside services and materials expenses driven primarily by higher contractor and consultant fees, $5.0 million of increased bad debt expense primarily attributable to higher customer billings, $4.6 million of higher cloud computing licensing costs, $3.2 million of higher property taxes driven by a higher asset base on recent capital expenditures, $2.1 million of higher vehicle expense driven by higher fuel costs, $1.6 million of higher employee-related expenses and $1.2 million increased travel and training expenses. ||| Cash outflows increased $15.2 million from other operating activities primarily due to higher cloud computing licensing costs, increased payments on settled commodity derivatives and higher preliminary survey charges.",,0,unknown,,0,False,,"score=7,idx=30071,zone=40879",1306,OK,
0001130464,BKH,2023,0001130464_BKH_FY2023_10K.html,,2024-01-17,Not disclosed,Not disclosed,,,No,,"Explore opportunities as an energy solutions provider. A key strategic initiative is to grow our business through innovative energy solutions with new customers and partnerships. We see value creation by recruiting new customers and expanding existing partnerships with data centers and blockchain opportunities; exploring energy markets such as RTOs; and expanding our transmission capabilities, establishing a RNG program and expanding our RNG portfolio. A few recent examples of our initiatives to grow our business as an energy solutions provider include:",MD&A (Item 7),• Cash outflows increased $12.8 million from other operating activities primarily due to higher costs from cloud computing arrangements. ||| Cash outflows increased $12.8 million from other operating activities primarily due to higher costs from cloud computing arrangements.,B200,1,unknown,,0,False,,"score=7,idx=25315,zone=29487",1209,OK,
0001130464,BKH,2024,0001130464_BKH_FY2024_10K.html,,2025-02-03,Not disclosed,Not disclosed,,,No,,"• Electric Utilities’ operating income decreased $15.8 million primarily due to unfavorable impacts from unplanned generation outages in 2024, lower off-system excess energy sales, higher insurance expense, and one-time benefits in 2023 from a gain on the sale of Northern Iowa Windpower assets, a gain on sale of land to support data center growth, and a recovery from our business interruption insurance. These unfavorable variances were partially offset by new rates and rider recovery and retail customer growth and usage.",MD&A (Item 7),• Cash outflows decreased $6.7 million from other operating activities primarily due to lower costs from cloud computing arrangements. ||| Cash outflows decreased $6.7 million from other operating activities primarily due to lower costs from cloud computing arrangements.,,0,unknown,,0,False,,"score=7,idx=24578,zone=29684",1231,OK,
