firm_cik,firm_ticker,fiscal_year,filename,filing_date,period_end_date,asset_category,useful_life_text,useful_life_min_years,useful_life_max_years,policy_change,policy_change_text,ai_infra_text,ai_infra_source,segment_ai_text,hardware_mentions,hardware_count,source_section,section_title,confidence,ambiguity_flag,ambiguity_detail,item8_method,item8_segment_count,extraction_status,error_message
0000014272,BMY,2013,0000014272_BMY_FY2013_10K.html,,,Not disclosed,Not disclosed,,,No,,Not disclosed,,Not disclosed,,0,unknown,,0,False,,"score=3,idx=24752,zone=40321",1,OK,
0000014272,BMY,2014,0000014272_BMY_FY2014_10K.html,,,Not disclosed,Not disclosed,,,No,,Not disclosed,,Not disclosed,,0,unknown,,0,False,,"score=3,idx=21739,zone=39910",4,OK,
0000014272,BMY,2015,0000014272_BMY_FY2015_10K.html,,,Not disclosed,Not disclosed,,,No,,Not disclosed,,Not disclosed,,0,unknown,,0,False,,"score=3,idx=21116,zone=38893",4,OK,
0000014272,BMY,2016,0000014272_BMY_FY2016_10K.html,,,Not disclosed,Not disclosed,,,No,,Not disclosed,,Not disclosed,,0,unknown,,0,False,,"score=3,idx=18629,zone=37075",4,OK,
0000014272,BMY,2017,0000014272_BMY_FY2017_10K.html,,,Not disclosed,Not disclosed,,,No,,Not disclosed,,Not disclosed,,0,unknown,,0,False,,"score=3,idx=19073,zone=36437",4,OK,
0000014272,BMY,2018,0000014272_BMY_FY2018_10K.html,,"December 31, 2018",Not disclosed,Not disclosed,,,No,,Not disclosed,,Not disclosed,,0,unknown,,0,False,,"score=3,idx=19480,zone=35536",4,OK,
0000014272,BMY,2019,0000014272_BMY_FY2019_10K.html,,2029-12-31,Not disclosed,Not disclosed,,,No,,Not disclosed,,Not disclosed,,0,unknown,,0,False,,"score=3,idx=24731,zone=39759",4,OK,
0000014272,BMY,2020,0000014272_BMY_FY2020_10K.html,,2020-12-31,Not disclosed,Not disclosed,,,No,,Not disclosed,,Not disclosed,,0,unknown,,0,False,,"score=2,idx=20064,zone=20329",1075,OK,
0000014272,BMY,2021,0000014272_BMY_FY2021_10K.html,,2021-12-31,Not disclosed,Not disclosed,,,No,,Not disclosed,,Not disclosed,,0,unknown,,0,False,,"score=2,idx=17882,zone=17282",1021,OK,
0000014272,BMY,2022,0000014272_BMY_FY2022_10K.html,,2027-12-31,Not disclosed,Not disclosed,,,No,,Not disclosed,,Not disclosed,,0,unknown,,0,False,,"score=2,idx=16982,zone=16424",953,OK,
0000014272,BMY,2023,0000014272_BMY_FY2023_10K.html,,2028-12-31,Not disclosed,Not disclosed,,,No,,Not disclosed,,Not disclosed,,0,unknown,,0,False,,"score=2,idx=17751,zone=16207",992,OK,
0000014272,BMY,2024,0000014272_BMY_FY2024_10K.html,,2029-12-31,Not disclosed,Not disclosed,,,No,,Not disclosed,,Not disclosed,,0,unknown,,0,False,,"score=2,idx=18479,zone=16686",981,OK,
0000014707,CAL,2013,0000014707_CAL_FY2013_10K.html,,,"equipment, Capitalized software","Famous Wholesale Specialty ($ thousands) Footwear Operations Retail Other Total Fiscal 2013 External sales $ 1,527,537 $ 763,670 $ 221,906 $ – $ 2,513,113 Intersegment sales 2,424 205,469 – – 207,893 Depreciation and amortization 25,915 10,019 3,423 15,972 55,329 Amortization of debt issuance costs and debt discount – – – 2,513 2,513 Operating earnings (loss) 107,126 43,130 (4,965) (46,674) 98,617 Segment assets 433,781 434,532 95,138 185,952 1,149,403 Purchases of property and equipment 32,728 2,221 3,805 5,214 43,968 Capitalized software 193 122 – 4,920 5,235 Fiscal 2012 External sales $ 1,514,349 $ 724,907 $ 238,540 $ – $ 2,477,796 Intersegment sales 2,311 220,207 – – 222,518 Depreciation and amortization 22,819 13,688 2,991 15,285 54,783 Amortization of debt issuance costs and debt discount – – – 2,561 2,561 Operating earnings (loss) 94,096 30,247 (8,850) (41,015) 74,478 Segment assets 472,180 509,237 59,475 133,081 1,173,973 Purchases of property and equipment 34,931 8,969 6,716 5,185 55,801 Capitalized software – 3 – 7,925 7,928 Fiscal 2011 External sales $ 1,456,314 $ 722,815 $ 255,637 $ – $ 2,434,766 Intersegment sales 2,156 206,258 – – 208,414 Depreciation and amortization 26,116 15,521 3,517 13,957 59,111 Amortization of debt issuance costs and debt discount – – – 2,338 2,338 Operating earnings (loss) 62,515 11,721 (7,627) (36,077) 30,532 Segment assets 435,344 595,355 56,151 140,626 1,227,476 Purchases of property and equipment 16,272 5,991 3,901 1,693 27,857 Capitalized software 273 15 – 10,419 10,707",,,No,,Not disclosed,,Not disclosed,,0,significant_accounting_policies,3. EARNINGS PER SHARE,3,False,,"score=5,idx=11266,zone=36049",1466,OK,
0000014707,CAL,2014,0000014707_CAL_FY2014_10K.html,,"January 31, 2015",Not disclosed,Not disclosed,,,No,,Not disclosed,,Not disclosed,,0,unknown,,0,False,,"score=5,idx=14240,zone=42618",28,OK,
0000014707,CAL,2015,0000014707_CAL_FY2015_10K.html,,"January 30, 2016",Not disclosed,Not disclosed,,,No,,Not disclosed,,Not disclosed,,0,unknown,,0,False,,"score=5,idx=14286,zone=39806",28,OK,
0000014707,CAL,2016,0000014707_CAL_FY2016_10K.html,,"January 28, 2017",Not disclosed,Not disclosed,,,No,,Not disclosed,,Not disclosed,,0,unknown,,0,False,,"score=5,idx=14336,zone=39286",28,OK,
0000014707,CAL,2017,0000014707_CAL_FY2017_10K.html,,"February 3, 2018",Not disclosed,Not disclosed,,,No,,Not disclosed,,Not disclosed,,0,unknown,,0,False,,"score=5,idx=14447,zone=39415",27,OK,
0000014707,CAL,2018,0000014707_CAL_FY2018_10K.html,,"February 2, 2019",Not disclosed,Not disclosed,,,No,,Not disclosed,,Not disclosed,,0,unknown,,0,False,,"score=5,idx=13602,zone=40868",27,OK,
0000014707,CAL,2019,0000014707_CAL_FY2019_10K.html,,"February 1, 2020",capitalized software,Amortization of capitalized software,,,No,,Not disclosed,,Not disclosed,,0,item_8_other,,1,False,,"score=7,idx=12408,zone=21670",154,OK,
0000014707,CAL,2020,0000014707_CAL_FY2020_10K.html,,"January 30, 2021",computer software,"Other assets on the consolidated balance sheets include $15.5 million and $16.2 million of computer software costs as of January 30, 2021 and February 1, 2020, respectively, which are net of accumulated amortization of $131.1 million and $126.1 million as of the end of the respective periods. In addition, other assets on the consolidated balance sheets include $9.6 million and $8.0 million of implementation costs for software as a service as of January 30, 2021 and February 1, 2020, respectively, which are net of accumulated amortization of $0.6 million and $0.3 million as of the end of the respective periods.",,,No,,Not disclosed,,Not disclosed,,0,significant_accounting_policies,1. SUMMARY OF SIGNIFICANT ACCOUNTING POLICIES,3,False,,"score=11,idx=14422,zone=25482",700,OK,
0000014707,CAL,2021,0000014707_CAL_FY2021_10K.html,,"January 29, 2022",computer software,"Other assets on the consolidated balance sheets include $14.1 million and $15.5 million of computer software costs as of January 29, 2022 and January 30, 2021, respectively, which are net of accumulated amortization of $130.3 million and $131.1 million as of the end of the respective periods.",,,No,,Not disclosed,,Not disclosed,,0,significant_accounting_policies,1. SUMMARY OF SIGNIFICANT ACCOUNTING POLICIES,3,False,,"score=11,idx=13222,zone=24614",653,OK,
0000014707,CAL,2022,0000014707_CAL_FY2022_10K.html,,"January 28, 2023",computer software,"Other assets on the consolidated balance sheets include $16.0 million and $14.1 million of computer software costs as of January 28, 2023 and January 29, 2022, respectively, which are net of accumulated amortization of $88.5 million and $130.3 million as of the end of the respective periods. In addition, other assets on the consolidated balance sheets include $5.6 million and $7.7 million of implementation costs for software as a service as of January 28, 2023 and January 29, 2022, respectively, which are net of accumulated amortization of $4.7 million and $2.7 million as of the end of the respective periods.",,,No,,Not disclosed,,Not disclosed,,0,significant_accounting_policies,1. SUMMARY OF SIGNIFICANT ACCOUNTING POLICIES,3,False,,"score=11,idx=13444,zone=24345",603,OK,
0000014707,CAL,2023,0000014707_CAL_FY2023_10K.html,,"February 3, 2024",computer software,"Other assets on the consolidated balance sheets include $16.3 million and $16.0 million of computer software costs as of February 3, 2024 and January 28, 2023, respectively, which are net of accumulated amortization of $88.1 million and $88.5 million as of the end of the respective periods. In addition, other assets on the consolidated balance sheets include $16.4 million and $5.6 million for cloud computing arrangements (software-as-a-service contracts) and related implementation costs as of February 3, 2024 and January 28, 2023, respectively, which are net of accumulated amortization of $6.7 million and $4.7 million as of the end of the respective periods.",,,No,,Not disclosed,,"The Company capitalizes certain costs in other assets, including internal payroll costs incurred in connection with the development or acquisition of software for internal use. Other assets on the consolidated balance sheets include $16.3 million and $16.0 million of computer software costs as of February 3, 2024 and January 28, 2023, respectively, which are net of accumulated amortization of $88.1 million and $88.5 million as of the end of the respective periods. In addition, other assets on the consolidated balance sheets include $16.4 million and $5.6 million for cloud computing arrangements (software-as-a-service contracts) and related implementation costs as of February 3, 2024 and January 28, 2023, respectively, which are net of accumulated amortization of $6.7 million and $4.7 million as of the end of the respective periods. The balance as of February 3, 2024 includes capitalized costs associated with the Company’s multi-year implementation of a cloud-based ERP.",,0,significant_accounting_policies,1. SUMMARY OF SIGNIFICANT ACCOUNTING POLICIES,3,False,,"score=11,idx=13030,zone=24225",604,OK,
0000014707,CAL,2024,0000014707_CAL_FY2024_10K.html,,"February 1, 2025",computer software,"Other assets on the consolidated balance sheets include $13.6 million and $16.3 million of computer software costs as of February 1, 2025 and February 3, 2024, respectively, which are net of accumulated amortization of $76.8 million and $88.1 million as of the end of the respective periods. In addition, other assets on the consolidated balance sheets include $24.8 million and $16.4 million for cloud computing arrangements (software-as-a-service contracts) and related implementation costs as of February 1, 2025 and February 3, 2024, respectively, which are net of accumulated amortization of $9.4 million and $6.7 million as of the end of the respective periods.",,,No,,Not disclosed,,"The Company capitalizes certain costs in other assets, including internal payroll costs incurred in connection with the development or acquisition of software for internal use. Other assets on the consolidated balance sheets include $13.6 million and $16.3 million of computer software costs as of February 1, 2025 and February 3, 2024, respectively, which are net of accumulated amortization of $76.8 million and $88.1 million as of the end of the respective periods. In addition, other assets on the consolidated balance sheets include $24.8 million and $16.4 million for cloud computing arrangements (software-as-a-service contracts) and related implementation costs as of February 1, 2025 and February 3, 2024, respectively, which are net of accumulated amortization of $9.4 million and $6.7 million as of the end of the respective periods. These balances include capitalized costs associated with the Company’s implementation of its cloud-based ERP in 2024.",,0,significant_accounting_policies,1. SUMMARY OF SIGNIFICANT ACCOUNTING POLICIES,3,False,,"score=11,idx=13545,zone=25521",600,OK,
0000014930,BC,2013,0000014930_BC_FY2013_10K.html,,,Not disclosed,Not disclosed,,,No,,Not disclosed,,Not disclosed,,0,unknown,,0,False,,"score=4,idx=12055,zone=11",2,OK,
0000014930,BC,2014,0000014930_BC_FY2014_10K.html,,,Not disclosed,Not disclosed,,,No,,Not disclosed,,Not disclosed,,0,unknown,,0,False,,"score=4,idx=11489,zone=18",2,OK,
0000014930,BC,2015,0000014930_BC_FY2015_10K.html,,,Not disclosed,Not disclosed,,,No,,Not disclosed,,Not disclosed,,0,unknown,,0,False,,"score=4,idx=12028,zone=10",2,OK,
0000014930,BC,2016,0000014930_BC_FY2016_10K.html,,,Not disclosed,Not disclosed,,,No,,Not disclosed,,Not disclosed,,0,unknown,,0,False,,"score=4,idx=12226,zone=20",3,OK,
0000014930,BC,2017,0000014930_BC_FY2017_10K.html,,,Not disclosed,Not disclosed,,,No,,Not disclosed,,Not disclosed,,0,unknown,,0,False,,"score=4,idx=12390,zone=20",3,OK,
0000014930,BC,2018,0000014930_BC_FY2018_10K.html,,,Not disclosed,Not disclosed,,,No,,Not disclosed,,Not disclosed,,0,unknown,,0,False,,"score=4,idx=13294,zone=20",3,OK,
0000014930,BC,2019,0000014930_BC_FY2019_10K.html,,"December 31, 2019",Not disclosed,Not disclosed,,,No,,Not disclosed,,Not disclosed,,0,unknown,,0,False,,"score=4,idx=17470,zone=20",3,OK,
0000014930,BC,2020,0000014930_BC_FY2020_10K.html,,"December 31, 2020",Not disclosed,Not disclosed,,,No,,Not disclosed,,Not disclosed,A100,1,unknown,,0,False,,"score=2,idx=13957,zone=18",3,OK,
0000014930,BC,2021,0000014930_BC_FY2021_10K.html,,"December 31, 2021",Not disclosed,Not disclosed,,,No,,Not disclosed,,Not disclosed,B200,1,unknown,,0,False,,"score=2,idx=12625,zone=27",3,OK,
0000014930,BC,2022,0000014930_BC_FY2022_10K.html,,"December 31, 2022",Not disclosed,Not disclosed,,,No,,Not disclosed,,Not disclosed,,0,unknown,,0,False,,"score=2,idx=13158,zone=13",3,OK,
0000014930,BC,2023,0000014930_BC_FY2023_10K.html,,"December 31, 2023",Not disclosed,Not disclosed,,,No,,Not disclosed,,Not disclosed,,0,unknown,,0,False,,"score=2,idx=14399,zone=14",3,OK,
0000014930,BC,2024,0000014930_BC_FY2024_10K.html,,"December 31, 2024",Not disclosed,Not disclosed,,,No,,Not disclosed,,Not disclosed,,0,unknown,,0,False,,"score=2,idx=12775,zone=13",3,OK,
0000015615,MTZ,2013,0000015615_MTZ_FY2013_10K.html,,,"equipment, furniture",Property and equipment under capital leases are depreciated over their estimated useful lives.,,,No,,Not disclosed,,Not disclosed,,0,significant_accounting_policies,"Note 1 – Business, Basis of Presentation and Significant Accounting Policies",3,False,,"score=6,idx=12174,zone=31552",1102,OK,
0000015615,MTZ,2014,0000015615_MTZ_FY2014_10K.html,,,"equipment, furniture",Property and equipment under capital leases are depreciated over their estimated useful lives.,,,No,,Not disclosed,,Not disclosed,,0,significant_accounting_policies,"Note 1 – Business, Basis of Presentation and Significant Accounting Policies",3,False,,"score=6,idx=12174,zone=31552",1102,OK,
0000015615,MTZ,2015,0000015615_MTZ_FY2015_10K.html,,,"equipment, furniture",Property and equipment under capital leases are depreciated over their estimated useful lives.,,,No,,Not disclosed,,"Intangibles - Goodwill and Other - Internal-Use Software (Subtopic 350-40): Customer’s Accounting for Fees Paid in a Cloud Computing Arrangement ||| . ASU 2015-05 provides guidance for determining whether a cloud computing arrangement includes a software license and requires that all software licenses within the scope of Subtopic 350-40 be accounted for in a manner consistent with other licenses of intangible assets. ASU 2015-05, for which early application is permitted, is effective for fiscal years, and for interim periods within those fiscal years, beginning after December 15, 2015, with retrospective application permitted for all relevant prior periods. This ASU, which the Company adopted as of January 1, 2016, is not expected to have a material effect on the Company’s consolidated financial statements. ||| In April 2015, the FASB issued ASU 2015-05, Intangibles - Goodwill and Other - Internal-Use Software (Subtopic 350-40): Customer’s Accounting for Fees Paid in a Cloud Computing Arrangement . ASU 2015-05 provides guidance for determining whether a cloud computing arrangement includes a software license and requires that all software licenses within the scope of Subtopic 350-40 be accounted for in a manner consistent with other licenses of intangible assets. ASU 2015-05, for which early application is permitted, is effective for fiscal years, and for interim periods within those fiscal years, beginning after December 15, 2015, with retrospective application permitted for all relevant prior periods. This ASU, which the Company adopted as of January 1, 2016, is not expected to have a material effect on the Company’s consolidated financial statements.",,0,significant_accounting_policies,Note 5,3,False,,"score=6,idx=14258,zone=29371",1309,OK,
0000015615,MTZ,2016,0000015615_MTZ_FY2016_10K.html,,,"equipment, furniture",Property and equipment under capital leases are depreciated over their estimated useful lives.,,,No,,Not disclosed,,Not disclosed,,0,significant_accounting_policies,"Note 1 – Business, Basis of Presentation and Significant Accounting Policies",3,False,,"score=6,idx=13744,zone=28187",1221,OK,
0000015615,MTZ,2017,0000015615_MTZ_FY2017_10K.html,,,"equipment, furniture",Property and equipment under capital leases are depreciated over their estimated useful lives.,,,No,,Not disclosed,,Not disclosed,,0,significant_accounting_policies,"Note 1 – Business, Basis of Presentation and Significant Accounting Policies",3,False,,"score=6,idx=13186,zone=27234",1185,OK,
0000015615,MTZ,2018,0000015615_MTZ_FY2018_10K.html,,,"equipment, furniture",Property and equipment under capital leases are depreciated over their estimated useful lives.,,,No,,Not disclosed,,"Customer’s Accounting for Implementation Costs Incurred in a Cloud Computing Arrangement That Is a Service Contract ||| (“ASU 2018-15”) to reduce diversity in practice in accounting for the costs of implementing cloud computing arrangements that are service contracts. ASU 2018-15 aligns the requirements for capitalizing implementation costs incurred in a cloud computing arrangement that is a service contract with the requirements for internal-use software. Accounting for the service element of the cloud computing arrangement is not affected by the new guidance. Under ASU 2018-15, amortization expense, ||| In August 2018, the FASB issued ASU 2018-15, Intangibles-Goodwill and Other-Internal-Use Software (Subtopic 350-40) Customer’s Accounting for Implementation Costs Incurred in a Cloud Computing Arrangement That Is a Service Contract (“ASU 2018-15”) to reduce diversity in practice in accounting for the costs of implementing cloud computing arrangements that are service contracts. ASU 2018-15 aligns the requirements for capitalizing implementation costs incurred in a cloud computing arrangement that is a service contract with the requirements for internal-use software. Accounting for the service element of the cloud computing arrangement is not affected by the new guidance. Under ASU 2018-15, amortization expense,",,0,significant_accounting_policies,Note 4,3,False,,"score=6,idx=11903,zone=27517",1209,OK,
0000015615,MTZ,2019,0000015615_MTZ_FY2019_10K.html,,"December 31, 2019","equipment, furniture","Depreciation and amortization of property and equipment, including finance lease assets, is computed using the straight-line method over the estimated useful lives of the respective assets.",,,No,,Not disclosed,,"In August 2018, the FASB issued ASU 2018-15, Intangibles-Goodwill and Other-Internal-Use Software (Subtopic 350-40) Customer’s Accounting for Implementation Costs Incurred in a Cloud Computing Arrangement That Is a Service Contract (“ASU 2018-15”) to reduce diversity in practice in accounting for the costs of implementing cloud computing arrangements that are service contracts. ASU 2018-15 aligns the requirements for capitalizing implementation costs incurred in a cloud computing arrangement that is a service contract with the requirements for internal-use software. Accounting for the service element of the cloud computing arrangement is not affected by the new guidance. Under ASU 2018-15, amortization expense, payments for and asset balances related to such capitalized implementation costs are to be presented within the same line items of the entity’s statements of operations, cash flows and balance sheets, respectively, as the related service fee activity and balances would be presented. ASU 2018-15 i s effective for fiscal years, and for interim periods within those fiscal years, beginning after December 15, 2019. The Company will adopt ASU 2018-15 in the first quarter of 2020 and is assessing the potential effect of this ASU on its consolidated financial statements. ||| Customer’s Accounting for Implementation Costs Incurred in a Cloud Computing Arrangement That Is a Service Contract ||| (“ASU 2018-15”) to reduce diversity in practice in accounting for the costs of implementing cloud computing arrangements that are service contracts. ASU 2018-15 aligns the requirements for capitalizing implementation costs incurred in a cloud computing arrangement that is a service contract with the requirements for internal-use software. Accounting for the service element of the cloud computing arrangement is not affected by the new guidance. Under ASU 2018-15, amortization expense, payments for and asset balances related to such capitalized implementation costs are to be presented within the same line items of the entity’s statements of operations, cash flows and balance sheets, respectively, as the related service fee activity and balances would be presented. ASU 2018-15",,0,significant_accounting_policies,Note 4 - Fair Value of Financial Instruments,3,False,,"score=6,idx=16504,zone=30761",1219,OK,
0000015615,MTZ,2020,0000015615_MTZ_FY2020_10K.html,,2028-08-15,"equipment, furniture","Depreciation and amortization of property and equipment, including finance lease assets, is computed using the straight-line method over the estimated useful lives of the respective assets.",,,No,,Not disclosed,,"In August 2018, the Financial Accounting Standards Board (“FASB”) issued Accounting Standard Update (“ASU”) 2018-15, Intangibles-Goodwill and Other-Internal-Use Software (Subtopic 350-40) Customer’s Accounting for Implementation Costs Incurred in a Cloud Computing Arrangement That Is a Service Contract (“ASU 2018-15”) to reduce diversity in practice in accounting for the costs of implementing cloud computing arrangements that are service contracts. ASU 2018-15 aligns the requirements for capitalizing implementation costs incurred in a cloud computing arrangement that is a service contract with the requirements for internal-use software. Accounting for the service element of the cloud computing arrangement is not affected by the new guidance. Under ASU 2018-15, amortization expense, payments for and asset balances related to such capitalized implementation costs are to be presented within the same line items of the entity’s statements of operations, cash flows and balance sheets, respectively, as the related service fee activity and balances would be presented. ASU 2018-15, which the Company adopted on a prospective basis during the first quarter of 2020, did not have a material effect on the Company’s consolidated financial statements. ||| Intangibles-Goodwill and Other-Internal-Use Software (Subtopic 350-40) Customer’s Accounting for Implementation Costs Incurred in a Cloud Computing Arrangement That Is a Service Contract ||| (“ASU 2018-15”) to reduce diversity in practice in accounting for the costs of implementing cloud computing arrangements that are service contracts. ASU 2018-15 aligns the requirements for capitalizing implementation costs incurred in a cloud computing arrangement that is a service contract with the requirements for internal-use software. Accounting for the service element of the cloud computing arrangement is not affected by the new guidance. Under ASU 2018-15, amortization expense, payments for and asset balances related to such capitalized implementation costs are to be presented within the same line items of the entity’s statements of operations, cash flows and balance sheets, respectively, as the related service fee activity and balances would be presented. ASU 2018-15, which the Company adopted on a prospective basis during the first quarter of 2020, did not have a material effect on the Company’s consolidated financial statements.",B200,1,significant_accounting_policies,"Note 1 – Business, Basis of Presentation and Significant Accounting Policies",3,False,,"score=5,idx=10655,zone=9858",713,OK,
0000015615,MTZ,2021,0000015615_MTZ_FY2021_10K.html,,2028-08-15,"furniture, equipment","Capitalized internal-use software, net of accumulated amortization, totaled $43.9 million and $34.3 million as of December 31, 2021 and 2020, respectively.",,,No,,Not disclosed,,Not disclosed,,0,ppe_note,"Note 6 – Property and Equipment, Net",3,False,,"score=5,idx=10384,zone=9491",693,OK,
0000015615,MTZ,2022,0000015615_MTZ_FY2022_10K.html,,2028-08-15,"equipment, office equipment, furniture","Depreciation and amortization of property and equipment, including finance lease assets, is computed using the straight-line method over the estimated useful lives of the respective assets.",,,No,,Not disclosed,,Not disclosed,,0,significant_accounting_policies,"Note 1 – Business, Basis of Presentation and Significant Accounting Policies",3,False,,"score=5,idx=11452,zone=9939",757,OK,
0000015615,MTZ,2023,0000015615_MTZ_FY2023_10K.html,,2028-08-15,"equipment, office equipment, furniture","Depreciation and amortization of property and equipment, including finance lease assets, is computed using the straight-line method over the estimated useful lives of the respective assets.",,,No,,Not disclosed,,Not disclosed,,0,significant_accounting_policies,"Note 1 – Business, Basis of Presentation and Significant Accounting Policies",3,False,,"score=5,idx=11686,zone=10104",800,OK,
0000015615,MTZ,2024,0000015615_MTZ_FY2024_10K.html,,2028-08-15,"equipment, office equipment, furniture","Depreciation and amortization of property and equipment, including finance lease assets, is computed using the straight-line method over the estimated useful lives of the respective assets.",,,Yes,"During the third quarter of 2024, based on the Company’s experience with the duration over which certain machinery and equipment is expected to be utilized, the Company completed a review of the estimated useful lives of certain machinery and equipment, which resulted in a net increase in the estimated useful lives of such machinery and equipment.","2024 Acquisitions . During 2024, MasTec completed three acquisitions, which included all of the equity interests of a construction company focused on underground utility infrastructure for industrial and municipal projects, with expertise in data center utility systems, which acquisition is included within the Company’s Power Delivery segment, and was effective in July; the acquisition of certain operations of a heavy civil contractor specializing in transportation projects, which acquisition is included within the Company’s Clean Energy and Infrastructure segment and was effective in October; and effective in December, the acquisition of the equity interests of a company focused on pipeline infrastructure and heavy civil projects, which acquisition is included within the Company’s Pipeline Infrastructure segment. The Company expects these acquisitions will increase its service offerings and further advance its ability to meet increasing demand for data center infrastructure, in addition to expanding its heavy civil and pipeline infrastructure operations.",Item 8,Not disclosed,,0,significant_accounting_policies,"Note 1 – Business, Basis of Presentation and Significant Accounting Policies",3,False,,"score=5,idx=11643,zone=10505",743,OK,
0000016040,CBT,2013,0000016040_CBT_FY2013_10K.html,,"September 30, 2013",Not disclosed,Not disclosed,,,Yes,"In the third quarter of fiscal 2013, the Company changed the estimated
depreciable lives of certain machinery and equipment from ten to twenty-five years to reflect the Company’s experience. The change was accounted for as a change in estimate. Based on the asset base at the time of the change, the Company expects
the change will increase Income from continuing operations by $9 million ($0.14 per diluted common share) over a twelve month period. The change increased Income from continuing operations by $4 million ($0.06 per diluted common share) in fiscal
2013.",Not disclosed,,Not disclosed,,0,unknown,,0,False,,"fallback,idx=11440,zone=34978",811,OK,
0000016040,CBT,2014,0000016040_CBT_FY2014_10K.html,,"September 30, 2014",Not disclosed,Not disclosed,,,No,,Not disclosed,,Not disclosed,,0,unknown,,0,False,,"fallback,idx=11185,zone=34872",780,OK,
0000016040,CBT,2015,0000016040_CBT_FY2015_10K.html,,"September 30, 2015",Not disclosed,Not disclosed,,,No,,Not disclosed,,Not disclosed,,0,unknown,,0,False,,"fallback,idx=8720,zone=25801",927,OK,
0000016040,CBT,2016,0000016040_CBT_FY2016_10K.html,,"September 30, 2016",Not disclosed,Not disclosed,,,Yes,"The Company has recorded other pre-tax restructuring charges of approximately $1 million, $13 million and $8 million during fiscal 2016, 2015 and 2014, respectively, related to restructuring activities at several other locations. Fiscal 2016 activity is comprised mainly of non-cash accelerated depreciation and severance adjustments incurred primarily at the Company’s Specialty Fluids facility in Canada and corporate headquarters in Boston, Massachusetts. Fiscal 2015 charges are comprised of $7 million of cash severance charges, $4 million of non-cash asset write-offs and accelerated depreciation, and $2 million of other cash costs. Fiscal 2015 costs were incurred at the Company’s corporate headquarters in Boston, Massachusetts and Specialty Fluids facility in Bergen, Norway, as well as other locations. Fiscal 2014 charges are comprised of non-cash accelerated depreciation and asset write-offs of $5 million and severance charges of $3 million and were comprised of charges at the Company’s carbon black facilities in Port Dickson, Malaysia and Maua, Brazil, as well as other locations. No future charges related to these actions are expected.",Not disclosed,,Not disclosed,,0,unknown,,0,False,,"fallback,idx=10247,zone=25861",925,OK,
0000016040,CBT,2017,0000016040_CBT_FY2017_10K.html,,"September 30, 2017",Not disclosed,Not disclosed,,,No,,Not disclosed,,Not disclosed,,0,unknown,,0,False,,"fallback,idx=9946,zone=24511",908,OK,
0000016040,CBT,2018,0000016040_CBT_FY2018_10K.html,,"September 30, 2018",Not disclosed,Not disclosed,,,No,,Not disclosed,,Not disclosed,,0,unknown,,0,False,,"fallback,idx=9491,zone=26121",1021,OK,
0000016040,CBT,2019,0000016040_CBT_FY2019_10K.html,,2020-09-30,Not disclosed,Not disclosed,,,No,,Not disclosed,,"In August 2018, the FASB issued a new standard to align the requirements for capitalizing implementation costs incurred in a cloud computing arrangement that is a service contract with the requirements for capitalizing implementation costs incurred to develop or obtain internal-use software. The updated guidance also requires an entity to expense the capitalized implementation costs of a cloud computing arrangement that is a service contract over the term of the arrangement and includes expanded disclosure requirements for such costs. The Company adopted this standard prospectively on January 1, 2019. The adoption of this standard did not have a material impact to the Company’s consolidated financial statements.",,0,unknown,,0,False,,"fallback,idx=13543,zone=25550",981,OK,
0000016040,CBT,2020,0000016040_CBT_FY2020_10K.html,,2021-09-30,Not disclosed,Not disclosed,,,No,,Not disclosed,,Not disclosed,,0,unknown,,0,False,,"fallback,idx=13871,zone=26156",1001,OK,
0000016040,CBT,2021,0000016040_CBT_FY2021_10K.html,,2022-09-30,Not disclosed,Not disclosed,,,No,,Not disclosed,,Not disclosed,B200,1,unknown,,0,False,,"fallback,idx=9387,zone=24940",950,OK,
0000016040,CBT,2022,0000016040_CBT_FY2022_10K.html,,2023-09-30,Not disclosed,Not disclosed,,,No,,Not disclosed,,Not disclosed,,0,unknown,,0,False,,"fallback,idx=8948,zone=23552",911,OK,
0000016040,CBT,2023,0000016040_CBT_FY2023_10K.html,,2024-09-30,Not disclosed,Not disclosed,,,No,,Not disclosed,,Not disclosed,,0,unknown,,0,False,,"fallback,idx=10423,zone=34598",1020,OK,
0000016040,CBT,2024,0000016040_CBT_FY2024_10K.html,,2025-09-30,Not disclosed,Not disclosed,,,No,,Not disclosed,,Not disclosed,,0,unknown,,0,False,,"fallback,idx=10473,zone=34515",1045,OK,
0000016058,CACI,2013,0000016058_CACI_FY2013_10K.html,,"June 30, 2013",Not disclosed,Not disclosed,,,No,,Not disclosed,,Not disclosed,,0,unknown,,0,False,,"score=4,idx=7555,zone=8",1,OK,
0000016058,CACI,2014,0000016058_CACI_FY2014_10K.html,,"June 30, 2014",Not disclosed,Not disclosed,,,No,,Not disclosed,,Not disclosed,,0,unknown,,0,False,,"score=4,idx=7262,zone=8",1,OK,
0000016058,CACI,2015,0000016058_CACI_FY2015_10K.html,,"June 30, 2015",Not disclosed,Not disclosed,,,No,,Not disclosed,,Not disclosed,,0,unknown,,0,False,,"score=4,idx=5044,zone=4",2,OK,
0000016058,CACI,2016,0000016058_CACI_FY2016_10K.html,,"June 30, 2016",Not disclosed,Not disclosed,,,No,,Not disclosed,,Not disclosed,,0,unknown,,0,False,,"score=4,idx=5353,zone=7",2,OK,
0000016058,CACI,2017,0000016058_CACI_FY2017_10K.html,,"June 30, 2017",Not disclosed,Not disclosed,,,No,,Not disclosed,,Not disclosed,,0,unknown,,0,False,,"score=4,idx=5247,zone=7",2,OK,
0000016058,CACI,2018,0000016058_CACI_FY2018_10K.html,,"June 30, 2018",Not disclosed,Not disclosed,,,No,,Not disclosed,,Not disclosed,,0,unknown,,0,False,,"score=4,idx=5164,zone=4",2,OK,
0000016058,CACI,2019,0000016058_CACI_FY2019_10K.html,,"June 30, 2019",Not disclosed,Not disclosed,,,No,,Not disclosed,,"Enterprise Information Technology (IT) – CACI’s Enterprise IT solutions support our customers’ missions. Our experts secure operational IT environments in the defense, intelligence, homeland security, and civilian communities. We provide tailored, end-to-end, enterprise-wide information solutions and services for the design, development, integration, deployment, operations and management, sustainment, and security of our customers’ IT solutions. An Amazon Web Services (AWS) Premier Consulting Partner and Microsoft Cloud Solution Provider for Government, we deliver cloud-powered solutions, performance-based service management, development operations and mobility, defensive cyber, end-user services, and infrastructure services. We support customers in the adoption of virtualized cloud services and mobile solutions that are revolutionizing the efficiency, reliability, and cost-effectiveness of IT services. We provide managed services and technical services that enhance efficiency, improve mission uptime, and reduce costs. Our operational, analytic, consulting, and transformational services use industry leading-edge practices, standards, and innovations to enable and optimize the full lifecycle of the enterprise IT environment. ||| – CACI’s Enterprise IT solutions support our customers’ missions. Our experts secure operational IT environments in the defense, intelligence, homeland security, and civilian communities. We provide tailored, end-to-end, enterprise-wide information solutions and services for the design, development, integration, deployment, operations and management, sustainment, and security of our customers’ IT solutions. An Amazon Web Services (AWS) Premier Consulting Partner and Microsoft Cloud Solution Provider for Government, we deliver cloud-powered solutions, performance-based service management, development operations and mobility, defensive cyber, end-user services, and infrastructure services. We support customers in the adoption of virtualized cloud services and mobile solutions that are revolutionizing the efficiency, reliability, and cost-effectiveness of IT services. We provide managed services and technical services that enhance efficiency, improve mission uptime, and reduce costs. Our operational, analytic, consulting, and transformational services use industry leading-edge practices, standards, and innovations to enable and optimize the full lifecycle of the enterprise IT environment. ||| We operate in a highly competitive industry that includes many firms, some of which are larger in size and have greater financial resources than we do. We obtain much of our business on the basis of proposals submitted in response to requests from potential and current customers, who may also receive proposals from other firms. Non-traditional players have entered the market and have established positions related to such areas as cloud computing, cyber, satellite operations, business systems and healthcare IT. Additionally, we face indirect competition from certain government agencies that perform services for themselves similar to those marketed by us. We know of no single competitor that is dominant in our fields of technology. We have a relatively small share of the available worldwide market for our solutions and services and intend to achieve growth and increase market share both organically and through strategic acquisitions.",,0,unknown,,0,False,,"score=2,idx=349,zone=4741",515,OK,
0000016058,CACI,2020,0000016058_CACI_FY2020_10K.html,,2021-10-31,Not disclosed,Not disclosed,,,No,,Not disclosed,,Not disclosed,,0,unknown,,0,False,,"score=4,idx=7042,zone=3",3,OK,
0000016058,CACI,2021,0000016058_CACI_FY2021_10K.html,,2021-06-30,Not disclosed,Not disclosed,,,No,,Not disclosed,,Not disclosed,,0,unknown,,0,False,,"score=4,idx=6855,zone=3",3,OK,
0000016058,CACI,2022,0000016058_CACI_FY2022_10K.html,,2022-06-30,"equipment, equipment and furniture",Depreciation of equipment and furniture has been provided over the estimated useful life of the respective assets (ranging from three to eight years) using the straight-line method.,3.0,8.0,No,,Not disclosed,,Not disclosed,,0,significant_accounting_policies,Note 2 – Summary of Significant Accounting Policies,3,False,,"score=4,idx=4979,zone=11703",513,OK,
0000016058,CACI,2023,0000016058_CACI_FY2023_10K.html,,"June 30, 2023","equipment, equipment and furniture",Depreciation of equipment and furniture has been provided over the estimated useful life of the respective assets (ranging from three to eight years) using the straight-line method.,3.0,8.0,No,,Not disclosed,,Not disclosed,,0,significant_accounting_policies,Note 2 – Summary of Significant Accounting Policies,3,False,,"score=2,idx=4570,zone=7851",505,OK,
0000016058,CACI,2024,0000016058_CACI_FY2024_10K.html,,"June 30, 2024","equipment, equipment and furniture",Depreciation of equipment and furniture has been provided over the estimated useful life of the respective assets (ranging from three to eight years) using the straight-line method.,3.0,8.0,No,,Not disclosed,,Not disclosed,,0,significant_accounting_policies,Note 2 – Summary of Significant Accounting Policies,3,False,,"score=2,idx=4602,zone=7921",518,OK,
0000016732,CPB,2013,0000016732_CPB_FY2013_10K.html,,,Not disclosed,Not disclosed,,,No,,Not disclosed,,Not disclosed,,0,unknown,,0,False,,"score=4,idx=10949,zone=33282",1047,OK,
0000016732,CPB,2014,0000016732_CPB_FY2014_10K.html,,,Not disclosed,Not disclosed,,,No,,Not disclosed,,Not disclosed,,0,unknown,,0,False,,"score=4,idx=11239,zone=35124",1102,OK,
0000016732,CPB,2015,0000016732_CPB_FY2015_10K.html,,,Not disclosed,Not disclosed,,,No,,Not disclosed,,"In April 2015, the FASB issued guidance to clarify the accounting for fees paid by a customer in a cloud computing arrangement. The guidance is effective for fiscal years beginning on or after December 15, 2015, and interim periods within those years. Early adoption is permitted. The new guidance should be applied either prospectively to all arrangements entered into or materially modified after the effective date or retrospectively. We are currently evaluating the impact that the new guidance will have on our consolidated financial statements.",,0,unknown,,0,False,,"score=4,idx=11307,zone=33742",1088,OK,
0000016732,CPB,2016,0000016732_CPB_FY2016_10K.html,,,Not disclosed,Not disclosed,,,No,,Not disclosed,,"In April 2015, the FASB issued guidance to clarify the accounting for fees paid by a customer in a cloud computing arrangement. The guidance is effective for fiscal years beginning on or after December 15, 2015, and interim periods within those years. Early adoption is permitted. The new guidance should be applied either prospectively to all arrangements entered into or materially modified after the effective date or retrospectively. We will adopt the guidance prospectively. We do not expect the adoption to have a material impact on our consolidated financial statements.",,0,unknown,,0,False,,"score=4,idx=10205,zone=30971",1041,OK,
0000016732,CPB,2017,0000016732_CPB_FY2017_10K.html,,,Not disclosed,Not disclosed,,,No,,Not disclosed,,"In April 2015, the FASB issued guidance to clarify the accounting for fees paid by a customer in a cloud computing arrangement. The guidance is effective for fiscal years beginning after December 15, 2015, and interim periods within those years. Early adoption is permitted. The new guidance should be applied either prospectively to all arrangements entered into or materially modified after",,0,unknown,,0,False,,"score=4,idx=10510,zone=30151",985,OK,
0000016732,CPB,2018,0000016732_CPB_FY2018_10K.html,,,Not disclosed,Not disclosed,,,Yes,"In April 2015, the FASB issued guidance to clarify the accounting for fees paid by a customer in a cloud computing arrangement. The guidance is effective for fiscal years beginning after December 15, 2015, and interim periods within those years. Early adoption is permitted. The new guidance should be applied either prospectively to all arrangements entered into or materially modified after the effective date or retrospectively. In 2017, we prospectively adopted the guidance. The adoption did not have a material impact on our consolidated financial statements.",Not disclosed,,"In April 2015, the FASB issued guidance to clarify the accounting for fees paid by a customer in a cloud computing arrangement. The guidance is effective for fiscal years beginning after December 15, 2015, and interim periods within those years. Early adoption is permitted. The new guidance should be applied either prospectively to all arrangements entered into or materially modified after the effective date or retrospectively. In 2017, we prospectively adopted the guidance. The adoption did not have a material impact on our consolidated financial statements.",,0,unknown,,0,False,,"score=4,idx=11060,zone=33066",1103,OK,
0000016732,CPB,2019,0000016732_CPB_FY2019_10K.html,,,Not disclosed,Not disclosed,,,No,,Not disclosed,,"In August 2018, the FASB issued guidance on accounting for implementation costs incurred in a cloud computing arrangement that is a service contract. The guidance aligns the requirements for capitalizing implementation costs incurred in a hosting arrangement that is a service contract with the requirements for capitalizing implementation costs incurred to develop or obtain internal-use software. The guidance is effective for fiscal years beginning after December 15, 2019. Entities have the option to apply the guidance prospectively to all implementation costs incurred after the date of adoption or retrospectively. Early adoption is permitted. We are currently evaluating the impact that the new guidance will have on our consolidated financial statements.",,0,unknown,,0,False,,"score=4,idx=12032,zone=37937",1209,OK,
0000016732,CPB,2020,0000016732_CPB_FY2020_10K.html,,"August 2, 2020",equipment are depreciated over periods not exceeding,"Property, Plant and Equipment — Property, plant and equipment are recorded at historical cost and are depreciated over estimated useful lives using the straight-line method. Buildings and machinery and equipment are depreciated over periods not exceeding 45 years and 20 years, respectively.",45.0,,No,,Not disclosed,,"In August 2018, the FASB issued guidance on accounting for implementation costs incurred in a cloud computing arrangement that is a service contract. The guidance aligns the requirements for capitalizing implementation costs incurred in a hosting arrangement that is a service contract with the requirements for capitalizing implementation costs incurred to develop or obtain internal-use software. The guidance is effective for fiscal years beginning after December 15, 2019. Entities have the option to apply the guidance prospectively to all implementation costs incurred after the date of adoption or retrospectively. Early adoption is permitted. We will adopt the new guidance prospectively in 2021, and do not expect a material impact on our consolidated financial statements.",,0,significant_accounting_policies,1. Summary of Significant Accounting Policies,3,False,,"score=2,idx=13077,zone=22171",965,OK,
0000016732,CPB,2021,0000016732_CPB_FY2021_10K.html,,"August 1, 2021",equipment are depreciated over periods not exceeding,"Property, Plant and Equipment — Property, plant and equipment are recorded at historical cost and are depreciated over estimated useful lives using the straight-line method. Buildings and machinery and equipment are depreciated over periods not exceeding 45 years and 20 years, respectively.",45.0,,No,,Not disclosed,,"In August 2018, the FASB issued guidance on accounting for implementation costs incurred in a cloud computing arrangement that is a service contract. The guidance aligns the requirements for capitalizing implementation costs incurred in a hosting arrangement that is a service contract with the requirements for capitalizing implementation costs incurred to develop or obtain internal-use software. The guidance is effective for fiscal years beginning after December 15, 2019. Entities have the option to apply the guidance prospectively to all implementation costs incurred after the date of adoption or retrospectively. Early adoption is permitted. We adopted the guidance on a prospective basis in the first quarter of 2021. The adoption did not have a material impact on our consolidated financial statements.",,0,significant_accounting_policies,1. Summary of Significant Accounting Policies,3,False,,"score=2,idx=11990,zone=17661",885,OK,
0000016732,CPB,2022,0000016732_CPB_FY2022_10K.html,,2023-07-30,equipment are depreciated over periods not exceeding,"Property, Plant and Equipment — Property, plant and equipment are recorded at historical cost and are depreciated over estimated useful lives using the straight-line method. Buildings and machinery and equipment are depreciated over periods not exceeding 45 years and 20 years, respectively.",45.0,,No,,Not disclosed,,"In August 2018, the FASB issued guidance on accounting for implementation costs incurred in a cloud computing arrangement that is a service contract. The guidance aligns the requirements for capitalizing implementation costs incurred in a hosting arrangement that is a service contract with the requirements for capitalizing implementation costs incurred to develop or obtain internal-use software. The guidance is effective for fiscal years beginning after December 15, 2019. Entities have the option to apply the guidance prospectively to all implementation costs incurred after the date of adoption or retrospectively. Early adoption is permitted. We adopted the guidance on a prospective basis in the first quarter of 2021. The adoption did not have a material impact on our consolidated financial statements.",B200,1,significant_accounting_policies,1. Summary of Significant Accounting Policies,3,False,,"score=2,idx=9876,zone=17054",855,OK,
0000016732,CPB,2023,0000016732_CPB_FY2023_10K.html,,2023-10-29,equipment are depreciated over periods not exceeding,"Property, Plant and Equipment — Property, plant and equipment are recorded at historical cost and are depreciated over estimated useful lives using the straight-line method. Buildings and machinery and equipment are depreciated over periods not exceeding 45 years and 20 years, respectively.",45.0,,No,,Not disclosed,,"In August 2018, the Financial Accounting Standards Board (FASB) issued guidance on accounting for implementation costs incurred in a cloud computing arrangement that is a service contract. The guidance aligns the requirements for capitalizing implementation costs incurred in a hosting arrangement that is a service contract with the requirements for capitalizing implementation costs incurred to develop or obtain internal-use software. The guidance is effective for fiscal years beginning after December 15, 2019. Entities have the option to apply the guidance prospectively to all implementation costs incurred after the date of adoption or retrospectively. Early adoption is permitted. We adopted the guidance on a prospective basis in the first quarter of 2021. The adoption did not have a material impact on our consolidated financial statements.",,0,significant_accounting_policies,1. Summary of Significant Accounting Policies,3,False,,"score=2,idx=9263,zone=16737",823,OK,
0000016732,CPB,2024,0000016732_CPB_FY2024_10K.html,,2025-07-27,equipment are depreciated over periods not exceeding,"Property, Plant and Equipment — Property, plant and equipment are recorded at historical cost and are depreciated over estimated useful lives using the straight-line method. Buildings and machinery and equipment are depreciated over periods not exceeding 45 years and 20 years, respectively.",45.0,,No,,Not disclosed,,Not disclosed,,0,significant_accounting_policies,1. Summary of Significant Accounting Policies,3,False,,"score=2,idx=9992,zone=17877",946,OK,
0000021175,CNA,2013,0000021175_CNA_FY2013_10K.html,,,equipment,The estimated lives for data processing equipment and software range from,,,No,,Not disclosed,,Not disclosed,,0,item_8_other,,1,False,,"score=7,idx=21405,zone=43584",1127,OK,
0000021175,CNA,2014,0000021175_CNA_FY2014_10K.html,,,equipment,The estimated lives for data processing equipment and software range from,,,Yes,"Years ended December 31 (In millions) 2014 2013 2012 Cash Flows from Operating Activities Net income $ 691 $ 937 $ 628 Adjustments to reconcile net income to net cash flows provided by operating activities: Loss on sale of subsidiaries 251 — — Deferred income tax expense 3 77 147 Trading portfolio activity 16 (10 ) (23 ) Net realized investment gains (60 ) (31 ) (63 ) Equity method investees 83 (323 ) (89 ) Net amortization of investments 3 (24 ) (55 ) Depreciation and amortization 83 101 125 Changes in: Receivables, net 731 44 49 Accrued investment income — (9 ) 4 Deferred acquisition costs 44 2 (16 ) Insurance reserves (363 ) (68 ) 430 Other assets (48 ) (27 ) 144 Other liabilities (48 ) 525 (49 ) Other, net 54 10 18 Total adjustments 749 267 622 Net cash flows provided by operating activities 1,440 1,204 1,250 Cash Flows from Investing Activities Dispositions: Fixed maturity securities - sales 4,914 6,869 6,123 Fixed maturity securities - maturities, calls and redemptions 3,983 3,271 3,699 Equity securities 31 103 86 Limited partnerships 167 108 165 Mortgage loans 57 22 7 Purchases: Fixed maturity securities (9,365 ) (11,197 ) (10,299 ) Equity securities (67 ) (77 ) (54 ) Limited partnerships (271 ) (223 ) (228 ) Mortgage loans (137 ) (129 ) (174 ) Change in other investments 15 (22 ) 22 Change in short term investments (388 ) 425 (7 ) Purchase of Hardy — — (197 ) Purchases of property and equipment (71 ) (91 ) (94 ) Proceeds from sale of subsidiaries 198 — — Other dispositions — 32 1 Other, net 16 11 16 Net cash flows used by investing activities (918 ) (898 ) (934 )",Not disclosed,,Not disclosed,,0,item_8_other,,1,False,,"score=7,idx=21185,zone=42362",1089,OK,
0000021175,CNA,2015,0000021175_CNA_FY2015_10K.html,,,equipment,The estimated lives for data processing equipment and software generally range from,,,Unclear,"The cost of fixed maturity securities classified as available-for-sale is adjusted for amortization of premiums and accretion of discounts, which are included in Net investment income on the Consolidated Statements of Operations. The amortization of premium and accretion of discount for fixed maturity securities takes into consideration call and maturity dates that produce the lowest yield. This represents a change from prior reporting periods as previously the amortization of premiums was to maturity. This change in estimate effected by a change in accounting principle will result in a better reflection of the yield on fixed maturity securities with call provisions. This change, which was adopted in the fourth quarter of",Not disclosed,,Not disclosed,,0,item_8_other,,1,False,,"score=7,idx=20107,zone=41227",1050,OK,
0000021175,CNA,2016,0000021175_CNA_FY2016_10K.html,,,equipment,The estimated lives for data processing equipment and software generally range from,,,Unclear,"The cost of fixed maturity securities classified as available-for-sale is adjusted for amortization of premiums and accretion of discounts, which are included in Net investment income on the Consolidated Statements of Operations. The amortization of premium and accretion of discount for fixed maturity securities takes into consideration call and maturity dates that produce the lowest yield. In 2015 the Company changed its accounting principle as previously the amortization of premiums was to maturity. This change in estimate effected by a change in accounting principle was adopted in the fourth quarter of 2015 and decreased Net investment income and the amortized cost of fixed maturity securities by",Not disclosed,,Not disclosed,,0,item_8_other,,1,False,,"score=7,idx=15505,zone=70436",1208,OK,
0000021175,CNA,2017,0000021175_CNA_FY2017_10K.html,,,equipment,The estimated lives for data processing equipment and software generally range from,,,Unclear,"The cost of fixed maturity securities classified as available-for-sale is adjusted for amortization of premiums and accretion of discounts, which are included in Net investment income on the Consolidated Statements of Operations. The amortization of premium and accretion of discount for fixed maturity securities takes into consideration call and maturity dates that produce the lowest yield. In 2015, the Company changed its accounting principle as previously the amortization of premiums was to maturity. This change in estimate effected by a change in accounting principle was adopted in the fourth quarter of 2015 and decreased Net investment income and the amortized cost of fixed maturity securities by",Not disclosed,,Not disclosed,,0,item_8_other,,1,False,,"score=7,idx=14215,zone=66890",1183,OK,
0000021175,CNA,2018,0000021175_CNA_FY2018_10K.html,,,equipment,The estimated lives for data processing equipment and software generally range from,,,Yes,"Years ended December 31 (In millions) 2018 2017 2016 Cash Flows from Operating Activities Net income $ 813 $ 899 $ 859 Adjustments to reconcile net income to net cash flows provided by operating activities: Deferred income tax (benefit) expense (20 ) 168 136 Trading portfolio activity — 9 (9 ) Net realized investment losses (gains) 52 (93 ) (50 ) Equity method investees 330 84 238 Net amortization of investments (70 ) (40 ) (27 ) Depreciation and amortization 79 88 77 Changes in: Receivables, net (229 ) 92 (130 ) Accrued investment income 19 (4 ) (3 ) Deferred acquisition costs (6 ) (24 ) (8 ) Insurance reserves 482 22 237 Other assets (192 ) (158 ) (95 ) Other liabilities (98 ) 173 162 Other, net 67 38 29 Total adjustments 414 355 557 Net cash flows provided by operating activities 1,227 1,254 1,416 Cash Flows from Investing Activities Dispositions: Fixed maturity securities - sales 8,408 5,438 5,328 Fixed maturity securities - maturities, calls and redemptions 2,370 3,641 3,219 Equity securities 89 46 81 Limited partnerships 343 192 290 Mortgage loans 128 26 207 Purchases: Fixed maturity securities (10,785 ) (9,065 ) (9,827 ) Equity securities (258 ) (166 ) — Limited partnerships (419 ) (171 ) (252 ) Mortgage loans (128 ) (274 ) (120 ) Change in other investments (12 ) (3 ) 7 Change in short term investments 168 (6 ) 258 Purchases of property and equipment (99 ) (102 ) (146 ) Disposals of property and equipment — — 107 Other, net 18 20 2 Net cash flows used by investing activities (177 ) (424 ) (846 )",Not disclosed,,Not disclosed,,0,item_8_other,,1,False,,"score=7,idx=13622,zone=68334",1254,OK,
0000021175,CNA,2019,0000021175_CNA_FY2019_10K.html,,2019-12-31,equipment is depreciated over,"Property and equipment are carried at cost less accumulated depreciation. Depreciation is based on the estimated useful lives of the various classes of property and equipment and is determined principally on the straight-line method. Office equipment is depreciated over five years . The estimated lives for data processing equipment and software generally range from three to five years , but can be as long as ten years .",3.0,5.0,Yes,"Years ended December 31 (In millions) 2019 2018 2017 Cash Flows from Operating Activities Net income $ 1,000 $ 813 $ 899 Adjustments to reconcile net income to net cash flows provided by operating activities: Deferred income tax (benefit) expense (46 ) (20 ) 168 Trading portfolio activity (16 ) — 9 Net investment (gains) losses (29 ) 52 (93 ) Equity method investees 11 330 84 Net amortization of investments (89 ) (70 ) (40 ) Depreciation and amortization 68 79 88 Changes in: Receivables, net 137 (229 ) 92 Accrued investment income (3 ) 19 (4 ) Deferred acquisition costs (26 ) (6 ) (24 ) Insurance reserves 358 482 22 Other, net (225 ) (223 ) 53 Net cash flows provided by operating activities 1,140 1,227 1,254 Cash Flows from Investing Activities Dispositions: Fixed maturity securities - sales 5,842 8,408 5,438 Fixed maturity securities - maturities, calls and redemptions 2,997 2,370 3,641 Equity securities 214 89 46 Limited partnerships 479 343 192 Mortgage loans 143 128 26 Purchases: Fixed maturity securities (8,661 ) (10,785 ) (9,065 ) Equity securities (186 ) (258 ) (166 ) Limited partnerships (198 ) (419 ) (171 ) Mortgage loans (298 ) (128 ) (274 ) Change in other investments (11 ) (12 ) (3 ) Change in short term investments (535 ) 168 (6 ) Purchases of property and equipment (26 ) (99 ) (102 ) Other, net 15 18 20 Net cash flows used by investing activities (225 ) (177 ) (424 ) Cash Flows from Financing Activities Dividends paid to common stockholders (929 ) (896 ) (842 ) Proceeds from the issuance of debt 496 — 496 Repayment of debt (520 ) (180 ) (391 ) Purchase of treasury stock (23 ) — — Other, net (12 ) (9 ) (18 ) Net cash flows used by financing activities (988 ) (1,085 ) (755 ) Effect of foreign exchange rate changes on cash 5 (10 ) 9 Net change in cash (68 ) (45 ) 84 Cash, beginning of year 310 355 271 Cash, end of period $ 242 $ 310 $ 355",Not disclosed,,Not disclosed,,0,item_8_other,,1,True,3.0-5.0 ans | 5.0 ans | 7.0 ans | 10.0 ans,"score=7,idx=25005,zone=71932",1205,OK,
0000021175,CNA,2020,0000021175_CNA_FY2020_10K.html,,2020-12-31,equipment is depreciated over,"Property and equipment are carried at cost less accumulated depreciation. Depreciation is based on the estimated useful lives of the various classes of property and equipment and is determined principally on the straight-line method. Office equipment is depreciated over five years. The estimated lives for data processing equipment and software generally range from three to five years, but can be as long as ten years.",3.0,5.0,Yes,"Years ended December 31 (In millions) 2020 2019 2018 Cash Flows from Operating Activities Net income $ 690 $ 1,000 $ 813 Adjustments to reconcile net income to net cash flows provided by operating activities: Deferred income tax benefit (49) (46) (20) Trading portfolio activity (5) (16) — Net investment losses (gains) 54 (29) 52 Equity method investees (8) 11 330 Net amortization of investments (67) (89) (70) Depreciation and amortization 60 68 79 Changes in: Receivables, net (409) 137 (229) Accrued investment income 16 (3) 19 Deferred acquisition costs (43) (26) (6) Insurance reserves 1,681 358 482 Other, net (145) (225) (223) Net cash flows provided by operating activities 1,775 1,140 1,227 Cash Flows from Investing Activities Dispositions: Fixed maturity securities - sales 5,904 5,842 8,408 Fixed maturity securities - maturities, calls and redemptions 3,760 2,997 2,370 Equity securities 355 214 89 Limited partnerships 373 479 343 Mortgage loans 74 143 128 Purchases: Fixed maturity securities (10,269) (8,661) (10,785) Equity securities (452) (186) (258) Limited partnerships (224) (198) (419) Mortgage loans (172) (298) (128) Change in other investments (8) (11) (12) Change in short term investments (39) (535) 168 Purchases of property and equipment (23) (26) (99) Other, net 16 15 18 Net cash flows used by investing activities (705) (225) (177) Cash Flows from Financing Activities Dividends paid to common stockholders (950) (929) (896) Proceeds from the issuance of debt 495 496 — Repayment of debt (419) (520) (180) Purchase of treasury stock (18) (23) — Other, net (10) (12) (9) Net cash flows used by financing activities (902) (988) (1,085) Effect of foreign exchange rate changes on cash 9 5 (10) Net change in cash 177 (68) (45) Cash, beginning of year 242 310 355 Cash, end of period $ 419 $ 242 $ 310",Not disclosed,,Not disclosed,B100;Hopper,2,item_8_other,,1,True,3.0-5.0 ans | 5.0 ans | 7.0 ans | 10.0 ans,"score=5,idx=20340,zone=32718",952,OK,
0000021175,CNA,2021,0000021175_CNA_FY2021_10K.html,,2021-12-31,equipment is depreciated over,"Property and equipment are carried at cost less accumulated depreciation. Depreciation is based on the estimated useful lives of the various classes of property and equipment and is determined principally on the straight-line method. Office equipment is depreciated over five years. The estimated lives for data processing equipment and software generally range from three to five years, but can be as long as ten years.",3.0,5.0,Yes,"Years ended December 31 (In millions) 2021 2020 2019 Cash Flows from Operating Activities Net income $ 1,202 $ 690 $ 1,000 Adjustments to reconcile net income to net cash flows provided by operating activities: Deferred income tax expense (benefit) 47 (49) (46) Trading portfolio activity 20 (5) (16) Net investment (gains) losses (120) 54 (29) Equity method investees (127) (8) 11 Net amortization of investments (81) (67) (89) Depreciation and amortization 54 60 68 Changes in: Receivables, net (1,358) (409) 137 Accrued investment income 3 16 (3) Deferred acquisition costs (30) (43) (26) Insurance reserves 2,463 1,681 358 Other, net (76) (145) (225) Net cash flows provided by operating activities 1,997 1,775 1,140 Cash Flows from Investing Activities Dispositions: Fixed maturity securities - sales 3,816 5,904 5,842 Fixed maturity securities - maturities, calls and redemptions 4,464 3,760 2,997 Equity securities 316 355 214 Limited partnerships 246 373 479 Mortgage loans 190 74 143 Purchases: Fixed maturity securities (9,307) (10,269) (8,661) Equity securities (304) (452) (186) Limited partnerships (440) (224) (198) Mortgage loans (95) (172) (298) Change in other investments (6) (8) (11) Change in short term investments (83) (39) (535) Purchases of property and equipment (26) (23) (26) Other, net 1 16 15 Net cash flows used by investing activities (1,228) (705) (225) Cash Flows from Financing Activities Dividends paid to common stockholders (621) (950) (929) Proceeds from the issuance of debt — 495 496 Repayment of debt — (419) (520) Purchase of treasury stock (18) (18) (23) Other, net (9) (10) (12) Net cash flows used by financing activities (648) (902) (988) Effect of foreign exchange rate changes on cash (4) 9 5 Net change in cash 117 177 (68) Cash, beginning of year 419 242 310 Cash, end of period $ 536 $ 419 $ 242",Not disclosed,,Not disclosed,Hopper,1,item_8_other,,1,True,3.0-5.0 ans | 5.0 ans | 7.0 ans | 10.0 ans,"score=5,idx=20162,zone=32684",924,OK,
0000021175,CNA,2022,0000021175_CNA_FY2022_10K.html,,2022-12-31,equipment is depreciated over,"Property and equipment are carried at cost less accumulated depreciation. Depreciation is based on the estimated useful lives of the various classes of property and equipment and is determined principally on the straight-line method. Office equipment is depreciated over five years. The estimated lives for data processing equipment and software generally range from three to five years, but can be as long as ten years.",3.0,5.0,Yes,"Years ended December 31 (In millions) 2022 2021 2020 Cash Flows from Operating Activities Net income $ 894 $ 1,202 $ 690 Adjustments to reconcile net income to net cash flows provided by operating activities: Deferred income tax (benefit) expense (34) 47 (49) Trading portfolio activity 6 20 (5) Net investment losses (gains) 199 (120) 54 Equity method investees 250 (127) (8) Net amortization of investments (129) (81) (67) Depreciation and amortization 51 54 60 Changes in: Receivables, net (226) (1,358) (409) Accrued investment income (29) 3 16 Deferred acquisition costs (79) (30) (43) Insurance reserves 1,791 2,463 1,681 Other, net (192) (76) (145) Net cash flows provided by operating activities 2,502 1,997 1,775 Cash Flows from Investing Activities Dispositions: Fixed maturity securities - sales 5,909 3,816 5,904 Fixed maturity securities - maturities, calls and redemptions 2,358 4,464 3,760 Equity securities 509 316 355 Limited partnerships 138 246 373 Mortgage loans 125 190 74 Purchases: Fixed maturity securities (9,821) (9,307) (10,269) Equity securities (294) (304) (452) Limited partnerships (337) (440) (224) Mortgage loans (200) (95) (172) Change in other investments 8 (6) (8) Change in short term investments 155 (83) (39) Purchases of property and equipment (52) (26) (23) Other, net (10) 1 16 Net cash flows used by investing activities (1,512) (1,228) (705) Cash Flows from Financing Activities Dividends paid to common stockholders (982) (621) (950) Proceeds from the issuance of debt — — 495 Repayment of debt — — (419) Purchase of treasury stock (39) (18) (18) Other, net (11) (9) (10) Net cash flows used by financing activities (1,032) (648) (902) Effect of foreign exchange rate changes on cash (19) (4) 9 Net change in cash (61) 117 177 Cash, beginning of year 536 419 242 Cash, end of period $ 475 $ 536 $ 419",Not disclosed,,Not disclosed,B100;Hopper,2,item_8_other,,1,True,3.0-5.0 ans | 5.0 ans | 7.0 ans | 10.0 ans,"score=5,idx=20366,zone=33295",898,OK,
0000021175,CNA,2023,0000021175_CNA_FY2023_10K.html,,2023-12-31,equipment is depreciated over,"Property and equipment are carried at cost less accumulated depreciation. Depreciation is based on the estimated useful lives of the various classes of property and equipment and is determined principally on the straight-line method. Office equipment is depreciated over five years. The estimated lives for data processing equipment and software generally range from three to five years, but can be as long as ten years.",3.0,5.0,Yes,"Years ended December 31 (In millions) 2023 2022 (1) 2021 (1) Cash Flows from Operating Activities Net income $ 1,205 $ 682 $ 1,184 Adjustments to reconcile net income to net cash flows provided by operating activities: Deferred income tax expense (benefit) 2 (89) 43 Trading portfolio activity 1 6 20 Net investment losses (gains) 99 199 (120) Equity method investees (8) 250 (127) Net amortization of investments (191) (129) (81) Depreciation and amortization 73 51 54 Changes in: Receivables, net (245) (226) (1,358) Accrued investment income (41) (29) 3 Deferred acquisition costs (85) (79) (30) Insurance reserves 1,667 2,058 2,485 Other, net (192) (192) (76) Net cash flows provided by operating activities 2,285 2,502 1,997 Cash Flows from Investing Activities Dispositions: Fixed maturity securities - sales 4,029 5,909 3,816 Fixed maturity securities - maturities, calls and redemptions 1,334 2,358 4,464 Equity securities 317 509 316 Limited partnerships 164 138 246 Mortgage loans 122 125 190 Purchases: Fixed maturity securities (6,616) (9,821) (9,307) Equity securities (293) (294) (304) Limited partnerships (402) (337) (440) Mortgage loans (127) (200) (95) Change in other investments (2) 8 (6) Change in short-term investments (274) 155 (83) Purchases of property and equipment (90) (52) (26) Other, net (5) (10) 1 Net cash flows used by investing activities (1,843) (1,512) (1,228) Cash Flows from Financing Activities Dividends paid to common stockholders (787) (982) (621) Proceeds from the issuance of debt 491 — — Repayment of debt (243) — — Purchase of treasury stock (24) (39) (18) Other, net (14) (11) (9) Net cash flows used by financing activities (577) (1,032) (648) Effect of foreign exchange rate changes on cash 5 (19) (4) Net change in cash (130) (61) 117 Cash, beginning of year 475 536 419 Cash, end of year $ 345 $ 475 $ 536","We own other fixed maturity securities which have exposure to cell towers, data centers and other collateral types that could be viewed as having real estate characteristics. We view these securities to have risks more akin to operating enterprises that do not share the same risks as the broader commercial real estate market.",MD&A (Item 7),Not disclosed,Hopper,1,item_8_other,,1,True,3.0-5.0 ans | 5.0 ans | 7.0 ans | 10.0 ans,"score=5,idx=21548,zone=36700",1016,OK,
0000021175,CNA,2024,0000021175_CNA_FY2024_10K.html,,2024-12-31,equipment is depreciated over,"Property and equipment are carried at cost less accumulated depreciation. Depreciation is based on the estimated useful lives of the various classes of property and equipment and is determined principally on the straight-line method. Office equipment is depreciated over five years. The estimated lives for data processing equipment and software generally range from three to five years, but can be as long as ten years.",3.0,5.0,Yes,"Years ended December 31 (In millions) 2024 2023 2022 Cash Flows from Operating Activities Net income $ 959 $ 1,205 $ 682 Adjustments to reconcile net income to net cash flows provided by operating activities: Deferred income tax (benefit) expense (45) 2 (89) Trading portfolio activity — 1 6 Net investment losses 81 99 199 Equity method investees (101) (8) 250 Net amortization of investments (200) (191) (129) Depreciation and amortization 67 73 51 Changes in: Receivables, net (898) (245) (226) Accrued investment income (8) (41) (29) Deferred acquisition costs (69) (85) (79) Insurance reserves 2,365 1,667 2,058 Other, net 420 (192) (192) Net cash flows provided by operating activities 2,571 2,285 2,502 Cash Flows from Investing Activities Dispositions: Fixed maturity securities - sales 2,793 4,029 5,909 Fixed maturity securities - maturities, calls and redemptions 2,396 1,334 2,358 Equity securities 523 317 509 Limited partnerships 97 164 138 Mortgage loans 105 122 125 Purchases: Fixed maturity securities (6,404) (6,616) (9,821) Equity securities (444) (293) (294) Limited partnerships (335) (402) (337) Mortgage loans (89) (127) (200) Change in other investments (11) (2) 8 Change in short-term investments 147 (274) 155 Purchases of property and equipment (95) (90) (52) Other, net — (5) (10) Net cash flows used by investing activities (1,317) (1,843) (1,512) Cash Flows from Financing Activities Dividends paid to common stockholders (1,025) (787) (982) Proceeds from the issuance of debt 490 491 — Repayment of debt (550) (243) — Purchase of treasury stock (20) (24) (39) Other, net (12) (14) (11) Net cash flows used by financing activities (1,117) (577) (1,032) Effect of foreign exchange rate changes on cash (10) 5 (19) Net change in cash 127 (130) (61) Cash, beginning of year 345 475 536 Cash, end of year $ 472 $ 345 $ 475","We own other fixed maturity securities which have exposure to cell towers, data centers and other collateral types that could be viewed as having real estate characteristics. We view these securities to have risks more akin to operating enterprises that do not share the same risks as the broader commercial real estate market. Additionally, we do not have significant real estate exposure through our limited partnership portfolio.",MD&A (Item 7),Not disclosed,Hopper,1,item_8_other,,1,True,3.0-5.0 ans | 5.0 ans | 7.0 ans | 10.0 ans,"score=5,idx=22426,zone=35284",953,OK,
0000026058,CTS,2013,0000026058_CTS_FY2013_10K.html,,"December 31, 2013",Not disclosed,Not disclosed,,,No,,Not disclosed,,Not disclosed,,0,unknown,,0,False,,"score=4,idx=8812,zone=5",1,OK,
0000026058,CTS,2014,0000026058_CTS_FY2014_10K.html,,"December 31, 2014",Not disclosed,Not disclosed,,,No,,Not disclosed,,Not disclosed,,0,unknown,,0,False,,"score=4,idx=10733,zone=24",2,OK,
0000026058,CTS,2015,0000026058_CTS_FY2015_10K.html,,"December 31, 2015",equipment,"Property, plant and equipment is stated at cost. Depreciation and amortization is computed primarily over the estimated useful lives of the various classes of assets using the straight-line method. Useful lives for buildings and improvements range from",,,No,,Not disclosed,,Not disclosed,,0,significant_accounting_policies,NOTE 1 — Summary of Significant Accounting Policies,3,False,,"score=4,idx=10775,zone=21543",935,OK,
0000026058,CTS,2016,0000026058_CTS_FY2016_10K.html,,"December 31, 2016",equipment,"Property, plant and equipment is stated at cost. Depreciation and amortization is computed primarily over the estimated useful lives of the various classes of assets using the straight-line method. Useful lives for buildings and improvements range from",,,No,,Not disclosed,,Not disclosed,,0,significant_accounting_policies,NOTE 1 — Summary of Significant Accounting Policies,3,False,,"score=4,idx=11086,zone=22046",965,OK,
0000026058,CTS,2017,0000026058_CTS_FY2017_10K.html,,"December 31, 2017",equipment,"Property, plant and equipment is stated at cost. Depreciation and amortization is computed primarily over the estimated useful lives of the various classes of assets using the straight-line method. Useful lives for buildings and improvements range from",,,No,,Not disclosed,,Not disclosed,,0,significant_accounting_policies,NOTE 1 — Summary of Significant Accounting Policies,3,False,,"score=3,idx=11013,zone=21049",920,OK,
0000026058,CTS,2018,0000026058_CTS_FY2018_10K.html,,"December 31, 2018",equipment,"Property, plant and equipment is stated at cost. Depreciation and amortization is computed primarily over the estimated useful lives of the various classes of assets using the straight-line method. Useful lives for buildings and improvements range from",,,No,,Not disclosed,,Not disclosed,,0,significant_accounting_policies,NOTE 1 — Summary of Significant Accounting Policies,3,False,,"score=3,idx=9836,zone=21217",930,OK,
0000026058,CTS,2019,0000026058_CTS_FY2019_10K.html,,"December 31, 2019","Equipment, machinery and equipment","Property, Plant and Equipment: Property, plant and equipment is stated at cost, less accumulated depreciation. Useful lives for buildings and improvements range from 10 to 45 years , machinery and equipment from 3 to 15 years , and software from 2 to 15 years .",3.0,15.0,No,,Not disclosed,,Not disclosed,,0,significant_accounting_policies,NOTE 1 — Summary of Significant Accounting Policies,3,True,2.0-15.0 ans | 3.0-15.0 ans,"score=3,idx=11700,zone=21927",906,OK,
0000026058,CTS,2020,0000026058_CTS_FY2020_10K.html,,2021-12-31,"Equipment, machinery and equipment","Property, Plant and Equipment: Property, plant and equipment is stated at cost, less accumulated depreciation. Useful lives for buildings and improvements range from 10 to 45 years, machinery and equipment from 3 to 15 years, and software from 2 to 15 years.",3.0,15.0,No,,Not disclosed,,Not disclosed,,0,significant_accounting_policies,NOTE 1 — Summary of Significant Accounting Policies,3,True,2.0-15.0 ans | 3.0-15.0 ans,"score=4,idx=10072,zone=18625",856,OK,
0000026058,CTS,2021,0000026058_CTS_FY2021_10K.html,,2022-01-31,"Equipment, machinery and equipment","Property, Plant and Equipment: Property, plant and equipment is stated at cost, less accumulated depreciation. Useful lives for buildings and improvements range from 10 to 45 years, machinery and equipment from 3 to 15 years, and software from 2 to 15 years.",3.0,15.0,No,,Not disclosed,,Not disclosed,,0,significant_accounting_policies,NOTE 1 — Summary of Significant Accounting Policies,3,True,2.0-15.0 ans | 3.0-15.0 ans,"score=4,idx=6333,zone=17961",817,OK,
0000026058,CTS,2022,0000026058_CTS_FY2022_10K.html,,2023-02-06,"Equipment, machinery and equipment","Property, Plant and Equipment: Property, plant and equipment is stated at cost, less accumulated depreciation. Useful lives for buildings and improvements range from 10 to 45 years , machinery and equipment from three to 15 year s, and software from 2 to 15 year s.",3.0,15.0,No,,Not disclosed,,Not disclosed,,0,significant_accounting_policies,NOTE 1 — Summary of Significant Accounting Policies,3,True,2.0-15.0 ans | 3.0-15.0 ans,"score=4,idx=8331,zone=26524",918,OK,
0000026058,CTS,2023,0000026058_CTS_FY2023_10K.html,,2023-12-31,"Equipment, machinery and equipment","Property, Plant and Equipment: Property, plant and equipment is stated at cost, less accumulated depreciation. Useful lives for buildings and improvements range from 10 to 45 years , machinery and equipment from three to 15 years , and software from two to 15 years .",3.0,15.0,No,,Not disclosed,,Not disclosed,B200,1,significant_accounting_policies,NOTE 1 — Summary of Significant Accounting Policies,3,True,2.0-15.0 ans | 3.0-15.0 ans,"score=4,idx=8120,zone=26347",895,OK,
0000026058,CTS,2024,0000026058_CTS_FY2024_10K.html,,2024-12-31,"Equipment, machinery and equipment","Property, Plant and Equipment: Property, plant and equipment is stated at cost, less accumulated depreciation. Useful lives for buildings and improvements range from 10 to 45 years , machinery and equipment from three to 15 years , and software from two to 15 years .",3.0,15.0,No,,Not disclosed,,Not disclosed,,0,significant_accounting_policies,NOTE 1 — Summary of Significant Accounting Policies,3,True,2.0-15.0 ans | 3.0-15.0 ans,"score=4,idx=8174,zone=26967",935,OK,
0000277948,CSX,2013,0000277948_CSX_FY2013_10K.html,,,equipment,The STB requires depreciation studies be performed for equipment assets every,,,Yes,"Recent experience with depreciation studies has resulted in depreciation rate changes, which did not materially affect the Company’s annual depreciation expense of",Not disclosed,,Not disclosed,,0,significant_accounting_policies,"NOTE 6. Properties,",3,False,,"score=4,idx=47622,zone=911",974,OK,
0000277948,CSX,2014,0000277948_CSX_FY2014_10K.html,,,equipment,The STB requires depreciation studies be performed for equipment assets every,,,Yes,"Recent experience with depreciation studies has resulted in depreciation rate changes, which did not materially affect the Company’s annual depreciation expense of",Not disclosed,,Not disclosed,,0,significant_accounting_policies,"NOTE 6. Properties,",3,False,,"score=4,idx=45065,zone=912",935,OK,
0000277948,CSX,2015,0000277948_CSX_FY2015_10K.html,,,equipment,The STB requires depreciation studies be performed for equipment assets generally every,,,Yes,"Recent experience with depreciation studies has resulted in depreciation rate changes, which did not materially affect the Company’s annual depreciation expense of",Not disclosed,,Not disclosed,,0,significant_accounting_policies,"NOTE 6. Properties,",3,False,,"score=4,idx=44458,zone=908",947,OK,
0000277948,CSX,2016,0000277948_CSX_FY2016_10K.html,,,equipment,The STB requires depreciation studies be performed for equipment assets generally every,,,Yes,Recent experience with depreciation studies has resulted in depreciation rate changes that did not materially affect the Company’s annual depreciation expense of,Not disclosed,,Not disclosed,,0,significant_accounting_policies,"NOTE 6. Properties,",3,False,,"score=4,idx=44110,zone=877",1011,OK,
0000277948,CSX,2017,0000277948_CSX_FY2017_10K.html,,,equipment,"In 2016, the Company completed a depreciation study for its equipment assets. The Company plans to complete the next depreciation study for equipment assets in 2019 and road and track assets in 2020.",,,Yes,"years. The other half were to vest based on achievement of performance targets related to both operating ratio and earnings before interest, taxes, depreciation and amortization adjusted for certain items. Upon his death on December 16, 2017, all of Mr. Harrison's",Not disclosed,,Not disclosed,,0,significant_accounting_policies,"NOTE 6. Properties,",3,False,,"score=4,idx=45517,zone=875",1081,OK,
0000277948,CSX,2018,0000277948_CSX_FY2018_10K.html,,,equipment,"In 2016, the Company completed a depreciation study for its equipment assets. The Company plans to complete the next depreciation study for equipment assets in 2019 and road and track assets in 2020.",,,No,,Not disclosed,,Not disclosed,,0,significant_accounting_policies,"NOTE 6. Properties,",3,False,,"score=4,idx=45609,zone=867",1138,OK,
0000277948,CSX,2019,0000277948_CSX_FY2019_10K.html,,"December 31, 2019",equipment assets (e.g,"The STB requires depreciation studies be performed every three years for equipment assets (e.g. locomotives and freight cars) and every six years for road and track assets (e.g. bridges, signals, rail, ties, and ballast).",3.0,,Yes,"In 2019, the Company completed a depreciation study for its equipment assets which resulted in changes to accumulated depreciation, service lives, salvage values, and other related factors for certain assets. The Company plans to complete the next depreciation study for road and track assets in 2020 and equipment assets in 2022.",Not disclosed,,Not disclosed,,0,significant_accounting_policies,"NOTE 6. Properties,",3,True,3.0 ans | 6.0 ans,"score=4,idx=47155,zone=931",1132,OK,
0000277948,CSX,2020,0000277948_CSX_FY2020_10K.html,,2020-12-31,"equipment assets (e.g., locomotives and freight cars) and every 6 years for road and track assets (e.g., bridges, signals, rail, ties, and ballast)","The STB requires depreciation studies be performed every three years for equipment assets (e.g., locomotives and freight cars) and every six years for road and track assets (e.g., bridges, signals, rail, ties, and ballast).",3.0,,Yes,"The Company completed a depreciation study for its road and track assets in 2020 and for equipment assets in 2019, both of which resulted in changes to accumulated depreciation, service lives, salvage values, and other related factors for certain assets.",Not disclosed,,Not disclosed,,0,significant_accounting_policies,"NOTE 6. Properties,",3,True,3.0 ans | 6.0 ans,"score=2,idx=22232,zone=370",833,OK,
0000277948,CSX,2021,0000277948_CSX_FY2021_10K.html,,2022-03-31,"equipment assets (e.g., locomotives and freight cars) and every 6 years for road and track assets (e.g., bridges, signals, rail, ties, and ballast)","The STB requires depreciation studies be performed every three years for equipment assets (e.g., locomotives and freight cars) and every six years for road and track assets (e.g., bridges, signals, rail, ties, and ballast).",3.0,,Yes,"For example, we tested controls over management’s review of asset activity and assumptions that could impact the most recent depreciation study of equipment and road and track assets.",Not disclosed,,Not disclosed,,0,significant_accounting_policies,"NOTE 6. Properties,",3,True,3.0 ans | 6.0 ans,"score=2,idx=23543,zone=328",913,OK,
0000277948,CSX,2022,0000277948_CSX_FY2022_10K.html,,2023-02-15,"equipment assets (e.g., locomotives and freight cars) and every 6 years for road and track assets (e.g., bridges, signals, rail, ties, and ballast)","The STB requires depreciation studies be performed every three years for equipment assets (e.g., locomotives and freight cars) and every six years for road and track assets (e.g., bridges, signals, rail, ties, and ballast).",3.0,,Yes,"For example, we tested controls over management’s review of the depreciation study for equipment assets and review of depreciation expense and estimated useful lives.",Not disclosed,,Not disclosed,A100,1,significant_accounting_policies,"NOTE 6. Properties,",3,True,3.0 ans | 6.0 ans,"score=2,idx=22849,zone=287",911,OK,
0000277948,CSX,2023,0000277948_CSX_FY2023_10K.html,,2024-02-14,"equipment assets (e.g., locomotives and freight cars) and every 6 years for road and track assets (e.g., bridges, signals, rail, ties, and ballast)","The STB requires depreciation studies be performed every three years for equipment assets (e.g., locomotives and freight cars) and every six years for road and track assets (e.g., bridges, signals, rail, ties, and ballast).",3.0,,No,,Not disclosed,,Not disclosed,,0,significant_accounting_policies,"NOTE 6. Properties,",3,True,3.0 ans | 6.0 ans,"score=2,idx=23369,zone=273",919,OK,
0000277948,CSX,2024,0000277948_CSX_FY2024_10K.html,,2025-02-12,"equipment assets (e.g., locomotives and freight cars) and every 6 years for road and track assets (e.g., bridges, signals, rail, ties, and ballast)","The STB requires depreciation studies be performed every three years for equipment assets (e.g., locomotives and freight cars) and every six years for road and track assets (e.g., bridges, signals, rail, ties, and ballast).",3.0,,No,,Not disclosed,,Not disclosed,,0,significant_accounting_policies,"NOTE 6. Properties,",3,True,3.0 ans | 6.0 ans,"score=2,idx=31851,zone=1527",1029,OK,
0000733269,RAMP,2013,0000733269_RAMP_FY2013_10K.html,,"March 31, 2014",Not disclosed,Not disclosed,,,No,,Not disclosed,,Not disclosed,,0,unknown,,0,False,,"score=2,idx=3558,zone=10",2,OK,
0000733269,RAMP,2014,0000733269_RAMP_FY2014_10K.html,,"March 31, 2015",Not disclosed,Not disclosed,,,No,,Not disclosed,,Not disclosed,,0,unknown,,0,False,,"score=2,idx=3576,zone=10",2,OK,
0000733269,RAMP,2015,0000733269_RAMP_FY2015_10K.html,,"March 31, 2016",Not disclosed,Not disclosed,,,No,,Not disclosed,,Not disclosed,,0,unknown,,0,False,,"score=2,idx=2729,zone=9",1,OK,
0000733269,RAMP,2016,0000733269_RAMP_FY2016_10K.html,,"March 31, 2017",Not disclosed,Not disclosed,,,No,,Not disclosed,,Not disclosed,,0,unknown,,0,False,,"score=2,idx=3223,zone=5",2,OK,
0000733269,RAMP,2017,0000733269_RAMP_FY2017_10K.html,,,Not disclosed,Not disclosed,,,No,,Not disclosed,,Not disclosed,,0,unknown,,0,False,,"score=4,idx=4290,zone=10",2,OK,
0000733269,RAMP,2018,0000733269_RAMP_FY2018_10K.html,,"March 31, 2019",Not disclosed,Not disclosed,,,No,,Not disclosed,,Not disclosed,,0,unknown,,0,False,,"score=2,idx=5646,zone=8",2,OK,
0000733269,RAMP,2019,0000733269_RAMP_FY2019_10K.html,,"March 31, 2020",Not disclosed,Not disclosed,,,No,,Not disclosed,,Not disclosed,,0,unknown,,0,False,,"score=2,idx=5953,zone=8",2,OK,
0000733269,RAMP,2020,0000733269_RAMP_FY2020_10K.html,,2021-04-21,Not disclosed,Not disclosed,,,No,,Not disclosed,,Not disclosed,,0,unknown,,0,False,,"score=2,idx=5992,zone=11",2,OK,
0000733269,RAMP,2021,0000733269_RAMP_FY2021_10K.html,,2022-03-31,Not disclosed,Not disclosed,,,No,,Not disclosed,,Not disclosed,A100,1,unknown,,0,False,,"score=2,idx=5661,zone=14",4,OK,
0000733269,RAMP,2022,0000733269_RAMP_FY2022_10K.html,,2023-03-31,Not disclosed,Not disclosed,,,No,,Not disclosed,,Not disclosed,,0,unknown,,0,False,,"score=2,idx=5625,zone=14",4,OK,
0000733269,RAMP,2023,0000733269_RAMP_FY2023_10K.html,,2024-03-31,Not disclosed,Not disclosed,,,No,,Not disclosed,,Not disclosed,,0,unknown,,0,False,,"score=2,idx=5781,zone=11",4,OK,
0000733269,RAMP,2024,0000733269_RAMP_FY2024_10K.html,,2025-03-31,Not disclosed,Not disclosed,,,No,,Not disclosed,,Not disclosed,,0,unknown,,0,False,,"score=2,idx=5767,zone=11",4,OK,
0000746598,BRC,2013,0000746598_BRC_FY2013_10K.html,,"July 31, 2013","equipment, machinery and equipment",The cost of buildings and improvements and machinery and equipment is being depreciated over their estimated useful lives using primarily the straight-line method for financial reporting purposes.,3.0,33.0,No,,Not disclosed,,Not disclosed,,0,significant_accounting_policies,1. Summary of Significant Accounting Policies,3,True,3.0-10.0 ans | 5.0 ans,"score=4,idx=9914,zone=25389",1025,OK,
0000746598,BRC,2014,0000746598_BRC_FY2014_10K.html,,"July 31, 2014","equipment, machinery and equipment",The cost of buildings and improvements and machinery and equipment is being depreciated over their estimated useful lives using primarily the straight-line method for financial reporting purposes.,3.0,33.0,No,,Not disclosed,,Not disclosed,,0,significant_accounting_policies,1. Summary of Significant Accounting Policies,3,True,3.0-10.0 ans | 5.0 ans,"score=4,idx=10276,zone=26381",1005,OK,
0000746598,BRC,2015,0000746598_BRC_FY2015_10K.html,,"July 31, 2015","equipment, machinery and equipment",The cost of buildings and improvements and machinery and equipment is being depreciated over their estimated useful lives using primarily the straight-line method for financial reporting purposes.,3.0,33.0,No,,Not disclosed,,Not disclosed,,0,significant_accounting_policies,1. Summary of Significant Accounting Policies,3,True,3.0-10.0 ans | 5.0 ans,"score=4,idx=9804,zone=24255",943,OK,
0000746598,BRC,2016,0000746598_BRC_FY2016_10K.html,,,"equipment, machinery and equipment",The cost of buildings and improvements and machinery and equipment is being depreciated over their estimated useful lives using primarily the straight-line method for financial reporting purposes.,3.0,33.0,No,,Not disclosed,,Not disclosed,,0,significant_accounting_policies,1. Summary of Significant Accounting Policies,3,True,3.0-10.0 ans | 5.0 ans,"score=4,idx=9530,zone=21939",811,OK,
0000746598,BRC,2017,0000746598_BRC_FY2017_10K.html,,,"equipment, computer systems, machinery and equipment","The cost of buildings and improvements, computer systems, and machinery and equipment are depreciated over their estimated useful lives using primarily the straight-line method for financial reporting purposes.",3.0,33.0,No,,Not disclosed,,Not disclosed,,0,significant_accounting_policies,1. Summary of Significant Accounting Policies,3,True,3.0-10.0 ans | 5.0 ans,"score=4,idx=9591,zone=21043",785,OK,
0000746598,BRC,2018,0000746598_BRC_FY2018_10K.html,,,"equipment, computer systems, machinery and equipment","The cost of buildings and improvements, computer systems, and machinery and equipment are depreciated over their estimated useful lives using primarily the straight-line method for financial reporting purposes.",3.0,33.0,No,,Not disclosed,,Not disclosed,,0,significant_accounting_policies,1. Summary of Significant Accounting Policies,3,True,3.0-10.0 ans | 5.0 ans,"score=4,idx=9391,zone=19387",759,OK,
0000746598,BRC,2019,0000746598_BRC_FY2019_10K.html,,,"equipment, computer systems, machinery and equipment","The cost of buildings and improvements, computer systems, and machinery and equipment are depreciated over their estimated useful lives using primarily the straight-line method for financial reporting purposes.",3.0,33.0,No,,Not disclosed,,Not disclosed,,0,significant_accounting_policies,1. Summary of Significant Accounting Policies,3,True,3.0-10.0 ans | 5.0 ans,"score=4,idx=7806,zone=18129",700,OK,
0000746598,BRC,2020,0000746598_BRC_FY2020_10K.html,,"July 31, 2020",Not disclosed,Not disclosed,,,No,,Not disclosed,,Not disclosed,,0,unknown,,0,False,,"score=2,idx=7063,zone=10334",24,OK,
0000746598,BRC,2021,0000746598_BRC_FY2021_10K.html,,2022-07-31,Equipment,"Property, Plant and Equipment — Property, plant and equipment are stated at cost, less accumulated depreciation.",3.0,33.0,No,,Not disclosed,,Not disclosed,B100;B200,2,significant_accounting_policies,1. Summary of Significant Accounting Policies,3,False,,"score=2,idx=6534,zone=9187",602,OK,
0000746598,BRC,2022,0000746598_BRC_FY2022_10K.html,,2023-07-31,Equipment,"Property, Plant and Equipment — Property, plant and equipment are stated at cost, less accumulated depreciation.",3.0,33.0,No,,Not disclosed,,Not disclosed,,0,significant_accounting_policies,1. Summary of Significant Accounting Policies,3,False,,"score=2,idx=5486,zone=8686",575,OK,
0000746598,BRC,2023,0000746598_BRC_FY2023_10K.html,,2024-07-31,Equipment,"Property, Plant and Equipment — Property, plant and equipment are stated at cost, less accumulated depreciation.",3.0,33.0,No,,Not disclosed,,Not disclosed,,0,significant_accounting_policies,1. Summary of Significant Accounting Policies,3,False,,"score=2,idx=5856,zone=8774",584,OK,
0000746598,BRC,2024,0000746598_BRC_FY2024_10K.html,,2025-07-31,Equipment,"Property, Plant and Equipment — Property, plant and equipment are stated at cost, less accumulated depreciation.",,,No,,Not disclosed,,Not disclosed,,0,significant_accounting_policies,1. Summary of Significant Accounting Policies,3,False,,"score=2,idx=5693,zone=8627",566,OK,
0000746838,UIS,2013,0000746838_UIS_FY2013_10K.html,,"December 31, 2013",Not disclosed,Not disclosed,,,No,,Not disclosed,,Not disclosed,,0,unknown,,0,False,,"score=7,idx=1101,zone=11",2,OK,
0000746838,UIS,2014,0000746838_UIS_FY2014_10K.html,,"December 31, 2014",Not disclosed,Not disclosed,,,No,,Not disclosed,,Not disclosed,,0,unknown,,0,False,,"score=7,idx=1028,zone=11",2,OK,
0000746838,UIS,2015,0000746838_UIS_FY2015_10K.html,,"December 31, 2015",Not disclosed,Not disclosed,,,No,,Not disclosed,,Not disclosed,,0,unknown,,0,False,,"score=7,idx=1014,zone=11",2,OK,
0000746838,UIS,2016,0000746838_UIS_FY2016_10K.html,,,equipment,Revenue from equipment and software maintenance and post-contract support is recognized on a straight-line basis as earned over the terms of the respective contracts.,,,No,,Not disclosed,,Not disclosed,,0,significant_accounting_policies,Note 1 — Summary of significant accounting policies,3,False,,"score=7,idx=7304,zone=26724",817,OK,
0000746838,UIS,2017,0000746838_UIS_FY2017_10K.html,,,equipment,Revenue from equipment and software maintenance and post-contract support is recognized on a straight-line basis as earned over the terms of the respective contracts.,,,No,,Not disclosed,,Not disclosed,,0,significant_accounting_policies,Note 1 — Summary of significant accounting policies,3,False,,"score=7,idx=7477,zone=28458",947,OK,
0000746838,UIS,2018,0000746838_UIS_FY2018_10K.html,,,equipment,Revenue from equipment and software maintenance and post-contract support is recognized on a straight-line basis as earned over the terms of the respective contracts.,,,No,,Not disclosed,,"Customer’s Accounting for Implementation Costs Incurred in a Cloud Computing Arrangement That Is a Service Contract ||| which clarifies the accounting for implementation costs incurred in a cloud computing arrangement that is a service contract. This update is effective for fiscal years ending after December 15, 2019, with earlier adoption permitted. The new guidance can be applied retrospectively or prospectively to all implementation costs incurred after the date of adoption. The company is currently assessing when it will choose to adopt, and is currently evaluating the impact of the adoption on its consolidated financial statements. ||| In August 2018, the FASB issued ASU No. 2018-15, Intangibles - Goodwill and Other - Internal - Use Software (Subtopic 350-40) : Customer’s Accounting for Implementation Costs Incurred in a Cloud Computing Arrangement That Is a Service Contract which clarifies the accounting for implementation costs incurred in a cloud computing arrangement that is a service contract. This update is effective for fiscal years ending after December 15, 2019, with earlier adoption permitted. The new guidance can be applied retrospectively or prospectively to all implementation costs incurred after the date of adoption. The company is currently assessing when it will choose to adopt, and is currently evaluating the impact of the adoption on its consolidated financial statements.",,0,significant_accounting_policies,Note 1 — Summary of significant accounting policies,3,False,,"score=7,idx=6738,zone=30190",994,OK,
0000746838,UIS,2019,0000746838_UIS_FY2019_10K.html,,2020-06-30,"machinery, office equipment, equipment","The estimated lives used, in years, are as follows: buildings, 20 – 50 ; machinery and office equipment, 4 – 7 ; rental equipment, 4 ; and internal-use software, 3 – 10 .",,,Yes,"Due to the maturity of the company’s proprietary enterprise software product, the company increased the time between its major releases as its product has a longer useful life. As a result, the company adjusted the remaining useful life of its proprietary enterprise software product, which represents approximately 66% of the company’s marketable software, to five years . The useful lives of the remaining products classified as marketable software remain at three years , which is consistent with prior years. As of December 31, 2019, $67.1 million of marketable software was in process and the remaining $119.7 million has a weighted-average remaining life of 3.2 years .",Not disclosed,,"In August 2018, the FASB issued ASU No. 2018-15, Intangibles - Goodwill and Other - Internal - Use Software (Subtopic 350-40) : Customer’s Accounting for Implementation Costs Incurred in a Cloud Computing Arrangement That Is a Service Contract which clarifies the accounting for implementation costs incurred in a cloud computing arrangement that is a service contract. This update is effective for fiscal years beginning after December 15, 2019. The new guidance can be applied retrospectively or prospectively to all implementation costs incurred after the date of adoption. The company will adopt the new guidance on January 1, 2020, on a prospective basis, and does not expect the adoption to have a material impact on its consolidated results of operations and financial position. ||| Customer’s Accounting for Implementation Costs Incurred in a Cloud Computing Arrangement That Is a Service Contract ||| which clarifies the accounting for implementation costs incurred in a cloud computing arrangement that is a service contract. This update is effective for fiscal years beginning after December 15, 2019. The new guidance can be applied retrospectively or prospectively to all implementation costs incurred after the date of adoption. The company will adopt the new guidance on January 1, 2020, on a prospective basis, and does not expect the adoption to have a material impact on its consolidated results of operations and financial position.",,0,significant_accounting_policies,Note 1 — Summary of significant accounting policies,3,False,,"score=7,idx=11484,zone=32777",1075,OK,
0000746838,UIS,2020,0000746838_UIS_FY2020_10K.html,,2021-03-31,"machinery, office equipment, equipment","The estimated lives used, in years, are as follows: buildings, 20 – 50; machinery and office equipment, 4 – 7; rental equipment, 4; and internal-use software, 3 – 10.",,,Yes,"For the company’s proprietary enterprise software products, the amortization period is five years following product release, and for the remaining products, the amortization period is three years following product release.",Not disclosed,,"Effective January 1, 2020, the company adopted ASU No. 2018-15, Intangibles - Goodwill and Other - Internal-Use Software (Subtopic 350-40): Customer’s Accounting for Implementation Costs Incurred in a Cloud Computing Arrangement That Is a Service Contract which clarifies the accounting for implementation costs incurred in a cloud computing arrangement that is a service contract. The company adopted the new guidance on a prospective basis and the adoption did not have a material impact on its consolidated results of operations and financial position.",,0,significant_accounting_policies,Note 1 — Summary of significant accounting policies,3,False,,"score=5,idx=8571,zone=17104",807,OK,
0000746838,UIS,2021,0000746838_UIS_FY2021_10K.html,,2021-12-31,"machinery, office equipment, equipment","The estimated lives used, in years, are as follows: buildings, 20 – 50; machinery and office equipment, 4 – 7; rental equipment, 4; and internal-use software, 3 – 10.",,,No,,"In September 2021, the company entered into a letter of intent (LOI) with a third party for the sale of certain facilities, land and equipment related to a data center facility located in Eagan, Minnesota. Upon the execution of the LOI, these assets were classified as held-for-sale in the company’s consolidated balance sheet and measured at the lower of their carrying amount or fair value less cost to sell.",Item 8,Not disclosed,,0,significant_accounting_policies,Note 1 — Summary of significant accounting policies,3,False,,"score=5,idx=7567,zone=16692",836,OK,
0000746838,UIS,2022,0000746838_UIS_FY2022_10K.html,,2022-12-31,"machinery, office equipment, equipment","The estimated lives used, in years, are as follows: buildings, 20 – 50; machinery and office equipment, 4 – 7; rental equipment, 4; and internal-use software, 3 – 10.",,,No,,"In 2021, as part of continued cost reduction initiatives, the company decided to exit a data center facility located in Eagan, Minnesota and move the activities to lower cost centers. As a result, the company entered into a letter of intent (LOI) in September 2021 with a third party for the sale of land and building at this location. Upon the execution of the LOI, these assets were classified as held-for-sale in the company’s consolidated balance sheet.",Item 8,Not disclosed,,0,significant_accounting_policies,Note 1 — Summary of significant accounting policies,3,False,,"score=5,idx=7567,zone=16830",861,OK,
0000746838,UIS,2023,0000746838_UIS_FY2023_10K.html,,2024-01-31,"machinery, office equipment, equipment","The estimated lives used, in years, are as follows: buildings, 20 – 50; machinery and office equipment, 4 – 7; rental equipment, 4; and internal-use software, 3 – 10.",,,No,,"Long-lived assets to be sold are classified as held-for-sale in the period in which they meet all the criteria for the disposal of long-lived assets. The company measures assets held-for-sale at the lower of their carrying amount or fair value less cost to sell. In 2021, the company determined that its data center facility located in Eagan, Minnesota, met the criteria for classification of the related assets as held-for-sale.",Item 8,Not disclosed,,0,significant_accounting_policies,Note 1 — Summary of significant accounting policies,3,False,,"score=5,idx=7620,zone=16186",827,OK,
0000746838,UIS,2024,0000746838_UIS_FY2024_10K.html,,2024-12-31,"machinery, office equipment, equipment","The estimated lives used, in years, are as follows: buildings, 20 – 50; machinery and office equipment, 4 – 7; rental equipment, 4; and internal-use software, 3 – 10.",,,No,,"Long-lived assets to be sold are classified as held-for-sale in the period in which they meet all the criteria for the disposal of long-lived assets. The company measures assets held-for-sale at the lower of their carrying amount or fair value less cost to sell. At both December 31, 2024 and 2023, the company had $4.9 million of assets held-for-sale related to its data center facility located in Eagan, Minnesota. In 2021, the company determined that these assets met the criteria for classification of assets held-for-sale.",Item 8,"Cloud Computing Arrangements For cloud computing arrangements that meet the definition of a service contract, the company capitalizes implementation costs incurred during the application development stage and until the software is ready for its intended use and then amortizes the costs on a straight-line basis over the related cloud computing arrangement. At December 31, 2024 and 2023, the amounts capitalized for cloud computing arrangements related primarily to the company’s deferred implementation costs for its new enterprise resource planning system and totaled $24.1 million and $23.0 million, respectively, of which $7.6 million and $5.5 million, respectively, were included within prepaid expenses and other current assets and $16.5 million and $17.5 million, respectively, were included within other long-term assets on the company’s consolidated balance sheets. ||| Cloud Computing Arrangements ||| For cloud computing arrangements that meet the definition of a service contract, the company capitalizes implementation costs incurred during the application development stage and until the software is ready for its intended use and then amortizes the costs on a straight-line basis over the related cloud computing arrangement. At December 31, 2024 and 2023, the amounts capitalized for cloud computing arrangements related primarily to the company’s deferred implementation costs for its new enterprise resource planning system and totaled $24.1 million and $23.0 million, respectively, of which $7.6 million and $5.5 million, respectively, were included within prepaid expenses and other current assets and $16.5 million and $17.5 million, respectively, were included within other long-term assets on the company’s consolidated balance sheets.",,0,significant_accounting_policies,Note 1 — Summary of significant accounting policies,3,False,,"score=5,idx=7412,zone=16146",825,OK,
0001035201,CWT,2013,0001035201_CWT_FY2013_10K.html,,"December 31, 2013",Not disclosed,Not disclosed,,,No,,Not disclosed,,Not disclosed,,0,unknown,,0,False,,"score=4,idx=12586,zone=35077",513,OK,
0001035201,CWT,2014,0001035201_CWT_FY2014_10K.html,,"December 31, 2014",Not disclosed,Not disclosed,,,No,,Not disclosed,,Not disclosed,,0,unknown,,0,False,,"score=4,idx=12101,zone=33717",513,OK,
0001035201,CWT,2015,0001035201_CWT_FY2015_10K.html,,"December 31, 2015",Not disclosed,Not disclosed,,,No,,Not disclosed,,Not disclosed,,0,unknown,,0,False,,"score=4,idx=10919,zone=29590",704,OK,
0001035201,CWT,2016,0001035201_CWT_FY2016_10K.html,,"December 31, 2016",Not disclosed,Not disclosed,,,No,,Not disclosed,,Not disclosed,,0,unknown,,0,False,,"score=4,idx=10932,zone=30214",714,OK,
0001035201,CWT,2017,0001035201_CWT_FY2017_10K.html,,"December 31, 2017",Not disclosed,Not disclosed,,,No,,Not disclosed,,Not disclosed,,0,unknown,,0,False,,"score=4,idx=10836,zone=31230",735,OK,
0001035201,CWT,2018,0001035201_CWT_FY2018_10K.html,,"December 31, 2018",Not disclosed,Not disclosed,,,No,,Not disclosed,,Not disclosed,,0,unknown,,0,False,,"score=4,idx=10243,zone=35102",798,OK,
0001035201,CWT,2019,0001035201_CWT_FY2019_10K.html,,"December 31, 2019",Not disclosed,Not disclosed,,,No,,Not disclosed,,Not disclosed,,0,unknown,,0,False,,"score=4,idx=13675,zone=37555",825,OK,
0001035201,CWT,2020,0001035201_CWT_FY2020_10K.html,,2020-12-31,Not disclosed,Not disclosed,,,No,,Not disclosed,,Not disclosed,,0,unknown,,0,False,,"score=2,idx=9029,zone=10341",625,OK,
0001035201,CWT,2021,0001035201_CWT_FY2021_10K.html,,2022-01-31,Not disclosed,Not disclosed,,,No,,Not disclosed,,Not disclosed,,0,unknown,,0,False,,"score=2,idx=9164,zone=10699",661,OK,
0001035201,CWT,2022,0001035201_CWT_FY2022_10K.html,,2023-12-31,Not disclosed,Not disclosed,,,No,,Not disclosed,,Not disclosed,,0,unknown,,0,False,,"score=2,idx=9457,zone=11474",663,OK,
0001035201,CWT,2023,0001035201_CWT_FY2023_10K.html,,2023-12-31,Equipment,Depreciation of utility plant is computed on a straight-line basis over the assets' estimated useful lives including cost of removal of certain assets as follows: Useful Lives Equipment 5 to 50 years Transmission and distribution plant 40 to 65 years Office Buildings and other structures 50 years,5.0,50.0,No,,Not disclosed,,Not disclosed,,0,significant_accounting_policies,NOTE 2. SUMMARY OF SIGNIFICANT ACCOUNTING POLICIES (Continued),3,False,,"score=2,idx=9354,zone=11095",622,OK,
0001035201,CWT,2024,0001035201_CWT_FY2024_10K.html,,2024-12-31,Equipment,Depreciation of utility plant is computed on a straight-line basis over the assets’ estimated useful lives including cost of removal of certain assets as follows: Useful Lives Equipment 5 to 50 years Transmission and distribution plant 40 to 65 years Office Buildings and other structures 50 years,5.0,50.0,No,,Not disclosed,,Not disclosed,,0,significant_accounting_policies,NOTE 2. SUMMARY OF SIGNIFICANT ACCOUNTING POLICIES (Continued),3,False,,"score=2,idx=9163,zone=11636",652,OK,
0001104657,MTRN,2013,0001104657_MTRN_FY2013_10K.html,,"December 31, 2013",capitalized software,"in 2011. The expense in 2013 and 2012 is net of the above referenced reductions in the unearned income liability. Depreciation, depletion and amortization as shown on the Consolidated Statement of Cash Flows is also net of the reduction in the unearned income liability in 2013 and 2012. The net book value of capitalized software as of December 31, 2013 was",,,No,,Not disclosed,,Not disclosed,,0,item_8_other,,1,False,,"score=3,idx=9450,zone=26153",787,OK,
0001104657,MTRN,2014,0001104657_MTRN_FY2014_10K.html,,"December 31, 2014",capitalized software,"referenced reductions in the unearned income liability. Depreciation, depletion, and amortization as shown on the Consolidated Statement of Cash Flows is also net of the reduction in the unearned income liability in 2014 and 2013. The net book value of capitalized software as of December 31, 2014 was",,,No,,Not disclosed,,Not disclosed,,0,item_8_other,,1,False,,"score=3,idx=8820,zone=26569",796,OK,
0001104657,MTRN,2015,0001104657_MTRN_FY2015_10K.html,,,"Machinery and equipment, equipment","December 31, (Thousands) 2015 2014 Land $ 7,457 $ 7,458 Buildings 133,427 129,673 Machinery and equipment 597,423 579,906 Software 38,505 34,525 Construction in progress 15,449 16,818 Allowances for depreciation (565,203 ) (534,908 ) Subtotal 227,058 233,472 Capital leases 10,913 10,912 Allowances for depreciation (2,242 ) (1,988 ) Subtotal 8,671 8,924 Mineral resources 4,979 4,980 Mine development 25,681 16,399 Allowances for amortization and depletion (2,760 ) (16,187 ) Subtotal 27,900 5,192 Property, plant, and equipment — net $ 263,629 $ 247,588",,,No,,Not disclosed,,Not disclosed,,0,item_8_other,,1,False,,"score=3,idx=9802,zone=27138",854,OK,
0001104657,MTRN,2016,0001104657_MTRN_FY2016_10K.html,,,"Machinery and equipment, equipment","December 31, (Thousands) 2016 2015 Land $ 5,548 $ 7,457 Buildings 135,729 133,427 Machinery and equipment 609,894 597,423 Software 39,550 38,505 Construction in progress 19,111 15,449 Allowances for depreciation (593,531 ) (565,203 ) Subtotal 216,301 227,058 Capital leases 10,913 10,913 Allowances for depreciation (2,492 ) (2,242 ) Subtotal 8,421 8,671 Mineral resources 4,979 4,979 Mine development 35,543 25,681 Allowances for amortization and depletion (12,613 ) (2,760 ) Subtotal 27,909 27,900 Property, plant, and equipment — net $ 252,631 $ 263,629",,,No,,Not disclosed,,Not disclosed,,0,item_8_other,,1,False,,"score=3,idx=9498,zone=25279",818,OK,
0001104657,MTRN,2017,0001104657_MTRN_FY2017_10K.html,,,"Machinery and equipment, equipment","December 31, (Thousands) 2017 2016 Land $ 4,874 $ 5,548 Buildings 137,196 135,729 Machinery and equipment 626,186 609,894 Software 40,575 39,550 Construction in progress 29,963 19,111 Allowances for depreciation (615,134 ) (593,531 ) Subtotal 223,660 216,301 Capital leases 10,912 10,913 Allowances for depreciation (2,741 ) (2,492 ) Subtotal 8,171 8,421 Mineral resources 4,979 4,979 Mine development 37,103 35,543 Allowances for amortization and depletion (18,335 ) (12,613 ) Subtotal 23,747 27,909 Property, plant, and equipment — net $ 255,578 $ 252,631",,,No,,Not disclosed,,Not disclosed,,0,item_8_other,,1,False,,"score=3,idx=9281,zone=26703",870,OK,
0001104657,MTRN,2018,0001104657_MTRN_FY2018_10K.html,,,"Machinery and equipment, equipment","December 31, (Thousands) 2018 2017 Land $ 4,874 $ 4,874 Buildings 149,701 137,196 Machinery and equipment 631,421 626,186 Software 42,678 40,575 Construction in progress 14,468 29,963 Allowances for depreciation (642,365 ) (615,134 ) Subtotal 200,777 223,660 Capital leases 22,150 10,912 Allowances for depreciation (2,412 ) (2,741 ) Subtotal 19,738 8,171 Mineral resources 4,980 4,979 Mine development 27,979 37,103 Allowances for amortization and depletion (2,456 ) (18,335 ) Subtotal 30,503 23,747 Property, plant, and equipment — net $ 251,018 $ 255,578",,,No,,Not disclosed,,Not disclosed,,0,item_8_other,,1,False,,"score=3,idx=8634,zone=27546",905,OK,
0001104657,MTRN,2019,0001104657_MTRN_FY2019_10K.html,,"December 31, 2019","Machinery and equipment, equipment","December 31, (Thousands) 2019 2018 Land $ 4,874 $ 4,874 Buildings 150,323 149,701 Machinery and equipment 639,310 631,421 Software 44,652 42,678 Construction in progress 16,699 14,468 Allowances for depreciation (669,250 ) (642,365 ) Subtotal 186,608 200,777 Finance leases 26,069 22,150 Allowances for depreciation (3,569 ) (2,412 ) Subtotal 22,500 19,738 Mineral resources 4,980 4,980 Mine development 30,058 27,979 Allowances for amortization and depletion (11,870 ) (2,456 ) Subtotal 23,168 30,503 Property, plant, and equipment — net $ 232,276 $ 251,018",,,No,,Telecom and Data Center,Item 8,Not disclosed,,0,item_8_other,,1,False,,"score=3,idx=12752,zone=31459",910,OK,
0001104657,MTRN,2020,0001104657_MTRN_FY2020_10K.html,,2020-12-31,"Machinery and equipment, equipment","December 31, (Thousands) 2020 2019 Land $ 5,686 $ 4,874 Buildings 165,144 150,323 Machinery and equipment 645,195 639,310 Software 43,652 44,652 Construction in progress 69,297 16,699 Allowances for depreciation (662,724) (669,250) Subtotal 266,250 186,608 Finance leases 34,301 26,069 Allowances for depreciation (4,914) (3,569) Subtotal 29,387 22,500 Mineral resources 4,979 4,980 Mine development 30,058 30,058 Allowances for amortization and depletion (20,988) (11,870) Subtotal 14,049 23,168 Property, plant, and equipment — net $ 309,686 $ 232,276",,,No,,Telecom and Data Center,Item 8,Not disclosed,A100,1,item_8_other,,1,False,,"score=2,idx=9258,zone=18855",819,OK,
0001104657,MTRN,2021,0001104657_MTRN_FY2021_10K.html,,2021-12-31,"Machinery and equipment, equipment","December 31, (Thousands) 2021 2020 Land $ 26,627 $ 5,686 Buildings 173,907 165,144 Machinery and equipment 687,502 645,195 Software 45,445 43,652 Construction in progress 130,838 69,297 Allowances for depreciation (690,166) (662,724) Subtotal 374,153 266,250 Finance leases 32,865 34,301 Allowances for depreciation (6,193) (4,914) Subtotal 26,672 29,387 Mineral resources 4,980 4,979 Mine development 30,059 30,058 Allowances for amortization and depletion (26,889) (20,988) Subtotal 8,150 14,049 Property, plant, and equipment — net $ 408,975 $ 309,686",,,No,,Telecom and Data Center,Item 8,Not disclosed,B100,1,item_8_other,,1,False,,"score=2,idx=9216,zone=15504",794,OK,
0001104657,MTRN,2022,0001104657_MTRN_FY2022_10K.html,,2022-12-31,"Machinery and equipment, equipment","December 31, (Thousands) 2022 2021 Land $ 26,579 $ 26,627 Buildings 200,223 173,907 Machinery and equipment 770,628 687,502 Software 44,886 45,445 Construction in progress 100,188 130,838 Allowances for depreciation (720,455) (690,166) Subtotal 422,049 374,153 Finance leases 31,662 32,865 Allowances for depreciation (7,395) (6,193) Subtotal 24,267 26,672 Mineral resources 4,980 4,980 Mine development 30,059 30,059 Allowances for amortization and depletion (32,590) (26,889) Subtotal 2,449 8,150 Property, plant, and equipment — net $ 448,765 $ 408,975",,,No,,Telecom and Data Center,Item 8,Not disclosed,B200,1,item_8_other,,1,False,,"score=2,idx=9191,zone=14968",773,OK,
0001104657,MTRN,2023,0001104657_MTRN_FY2023_10K.html,,2023-12-31,"Machinery and equipment, equipment","December 31, (Thousands) 2023 2022 Land $ 26,607 $ 26,579 Buildings 215,137 200,223 Machinery and equipment 799,551 770,628 Software 46,094 44,886 Construction in progress 147,303 100,188 Allowances for depreciation (749,622) (720,455) Subtotal 485,070 422,049 Finance leases 32,624 31,662 Allowances for depreciation (9,006) (7,395) Subtotal 23,618 24,267 Mineral resources 4,980 4,980 Mine development 9,326 30,059 Allowances for amortization and depletion (8,311) (32,590) Subtotal 5,995 2,449 Property, plant, and equipment — net $ 514,683 $ 448,765",,,No,,Telecom and Data Center,Item 8,Not disclosed,,0,item_8_other,,1,False,,"score=2,idx=9201,zone=14376",730,OK,
0001104657,MTRN,2024,0001104657_MTRN_FY2024_10K.html,,2024-12-31,"Machinery and equipment, equipment","December 31, (Thousands) 2024 2023 Land $ 26,566 $ 26,607 Buildings 237,820 215,137 Machinery and equipment 832,932 799,551 Software 46,268 46,094 Construction in progress 123,625 147,303 Allowances for depreciation (782,244) (749,622) Subtotal 484,967 485,070 Finance leases 31,292 32,624 Allowances for depreciation (10,036) (9,006) Subtotal 21,256 23,618 Mineral resources 4,979 4,980 Mine development 12,104 9,326 Allowances for amortization and depletion (12,501) (8,311) Subtotal 4,582 5,995 Property, plant, and equipment — net $ 510,805 $ 514,683",,,No,,Not disclosed,,Not disclosed,,0,item_8_other,,1,False,,"score=2,idx=9891,zone=15649",767,OK,
0001739940,CI,2018,0001739940_CI_FY2018_10K.html,,"December 31, 2018","furniture, equipment, computer equipment, capitalized software","The
Company calculates depreciation and amortization principally using the straight-line method generally based on the estimated useful life of each asset as follows: buildings and improvements, 10 to
40 years; purchased software, three to five years; internally developed software, three to seven years; and furniture and equipment (including computer equipment), three to 10 years.",3.0,5.0,No,,"We
leverage outsourced vendor services to provide certain disaster recovery services for systems located at our data centers. For systems not covered by a third-party vendor arrangement, such as our
specialty pharmacy data centers, our corporate disaster recovery organization manages internal recovery services.",Item 8,Not disclosed,,0,ppe_note,Note 15,3,True,3.0-5.0 ans | 3.0-7.0 ans | 3.0-10.0 ans,"score=7,idx=31802,zone=81265",2937,OK,
0001739940,CI,2019,0001739940_CI_FY2019_10K.html,,2019-12-31,equipment,Property and equipment is carried at cost less accumulated depreciation.,,,No,,Not disclosed,,Not disclosed,,0,ppe_note,"Note 18 – Goodwill, Other Intangibles and Property and Equipment",3,True,3.0-5.0 ans | 3.0-7.0 ans | 3.0-10.0 ans | 5.0 ans,"score=4,idx=21713,zone=35279",1683,OK,
0001739940,CI,2020,0001739940_CI_FY2020_10K.html,,2020-12-31,equipment,Property and equipment is carried at cost less accumulated depreciation.,,,No,,Not disclosed,,Not disclosed,,0,ppe_note,"Note 17 – Goodwill, Other Intangibles and Property and Equipment",3,True,3.0-5.0 ans | 3.0-7.0 ans | 3.0-10.0 ans,"score=2,idx=19260,zone=24623",1433,OK,
0001739940,CI,2021,0001739940_CI_FY2021_10K.html,,2022-02-03,equipment,Property and equipment is carried at cost less accumulated depreciation.,,,No,,Not disclosed,,Not disclosed,,0,ppe_note,"Note 18 – Goodwill, Other Intangibles and Property and Equipment",3,True,3.0-5.0 ans | 3.0-7.0 ans | 3.0-10.0 ans,"score=2,idx=18797,zone=22826",1375,OK,
0001739940,CI,2022,0001739940_CI_FY2022_10K.html,,2023-02-02,equipment,Property and equipment is carried at cost less accumulated depreciation.,,,No,,Not disclosed,,Not disclosed,,0,ppe_note,"Note 19 – Goodwill, Other Intangibles and Property and Equipment",3,True,3.0-5.0 ans | 3.0-7.0 ans | 3.0-10.0 ans,"score=2,idx=18996,zone=23224",1329,OK,
0001739940,CI,2023,0001739940_CI_FY2023_10K.html,,2024-02-15,equipment,Property and equipment is carried at cost less accumulated depreciation.,,,No,,Not disclosed,,Not disclosed,,0,ppe_note,"Note 20 – Goodwill, Other Intangibles and Property and Equipment",3,True,3.0-5.0 ans | 3.0-10.0 ans,"score=2,idx=19420,zone=24289",1385,OK,
0001739940,CI,2024,0001739940_CI_FY2024_10K.html,,2025-01-30,equipment,Property and equipment is carried at cost less accumulated depreciation.,,,No,,Not disclosed,,Not disclosed,,0,ppe_note,"Note 18 – Goodwill, Other Intangibles, and Property and Equipment",3,True,3.0-5.0 ans | 3.0-10.0 ans,"score=2,idx=15978,zone=22511",1224,OK,
