firm_cik,firm_ticker,fiscal_year,filename,filing_date,period_end_date,asset_category,useful_life_text,useful_life_min_years,useful_life_max_years,policy_change,policy_change_text,ai_infra_text,ai_infra_source,segment_ai_text,hardware_mentions,hardware_count,source_section,section_title,confidence,ambiguity_flag,ambiguity_detail,item8_method,item8_segment_count,extraction_status,error_message
0000079282,BRO,2013,0000079282_BRO_FY2013_10K.html,,"December 31, 2013",Not disclosed,Not disclosed,,,Yes,"The excess of the purchase price of an acquisition over the fair value of the identifiable tangible and
amortizable intangible assets is assigned to goodwill. While goodwill is not amortizable, it is subject to assessment at least annually, and more frequently in the presence of certain circumstances, for impairment by application of a fair
value-based test. The Company compares the fair value of each reporting unit with its carrying amount to determine if there is potential impairment of goodwill. If the fair value of the reporting unit is less than its carrying value, an impairment
loss is recorded to the extent that the fair value of the goodwill within the reporting unit is less than its carrying value. Fair value is estimated based on multiples of earnings before interest, income taxes, depreciation, amortization and change
in estimated acquisition earn-out payables (“EBITDAC”), or on a discounted cash flow basis. Brown & Brown completed its most recent annual assessment as of November 30, 2013 and determined that the fair value of goodwill
exceeded the carrying value of such assets. In addition, as of December 31, 2013, there are no accumulated impairment losses.",Not disclosed,,Not disclosed,,0,unknown,,0,False,,"score=7,idx=10158,zone=14433",409,OK,
0000079282,BRO,2014,0000079282_BRO_FY2014_10K.html,,"December 31, 2014",Not disclosed,Not disclosed,,,Yes,"The excess of the purchase price of an acquisition over the fair value of the identifiable tangible and amortizable intangible assets is
assigned to goodwill. While goodwill is not amortizable, it is subject to assessment at least annually, and more frequently in the presence of certain circumstances, for impairment by application of a fair value-based test. The Company compares the
fair value of each reporting unit with its carrying amount to determine if there is potential impairment of goodwill. If the fair value of the reporting unit is less than its carrying value, an impairment loss is recorded to the extent that the fair
value of the goodwill within the reporting unit is less than its carrying value. Fair value is estimated based on multiples of earnings before interest, income taxes, depreciation, amortization and change in estimated acquisition earn-out payables
(“EBITDAC”), or on a discounted cash flow basis. Brown & Brown completed its most recent annual assessment as of November 30, 2014 and determined that the fair value of goodwill exceeded the carrying value of such assets. In
addition, as of December 31, 2014, there are no accumulated impairment losses.",Not disclosed,,Not disclosed,,0,unknown,,0,False,,"score=7,idx=9801,zone=14110",442,OK,
0000079282,BRO,2015,0000079282_BRO_FY2015_10K.html,,,Not disclosed,Not disclosed,,,Yes,"The excess of the purchase price of an acquisition over the fair value of the identifiable tangible and amortizable intangible assets is assigned to goodwill. While goodwill is not amortizable, it is subject to assessment at least annually, and more frequently in the presence of certain circumstances, for impairment by application of a fair value-based test. The Company compares the fair value of each reporting unit with its carrying amount to determine if there is potential impairment of goodwill. If the fair value of the reporting unit is less than its carrying value, an impairment loss is recorded to the extent that the fair value of the goodwill within the reporting unit is less than its carrying value. Fair value is estimated based on multiples of earnings before interest, income taxes, depreciation, amortization and change in estimated acquisition earn-out payables (“EBITDAC”), or on a discounted cash flow basis. Brown & Brown completed its most recent annual assessment as of November 30, 2015 and determined that the fair value of goodwill exceeded the carrying value of such assets. In addition, as of December 31, 2015, there are no accumulated impairment losses.",Not disclosed,,"In April 2015, FASB issued ASU No. 2015-05, “Intangibles-Goodwill and Other-Internal-Use Software (Subtopic 350-40): Customer’s Accounting for Fees Paid in a Cloud Computing Arrangement” (“ASU 2015-05”), which issues guidance on determining whether a cloud computing arrangement contains a software license that should be accounted for as internal-use software. If a cloud computing arrangement does not contain a software license, it should be accounted for as a service contract. This guidance is effective for fiscal years beginning after December 15, 2015 and for interim periods within those fiscal years, with early adoption permitted. The Company has to this point not been a party to any material cloud computing arrangements and as such has determined the impact of the adoption of this guidance on the Consolidated Financial Statements to be immaterial.",,0,unknown,,0,False,,"score=7,idx=15924,zone=23455",773,OK,
0000079282,BRO,2016,0000079282_BRO_FY2016_10K.html,,,Not disclosed,Not disclosed,,,Yes,"Fair value is estimated based upon multiples of earnings before interest, income taxes, depreciation, amortization and change in estimated acquisition earn-out payables (“EBITDAC”), or on a discounted cash flow basis. Brown & Brown completed its most recent annual assessment as of November 30, 2016 and determined that the fair value of goodwill exceeded the carrying value of such assets. In addition, as of December 31, 2016, there are no accumulated impairment losses.",Not disclosed,,Not disclosed,,0,unknown,,0,False,,"score=7,idx=16013,zone=23681",795,OK,
0000079282,BRO,2017,0000079282_BRO_FY2017_10K.html,,"December 31, 2017",Not disclosed,Not disclosed,,,Yes,"(in thousands, except per share data) For the Year Ended December 31, 2017 2016 2015 REVENUES Commissions and fees $ 1,857,270 $ 1,762,787 $ 1,656,951 Investment income 1,626 1,456 1,004 Other income, net 22,451 2,386 2,554 Total revenues 1,881,347 1,766,629 1,660,509 EXPENSES Employee compensation and benefits 994,652 925,217 856,952 Other operating expenses 283,470 262,872 251,055 (Gain)/loss on disposal (2,157 ) (1,291 ) (619 ) Amortization 85,446 86,663 87,421 Depreciation 22,698 21,003 20,890 Interest 38,316 39,481 39,248 Change in estimated acquisition earn-out payables 9,200 9,185 3,003 Total expenses 1,431,625 1,343,130 1,257,950 Income before income taxes 449,722 423,499 402,559 Income taxes 50,092 166,008 159,241 Net income $ 399,630 $ 257,491 $ 243,318 Net income per share: Basic $ 2.86 $ 1.84 $ 1.72 Diluted $ 2.81 $ 1.82 $ 1.70 Dividends declared per share $ 0.56 $ 0.50 $ 0.45",Not disclosed,,Not disclosed,,0,unknown,,0,False,,"score=7,idx=20919,zone=24103",788,OK,
0000079282,BRO,2018,0000079282_BRO_FY2018_10K.html,,2018-12-31,Not disclosed,Not disclosed,,,Yes,"(in thousands, except per share data) For the year ended December 31, 2018 2017 2016 REVENUES Commissions and fees $ 2,009,857 $ 1,857,270 $ 1,762,787 Investment income 2,746 1,626 1,456 Other income, net 1,643 22,451 2,386 Total revenues 2,014,246 1,881,347 1,766,629 EXPENSES Employee compensation and benefits 1,068,914 994,652 925,217 Other operating expenses 332,118 283,470 262,872 (Gain)/loss on disposal (2,175 ) (2,157 ) (1,291 ) Amortization 86,544 85,446 86,663 Depreciation 22,834 22,698 21,003 Interest 40,580 38,316 39,481 Change in estimated acquisition earn-out payables 2,969 9,200 9,185 Total expenses 1,551,784 1,431,625 1,343,130 Income before income taxes 462,462 449,722 423,499 Income taxes 118,207 50,092 166,008 Net income $ 344,255 $ 399,630 $ 257,491 Net income per share: Basic $ 1.24 $ 1.43 $ 0.92 Diluted $ 1.22 $ 1.40 $ 0.91 Dividends declared per share $ 0.31 $ 0.28 $ 0.25",Not disclosed,,"In August 2018, the FASB issued ASU 2018-15, “Intangibles—Goodwill and Other—Internal-Use Software (Subtopic 350-40): Customer’s Accounting for Implementation Costs Incurred in a Cloud Computing Arrangement That Is a Service Contract,” which provides guidance for capitalizing implementation costs incurred in a hosting arrangement that is a service contract with the requirements for capitalizing implementation costs incurred to develop or obtain internal-use software (and hosting arrangements that include an internal-use software license). ASU 2018-15 will take effect for public companies for fiscal years, and interim periods within those fiscal years, beginning after December 15, 2019. The Company is currently evaluating the impact of this pronouncement.",,0,unknown,,0,False,,"score=7,idx=23536,zone=26023",857,OK,
0000079282,BRO,2019,0000079282_BRO_FY2019_10K.html,,2019-12-31,equipment,"Leases are classified as either finance leases or operating leases. A lease is classified as a finance lease if any one of the following criteria are met: the lease transfers ownership of the asset by the end of the lease term, the lease contains an option to purchase the asset that is reasonably certain to be exercised, or the lease term is for a major part of the remaining useful life of the asset or the present value of the lease payments equals or exceeds substantially all of the fair value of the asset. A lease is classified as an operating lease if it does not meet any one of these criteria. None of the Company’s real estate leases for office space meet the definition of a finance lease. The Company’s policy is to own, rather than lease, equipment.",,,Yes,"The excess of the purchase price of an acquisition over the fair value of the identifiable tangible and amortizable intangible assets is assigned to goodwill. While goodwill is not amortizable, it is subject to assessment at least annually, and more frequently in the presence of certain circumstances, for impairment by application of a fair value-based test. The Company compares the fair value of each reporting unit with its carrying amount to determine if there is potential impairment of goodwill. If the fair value of the reporting unit is less than its carrying value, an impairment loss is recorded to the extent that the fair value of the goodwill within the reporting unit is less than its carrying value. Fair value is estimated based upon multiples of earnings before interest, income taxes, depreciation, amortization and change in estimated acquisition earn-out payables (“EBITDAC”), or on a discounted cash flow basis. The Company completed its most recent annual assessment as of November 30, 2019 and determined that the fair value of goodwill significantly exceeded the carrying value of such assets. In addition, as of December 31, 2019, there are no accumulated impairment losses.",Not disclosed,,"In August 2018, the FASB issued ASU 2018-15, “Intangibles—Goodwill and Other—Internal-Use Software (Subtopic 350-40): Customer’s Accounting for Implementation Costs Incurred in a Cloud Computing Arrangement That Is a Service Contract,” which provides guidance for capitalizing implementation costs incurred in a hosting arrangement that is a service contract with the requirements for capitalizing implementation costs incurred to develop or obtain internal-use software (and hosting arrangements that include an internal-use software license). ASU 2018-15 will take effect for public companies for fiscal years, and interim periods within those fiscal years, beginning after December 15, 2019. The impact of ASU 2018-15 is not expected to be material to the Company.",,0,significant_accounting_policies,NOTE 1 Summary of Significant Accounting Policies,3,False,,"score=7,idx=15682,zone=21483",742,OK,
0000079282,BRO,2020,0000079282_BRO_FY2020_10K.html,,2020-12-31,Not disclosed,Not disclosed,,,Yes,"The excess of the purchase price of an acquisition over the fair value of the identifiable tangible and amortizable intangible assets is assigned to goodwill. While goodwill is not amortizable, it is subject to assessment at least annually, and more frequently in the presence of certain circumstances, for impairment by application of a fair value-based test. The Company compares the fair value of each reporting unit with its carrying amount to determine if there is potential impairment of goodwill. If the fair value of the reporting unit is less than its carrying value, an impairment loss is recorded to the extent that the fair value of the goodwill within the reporting unit is less than its carrying value. Fair value is estimated based upon multiples of earnings before interest, income taxes, depreciation, amortization and change in estimated acquisition earn-out payables (“EBITDAC”), or on a discounted cash flow basis. The Company completed its most recent annual assessment as of November 30, 2020 and determined that the fair value of goodwill significantly exceeded the carrying value of such assets. In addition, as of December 31, 2020, there are no accumulated impairment losses.",Not disclosed,,"In August 2018, the FASB issued ASU 2018-15, “Intangibles—Goodwill and Other—Internal-Use Software (Subtopic 350-40): Customer’s Accounting for Implementation Costs Incurred in a Cloud Computing Arrangement That Is a Service Contract,” which provides guidance for capitalizing implementation costs incurred in a hosting arrangement that is a service contract with the requirements for capitalizing implementation costs incurred to develop or obtain internal-use software (and hosting arrangements that include an internal-use software license). ASU 2018-15 became effective for public companies for fiscal years, and interim periods within those fiscal years, beginning after December 15, 2019. The Company adopted ASU 2018-15 effective January 1, 2020. The impact of adoption of this standard on our consolidated financial statements, including accounting policies, processes, and systems, was not material.",,0,unknown,,0,False,,"score=7,idx=16497,zone=23744",718,OK,
0000079282,BRO,2021,0000079282_BRO_FY2021_10K.html,,2022-01-20,"Furniture, equipment","NOTE 7 Fi xed Assets Fixed assets at December 31 consisted of the following: (in thousands) 2021 2020 Furniture, fixtures, equipment and software $ 259,081 $ 259,524 Leasehold improvements 52,142 42,261 Construction in progress — 81,736 Land, buildings and improvements 97,200 8,428 Total cost 408,423 391,949 Less accumulated depreciation and amortization ( 196,390 ) ( 190,834 ) Total $ 212,033 $ 201,115 Depreciation expense for fixed assets amounted to $ 33.3 million in 2021, $ 26.3 million in 2020 and $ 23.4 million in 2019.",,,Yes,"The excess of the purchase price of an acquisition over the fair value of the identifiable tangible and amortizable intangible assets is assigned to goodwill. While goodwill is not amortizable, it is subject to assessment at least annually, and more frequently in the presence of certain circumstances, for impairment by application of a fair value-based test. The Company compares the fair value of each reporting unit with its carrying amount to determine if there is potential impairment of goodwill. The Company may elect to first perform a qualitative assessment to determine whether it is more likely than not that a reporting unit is impaired. If the Company does not perform a qualitative assessment, or if it is determined that it is more likely than not that the fair value of a reporting unit exceeds its carrying amount, the Company will calculate the fair value of the reporting unit. If the fair value of the reporting unit is less than its carrying value, an impairment loss is recorded to the extent that the fair value of the goodwill within the reporting unit is less than its carrying value. Fair value is estimated based upon multiples of earnings before interest, income taxes, depreciation, amortization and change in estimated acquisition earn-out payables (“EBITDAC”), or on a discounted cash flow basis. The Company completed its most recent annual assessment as of November 30, 2021 and determined that the fair value of goodwill significantly exceeded the carrying value of such assets. In addition, as of December 31, 2021 , there are no accumulated impairment losses.",Not disclosed,,"In August 2018, the FASB issued ASU 2018-15, “Intangibles—Goodwill and Other—Internal-Use Software (Subtopic 350-40): Customer’s Accounting for Implementation Costs Incurred in a Cloud Computing Arrangement That Is a Service Contract,” which provides guidance for capitalizing implementation costs incurred in a hosting arrangement that is a service contract with the requirements for capitalizing implementation costs incurred to develop or obtain internal-use software (and hosting arrangements that include an internal-use software license). ASU 2018-15 became effective for public companies for fiscal years, and interim periods within those fiscal years, beginning after December 15, 2019. The Company adopted ASU 2018-15 effective January 1, 2020 . The impact of adoption of this standard on our consolidated financial statements, including accounting policies, processes and systems, was no t material.",,0,ppe_note,"NOTE 7 Fi xed Assets Fixed assets at December 31 consisted of the following: (in thousands) 2021 2020 Furniture, fixtures, equipment and software $ 25",3,False,,"score=7,idx=19364,zone=37225",995,OK,
0000079282,BRO,2022,0000079282_BRO_FY2022_10K.html,,2023-01-19,"Furniture, equipment","NOTE 7 Fi xed Assets Fixed assets at December 31 consisted of the following: (in millions) 2022 2021 Furniture, fixtures, equipment and software $ 307.2 $ 259.1 Leasehold improvements 61.3 52.1 Land, buildings and improvements 108.4 97.2 Total cost 476.9 408.4 Less accumulated depreciation and amortization ( 237.0 ) ( 196.4 ) Total $ 239.9 $ 212.0 Depreciation expense for fixed assets amounted to $ 39.2 million in 2022, $ 33.3 million in 2021 and $ 26.3 million in 2020 .",,,Yes,"The excess of the purchase price of an acquisition over the fair value of the identifiable tangible and amortizable intangible assets is assigned to goodwill. While goodwill is not amortizable, it is subject to assessment at least annually, and more frequently in the presence of certain circumstances, for impairment by application of a fair value-based test. The Company compares the fair value of each reporting unit with its carrying amount to determine if there is potential impairment of goodwill. The Company may elect to first perform a qualitative assessment to determine whether it is more likely than not that a reporting unit is impaired. If the Company does not perform a qualitative assessment, or as a result of the qualitative assessment, it is not determined that the fair value of the reporting unit more likely than not exceeds the carrying amount, the Company will calculate the fair value of the reporting unit for comparison against the carrying value. If the fair value of the reporting unit is less than its carrying value, an impairment loss is recorded to the extent that the fair value of the goodwill within the reporting unit is less than its carrying value. Fair value is estimated based upon multiples of earnings before interest, income taxes, depreciation, amortization and change in estimated acquisition earn-out payables (“EBITDAC”), or on a discounted cash flow basis. The Company completed its most recent annual assessment as of November 30, 2022 and determined that the fair value of goodwill exceeded the carrying value of such assets. In addition, as of December 31, 2022 , there are no accumulated impairment losses.",Not disclosed,,Not disclosed,,0,ppe_note,"NOTE 7 Fi xed Assets Fixed assets at December 31 consisted of the following: (in millions) 2022 2021 Furniture, fixtures, equipment and software $ 307",3,False,,"score=7,idx=20233,zone=39629",1072,OK,
0000079282,BRO,2023,0000079282_BRO_FY2023_10K.html,,2024-02-22,"Furniture, equipment","NOTE 7 Fi xed Assets Fixed assets at December 31 consisted of the following: (in millions) 2023 2022 Furniture, fixtures, equipment and software $ 345.3 $ 307.2 Leasehold improvements 62.2 61.3 Land, buildings and improvements 117.1 108.4 Total cost 524.6 476.9 Less accumulated depreciation and amortization ( 254.3 ) ( 237.0 ) Total $ 270.3 $ 239.9 Depreciation expense for fixed assets amounted to $ 40.0 million in 2023, $ 39.2 million in 2022 and $ 33.3 million in 2021 .",,,No,,Not disclosed,,Not disclosed,,0,ppe_note,"NOTE 7 Fi xed Assets Fixed assets at December 31 consisted of the following: (in millions) 2023 2022 Furniture, fixtures, equipment and software $ 345",3,False,,"score=7,idx=18702,zone=27241",1021,OK,
0000079282,BRO,2024,0000079282_BRO_FY2024_10K.html,,2025-01-22,"Furniture, equipment","NOTE 6 Fi xed Assets Fixed assets at December 31 consisted of the following: (in millions) 2024 2023 Furniture, fixtures, equipment and software $ 382 $ 345 Leasehold improvements 73 62 Land, buildings and improvements 136 117 Total cost 591 524 Less accumulated depreciation and amortization ( 272 ) ( 254 ) Total $ 319 $ 270 Depreciation expense for fixed assets amounted to $ 44 million in 2024, $ 40 million in 2023 and $ 39 million in 2022 .",,,Yes,"The Company's chief operating decision maker (""CODM""), the president and chief executive officer, regularly receives total revenue, income before income taxes and earnings before interest, income taxes, depreciation, amortization and change in estimated acquisition earn-out payables (""EBITDAC""). The metrics are used to review operating trends, to perform analytical comparisons between periods and to monitor budget to actual variances. The Company's CODM does not use segment assets to make resource allocation decisions, therefore it has not been presented.",Not disclosed,,Not disclosed,,0,ppe_note,"NOTE 6 Fi xed Assets Fixed assets at December 31 consisted of the following: (in millions) 2024 2023 Furniture, fixtures, equipment and software $ 382",3,False,,"score=7,idx=16196,zone=25509",964,OK,
0000089439,MLI,2013,0000089439_MLI_FY2013_10K.html,,"DECEMBER 28, 2013",Not disclosed,Not disclosed,,,No,,Not disclosed,,Not disclosed,,0,unknown,,0,False,,"score=5,idx=4759,zone=16",23,OK,
0000089439,MLI,2014,0000089439_MLI_FY2014_10K.html,,"DECEMBER 27, 2014",Not disclosed,Not disclosed,,,No,,Not disclosed,,Not disclosed,,0,unknown,,0,False,,"score=5,idx=4402,zone=15",43,OK,
0000089439,MLI,2015,0000089439_MLI_FY2015_10K.html,,"December 26, 2015",Not disclosed,Not disclosed,,,No,,Not disclosed,,Not disclosed,,0,unknown,,0,False,,"score=5,idx=3328,zone=12",2,OK,
0000089439,MLI,2016,0000089439_MLI_FY2016_10K.html,,"December 31, 2016",Not disclosed,Not disclosed,,,No,,Not disclosed,,Not disclosed,,0,unknown,,0,False,,"score=5,idx=3062,zone=13",2,OK,
0000089439,MLI,2017,0000089439_MLI_FY2017_10K.html,,,Not disclosed,Not disclosed,,,No,,Not disclosed,,Not disclosed,,0,unknown,,0,False,,"score=6,idx=4604,zone=29",4,OK,
0000089439,MLI,2018,0000089439_MLI_FY2018_10K.html,,,Not disclosed,Not disclosed,,,No,,Not disclosed,,Not disclosed,,0,unknown,,0,False,,"score=6,idx=4954,zone=17",3,OK,
0000089439,MLI,2019,0000089439_MLI_FY2019_10K.html,,2019-12-28,Not disclosed,Not disclosed,,,No,,Not disclosed,,Not disclosed,,0,unknown,,0,False,,"score=6,idx=8616,zone=32",3,OK,
0000089439,MLI,2020,0000089439_MLI_FY2020_10K.html,,2021-01-29,Not disclosed,Not disclosed,,,No,,Not disclosed,,Not disclosed,,0,unknown,,0,False,,"score=5,idx=7055,zone=16",3,OK,
0000089439,MLI,2021,0000089439_MLI_FY2021_10K.html,,2022-02-28,Not disclosed,Not disclosed,,,No,,Not disclosed,,Not disclosed,,0,unknown,,0,False,,"score=5,idx=7169,zone=17",3,OK,
0000089439,MLI,2022,0000089439_MLI_FY2022_10K.html,,2022-12-31,Not disclosed,Not disclosed,,,No,,Not disclosed,,Not disclosed,B100,1,unknown,,0,False,,"score=5,idx=6711,zone=17",3,OK,
0000089439,MLI,2023,0000089439_MLI_FY2023_10K.html,,2023-12-30,Not disclosed,Not disclosed,,,No,,Not disclosed,,Not disclosed,,0,unknown,,0,False,,"score=5,idx=6651,zone=17",3,OK,
0000089439,MLI,2024,0000089439_MLI_FY2024_10K.html,,2024-12-28,Not disclosed,Not disclosed,,,No,,Not disclosed,,Not disclosed,,0,unknown,,0,False,,"score=5,idx=6658,zone=17",3,OK,
0000772406,CRUS,2013,0000772406_CRUS_FY2013_10K.html,,"March 29, 2014",software is amortized over a useful life of,"Property, plant and equipment is recorded at cost, net of depreciation and amortization. Furniture, fixtures, machinery, and equipment are all depreciated over a useful life of three to 10 years, while
buildings are depreciated over a period of up to 39 years. In general, our capitalized software is amortized over a useful life of three years, with capitalized enterprise resource planning software being amortized over a useful life of 10 years.",3.0,10.0,Not disclosed,,Not disclosed,,Not disclosed,,0,item_8_other,,1,False,,"score=7,idx=5633,zone=14651",377,ERROR,'<' not supported between instances of 'NoneType' and 'float'
0000772406,CRUS,2014,0000772406_CRUS_FY2014_10K.html,,"March 28, 2015",software is amortized over a useful life of,"Property, plant and equipment is recorded at cost, net of depreciation and amortization. Furniture, fixtures, machinery, and equipment are all depreciated over a useful life of three to 10 years, while
buildings are depreciated over a period of up to 39 years. In general, our capitalized software is amortized over a useful life of three years, with capitalized enterprise resource planning software being amortized over a useful life of 10 years.",3.0,10.0,Not disclosed,,Not disclosed,,Not disclosed,,0,item_8_other,,1,False,,"score=7,idx=5689,zone=18743",442,ERROR,'<' not supported between instances of 'NoneType' and 'float'
0000772406,CRUS,2015,0000772406_CRUS_FY2015_10K.html,,"March 26, 2016",software is amortized over a useful life of,"Property, plant and equipment is recorded at cost, net of depreciation and amortization. Furniture, fixtures, machinery, and equipment are all depreciated over a useful life of three to 10 years, while
buildings are depreciated over a period of up to 39 years. In general, our capitalized software is amortized over a useful life of three years, with capitalized enterprise resource planning software being amortized over a useful life of 10 years.",3.0,10.0,Not disclosed,,Not disclosed,,Not disclosed,,0,item_8_other,,1,False,,"score=7,idx=5882,zone=18581",444,ERROR,'<' not supported between instances of 'NoneType' and 'float'
0000772406,CRUS,2016,0000772406_CRUS_FY2016_10K.html,,"March 25, 2017",software is amortized over a useful life of,"Property, plant and equipment is recorded at cost, net of depreciation and amortization. Furniture, fixtures, machinery, and equipment are all depreciated over a useful life of three to 10 years, while
buildings are depreciated over a period of up to 39 years. In general, our capitalized software is amortized over a useful life of three years, with capitalized enterprise resource planning software being amortized over a useful life of 10 years.",3.0,10.0,Not disclosed,,Not disclosed,,Not disclosed,,0,item_8_other,,1,False,,"score=7,idx=6067,zone=18736",467,ERROR,'<' not supported between instances of 'NoneType' and 'float'
0000772406,CRUS,2017,0000772406_CRUS_FY2017_10K.html,,,capitalized software,"In general, our capitalized software is amortized over a useful life of",,,No,,Not disclosed,,Not disclosed,,0,significant_accounting_policies,2. Summary of Significant Accounting Policies,3,False,,"score=7,idx=6197,zone=18821",720,OK,
0000772406,CRUS,2018,0000772406_CRUS_FY2018_10K.html,,,capitalized software,"In general, our capitalized software is amortized over a useful life of",,,No,,Not disclosed,,Not disclosed,,0,significant_accounting_policies,2. Summary of Significant Accounting Policies,3,False,,"score=7,idx=6213,zone=18444",745,OK,
0000772406,CRUS,2019,0000772406_CRUS_FY2019_10K.html,,"March 28, 2020",software is amortized over a useful life of,"Property, plant and equipment is recorded at cost, net of depreciation and amortization. Furniture, fixtures, machinery, and equipment are all depreciated over a useful life of 3 to 10 years, while buildings are depreciated over a period of up to 39 years. In general, our capitalized software is amortized over a useful life of 3 years, with capitalized enterprise resource planning software being amortized over a useful life of 10 years.",3.0,10.0,Not disclosed,,Not disclosed,,Not disclosed,,0,significant_accounting_policies,2. Summary of Significant Accounting Policies,3,False,,"score=5,idx=6186,zone=11240",561,ERROR,'<' not supported between instances of 'NoneType' and 'float'
0000772406,CRUS,2020,0000772406_CRUS_FY2020_10K.html,,"March 27, 2021",software is amortized over a useful life of,"Property, plant and equipment is recorded at cost, net of depreciation and amortization. Furniture, fixtures, machinery, and equipment are all depreciated over a useful life of 3 to 10 years, while buildings are depreciated over a period of up to 39 years. In general, our capitalized software is amortized over a useful life of 3 years, with capitalized enterprise resource planning software being amortized over a useful life of 10 years.",3.0,10.0,Not disclosed,,Not disclosed,,Not disclosed,,0,significant_accounting_policies,2. Summary of Significant Accounting Policies,3,False,,"score=5,idx=5602,zone=9878",536,ERROR,'<' not supported between instances of 'NoneType' and 'float'
0000772406,CRUS,2021,0000772406_CRUS_FY2021_10K.html,,"March 26, 2022",software is amortized over a useful life of,"Property, plant and equipment is recorded at cost, net of depreciation and amortization. Furniture, fixtures, machinery, and equipment are all depreciated over a useful life of 3 to 10 years, while buildings are depreciated over a period of up to 39 years. In general, our capitalized software is amortized over a useful life of 3 years, with capitalized enterprise resource planning software being amortized over a useful life of 10 years.",3.0,10.0,Not disclosed,,Not disclosed,,Not disclosed,,0,significant_accounting_policies,2. Summary of Significant Accounting Policies,3,False,,"score=5,idx=5092,zone=9684",557,ERROR,'<' not supported between instances of 'NoneType' and 'float'
0000772406,CRUS,2022,0000772406_CRUS_FY2022_10K.html,,"March 25, 2023",software is amortized over a useful life of,"Property, plant and equipment is recorded at cost, net of depreciation and amortization. Furniture, fixtures, machinery, and equipment are all depreciated over a useful life of 3 to 10 years, while buildings are depreciated over a period of up to 39 years. In general, our capitalized software is amortized over a useful life of 3 years, with capitalized enterprise resource planning software being amortized over a useful life of 10 years.",3.0,10.0,Not disclosed,,Not disclosed,,Not disclosed,,0,significant_accounting_policies,2. Summary of Significant Accounting Policies,3,False,,"score=5,idx=5347,zone=9441",522,ERROR,'<' not supported between instances of 'NoneType' and 'float'
0000772406,CRUS,2023,0000772406_CRUS_FY2023_10K.html,,"March 30, 2024",software is amortized over a useful life of,"Property, plant and equipment is recorded at cost, net of depreciation and amortization. Furniture, fixtures, machinery, and equipment are all depreciated over a useful life of 3 to 10 years, while buildings are depreciated over a period of up to 39 years. In general, our capitalized software is amortized over a useful life of 3 years, with capitalized enterprise resource planning software being amortized over a useful life of 10 years.",3.0,10.0,Not disclosed,,Not disclosed,,Not disclosed,,0,significant_accounting_policies,2. Summary of Significant Accounting Policies,3,False,,"score=5,idx=5406,zone=9416",522,ERROR,'<' not supported between instances of 'NoneType' and 'float'
0000772406,CRUS,2024,0000772406_CRUS_FY2024_10K.html,,"March 29, 2025",software is amortized over a useful life of,"Property, plant and equipment is recorded at cost, net of depreciation and amortization. Furniture, fixtures, machinery, and equipment are all depreciated over a useful life of 3 to 10 years, while buildings are depreciated over a period of up to 39 years. In general, our capitalized software is amortized over a useful life of 3 years, with capitalized enterprise resource planning software being amortized over a useful life of 10 years.",3.0,10.0,Not disclosed,,Not disclosed,,Not disclosed,,0,significant_accounting_policies,2. Summary of Significant Accounting Policies,3,False,,"score=5,idx=5381,zone=9698",514,ERROR,'<' not supported between instances of 'NoneType' and 'float'
0000832988,SIG,2013,0000832988_SIG_FY2013_10K.html,,"February 1, 2014",information technology,"Cost of sales includes merchandise costs net of discounts and allowances, freight, processing and distribution costs of moving merchandise from suppliers to distribution centers and to stores,
inventory shrinkage, store operating and occupancy costs, net bad debts and charges for late payments under the US in-house customer finance programs. Store operating and occupancy costs include utilities, rent, real estate taxes, common
area maintenance charges and depreciation. Selling, general and administrative expenses include store staff and store administrative costs, centralized administrative expenses, including information technology, credit and eCommerce, advertising and
promotional costs, and other operating expenses not specifically categorized elsewhere in the consolidated income statements.",,,No,,Not disclosed,,Not disclosed,,0,notes_to_financials,1. Principal accounting policies,2,False,,"score=7,idx=33958,zone=28797",584,OK,
0000832988,SIG,2014,0000832988_SIG_FY2014_10K.html,,"January 31, 2015","equipment, Furniture and fixtures","Property, plant and equipment, net (in millions) January 31, 2015 February 1, 2014 Land and buildings $ 36.0 $ 37.2 Leasehold improvements 556.4 461.4 Furniture and fixtures 596.6 537.3 Equipment, including software 278.6 221.1 Construction in progress 50.4 18.7 Total $ 1,518.0 $ 1,275.7 Accumulated depreciation and amortization (852.1 ) (788.1 ) Property, plant and equipment, net $ 665.9 $ 487.6",,,Unclear,"The Company recognizes revenue related to lifetime warranty sales in proportion to when the expected costs will be incurred. The deferral period for lifetime warranty sales in each division is determined from patterns of claims costs, including estimates of future claims costs expected to be incurred. Management reviews the trends in claims to assess whether changes are required to the revenue and cost recognition rates utilized. A significant change in estimates related to the time period or pattern in which warranty-related costs are expected to be incurred could materially impact revenues. All direct costs associated with the sale of these plans are deferred and amortized in proportion to the revenue recognized and disclosed as either other current assets or other assets.",Not disclosed,,Not disclosed,,0,ppe_note,"12. Property, plant and equipment, net (in millions) January 31, 2015 February 1, 2014 Land and buildings $ 36.0 $ 37.2 Leasehold improvements 556.4 4",3,False,,"score=7,idx=47818,zone=44280",1037,OK,
0000832988,SIG,2015,0000832988_SIG_FY2015_10K.html,,"January 30, 2016","equipment, Furniture and fixtures","Property, plant and equipment, net (in millions) January 30, 2016 January 31, 2015 Land and buildings $ 34.7 $ 36.0 Leasehold improvements 591.7 556.4 Furniture and fixtures 688.7 596.6 Equipment, including software 315.5 278.6 Construction in progress 46.2 50.4 Total $ 1,676.8 $ 1,518.0 Accumulated depreciation and amortization (949.2 ) (852.1 ) Property, plant and equipment, net $ 727.6 $ 665.9",,,Unclear,"The Company recognizes revenue related to lifetime warranty sales in proportion to when the expected costs will be incurred. The deferral period for lifetime warranty sales in each division is determined from patterns of claims costs, including estimates of future claims costs expected to be incurred. Management reviews the trends in claims to assess whether changes are required to the revenue and cost recognition rates utilized. A significant change in estimates related to the time period or pattern in which warranty-related costs are expected to be incurred could materially impact revenues. All direct costs associated with the sale of these plans are deferred and amortized in proportion to the revenue recognized and disclosed as either other current assets or other assets.",Not disclosed,,Not disclosed,,0,ppe_note,"12. Property, plant and equipment, net (in millions) January 30, 2016 January 31, 2015 Land and buildings $ 34.7 $ 36.0 Leasehold improvements 591.7 5",3,False,,"score=7,idx=53313,zone=47315",1039,OK,
0000832988,SIG,2016,0000832988_SIG_FY2016_10K.html,,"January 28, 2017","equipment, Furniture and fixtures","Property, plant and equipment, net (in millions) January 28, 2017 January 30, 2016 Land and buildings $ 33.5 $ 34.7 Leasehold improvements 632.4 591.7 Furniture and fixtures 761.0 688.7 Equipment 137.7 133.6 Software 211.0 181.9 Construction in progress 96.7 46.2 Total $ 1,872.3 $ 1,676.8 Accumulated depreciation and amortization (1,049.4 ) (949.2 ) Property, plant and equipment, net $ 822.9 $ 727.6",,,Unclear,"The Company recognizes revenue related to ESP sales in proportion to when the expected costs will be incurred. The deferral period for ESP sales in each division is determined from patterns of claims costs, including estimates of future claims costs expected to be incurred. Management reviews the trends in claims to assess whether changes are required to the revenue and cost recognition rates utilized. A significant change in estimates related to the time period or pattern in which warranty-related costs are expected to be incurred could materially impact revenues. All direct costs associated with the sale of these plans are deferred and amortized in proportion to the revenue recognized and disclosed as either other current assets or other assets in the consolidated balance sheets.",Not disclosed,,Not disclosed,,0,notes_to_financials,18. Fair value measurement,2,False,,"score=7,idx=54620,zone=47863",1140,OK,
0000832988,SIG,2017,0000832988_SIG_FY2017_10K.html,,"February 3, 2018","equipment, Furniture and fixtures","Property, plant and equipment, net (in millions) February 3, 2018 January 28, 2017 Land and buildings $ 35.9 $ 33.5 Leasehold improvements 689.8 632.4 Furniture and fixtures 804.2 761.0 Equipment 177.0 137.7 Software 271.4 211.0 Construction in progress 97.2 96.7 Total $ 2,075.5 $ 1,872.3 Accumulated depreciation and amortization (1,197.6 ) (1,049.4 ) Property, plant and equipment, net $ 877.9 $ 822.9",,,Unclear,"The Company recognizes revenue related to ESP sales in proportion to when the expected costs will be incurred. The deferral period for ESP sales in each division is determined from patterns of claims costs, including estimates of future claims costs expected to be incurred. Management reviews the trends in claims to assess whether changes are required to the revenue and cost recognition rates utilized. A significant change in estimates related to the time period or pattern in which warranty-related costs are expected to be incurred could materially impact revenues. All direct costs associated with the sale of these plans are deferred and amortized in proportion to the revenue recognized and disclosed as either other current assets or other assets in the consolidated balance sheets.",Not disclosed,,Not disclosed,,0,notes_to_financials,19. Fair value measurement,2,False,,"score=7,idx=45010,zone=46152",1166,OK,
0000832988,SIG,2018,0000832988_SIG_FY2018_10K.html,,"February 2, 2019",information technology,"Cost of sales includes merchandise costs net of discounts and allowances, freight, processing and distribution costs of moving merchandise from suppliers to distribution centers and stores inclusive of payroll, inventory shrinkage, store operating and occupancy costs, net bad debts and charges for late payments prior to credit outsourcing. Store operating and occupancy costs include utilities, rent, real estate taxes, common area maintenance charges and depreciation. Selling, general and administrative expenses include store staff and store administrative costs; centralized administrative expenses, including information technology and cost of in-house credit prior to the Company’s outsourcing initiatives and subsequently third-party credit costs; advertising and promotional costs and other operating expenses not specifically categorized elsewhere in the consolidated income statements.",,,Unclear,"The North America segment sells ESP, subject to certain conditions, to perform repair work over the life of the product. Revenue from the sale of the lifetime ESP is recognized consistent with the estimated pattern of claim costs expected to be incurred by the Company in connection with performing under the ESP obligations. The deferral period for ESP sales is determined from patterns of claims costs, including estimates of future claims costs expected to be incurred. Management reviews the trends in claims to assess whether changes are required to the revenue and cost recognition rates utilized. A significant change in estimates related to the time period or pattern in which warranty-related costs are expected to be incurred could materially impact revenues. All direct costs associated with the sale of these plans are deferred and amortized in proportion to the revenue recognized and disclosed as either other current assets or other assets in the consolidated balance sheets. Based on an evaluation of historical claims data, management currently estimates that substantially all claims will be incurred within",Not disclosed,,Not disclosed,,0,item_8_other,,1,False,,"score=7,idx=33629,zone=48569",1284,OK,
0000832988,SIG,2019,0000832988_SIG_FY2019_10K.html,,2020-03-16,"equipment, Furniture and fixtures","Property, plant and equipment, net (in millions) February 1, 2020 February 2, 2019 Land and buildings $ 23.4 $ 34.0 Leasehold improvements 640.7 688.8 Furniture and fixtures 601.2 802.9 Equipment 199.1 196.1 Software 246.9 289.5 Construction in progress 95.3 72.0 Total $ 1,806.6 $ 2,083.3 Accumulated depreciation and amortization (1,064.7 ) (1,282.8 ) Property, plant and equipment, net $ 741.9 $ 800.5",,,Unclear,"The Company recognizes revenue related to ESP sales in proportion to when the expected costs will be incurred. The deferral period for ESP sales is determined from patterns of claims costs, including estimates of future claims costs expected to be incurred. Management reviews the trends in claims to assess whether changes are required to the revenue and cost recognition rates utilized. A significant change in estimates related to the time period or pattern in which warranty-related costs are expected to be incurred could materially impact revenues. All direct costs associated with the sale of these plans are deferred and amortized in proportion to the revenue recognized and disclosed as either other current assets or other assets in the condensed consolidated balance sheets. These direct costs primarily include sales commissions and credit card fees. Amortization of deferred ESP selling costs is included within selling, general and administrative expenses in the consolidated statements of operations. Amortization of deferred ESP selling costs were $29.5 million and $52.4 million in Fiscal 2020 and Fiscal 2019 , respectively.",Not disclosed,,"ASU No. 2018-15, Intangibles - Goodwill and Other - Internal-Use Software: Customer's Accounting for Implementation Costs Incurred in a Cloud Computing Arrangement That Is a Service Contract, issued July 2018. ||| Aligns the requirements for capitalizing implementation costs in cloud computing arrangements with the requirements for capitalizing implementation costs incurred to develop or obtain internal-use software. This ASU is effective for fiscal years, and interim periods within those fiscal years, beginning after December 15, 2019, with early adoption permitted. The updated guidance is not expected to have a material impact on the Company’s financial position or results of operations.",,0,item_8_other,,1,False,,"score=7,idx=32095,zone=54483",1331,OK,
0000832988,SIG,2020,0000832988_SIG_FY2020_10K.html,,2021-06-30,"Furniture and fixtures, Equipment","(in millions) January 30, 2021 February 1, 2020 Land and buildings $ 21.8 $ 23.4 Leasehold improvements 616.9 640.7 Furniture and fixtures 669.9 601.2 Equipment 122.4 199.1 Software 334.2 246.9 Construction in progress 38.4 95.3 Total $ 1,803.6 $ 1,806.6 Accumulated depreciation and amortization (1,198.1) (1,064.7) Property, plant and equipment, net $ 605.5 $ 741.9",,,Unclear,"The Company recognizes revenue related to ESP sales in proportion to when the expected costs will be incurred. The deferral period for ESP sales is determined from patterns of claims costs, including estimates of future claims costs expected to be incurred. Management reviews the trends in claims to assess whether changes are required to the revenue and cost recognition rates utilized. A significant change in estimates related to the time period or pattern in which warranty-related costs are expected to be incurred could materially impact revenues. All direct costs associated with the sale of these plans are deferred and amortized in proportion to the revenue recognized and disclosed as either other current assets or other assets in the consolidated balance sheets. These direct costs primarily include sales commissions and credit card fees. Amortization of deferred ESP selling costs is included within selling, general and administrative expenses in the consolidated statements of operations. Amortization of deferred ESP selling costs was $26.3 million, $29.5 million and $52.4 million in Fiscal 2021, and Fiscal 2020 and Fiscal 2019, respectively.",Not disclosed,,"ASU No. 2018-15, Intangibles - Goodwill and Other - Internal-Use Software: Customer's Accounting for Implementation Costs Incurred in a Cloud Computing Arrangement That Is a Service Contract, issued July 2018. ||| Aligns the requirements for capitalizing implementation costs in cloud computing arrangements with the requirements for capitalizing implementation costs incurred to develop or obtain internal-use software. The adoption of this ASU did not have a material impact on the Company’s financial position or results of operations.",,0,ppe_note,"15. Property, plant and equipment, net",3,False,,"score=5,idx=15479,zone=18974",985,OK,
0000832988,SIG,2021,0000832988_SIG_FY2021_10K.html,,2022-04-30,"Furniture and fixtures, Equipment","(in millions) January 29, 2022 January 30, 2021 Land and buildings $ 21.7 $ 21.8 Leasehold improvements 640.9 616.9 Furniture and fixtures 698.3 669.9 Equipment 133.5 122.4 Software 251.5 334.2 Construction in progress 78.9 38.4 Total $ 1,824.8 $ 1,803.6 Accumulated depreciation and amortization (1,248.9) (1,198.1) Property, plant and equipment, net $ 575.9 $ 605.5",,,No,,Not disclosed,,"Capitalized amounts for cloud computing arrangements accounted for as service contracts are included in other assets in the consolidated balance sheets and are amortized to expense over the life of the service contract. The carrying amount of these assets as of January 29, 2022 was $80.7 million (January 30, 2021: $4.1 million).",,0,ppe_note,"16. Property, plant and equipment, net",3,False,,"score=5,idx=15860,zone=18177",966,OK,
0000832988,SIG,2022,0000832988_SIG_FY2022_10K.html,,2023-07-29,"Furniture and fixtures, Equipment","(in millions) January 28, 2023 January 29, 2022 Land and buildings $ 21.0 $ 21.7 Leasehold improvements 684.1 640.9 Furniture and fixtures 729.9 698.3 Equipment 160.9 133.5 Software 268.9 251.5 Construction in progress 74.4 78.9 Total $ 1,939.2 $ 1,824.8 Accumulated depreciation and amortization (1,352.7) (1,248.9) Property, plant and equipment, net $ 586.5 $ 575.9",,,No,,Not disclosed,,"Capitalized amounts for cloud computing arrangements accounted for as service contracts are included in other assets in the consolidated balance sheets. These costs primarily consist of payroll and payroll-related costs for employees directly associated with ||| the implementation of cloud computing projects, consulting fees, and development fees. Amortization of these costs is recorded on a straight-line basis over the life of the service contract, ranging from two to four years. The carrying amount of these assets as of January 28, 2023 was $127.8 million (January 29, 2022: $80.7 million).",,0,ppe_note,"16. Property, plant and equipment, net",3,False,,"score=5,idx=15847,zone=17823",948,OK,
0000832988,SIG,2023,0000832988_SIG_FY2023_10K.html,,2026-01-31,"Furniture and fixtures, Equipment","(in millions) February 3, 2024 January 28, 2023 Land and buildings $ 20.2 $ 21.0 Leasehold improvements 710.9 684.1 Furniture and fixtures 749.5 729.9 Equipment 182.3 160.9 Software 240.0 268.9 Construction in progress 36.0 74.4 Total $ 1,938.9 $ 1,939.2 Accumulated depreciation and amortization (1,441.2) (1,352.7) Property, plant and equipment, net $ 497.7 $ 586.5",,,No,,Not disclosed,,"Capitalized amounts for cloud computing arrangements accounted for as service contracts are included in other assets in the consolidated balance sheets. These costs primarily consist of payroll and payroll-related costs for employees directly associated with the implementation of cloud computing projects, consulting fees, and development fees. Amortization of these costs is recorded on a straight-line basis over the life of the service contract, ranging from two to four years. Amortization of these costs is recorded in cost of sales or SG&A, depending on the nature of the underlying software. In Fiscal 2024, the Company recorded $48.2 million of amortization related to capitalized cloud computing costs (Fiscal 2023: $32.5 million; Fiscal 2022: $14.8 million). The carrying amount of these assets was $170.7 million as of February 3, 2024 (January 28, 2023: $127.8 million).",,0,ppe_note,"15. Property, plant and equipment, net",3,True,2.0-4.0 ans | 3.0-7.0 ans,"score=5,idx=15944,zone=16590",875,OK,
0000832988,SIG,2024,0000832988_SIG_FY2024_10K.html,,2025-02-01,"Furniture and fixtures, Equipment","(in millions) February 1, 2025 February 3, 2024 Land and buildings $ 16.7 $ 20.2 Leasehold improvements 703.8 710.9 Furniture and fixtures 746.9 749.5 Equipment 185.3 182.3 Software 261.5 240.0 Construction in progress 53.8 36.0 Total $ 1,968.0 $ 1,938.9 Accumulated depreciation and amortization (1,461.5) (1,441.2) Property, plant and equipment, net $ 506.5 $ 497.7",,,No,,Not disclosed,,"Capitalized amounts for cloud computing arrangements accounted for as service contracts are included in other assets in the consolidated balance sheets. These costs primarily consist of payroll and payroll-related costs for employees directly associated with the implementation of cloud computing projects, consulting fees, and development fees. Amortization of these costs is recorded on a straight-line basis over the life of the service contract, ranging from two to four years. Amortization of these costs is recorded in cost of sales or SG&A, depending on the nature of the underlying service contract. In Fiscal 2025, the Company recorded $66.3 million of amortization related to capitalized cloud computing costs (Fiscal 2024: $48.2 million; Fiscal 2023: $32.5 million). The carrying amount of these assets was $157.5 million as of February 1, 2025 (February 3, 2024: $170.7 million).",,0,ppe_note,"13. Property, plant and equipment, net",3,False,,"score=5,idx=13871,zone=16410",858,OK,
0000842023,TECH,2013,0000842023_TECH_FY2013_10K.html,,"June 30, 2013",Not disclosed,Not disclosed,,,No,,Not disclosed,,Not disclosed,,0,unknown,,0,False,,"score=7,idx=8383,zone=10920",251,OK,
0000842023,TECH,2014,0000842023_TECH_FY2014_10K.html,,"June 30, 2014",Not disclosed,Not disclosed,,,No,,Not disclosed,,Not disclosed,,0,unknown,,0,False,,"score=7,idx=7020,zone=11249",267,OK,
0000842023,TECH,2015,0000842023_TECH_FY2015_10K.html,,,Not disclosed,Not disclosed,,,No,,Not disclosed,,Not disclosed,,0,unknown,,0,False,,"score=7,idx=6000,zone=8459",365,OK,
0000842023,TECH,2016,0000842023_TECH_FY2016_10K.html,,,equipment,Equipment is depreciated using the straight-line method over an estimated useful life of five years.,5.0,,No,,Not disclosed,,Not disclosed,,0,significant_accounting_policies,Note 1. Description of Business and Summary of Significant Accounting Policies:,3,False,,"score=7,idx=6202,zone=10095",423,OK,
0000842023,TECH,2017,0000842023_TECH_FY2017_10K.html,,"June 30, 2017",equipment,Equipment is depreciated using the straight-line method over an estimated useful life of five years.,5.0,,No,,Not disclosed,,"In April 2015, the Financial Accounting Standards Board (“FASB”) issued ASU No. 2015-05, Customer's Accounting for Fees Paid in a Cloud Computing Arrangement . The standard provides guidance to customers about whether a cloud computing arrangement includes a software license. If the arrangement does include a software license, the software license element of the arrangement should be accounted for in the same manner as the acquisition of other software licenses. We adopted this standard on July 1, 2016, applying it prospectively to all arrangements entered into or materially modified on or after July 1, 2016. Adoption of this standard did not have a significant impact on our results of operations or financial position.",,0,significant_accounting_policies,Note 1. Description of Business and Summary of Significant Accounting Policies:,3,False,,"score=7,idx=6593,zone=11475",501,OK,
0000842023,TECH,2018,0000842023_TECH_FY2018_10K.html,,"June 30, 2018",equipment,Equipment is depreciated using the straight-line method over an estimated useful life of five years.,5.0,,No,,Not disclosed,,Not disclosed,,0,significant_accounting_policies,Note 1. Description of Business and Summary of Significant Accounting Policies:,3,False,,"score=7,idx=5133,zone=11781",479,OK,
0000842023,TECH,2019,0000842023_TECH_FY2019_10K.html,,,equipment,Equipment is depreciated using the straight-line method over an estimated useful life of 3 to 5 years.,3.0,5.0,No,,Not disclosed,,"In August 2018, the FASB issued ASU No. 2018-15, Customer's Accounting for Implementation Costs Incurred in a Cloud Computing Arrangement That Is a Service Contract . The standard aligns the requirements for capitalizing implementation costs incurred in a hosting arrangement that is a service contract with the requirements for capitalizing implementation costs incurred to develop or obtain internal-use software. The accounting for the service element of a hosting arrangement that is a service contract is not affected by the new standard. This ASU is effective for annual periods and interim periods for those annual periods beginning after December 15, 2019, which for us is July 1, 2020 and may be adopted retrospectively or prospectively to eligible costs incurred on or after the date the guidance is first applied. We are currently evaluating the impact of the adoption of ASU 2018-15 on our consolidated financial statements and anticipate that we will adopt the standard prospectively.",,0,significant_accounting_policies,Note 1. Description of Business and Summary of Significant Accounting Policies:,3,False,,"score=7,idx=4999,zone=10262",550,OK,
0000842023,TECH,2020,0000842023_TECH_FY2020_10K.html,,"June 30, 2020",equipment,Equipment is depreciated using the straight-line method over an estimated useful life of 3 to 5 years.,3.0,5.0,No,,Not disclosed,,"In August 2018, the FASB issued ASU No. 2018 - 15, Customer's Accounting for Implementation Costs Incurred in a Cloud Computing Arrangement That Is a Service Contract . The standard aligns the requirements for capitalizing implementation costs incurred in a hosting arrangement that is a service contract with the requirements for capitalizing implementation costs incurred to develop or obtain internal-use software. The accounting for the service element of a hosting arrangement that is a service contract is not affected by the new standard. This ASU is effective for annual periods and interim periods for those annual periods beginning after December 15, 2019, which for us is July 1, 2020 and may be adopted retrospectively or prospectively to eligible costs incurred on or after the date the guidance is first applied. We do not expect this standard to have a material impact on our consolidated financial statements and we will adopt the standard prospectively on July 1, 2020.",,0,significant_accounting_policies,Note 1. Description of Business and Summary of Significant Accounting Policies:,3,False,,"score=7,idx=7846,zone=10623",462,OK,
0000842023,TECH,2021,0000842023_TECH_FY2021_10K.html,,"June 30, 2021",equipment,Equipment is depreciated using the straight-line method over an estimated useful life of 3 to 5 years.,3.0,5.0,Unclear,"In conjunction with the Asuragen acquisition that occurred in fiscal year 2021, the Company reassessed the useful life of a tradename from a previous acquisition due to the planned integration and cobranding strategy developed with the most recent transaction. As a result, the Company accelerated the amortization of the trade name to be consistent with the life used for the Asuragen trade name. The accelerated amortization resulted in a $1.4 million impact in fiscal 2021, a $5.7 million impact in fiscal years 2022 through 2025, and a $4.3 impact in fiscal year 2026.",Not disclosed,,"In August 2018, the FASB issued ASU No. 2018 - 15, Customer's Accounting for Implementation Costs Incurred in a Cloud Computing Arrangement That Is a Service Contract . The standard aligns the requirements for capitalizing implementation costs incurred in a hosting arrangement that is a service contract with the requirements for capitalizing implementation costs incurred to develop or obtain internal-use software. The accounting for the service element of a hosting arrangement that is a service contract is not affected by the new standard. The Company adopted this standard on a prospective basis on July 1, 2020. Accordingly, as of July 1, 2020, the Company will record eligible costs to be capitalized within prepaid assets or other non-current assets depending on the nature of the duration of the asset.",,0,significant_accounting_policies,Note 1. Description of Business and Summary of Significant Accounting Policies:,3,False,,"score=7,idx=7366,zone=10425",500,OK,
0000842023,TECH,2022,0000842023_TECH_FY2022_10K.html,,2022-10-31,equipment,Equipment is depreciated using the straight-line method over an estimated useful life of 3 to 5 years.,3.0,5.0,Unclear,"In conjunction with the Asuragen acquisition that occurred in fiscal year 2021, the Company reassessed the useful life of a tradename from a previous acquisition due to the planned integration and cobranding strategy developed with the most recent transaction. As a result, the Company accelerated the amortization of the trade name to be consistent with the life used for the Asuragen trade name. The accelerated amortization resulted in a $1.4 million impact in fiscal 2021, a $5.7 million impact in fiscal years 2022 through 2025, and a $4.3 impact in fiscal year 2026.",Not disclosed,,"In August 2018, the FASB issued ASU No. 2018-15, Customer’s Accounting for Implementation Costs Incurred in a Cloud Computing Arrangement That Is a Service Contract . The standard aligns the requirements for capitalizing implementation costs incurred in a hosting arrangement that is a service contract with the requirements for capitalizing implementation costs incurred to develop or obtain internal-use software. The accounting for the service element of a hosting arrangement that is a service contract is not affected by the new standard. The Company adopted this standard on a prospective basis on July 1, 2020. Accordingly, as of July 1, 2020, the Company records eligible costs to be capitalized within prepaid assets or other non-current assets depending on the nature of the duration of the asset.",,0,significant_accounting_policies,Note 1. Description of Business and Summary of Significant Accounting Policies:,3,False,,"score=9,idx=8465,zone=16185",527,OK,
0000842023,TECH,2023,0000842023_TECH_FY2023_10K.html,,2023-07-07,equipment,Equipment is depreciated using the straight-line method over an estimated useful life of 3 to 5 years.,3.0,5.0,Unclear,"In conjunction with the Asuragen acquisition that occurred in fiscal year 2021, the Company reassessed the useful life of a tradename from a previous acquisition due to the planned integration and cobranding strategy developed with the most recent transaction. As a result, the Company accelerated the amortization of the trade name to be consistent with the life used for the Asuragen trade name. The accelerated amortization resulted in a $1.4 million impact in fiscal 2021, a $5.7 million impact in fiscal years 2022 through 2025, and a $4.3 million impact in fiscal year 2026.",Not disclosed,,Not disclosed,,0,significant_accounting_policies,Note 1. Description of Business and Summary of Significant Accounting Policies:,3,False,,"score=9,idx=8883,zone=18557",543,OK,
0000842023,TECH,2024,0000842023_TECH_FY2024_10K.html,,2024-07-23,equipment,Equipment is depreciated using the straight-line method over an estimated useful life of 3 to 5 years.,3.0,5.0,No,,Not disclosed,,Not disclosed,,0,significant_accounting_policies,Note 1. Description of Business and Summary of Significant Accounting Policies:,3,False,,"score=9,idx=9919,zone=20778",577,OK,
0000849395,CRH,2023,0000849395_CRH_FY2023_10K.html,,2023-12-31,equipment,"Property, plant and equipment are stated at cost less any accumulated depreciation, depletion, and any accumulated impairments.",,,No,,Not disclosed,,Not disclosed,,0,significant_accounting_policies,1. Summary of significant accounting policies,3,False,,"score=2,idx=15428,zone=14150",918,OK,
0000849395,CRH,2024,0000849395_CRH_FY2024_10K.html,,2025-01-31,equipment,"Property, plant and equipment are stated at cost less any accumulated depreciation, depletion, and any accumulated impairments.",,,No,,"CRH’s results can be impacted by trends and factors in the wider construction markets it is exposed to. The principal construction markets, for all segments, are infrastructure, including highways, streets, roads and bridges; non-residential, including construction and maintenance of critical infrastructure, manufacturing, commercial, warehouse and data center facilities; and residential, including new-build construction, and repair and remodel activity, of single and multi-family housing. See ‘Business Segment Information’ in Item 1. “Business” for details by segment.",MD&A (Item 7),Not disclosed,,0,significant_accounting_policies,1. Summary of significant accounting policies,3,False,,"score=2,idx=15463,zone=14034",919,OK,
0000849399,GEN,2013,0000849399_GEN_FY2013_10K.html,,"March 28, 2014",Not disclosed,Not disclosed,,,No,,"Symantec Corporation
protects the world’s information and is a global leader in security, backup and availability solutions. Our market leading products and services protect people and information in any environment – from the smallest mobile device, to the
enterprise data center, to cloud-based systems. Founded in April 1982, Symantec operates one of the largest global threat-intelligence networks, and provides leading security, backup and availability solutions. The company has more than 20,000
employees in more than 50 countries. Our Internet home page is www.symantec.com. Other than the information expressly set forth in this annual report, the information contained or referred to on our website is not part of this annual report.",MD&A (Item 7),Not disclosed,,0,unknown,,0,False,,"score=4,idx=8504,zone=579",8,OK,
0000849399,GEN,2014,0000849399_GEN_FY2014_10K.html,,,Not disclosed,Not disclosed,,,No,,"Enterprise Security : Our Enterprise Security segment protects organizations so they can securely conduct business while leveraging new platforms and data. These products include Secure Socket Layer (“SSL”) Certificates, authentication, mail and web security, data center security, data loss prevention, information security services, endpoint security and management, encryption, and mobile security offerings.",MD&A (Item 7),Not disclosed,,0,unknown,,0,False,,"score=4,idx=10656,zone=642",9,OK,
0000849399,GEN,2015,0000849399_GEN_FY2015_10K.html,,,Not disclosed,Not disclosed,,,No,,Not disclosed,,Not disclosed,,0,unknown,,0,False,,"score=4,idx=10054,zone=1461",16,OK,
0000849399,GEN,2016,0000849399_GEN_FY2016_10K.html,,,Not disclosed,Not disclosed,,,No,,Not disclosed,,Not disclosed,,0,unknown,,0,False,,"score=4,idx=6704,zone=1434",16,OK,
0000849399,GEN,2017,0000849399_GEN_FY2017_10K.html,,,Not disclosed,Not disclosed,,,No,,Not disclosed,,Not disclosed,,0,unknown,,0,False,,"score=4,idx=6704,zone=1434",16,OK,
0000849399,GEN,2018,0000849399_GEN_FY2018_10K.html,,,Not disclosed,Not disclosed,,,No,,Not disclosed,,"We enter into arrangements with multiple performance obligations, which may include hardware, software licenses, cloud services, support and maintenance, and professional services. We allocate revenue to each performance obligation on a relative fair value basis based on management’s estimate of stand-alone selling price (SSP). Judgments are required to determine the SSP for each performance obligation. The determination of SSP is made by taking into consideration observable prices in historical transactions. When observable prices in historical transactions are not available or are inconsistent, we estimate SSP based on observable prices in historical transactions of similar products, pricing discount practices, product margins, and other factors that may vary over time depending upon the unique facts and circumstances related to each performance obligation. Changes to the performance obligations in an arrangement, the judgments required to estimate the SSP for the respective performance obligations, and increasing variability in contractual arrangements could materially impact the amount and timing of revenue recognition.",,0,unknown,,0,False,,"score=4,idx=9109,zone=1522",20,OK,
0000849399,GEN,2019,0000849399_GEN_FY2019_10K.html,,"April 3, 2020",Not disclosed,Not disclosed,,,No,,Not disclosed,,Not disclosed,,0,unknown,,0,False,,"score=4,idx=12729,zone=1700",21,OK,
0000849399,GEN,2020,0000849399_GEN_FY2020_10K.html,,2021-05-13,Not disclosed,Not disclosed,,,No,,Not disclosed,,Not disclosed,,0,unknown,,0,False,,"score=2,idx=7990,zone=7",3,OK,
0000849399,GEN,2021,0000849399_GEN_FY2021_10K.html,,2022-05-20,Not disclosed,Not disclosed,,,No,,Not disclosed,,Not disclosed,,0,unknown,,0,False,,"score=2,idx=7260,zone=5",2,OK,
0000849399,GEN,2022,0000849399_GEN_FY2022_10K.html,,2023-05-11,Not disclosed,Not disclosed,,,No,,Not disclosed,,Not disclosed,,0,unknown,,0,False,,"score=2,idx=7492,zone=5",2,OK,
0000849399,GEN,2023,0000849399_GEN_FY2023_10K.html,,"March 29, 2024",Not disclosed,Not disclosed,,,No,,Not disclosed,,Not disclosed,,0,unknown,,0,False,,"score=2,idx=6615,zone=5",2,OK,
0000849399,GEN,2024,0000849399_GEN_FY2024_10K.html,,2025-05-06,Not disclosed,Not disclosed,,,No,,Not disclosed,,Not disclosed,,0,unknown,,0,False,,"score=2,idx=6905,zone=5",2,OK,
0000850429,TG,2013,0000850429_TG_FY2013_10K.html,,"December 31, 2013",Not disclosed,Not disclosed,,,No,,Not disclosed,,Not disclosed,,0,unknown,,0,False,,"score=3,idx=14021,zone=10",2,OK,
0000850429,TG,2014,0000850429_TG_FY2014_10K.html,,"December 31, 2014",Not disclosed,Not disclosed,,,No,,Not disclosed,,Not disclosed,,0,unknown,,0,False,,"score=3,idx=14119,zone=10",2,OK,
0000850429,TG,2015,0000850429_TG_FY2015_10K.html,,"December 31, 2015",Not disclosed,Not disclosed,,,No,,Not disclosed,,Not disclosed,,0,unknown,,0,False,,"score=3,idx=16141,zone=9",4,OK,
0000850429,TG,2016,0000850429_TG_FY2016_10K.html,,"December 31, 2016",Not disclosed,Not disclosed,,,No,,Not disclosed,,Not disclosed,,0,unknown,,0,False,,"score=3,idx=16248,zone=10",4,OK,
0000850429,TG,2017,0000850429_TG_FY2017_10K.html,,"December 31, 2017",Not disclosed,Not disclosed,,,No,,Not disclosed,,Not disclosed,,0,unknown,,0,False,,"score=3,idx=16065,zone=10",4,OK,
0000850429,TG,2018,0000850429_TG_FY2018_10K.html,,"December 31, 2018",Not disclosed,Not disclosed,,,No,,Not disclosed,,Not disclosed,,0,unknown,,0,False,,"score=3,idx=15944,zone=10",4,OK,
0000850429,TG,2019,0000850429_TG_FY2019_10K.html,,"December 31, 2019",Not disclosed,Not disclosed,,,No,,Not disclosed,,Not disclosed,,0,unknown,,0,False,,"score=3,idx=21122,zone=10",4,OK,
0000850429,TG,2020,0000850429_TG_FY2020_10K.html,,2020-12-31,Not disclosed,Not disclosed,,,No,,Not disclosed,,Not disclosed,B200,1,unknown,,0,False,,"score=2,idx=12818,zone=5",2,OK,
0000850429,TG,2021,0000850429_TG_FY2021_10K.html,,2021-12-31,Not disclosed,Not disclosed,,,No,,Not disclosed,,Not disclosed,B200,1,unknown,,0,False,,"score=2,idx=7502,zone=5",2,OK,
0000850429,TG,2022,0000850429_TG_FY2022_10K.html,,"December 31, 2022",Not disclosed,Not disclosed,,,No,,Not disclosed,,Not disclosed,,0,unknown,,0,False,,"score=2,idx=8024,zone=5",2,OK,
0000850429,TG,2023,0000850429_TG_FY2023_10K.html,,"December 31, 2023",Not disclosed,Not disclosed,,,No,,Not disclosed,,Not disclosed,,0,unknown,,0,False,,"score=2,idx=7249,zone=5",2,OK,
0000850429,TG,2024,0000850429_TG_FY2024_10K.html,,"December 31, 2024",Not disclosed,Not disclosed,,,No,,Not disclosed,,Not disclosed,,0,unknown,,0,False,,"score=2,idx=7889,zone=5",2,OK,
0000851205,CGNX,2013,0000851205_CGNX_FY2013_10K.html,,,Not disclosed,Not disclosed,,,No,,Not disclosed,,Not disclosed,,0,unknown,,0,False,,"score=5,idx=674,zone=15",1,OK,
0000851205,CGNX,2014,0000851205_CGNX_FY2014_10K.html,,,Not disclosed,Not disclosed,,,No,,Not disclosed,,Not disclosed,,0,unknown,,0,False,,"score=5,idx=729,zone=10",0,OK,
0000851205,CGNX,2015,0000851205_CGNX_FY2015_10K.html,,,Not disclosed,Not disclosed,,,No,,Not disclosed,,Not disclosed,,0,unknown,,0,False,,"score=5,idx=720,zone=10",0,OK,
0000851205,CGNX,2016,0000851205_CGNX_FY2016_10K.html,,,Not disclosed,Not disclosed,,,No,,Not disclosed,,Not disclosed,,0,unknown,,0,False,,"score=5,idx=725,zone=10",0,OK,
0000851205,CGNX,2017,0000851205_CGNX_FY2017_10K.html,,,Not disclosed,Not disclosed,,,No,,Not disclosed,,Not disclosed,,0,unknown,,0,False,,"score=5,idx=759,zone=10",0,OK,
0000851205,CGNX,2018,0000851205_CGNX_FY2018_10K.html,,,Not disclosed,Not disclosed,,,No,,Not disclosed,,Not disclosed,,0,unknown,,0,False,,"score=5,idx=749,zone=10",0,OK,
0000851205,CGNX,2019,0000851205_CGNX_FY2019_10K.html,,"December 31, 2019",Not disclosed,Not disclosed,,,No,,Not disclosed,,Not disclosed,,0,unknown,,0,False,,"score=5,idx=3160,zone=10",0,OK,
0000851205,CGNX,2020,0000851205_CGNX_FY2020_10K.html,,"December 31, 2020",Not disclosed,Not disclosed,,,No,,Not disclosed,,Not disclosed,B100,1,unknown,,0,False,,"score=5,idx=3287,zone=10",1,OK,
0000851205,CGNX,2021,0000851205_CGNX_FY2021_10K.html,,"December 31, 2021",Not disclosed,Not disclosed,,,No,,Not disclosed,,Not disclosed,A100;B200,2,unknown,,0,False,,"score=5,idx=3195,zone=10",1,OK,
0000851205,CGNX,2022,0000851205_CGNX_FY2022_10K.html,,"December 31, 2022",Not disclosed,Not disclosed,,,No,,Not disclosed,,Not disclosed,,0,unknown,,0,False,,"score=5,idx=3255,zone=10",1,OK,
0000851205,CGNX,2023,0000851205_CGNX_FY2023_10K.html,,"December 31, 2023",Not disclosed,Not disclosed,,,No,,Not disclosed,,Not disclosed,,0,unknown,,0,False,,"score=5,idx=3177,zone=10",1,OK,
0000851205,CGNX,2024,0000851205_CGNX_FY2024_10K.html,,"December 31, 2024",Not disclosed,Not disclosed,,,No,,Not disclosed,,Not disclosed,,0,unknown,,0,False,,"score=5,idx=2979,zone=10",1,OK,
0001177648,ENTA,2013,0001177648_ENTA_FY2013_10K.html,,"September 30, 2013",equipment,"Significant estimates and assumptions reflected in
these financial statements include, but are not limited to, management’s judgments of separate units of accounting and best estimate of selling price of those units of accounting within its revenue arrangements; the valuation of outstanding
warrants and stock-based awards; the useful lives of property and equipment; and the accounting for income taxes, including uncertain tax positions and the valuation of net deferred tax assets.",,,No,,Not disclosed,,Not disclosed,,0,significant_accounting_policies,2. Summary of Significant Accounting Policies Basis of Presentation,3,False,,"score=7,idx=7006,zone=9926",521,OK,
0001177648,ENTA,2014,0001177648_ENTA_FY2014_10K.html,,"September 30, 2014",equipment,"Significant
estimates and assumptions reflected in these consolidated financial statements include, but are not limited to, management’s judgments of separate units of accounting and best estimate of selling price of those units of accounting within its
revenue arrangements; valuation of warrants, Series 1 nonconvertible preferred stock and stock-based awards; the useful lives of property and equipment; and the accounting for income taxes, including uncertain tax positions and the valuation of
net deferred tax assets.",,,No,,Not disclosed,,Not disclosed,,0,significant_accounting_policies,2. Summary of Significant Accounting Policies Basis of Presentation,3,False,,"score=7,idx=7086,zone=9169",385,OK,
0001177648,ENTA,2015,0001177648_ENTA_FY2015_10K.html,,"September 30, 2015",equipment,"Significant
estimates and assumptions reflected in these consolidated financial statements include, but are not limited to, management’s judgments of separate units of accounting and best estimate of selling price of those units of accounting within its
revenue arrangements; valuation of warrants, Series 1 nonconvertible preferred stock and stock-based awards; the useful lives of property and equipment; and the accounting for income taxes, including uncertain tax positions and the valuation of
net deferred tax assets.",,,No,,Not disclosed,,Not disclosed,,0,significant_accounting_policies,2. Summary of Significant Accounting Policies Basis of Presentation,3,False,,"score=7,idx=6737,zone=8320",353,OK,
0001177648,ENTA,2016,0001177648_ENTA_FY2016_10K.html,,"September 30, 2016",equipment,"Property and
equipment are stated at cost less accumulated depreciation or amortization.",,,No,,Not disclosed,,Not disclosed,,0,significant_accounting_policies,2. Summary of Significant Accounting Policies,3,False,,"score=7,idx=6565,zone=8115",359,OK,
0001177648,ENTA,2017,0001177648_ENTA_FY2017_10K.html,,"September 30, 2017","office equipment, Furniture, Computer equipment","September 30, 2017 2016 (in thousands) Laboratory and office equipment $ 9,521 $ 7,440 Leasehold improvements 3,717 3,715 Purchased software 775 705 Furniture 595 551 Construction in progress 250 504 Computer equipment 245 187 15,103 13,102 Less: Accumulated depreciation and amortization (7,054 ) (5,098 ) $ 8,049 $ 8,004",,,No,,Not disclosed,,Not disclosed,,0,ppe_note,16. Subsequent Events,3,False,,"score=6,idx=9297,zone=11229",622,OK,
0001177648,ENTA,2018,0001177648_ENTA_FY2018_10K.html,,"September 30, 2018","office equipment, Furniture, Computer equipment","September 30, 2018 2017 (in thousands) Laboratory and office equipment $ 11,110 $ 9,521 Leasehold improvements 3,739 3,717 Purchased software 1,039 775 Furniture 630 595 Computer equipment 331 245 Construction in progress 617 250 17,466 15,103 Less: Accumulated depreciation and amortization (9,092 ) (7,054 ) $ 8,374 $ 8,049",,,No,,Not disclosed,,Not disclosed,,0,ppe_note,15. Selected Quarterly Financial Data (unaudited),3,False,,"score=6,idx=8938,zone=10807",644,OK,
0001177648,ENTA,2019,0001177648_ENTA_FY2019_10K.html,,"September 30, 2019","office equipment, Furniture, Computer equipment","September 30, 2019 2018 (in thousands) Laboratory and office equipment $ 13,403 $ 11,110 Leasehold improvements 6,623 3,739 Purchased software 1,299 1,039 Furniture 1,303 630 Computer equipment 480 331 Construction in progress — 617 23,108 17,466 Less: Accumulated depreciation and amortization (12,181 ) (9,092 ) $ 10,927 $ 8,374",,,No,,Not disclosed,,Not disclosed,,0,ppe_note,15. Selected Quarterly Financial Data (unaudited),3,False,,"score=6,idx=10541,zone=10239",630,OK,
0001177648,ENTA,2020,0001177648_ENTA_FY2020_10K.html,,"September 30, 2020","office equipment, Furniture, Computer equipment","September 30, 2020 2019 (in thousands) Laboratory and office equipment $ 14,036 $ 13,403 Leasehold improvements 7,089 6,623 Purchased software 1,364 1,299 Furniture 1,276 1,303 Computer equipment 505 480 24,270 23,108 Less: Accumulated depreciation and amortization (15,674 ) (12,181 ) $ 8,596 $ 10,927",,,No,,Not disclosed,,Not disclosed,,0,ppe_note,16. Selected Quarterly Financial Data (unaudited),3,False,,"score=6,idx=12120,zone=10570",606,OK,
0001177648,ENTA,2021,0001177648_ENTA_FY2021_10K.html,,2021-11-19,equipment,Property and Equipment Property and equipment are stated at cost less accumulated depreciation. Depreciation expense is recognized using the straight-line method over the following estimated useful lives: Laboratory and office equipment 5 years Leasehold improvements Shorter of life of lease or estimated useful life Purchased software 3 years Computer equipment 3 years Furniture 7 years Expenditures for repairs and maintenance of assets are charged to expense as incurred.,5.0,,No,,Not disclosed,,Not disclosed,,0,significant_accounting_policies,2. Summary of Significant Accounting Policies Basis of Presentation The accompanying consolidated financial statements include those of the Company an,3,True,3.0 ans | 5.0 ans | 7.0 ans,"score=7,idx=11955,zone=15113",565,OK,
0001177648,ENTA,2022,0001177648_ENTA_FY2022_10K.html,,2022-09-30,equipment,Property and Equipment Property and equipment are stated at cost less accumulated depreciation. Depreciation expense is recognized using the straight-line method over the following estimated useful lives: Laboratory and office equipment 5 years Leasehold improvements Shorter of life of lease or estimated useful life Purchased software 3 years Computer equipment 3 years Furniture 7 years Expenditures for repairs and maintenance of assets are charged to expense as incurred.,5.0,,No,,Not disclosed,,Not disclosed,,0,significant_accounting_policies,2. Summary of Significant Accounting Policies Basis of Presentation The accompanying consolidated financial statements include those of the Company an,3,True,3.0 ans | 5.0 ans | 7.0 ans,"score=7,idx=12130,zone=14268",690,OK,
0001177648,ENTA,2023,0001177648_ENTA_FY2023_10K.html,,2023-09-30,equipment,Property and Equipment Property and equipment are stated at cost less accumulated depreciation. Depreciation expense is recognized using the straight-line method over the following estimated useful lives: Laboratory and office equipment 5 years Leasehold improvements Shorter of life of lease or estimated useful life Purchased software 3 years Computer equipment 3 years Furniture 7 years Expenditures for repairs and maintenance of assets are charged to expense as incurred.,5.0,,No,,Not disclosed,,Not disclosed,,0,significant_accounting_policies,2. Summary of Significant Accounting Policies Basis of Presentation The accompanying consolidated financial statements include those of the Company an,3,True,3.0 ans | 5.0 ans | 7.0 ans,"score=7,idx=11541,zone=14914",558,OK,
0001177648,ENTA,2024,0001177648_ENTA_FY2024_10K.html,,2024-09-30,equipment,Property and Equipment Property and equipment are stated at cost less accumulated depreciation. Depreciation expense is recognized using the straight-line method over the following estimated useful lives: Laboratory and office equipment 5 years Leasehold improvements Shorter of life of lease or estimated useful life Purchased software 3 years Computer equipment 3 years Furniture 7 years,5.0,,No,,Not disclosed,,Not disclosed,B100,1,significant_accounting_policies,2. Summary of Significant Accounting Policies Basis of Presentation The accompanying consolidated financial statements include those of the Company an,3,True,3.0 ans | 5.0 ans | 7.0 ans,"score=7,idx=12375,zone=15026",584,OK,
0001517302,APAM,2013,0001517302_APAM_FY2013_10K.html,,"DECEMBER 31, 2013","equipment, Computer software, Furniture and fixtures","The composition of property and equipment at December 31, 2013 and 2012 are as follows: As of December 31, 2013 2012 Computers and equipment $ 6,259 $ 5,320 Computer software 5,356 4,617 Furniture and fixtures 4,166 3,637 Leasehold improvements 11,416 10,585 Total Cost 27,197 24,159 Less: Accumulated depreciation (18,437 ) (15,352 ) Property and equipment, net of accumulated depreciation $ 8,760 $ 8,807",,,No,,Not disclosed,,Not disclosed,,0,ppe_note,"Note 11. Compensation and Benefits For the Year Ended December 31, 2013 2012 2011 Salaries, incentive compensation and benefits (1) $ 301,621 $ 227,25",3,False,,"score=4,idx=19792,zone=18550",814,OK,
0001517302,APAM,2014,0001517302_APAM_FY2014_10K.html,,"DECEMBER 31, 2014","equipment, Computer software, Furniture and fixtures","The composition of property and equipment at December 31, 2014 and 2013 are as follows: As of December 31, 2014 2013 Computers and equipment $ 5,910 $ 6,259 Computer software 4,021 5,356 Furniture and fixtures 6,654 4,166 Leasehold improvements 17,049 11,416 Total Cost 33,634 27,197 Less: Accumulated depreciation (17,040 ) (18,437 ) Property and equipment, net of accumulated depreciation $ 16,594 $ 8,760",,,No,,Not disclosed,,Not disclosed,NVIDIA,1,ppe_note,Note 23. Subsequent Events,3,False,,"score=4,idx=20633,zone=19280",886,OK,
0001517302,APAM,2015,0001517302_APAM_FY2015_10K.html,,"DECEMBER 31, 2015","equipment, Computer software, Furniture and fixtures","The composition of property and equipment at December 31, 2015 and 2014 are as follows: As of December 31, 2015 2014 Computers and equipment $ 7,551 $ 5,910 Computer software 4,966 4,021 Furniture and fixtures 6,892 6,654 Leasehold improvements 19,673 17,049 Total Cost 39,082 33,634 Less: Accumulated depreciation (21,087 ) (17,040 ) Property and equipment, net of accumulated depreciation $ 17,995 $ 16,594",,,Unclear,"Amounts payable under tax receivable agreements Deferred Tax Asset - Amortizable basis December 31, 2013 $ 160,663 $ 183,858 2014 Follow-On Offering, H&F Conversion and Exchanges 328,949 386,667 Amortization — (23,472 ) Payments under TRA (1) (4,645 ) — Change in estimate 4,187 4,899 December 31, 2014 489,154 551,952 2015 Follow-On Offering and Exchanges 107,740 126,753 Amortization — (33,128 ) Payments under TRA (1) (20,040 ) — Change in estimate 12,247 14,677 December 31, 2015 $ 589,101 $ 660,254 (1) Interest of $179 thousand and $36 thousand was paid in addition to these TRA payments for the years ended December 31, 2015 and 2014, respectively.",Not disclosed,,"Customer’s Accounting for Fees Paid in a Cloud Computing Arrangement ||| , which provides guidance on determining whether a cloud computing arrangement contains a software license that should be accounted for as internal-use software. The new guidance was effective on January 1, 2016. The Company does not expect the adoption of this ASU to have an impact on its consolidated financial statements. ||| In April 2015, the FASB issued ASU 2015-05, Customer’s Accounting for Fees Paid in a Cloud Computing Arrangement , which provides guidance on determining whether a cloud computing arrangement contains a software license that should be accounted for as internal-use software. The new guidance was effective on January 1, 2016. The Company does not expect the adoption of this ASU to have an impact on its consolidated financial statements.",NVIDIA,1,ppe_note,Note 23. Subsequent Events,3,False,,"score=4,idx=22324,zone=19518",756,OK,
0001517302,APAM,2016,0001517302_APAM_FY2016_10K.html,,"DECEMBER 31, 2016","equipment, Computer software, Furniture and fixtures","The composition of property and equipment at December 31, 2016 and 2015 are as follows: As of December 31, 2016 2015 Computers and equipment $ 8,197 $ 7,551 Computer software 5,366 4,966 Furniture and fixtures 7,920 6,892 Leasehold improvements 23,207 19,673 Total Cost 44,690 39,082 Less: Accumulated depreciation (24,672 ) (21,087 ) Property and equipment, net of accumulated depreciation $ 20,018 $ 17,995",,,Unclear,"Amounts Payable Under Tax Receivable Agreements Deferred Tax Asset - Amortizable Basis December 31, 2014 $ 489,154 $ 551,952 2015 Follow-On Offering and Holdings Common Unit Exchanges 107,740 126,753 Amortization — (33,128 ) Payments under TRAs (1) (20,040 ) — Change in estimate 12,247 14,677 December 31, 2015 589,101 660,254 2016 Holdings Common Unit Exchanges 25,480 29,977 Amortization — (35,953 ) Payments under TRAs (1) (27,685 ) — Change in estimate (650 ) (336 ) December 31, 2016 $ 586,246 $ 653,942 (1) Interest payments of $127 thousand and $179 thousand were paid in addition to these TRA payments for the years ended December 31, 2016 and 2015, respectively.",Not disclosed,,Not disclosed,NVIDIA,1,ppe_note,Note 20. Subsequent Events,3,False,,"score=4,idx=21610,zone=15087",597,OK,
0001517302,APAM,2017,0001517302_APAM_FY2017_10K.html,,"DECEMBER 31, 2017","equipment, Computer software, Furniture and fixtures","The composition of property and equipment at December 31, 2017 and 2016 are as follows: As of December 31, 2017 2016 Computers and equipment $ 7,770 $ 8,197 Computer software 4,372 5,366 Furniture and fixtures 8,658 7,920 Leasehold improvements 27,357 23,207 Total Cost 48,157 44,690 Less: Accumulated depreciation (27,132 ) (24,672 ) Property and equipment, net of accumulated depreciation $ 21,025 $ 20,018",,,Unclear,"Deferred Tax Asset - Amortizable Basis Amounts Payable Under Tax Receivable Agreements December 31, 2015 $ 660,254 $ 589,101 2016 Holdings Common Unit Exchanges 29,977 25,480 Amortization (35,953 ) — Payments under TRAs (1) — (27,685 ) Change in estimate (336 ) (650 ) December 31, 2016 $ 653,942 $ 586,246 2017 Follow-On Offering 113,419 96,406 2017 Holdings Common Unit Exchanges 28,134 23,914 Amortization (42,891 ) — Payments under TRAs (1) — (30,234 ) Tax Reform - change in federal corporate tax rate (341,669 ) (290,418 ) Change in estimate (245 ) (501 ) December 31, 2017 $ 410,690 $ 385,413 (1) Interest payments of $85 thousand and $127 thousand were paid in addition to these TRA payments for the years ended December 31, 2017 and 2016, respectively.",Not disclosed,,Not disclosed,NVIDIA,1,ppe_note,Note 21. Subsequent Events,3,False,,"score=4,idx=22771,zone=15939",680,OK,
0001517302,APAM,2018,0001517302_APAM_FY2018_10K.html,,2018-12-31,"equipment, Computer software, Furniture and fixtures","The composition of property and equipment at December 31, 2018 and 2017 are as follows: As of December 31, 2018 2017 Computers and equipment $ 8,000 $ 7,770 Computer software 4,554 4,372 Furniture and fixtures 10,566 8,658 Leasehold improvements 37,551 27,357 Total Cost 60,671 48,157 Less: Accumulated depreciation (31,533 ) (27,132 ) Property and equipment, net of accumulated depreciation $ 29,138 $ 21,025",,,Unclear,"Deferred Tax Asset - Amortizable Basis Amounts Payable Under Tax Receivable Agreements December 31, 2016 $ 653,942 $ 586,246 2017 Follow-On Offering 113,419 96,406 2017 Holdings Common Unit Exchanges 28,134 23,914 Amortization (42,891 ) — Payments under TRAs (1) — (30,234 ) Tax Reform - change in federal corporate tax rate (341,669 ) (290,418 ) Change in estimate (245 ) (501 ) December 31, 2017 $ 410,690 $ 385,413 2018 Follow-On Offering 7,687 6,534 2018 Holdings Common Unit Exchanges 16,199 13,770 Amortization (29,851 ) — Payments under TRAs (1) — (36,111 ) Change in estimate (10 ) (251 ) December 31, 2018 $ 404,715 $ 369,355 (1) Interest payments of $115 thousand and $85 thousand were paid in addition to these TRA payments for the years ended December 31, 2018 and 2017, respectively.",Not disclosed,,"In August 2018, the FASB issued ASU 2018-15, Customer’s Accounting for Implementation Costs Incurred in a Cloud Computing Arrangement That Is a Service Contract, which aligns the requirements for capitalizing implementation costs incurred in a hosting arrangement that is a service contract with the requirements for capitalizing implementation costs incurred to develop or obtain internal-use software. The capitalized implementation costs will be expensed over the term of the hosting arrangement. The Company currently expenses implementation costs in hosting arrangements as the costs are incurred. The new guidance will be effective on January 1, 2020. The Company is currently evaluating the impact of adoption on its consolidated financial statements, but expects certain types of costs will be capitalized that would have previously been expensed as incurred. ||| Customer’s Accounting for Implementation Costs Incurred in a Cloud Computing Arrangement That Is a Service Contract,",NVIDIA,1,ppe_note,Note 16. Property and Equipment,3,False,,"score=4,idx=24975,zone=18775",718,OK,
0001517302,APAM,2019,0001517302_APAM_FY2019_10K.html,,"DECEMBER 31, 2019",Not disclosed,Not disclosed,,,No,,Not disclosed,,Not disclosed,NVIDIA,1,unknown,,0,False,,"score=2,idx=17896,zone=11658",192,OK,
0001517302,APAM,2020,0001517302_APAM_FY2020_10K.html,,"DECEMBER 31, 2020",Equipment Type Useful Life Computers and equipment,Property and Equipment Type Useful Life Computers and equipment Five years Computer software Three to Five years Furniture and fixtures Seven years Leasehold improvements Two to 14 years,3.0,5.0,Unclear,"Deferred Tax Asset - Amortizable Basis Amounts Payable Under Tax Receivable Agreements December 31, 2018 $ 404,715 $ 369,355 2019 Holdings Common Unit Exchanges 13,424 11,410 Amortization (31,872) — Payments under TRAs (1) — (24,998) Change in estimate (2) 21,873 19,557 December 31, 2019 $ 408,140 $ 375,324 2020 Follow-On Offering 21,424 18,211 2020 Holdings Common Unit Exchanges 48,474 41,203 Amortization (34,686) — Payments under TRAs (1) — (26,943) Change in estimate (2) 3,602 4,673 December 31, 2020 $ 446,954 $ 412,468 (1) Interest payments of $60 thousand and $78 thousand were paid in addition to these TRA payments for the years ended December 31, 2020 and 2019, respectively. (2) Included in these totals are adjustments to the deferred tax assets for changes in the state deferred enacted tax rates of $3.7 million and $17.2 million for the years ended December 31, 2020 and 2019, respectively.",Not disclosed,,"In August 2018, the FASB issued ASU 2018-15, Customer’s Accounting for Implementation Costs Incurred in a Cloud Computing Arrangement That Is a Service Contract , which aligns the requirements for capitalizing implementation costs incurred in a hosting arrangement that is a service contract with the requirements for capitalizing implementation costs incurred to develop or obtain internal-use software. The capitalized implementation costs will be expensed over the term of the hosting arrangement. The Company adopted the new guidance on January 1, 2020. The Company capitalized $1.3 million of software implementation costs and recorded $0.1 million of related amortization expense during the year ended December 31, 2020. ||| Customer’s Accounting for Implementation Costs Incurred in a Cloud Computing Arrangement That Is a Service Contract",NVIDIA,1,significant_accounting_policies,Note 2. Summary of Significant Accounting Policies Basis of presentation,3,True,2.0-14.0 ans | 3.0-5.0 ans | 5.0 ans | 7.0 ans,"score=2,idx=15211,zone=9943",590,OK,
0001517302,APAM,2021,0001517302_APAM_FY2021_10K.html,,2022-02-01,"equipment, Computer software, Furniture and fixtures","Property and equipment are carried at cost, less accumulated depreciation. The estimated useful lives of property and equipment as of December 31, 2021 are as follows: Property and Equipment Type Useful Life Computers and equipment Three to Five years Computer software Three to Five years Furniture and fixtures Seven years Leasehold improvements Two to 14 years",3.0,5.0,Unclear,"The change in the Company’s deferred tax assets related to the tax benefits described above and the change in corresponding amounts payable under the TRAs for the years ended December 31, 2021 and 2020 is summarized as follows: Deferred Tax Asset - Amortizable Basis Amounts Payable Under Tax Receivable Agreements December 31, 2019 $ 408,140 $ 375,324 2020 Follow-On Offering 21,424 18,211 2020 Holdings Common Unit Exchanges 48,474 41,203 Amortization (34,686) — Payments under TRAs (1) — (26,943) Change in estimate (2) 3,602 4,673 December 31, 2020 $ 446,954 $ 412,468 2021 Follow-On Offering 16,362 13,908 2021 Holdings Common Unit Exchanges 36,069 30,659 Amortization (39,483) — Payments under TRAs (1) — (31,250) Change in estimate (9) (358) December 31, 2021 $ 459,893 $ 425,427 (1) Interest payments of $42 thousand and $60 thousand were paid in addition to these TRA payments for the years ended December 31, 2021 and 2020, respectively. (2) Included in these totals are adjustments to the deferred tax assets for changes in the state deferred enacted tax rates of $3.7 million for the year ended December 31, 2020.",Not disclosed,,Not disclosed,,0,significant_accounting_policies,Note 2. Summary of Significant Accounting Policies Basis of presentation,3,True,2.0-14.0 ans | 3.0-5.0 ans | 7.0 ans,"score=2,idx=15654,zone=10435",584,OK,
0001517302,APAM,2022,0001517302_APAM_FY2022_10K.html,,2023-02-01,"equipment, Computer software, Furniture and fixtures","The estimated useful lives of property and equipment as of December 31, 2022 are as follows: Property and Equipment Type Useful Life Computers and equipment Three to Five years Computer software Three to Five years Furniture and fixtures Seven years Leasehold improvements Two to 14 years",3.0,5.0,Unclear,"The change in the Company’s deferred tax assets related to the tax benefits described above and the change in corresponding amounts payable under the TRAs for the years ended December 31, 2022 and 2021 is summarized as follows: Deferred Tax Asset - Amortizable Basis Amounts Payable Under Tax Receivable Agreements December 31, 2020 $ 446,954 $ 412,468 2021 Follow-On Offering 16,362 13,908 2021 Holdings Common Unit Exchanges 36,069 30,659 Amortization (39,483) — Payments under TRAs (1) — (31,250) Change in estimate (9) (358) December 31, 2021 $ 459,893 $ 425,427 2022 Holdings Common Unit Exchanges 8,687 7,384 Amortization (42,122) — Payments under TRAs (1) — (33,109) Change in estimate 10 (913) December 31, 2022 $ 426,468 $ 398,789 (1) Interest payments of $0.1 million and less than $0.1 million were paid in addition to these TRA payments for the years ended 2022 and 2021, respectively.",Not disclosed,,Not disclosed,,0,significant_accounting_policies,Note 2. Summary of Significant Accounting Policies Basis of presentation,3,True,2.0-14.0 ans | 3.0-5.0 ans | 7.0 ans,"score=2,idx=16415,zone=10455",584,OK,
0001517302,APAM,2023,0001517302_APAM_FY2023_10K.html,,2024-02-07,"equipment, Computer software, Furniture and fixtures","The estimated useful lives of property and equipment as of December 31, 2023 are as follows: Property and Equipment Type Useful Life Computers and equipment Three to Five years Computer software Three to Five years Furniture and fixtures Seven years Leasehold improvements Two to 14 years",3.0,5.0,Unclear,"The change in the Company’s deferred tax assets related to the tax benefits described above and the change in corresponding amounts payable under the TRAs for the years ended December 31, 2023 and 2022 is summarized as follows: Deferred Tax Asset - Amortizable Basis Amounts Payable Under Tax Receivable Agreements December 31, 2021 $ 459,893 $ 425,427 2022 Holdings Common Unit Exchanges 8,687 7,384 Amortization (42,122) — Payments under TRAs (1) — (33,109) Change in estimate 10 (913) December 31, 2022 $ 426,468 $ 398,789 2023 Holdings Common Unit Exchanges 1,789 1,521 Amortization (43,832) — Payments under TRAs (1) — (35,757) Change in estimate (2) (505) December 31, 2023 $ 384,423 $ 364,048 (1) Interest payments of $0.2 million and $0.1 million were paid in addition to these TRA payments for the years ended December 31, 2023 and 2022, respectively.",Not disclosed,,Not disclosed,,0,significant_accounting_policies,Note 2. Summary of Significant Accounting Policies Basis of presentation,3,True,2.0-14.0 ans | 3.0-5.0 ans | 7.0 ans,"score=2,idx=17411,zone=10212",598,OK,
0001517302,APAM,2024,0001517302_APAM_FY2024_10K.html,,2025-02-04,"equipment, Computer software, Furniture and fixtures","The estimated useful lives of property and equipment as of December 31, 2024 are as follows: Property and Equipment Type Useful Life Computers and equipment Three to Five years Computer software Three to Five years Furniture and fixtures Seven years Leasehold improvements Two to 14 years",3.0,5.0,Unclear,"The change in the Company’s deferred tax assets related to the tax benefits described above and the change in corresponding amounts payable under the TRAs for the years ended December 31, 2024 and 2023 is summarized as follows: Deferred Tax Asset - Amortizable Basis Amounts Payable Under TRAs December 31, 2022 $ 426,468 $ 398,789 2023 Holdings Common Unit Exchanges 1,789 1,521 Amortization (43,832) — Payments under TRAs (1) — (35,757) Change in estimate (2) (505) December 31, 2023 $ 384,423 $ 364,048 2024 Holdings Common Unit Exchanges 15,963 13,568 Amortization (45,608) — Payments under TRAs (1) — (36,659) Change in estimate (5) 504 December 31, 2024 $ 354,773 $ 341,461 (1) Interest payments of $0.3 million and $0.2 million were paid in addition to these TRA payments for the years ended December 31, 2024 and 2023, respectively.",Not disclosed,,Not disclosed,,0,significant_accounting_policies,Note 2. Summary of Significant Accounting Policies Basis of presentation,3,True,2.0-14.0 ans | 3.0-5.0 ans | 7.0 ans,"score=2,idx=17440,zone=10088",600,OK,
0001535929,VOYA,2013,0001535929_VOYA_FY2013_10K.html,,"December 31, 2013",computer software,"In addition, computer software that has been purchased or developed
internally for own use is stated at cost, less amortization and any impairment losses.",,,No,,Not disclosed,,Not disclosed,,0,significant_accounting_policies,9. Goodwill and Other Intangible Assets,3,False,,"score=4,idx=38547,zone=70616",1699,OK,
0001535929,VOYA,2014,0001535929_VOYA_FY2014_10K.html,,"December 31, 2014",equipment,"Property and equipment are carried at cost, less accumulated depreciation and included in Other assets on the Consolidated Balance Sheets.",,,No,,Not disclosed,,Not disclosed,,0,significant_accounting_policies,"1. Business, Basis of Presentation and Significant Accounting Policies",3,False,,"score=4,idx=38262,zone=66638",1663,OK,
0001535929,VOYA,2015,0001535929_VOYA_FY2015_10K.html,,,equipment,"As of December 31, 2015 and 2014 , total cost basis was $366.6 and $408.1 , of property and equipment respectively. As of December 31, 2015 and 2014 , total accumulated depreciation was $241.5 and $282.3 , respectively. For the years ended December 31, 2015 , 2014 and 2013 , depreciation expense was $24.1 , $26.6 and $33.7 , respectively, and included in Operating expenses in the Consolidated Statements of Operations.",,,No,,Not disclosed,,Not disclosed,,0,significant_accounting_policies,"1. Business, Basis of Presentation and Significant Accounting Policies",3,False,,"score=4,idx=74647,zone=120765",2577,OK,
0001535929,VOYA,2016,0001535929_VOYA_FY2016_10K.html,,,equipment,"As of December 31, 2016 and 2015 , total cost basis of property and equipment was $373.2 and $366.6 , respectively. As of December 31, 2016 and 2015 , total accumulated depreciation was $260.9 and $241.5 , respectively. For the years ended December 31, 2016 , 2015 and 2014 , depreciation expense was $25.3 , $24.1 and $26.6 , respectively.",,,No,,Not disclosed,,Not disclosed,,0,significant_accounting_policies,"1. Business, Basis of Presentation and Significant Accounting Policies",3,False,,"score=4,idx=65195,zone=115071",2529,OK,
0001535929,VOYA,2017,0001535929_VOYA_FY2017_10K.html,,,equipment,"As of December 31, 2017 and 2016 , total cost basis of property and equipment was $376 and $373 , respectively. As of December 31, 2017 and 2016 , total accumulated depreciation was $269 and $261 , respectively. For the years ended December 31, 2017 , 2016 and 2015 , depreciation expense was $19 , $25 and $24 , respectively.",,,No,,Not disclosed,,Not disclosed,,0,significant_accounting_policies,"1. Business, Basis of Presentation and Significant Accounting Policies",3,False,,"score=4,idx=71608,zone=127705",2636,OK,
0001535929,VOYA,2018,0001535929_VOYA_FY2018_10K.html,,2018-12-31,Not disclosed,Not disclosed,,,No,,Not disclosed,,"ASU 2018-15, Implementation costs incurred in a cloud computing arrangement that is a service contract",,0,unknown,,0,False,,"score=4,idx=66660,zone=120384",2456,OK,
0001535929,VOYA,2019,0001535929_VOYA_FY2019_10K.html,,2020-09-30,Not disclosed,Not disclosed,,,No,,Not disclosed,,"ASU 2018-15, Implementation costs incurred in a cloud computing arrangement that is a service contract",,0,unknown,,0,False,,"score=4,idx=71222,zone=125602",2484,OK,
0001535929,VOYA,2020,0001535929_VOYA_FY2020_10K.html,,2021-09-30,Not disclosed,Not disclosed,,,No,,Not disclosed,,"ASU 2018-15, Implementation Costs Incurred in a Cloud Computing Arrangement that is a Service Contract ||| Standard Description of Requirements Effective Date and Method of Adoption Effect on the Financial Statements or Other Significant Matters ASU 2018-15, Implementation Costs Incurred in a Cloud Computing Arrangement that is a Service Contract This standard, issued in August 2018, requires a customer in a hosting arrangement that is a service contract to follow the guidance for internal-use software projects to determine which implementation costs to capitalize as an asset. Capitalized implementation costs are required to be expensed over the term of the hosting arrangement. In addition, a customer is required to apply the impairment and abandonment guidance for long-lived assets to the capitalized implementation costs. Balances related to capitalized implementation costs must be presented in the same financial statement line items as other hosting arrangement balances, and additional disclosures are required. January 1, 2020 using the prospective method. Adoption of the ASU did not have a material impact on the Company's financial condition, results of operations, or cash flows. ASU 2018-13, Changes to the Disclosure Requirements for Fair Value Measurement This standard, issued in August 2018, simplifies certain disclosure requirements for fair value measurement. January 1, 2020 using the transition method prescribed for each applicable provision. Adoption of the ASU had no effect on the Company's financial condition, results of operations, or cash flows. The adoption resulted in various disclosure changes that have been included in Note 5, Fair Value Measurements . ||| Implementation Costs Incurred in a Cloud Computing Arrangement",B100;B200,2,unknown,,0,False,,"score=2,idx=44472,zone=61220",1943,OK,
0001535929,VOYA,2021,0001535929_VOYA_FY2021_10K.html,,2021-12-31,Not disclosed,Not disclosed,,,No,,Not disclosed,,Not disclosed,,0,unknown,,0,False,,"score=2,idx=40627,zone=45425",1755,OK,
0001535929,VOYA,2022,0001535929_VOYA_FY2022_10K.html,,2022-12-31,Not disclosed,Not disclosed,,,No,,Not disclosed,,Not disclosed,,0,unknown,,0,False,,"score=2,idx=38532,zone=47279",1754,OK,
0001535929,VOYA,2023,0001535929_VOYA_FY2023_10K.html,,2023-12-31,Not disclosed,"Contract cost assets represent costs incurred to obtain or fulfill contracts for non-insurance financial services and software subscriptions and services that are expected to be recovered and, thus, have been capitalized and are subject to amortization.",5.0,15.0,No,,Not disclosed,,Not disclosed,,0,significant_accounting_policies,17. Rev enue from C ontr acts with Customers,3,False,,"score=2,idx=35523,zone=46264",1789,OK,
0001535929,VOYA,2024,0001535929_VOYA_FY2024_10K.html,,2024-12-31,Not disclosed,"Contract cost assets represent costs incurred to obtain or fulfill contracts for non-insurance financial services and software subscriptions and services that are expected to be recovered and, thus, have been capitalized and are subject to amortization.",5.0,15.0,No,,Not disclosed,,Not disclosed,,0,significant_accounting_policies,21. Consolidated and Nonconsolidated Investment Entities,3,False,,"score=2,idx=35480,zone=47597",1712,OK,
0001551152,ABBV,2013,0001551152_ABBV_FY2013_10K.html,,"December 31, 2013",equipment,"Depreciation
for property and equipment is recorded on a straight-line basis over the estimated useful lives of the assets. The estimated useful life for buildings ranges from 10 to 50 years
and five to 20 years for equipment.",5.0,20.0,No,,Not disclosed,,Not disclosed,,0,significant_accounting_policies,Note 2 Summary of Significant Accounting Policies,3,False,,"score=7,idx=7246,zone=16873",577,OK,
0001551152,ABBV,2014,0001551152_ABBV_FY2014_10K.html,,"December 31, 2014",equipment,"Depreciation
for property and equipment is recorded on a straight-line basis over the estimated useful lives of the assets. The estimated useful life for buildings ranges from 10 to 50 years
and five to 20 years for equipment. Equipment includes certain
computer software and software development costs incurred in connection with developing or obtaining software for internal use and is amortized over three to 10 years.",5.0,20.0,No,,Not disclosed,,Not disclosed,,0,significant_accounting_policies,Note 2 Summary of Significant Accounting Policies,3,False,,"score=7,idx=10887,zone=26288",591,OK,
0001551152,ABBV,2015,0001551152_ABBV_FY2015_10K.html,,"December 31, 2015",Not disclosed,Not disclosed,,,No,,Not disclosed,,Not disclosed,,0,unknown,,0,False,,"score=7,idx=13111,zone=28808",158,OK,
0001551152,ABBV,2016,0001551152_ABBV_FY2016_10K.html,,"December 31, 2016","Equipment, computer software",Equipment includes certain computer software and software development costs incurred in connection with developing or obtaining software for internal use and is amortized over,,,No,,Not disclosed,,Not disclosed,,0,significant_accounting_policies,Note 2 Summary of Significant Accounting Policies,3,False,,"score=7,idx=12170,zone=26526",1089,OK,
0001551152,ABBV,2017,0001551152_ABBV_FY2017_10K.html,,"December 31, 2017","Equipment, computer software",Equipment includes certain computer software and software development costs incurred in connection with developing or obtaining software for internal use and is amortized over,,,No,,Not disclosed,,Not disclosed,,0,significant_accounting_policies,Note 2 Summary of Significant Accounting Policies,3,False,,"score=7,idx=12534,zone=26451",1049,OK,
0001551152,ABBV,2018,0001551152_ABBV_FY2018_10K.html,,"December 31, 2018","Equipment, computer software",Equipment includes certain computer software and software development costs incurred in connection with developing or obtaining software for internal use and is amortized over,,,No,,Not disclosed,,Not disclosed,,0,significant_accounting_policies,Note 15,3,False,,"score=7,idx=12631,zone=27423",1100,OK,
0001551152,ABBV,2019,0001551152_ABBV_FY2019_10K.html,,2020-03-31,"equipment, computer software",Depreciation for property and equipment is recorded on a straight-line basis over the estimated useful lives of the assets. The estimated useful life for equipment ranges from 2 to 25 years. Equipment includes certain computer software and software development costs incurred in connection with developing or obtaining software for internal use and is amortized over 3 to 10 years.,2.0,25.0,No,,Not disclosed,,Not disclosed,,0,significant_accounting_policies,Note 16,3,False,,"score=7,idx=19641,zone=29838",1109,OK,
0001551152,ABBV,2020,0001551152_ABBV_FY2020_10K.html,,2020-12-31,"equipment, computer software",Depreciation for property and equipment is recorded on a straight-line basis over the estimated useful lives of the assets. The estimated useful life for equipment ranges from 2 to 25 years. Equipment includes certain computer software and software development costs incurred in connection with developing or obtaining software for internal use and is amortized over 3 to 10 years.,2.0,25.0,No,,Not disclosed,,Not disclosed,,0,significant_accounting_policies,Note 2 Summary of Significant Accounting Policies,3,False,,"score=5,idx=17072,zone=17628",894,OK,
0001551152,ABBV,2021,0001551152_ABBV_FY2021_10K.html,,2022-01-31,"equipment, computer software",Depreciation for property and equipment is recorded on a straight-line basis over the estimated useful lives of the assets. The estimated useful life for equipment ranges from 2 to 25 years. Equipment includes certain computer software and software development costs incurred in connection with developing or obtaining software for internal use and is amortized over 3 to 10 years.,2.0,25.0,No,,Not disclosed,,Not disclosed,,0,significant_accounting_policies,Note 2 Summary of Significant Accounting Policies,3,False,,"score=5,idx=17295,zone=17788",869,OK,
0001551152,ABBV,2022,0001551152_ABBV_FY2022_10K.html,,2023-02-17,"equipment, computer software",Depreciation for property and equipment is recorded on a straight-line basis over the estimated useful lives of the assets. The estimated useful life for equipment ranges from 2 to 25 years. Equipment includes certain computer software and software development costs incurred in connection with developing or obtaining software for internal use and is amortized over 3 to 10 years.,2.0,25.0,No,,Not disclosed,,Not disclosed,B100;B200,2,significant_accounting_policies,Note 2 Summary of Significant Accounting Policies,3,False,,"score=5,idx=15847,zone=17176",834,OK,
0001551152,ABBV,2023,0001551152_ABBV_FY2023_10K.html,,2024-02-12,"equipment, computer software",Depreciation for property and equipment is recorded on a straight-line basis over the estimated useful lives of the assets. The estimated useful life for equipment ranges from 2 to 25 years. Equipment includes certain computer software and software development costs incurred in connection with developing or obtaining software for internal use and is amortized over 3 to 10 years.,2.0,25.0,No,,Not disclosed,,Not disclosed,,0,significant_accounting_policies,Note 2 Summary of Significant Accounting Policies,3,False,,"score=5,idx=16335,zone=16711",787,OK,
0001551152,ABBV,2024,0001551152_ABBV_FY2024_10K.html,,2025-03-31,"equipment, computer software",Depreciation for property and equipment is recorded on a straight-line basis over the estimated useful lives of the assets. The estimated useful life for equipment ranges from 2 to 25 years. Equipment includes certain computer software and software development costs incurred in connection with developing or obtaining software for internal use and is amortized over 3 to 10 years.,2.0,25.0,No,,Not disclosed,,Not disclosed,,0,significant_accounting_policies,Note 2 Summary of Significant Accounting Policies,3,False,,"score=5,idx=16425,zone=17289",831,OK,
