firm_cik,firm_ticker,fiscal_year,filename,filing_date,period_end_date,asset_category,useful_life_text,useful_life_min_years,useful_life_max_years,policy_change,policy_change_text,ai_infra_text,ai_infra_source,segment_ai_text,hardware_mentions,hardware_count,source_section,section_title,confidence,ambiguity_flag,ambiguity_detail,item8_method,item8_segment_count,extraction_status,error_message
0000827187,SNBR,2013,0000827187_SNBR_FY2013_10K.html,,,information technology,"• Payroll and benefit costs for corporate employees, including information technology, legal, human resources, finance, sales and marketing administration, investor relations and risk management; • Occupancy costs of corporate facilities; • Depreciation related to corporate assets; • Information hardware, software and maintenance; • Insurance; • Investor relations costs; and • Other overhead costs.",,,No,,Not disclosed,,Not disclosed,,0,item_8_other,,1,False,,"score=7,idx=13867,zone=15080",533,OK,
0000827187,SNBR,2014,0000827187_SNBR_FY2014_10K.html,,,information technology,"• Payroll and benefit costs for corporate employees, including information technology, legal, human resources, finance, sales and marketing administration, investor relations and risk management; • Occupancy costs of corporate facilities; • Depreciation related to corporate assets; • Information hardware, software and maintenance; • Insurance; • Investor relations costs; and • Other overhead costs.",,,No,,Not disclosed,,Not disclosed,,0,item_8_other,,1,False,,"score=7,idx=12583,zone=14569",504,OK,
0000827187,SNBR,2015,0000827187_SNBR_FY2015_10K.html,,,information technology,"• Payroll and benefit costs for corporate employees, including information technology, legal, human resources, finance, sales and marketing administration, investor relations and risk management; • Occupancy costs of corporate facilities; • Depreciation related to corporate assets; • Information hardware, software and maintenance; • Insurance; • Investor relations costs; and • Other overhead costs.",,,No,,Not disclosed,,Not disclosed,,0,item_8_other,,1,False,,"score=7,idx=12682,zone=14854",540,OK,
0000827187,SNBR,2016,0000827187_SNBR_FY2016_10K.html,,,information technology,"• Payroll and benefit costs for corporate employees, including information technology, legal, human resources, finance, sales and marketing administration, investor relations and risk management; • Occupancy costs of corporate facilities; • Depreciation related to corporate assets; • Information hardware, software and maintenance; • Insurance; • Investor relations costs; and • Other overhead costs.",,,No,,Not disclosed,,Not disclosed,,0,item_8_other,,1,False,,"score=7,idx=12718,zone=13802",517,OK,
0000827187,SNBR,2017,0000827187_SNBR_FY2017_10K.html,,,information technology,"• Payroll and benefit costs for corporate employees, including information technology, legal, human resources, finance, sales and marketing administration, investor relations and risk management; • Occupancy costs of corporate facilities; • Depreciation related to corporate assets; • Information hardware, software and maintenance; • Insurance; • Investor relations costs; and • Other overhead costs.",,,No,,Not disclosed,,Not disclosed,,0,item_8_other,,1,False,,"score=7,idx=12452,zone=12336",507,OK,
0000827187,SNBR,2018,0000827187_SNBR_FY2018_10K.html,,"December 29, 2018",information technology,"• Payroll and benefit costs for corporate employees, including information technology, legal, human resources, finance, sales and marketing administration, investor relations and risk management; • Occupancy costs of corporate facilities; • Depreciation related to corporate assets; • Information hardware, software and maintenance; • Insurance; • Investor relations costs; and • Other overhead costs.",,,No,,Not disclosed,,"We capitalize costs incurred with the implementation of a cloud computing arrangement, that is a service contract, consistent with our policy for software developed or obtained for internal use. The capitalized implementation costs of cloud computing arrangements are expensed over the term of the cloud computing arrangement in the same line item in the statement of operations as the associated fees.",,0,item_8_other,,1,False,,"score=7,idx=8335,zone=9406",455,OK,
0000827187,SNBR,2019,0000827187_SNBR_FY2019_10K.html,,2019-12-28,"Furniture, equipment, machinery, computer equipment","December 28, 2019 December 29, 2018 Land $ — $ 1,999 Leasehold improvements 115,566 109,722 Furniture and equipment 123,161 108,841 Production machinery, computer equipment and software 245,175 238,659 Construction in progress 6,590 10,385 Less: Accumulated depreciation and amortization (293,071 ) (263,975 ) $ 197,421 $ 205,631",,,No,,Not disclosed,,"We capitalize costs incurred with the implementation of a cloud computing arrangement that is a service contract, consistent with our policy for software developed or obtained for internal use. The capitalized implementation costs of cloud computing arrangements are expensed over the term of the cloud computing arrangement in the same line item in the statement of operations as the associated hosting fees. Capitalized costs incurred with the implementation of a cloud computing arrangement are included in prepaid expenses and other non-current assets in our consolidated balance sheet, and in operating cash flows in our consolidated statement of cash flows.",,0,notes_to_financials,"Note 1,",2,False,,"score=7,idx=9240,zone=8896",475,OK,
0000827187,SNBR,2020,0000827187_SNBR_FY2020_10K.html,,2021-01-02,"information technology, equipment","G&A R&D (1) • Payroll and benefit costs for corporate employees, including information technology, legal, human resources, finance, sales and marketing administration, investor relations and risk management; • Internal labor and benefits related to research and development activities; • Outside consulting services related to research and development activities; and • Testing equipment related to research and development activities. • Occupancy costs of corporate facilities; • Depreciation related to corporate assets; __________ (1) Costs incurred in connection with R&D are charged to expense as incurred. • Information hardware, software and maintenance; • Insurance; • Investor relations costs; and • Other overhead costs.",,,No,,Not disclosed,,"We capitalize costs incurred with the implementation of a cloud computing arrangement that is a service contract, consistent with our policy for software developed or obtained for internal use. The capitalized implementation costs of cloud computing arrangements are expensed over the term of the cloud computing arrangement in the same line item in the statement of operations as the associated hosting fees. Capitalized costs incurred with the implementation of a cloud computing arrangement are included in prepaid expenses and other non-current assets in our consolidated balance sheet, and in operating cash flows in our consolidated statement of cash flows.",,0,item_8_other,,1,False,,"score=5,idx=7848,zone=6292",484,OK,
0000827187,SNBR,2021,0000827187_SNBR_FY2021_10K.html,,2022-01-01,"information technology, equipment","G&A R&D (1) • Payroll and benefit costs for corporate employees, including information technology, legal, human resources, finance, sales and marketing administration, investor relations and risk management; • Internal labor and benefits related to research and development activities; • Outside consulting services related to research and development activities; and • Testing equipment related to research and development activities. • Occupancy costs of corporate facilities; ____________________ (1) Costs incurred in connection with R&D are charged to expense as incurred. • Depreciation related to corporate assets; • Information hardware, software and maintenance; • Insurance; • Investor relations costs; and • Other overhead costs.",,,No,,Not disclosed,,"We capitalize costs incurred with the implementation of a cloud computing arrangement that is a service contract, consistent with our policy for software developed or obtained for internal use. The capitalized implementation costs of cloud computing arrangements are expensed over the term of the cloud computing arrangement in the same line item in the statement of operations as the associated hosting fees. Capitalized costs incurred with the implementation of a cloud computing arrangement are included in prepaid expenses and other non-current assets in our consolidated balance sheet, and in operating cash flows in our consolidated statement of cash flows.",,0,item_8_other,,1,False,,"score=5,idx=8398,zone=6500",468,OK,
0000827187,SNBR,2022,0000827187_SNBR_FY2022_10K.html,,2022-12-31,"information technology, equipment","G&A R&D (1) • Payroll and benefit costs for corporate employees, including information technology, legal, human resources, finance, sales and marketing administration, investor relations and risk management; • Internal labor and benefits related to research and development activities; • Outside consulting services related to research and development activities; and • Testing equipment related to research and development activities. • Occupancy costs of corporate facilities; ___________________________ (1) Costs incurred in connection with R&D are charged to expense as incurred. • Depreciation related to corporate assets; • Information hardware, software and maintenance; • Insurance; • Investor relations costs; and • Other overhead costs.",,,No,,Not disclosed,,"The Company capitalizes costs incurred with the implementation of a cloud computing arrangement that is a service contract, consistent with its policy for software developed or obtained for internal use. The capitalized implementation costs of cloud computing arrangements are expensed over the term of the cloud computing arrangement in the same line item in the statement of operations as the associated hosting fees. Capitalized costs incurred with the implementation of a cloud computing arrangement are included in prepaid expenses and other non-current assets in the Company’s consolidated balance sheet, and in operating cash flows in its consolidated statement of cash flows.",,0,item_8_other,,1,False,,"score=5,idx=8644,zone=6722",497,OK,
0000827187,SNBR,2023,0000827187_SNBR_FY2023_10K.html,,2023-12-30,"information technology, equipment","G&A R&D (1) • Payroll and benefit costs for corporate employees, including information technology, legal, human resources, finance, sales and marketing administration, investor relations and risk management; • Internal labor and benefits related to research and development activities; • Outside consulting services related to research and development activities; and • Testing equipment related to research and development activities. • Occupancy costs of corporate facilities; ___________________________ (1) Costs incurred in connection with R&D are charged to expense as incurred. • Depreciation related to corporate assets; • Information hardware, software and maintenance; • Insurance; • Investor relations costs; and • Other overhead costs.",,,No,,Not disclosed,,"The Company capitalizes costs incurred with the implementation of a cloud computing arrangement that is a service contract, consistent with its policy for software developed or obtained for internal use. The capitalized implementation costs of cloud computing arrangements are expensed over the term of the cloud computing arrangement in the same line item in the statement of operations as the associated hosting fees. Capitalized costs incurred with the implementation of a cloud computing arrangement are included in prepaid expenses and other non-current assets in the Company’s consolidated balance sheet, and in operating cash flows in its consolidated statement of cash flows.",,0,item_8_other,,1,False,,"score=5,idx=9129,zone=7030",506,OK,
0000827187,SNBR,2024,0000827187_SNBR_FY2024_10K.html,,2025-03-03,Not disclosed,Not disclosed,,,No,,"recordings, as well as utilizing signal processing and machine-learning methods. Cloud infrastructure enables scale for",MD&A (Item 7),Not disclosed,,0,unknown,,0,False,,"score=7,idx=16796,zone=15139",28,OK,
0000886982,GS,2013,0000886982_GS_FY2013_10K.html,,"December 31, 2013",equipment,"Property, leasehold improvements and equipment in the table above is presented net of accumulated depreciation and amortization of $9.04 billion and $9.05 billion as of December 2013 and
December 2012, respectively.",,,No,,Not disclosed,,Not disclosed,,0,significant_accounting_policies,Note 12.,3,False,,"score=4,idx=33603,zone=80400",1924,OK,
0000886982,GS,2014,0000886982_GS_FY2014_10K.html,,"December 31, 2014",equipment,"Property, leasehold improvements and equipment in the table above is presented net of accumulated depreciation and amortization of $8.98 billion and $9.04 billion as of December 2014 and
December 2013, respectively.",,,No,,Not disclosed,,Not disclosed,,0,significant_accounting_policies,Note 13.,3,False,,"score=4,idx=26788,zone=81908",1960,OK,
0000886982,GS,2015,0000886982_GS_FY2015_10K.html,,"December 31, 2015",equipment,"Property, leasehold improvements and equipment in the table above is net of accumulated depreciation and amortization of $7.77 billion and
$8.98 billion as of December 2015 and December 2014, respectively. Substantially all property and equipment is
depreciated on a straight-line basis over the useful life of the asset. Certain costs of software
developed or obtained for internal use are capitalized and amortized on a straight-line basis over the useful life of the software.",,,No,,Not disclosed,,Not disclosed,,0,significant_accounting_policies,Note 13.,3,False,,"score=4,idx=18830,zone=53951",1963,OK,
0000886982,GS,2016,0000886982_GS_FY2016_10K.html,,"December 31, 2016",equipment,"Property, leasehold improvements and equipment in the table above is net of accumulated depreciation and amortization of $7.68 billion and
$7.77 billion as of December 2016 and December 2015, respectively. Substantially all property and equipment is
depreciated on a straight-line basis over the useful life of the asset. Capitalized costs of
software developed or obtained for internal use are amortized on a straight-line basis over three years.",3.0,,No,,Not disclosed,,Not disclosed,,0,significant_accounting_policies,Note 13.,3,False,,"score=4,idx=18956,zone=51459",1808,OK,
0000886982,GS,2017,0000886982_GS_FY2017_10K.html,,"December 31, 2017",equipment,"Property, leasehold improvements and equipment is net of accumulated depreciation and amortization of
$8.28 billion and $7.68 billion as of December 2017 and December 2016, respectively. Substantially
all property and equipment is depreciated on a straight-line basis over the useful life of the asset. Capitalized costs of software developed or obtained for internal use are amortized on a straight-line basis over three years.",3.0,,No,,Not disclosed,,Not disclosed,,0,significant_accounting_policies,Note 13.,3,False,,"score=4,idx=18594,zone=52027",1917,OK,
0000886982,GS,2018,0000886982_GS_FY2018_10K.html,,"December 31, 2018",equipment,"Property, leasehold improvements and equipment is net of accumulated depreciation and amortization of
$9.08 billion as of December 2018 and $8.28 billion as of December 2017. Substantially all property and equipment is depreciated on a straight-line basis over the useful life of the asset. Capitalized costs of software developed or obtained for internal use are amortized on a straight-line basis over three years.",3.0,,No,,Not disclosed,,Not disclosed,,0,significant_accounting_policies,Note 13.,3,False,,"score=4,idx=19593,zone=53444",1874,OK,
0000886982,GS,2019,0000886982_GS_FY2019_10K.html,,2019-12-31,equipment,"Property, leasehold improvements and equipment is net of accumulated depreciation and amortization of $9.95 billion as of December 2019 and $9.08 billion as of December 2018. Substantially all property and equipment is depreciated on a straight-line basis over the useful life of the asset. Capitalized costs of software developed or obtained for internal use are amortized on a straight-line basis over three years.",3.0,,No,,Not disclosed,,Not disclosed,,0,significant_accounting_policies,Note 12.,3,False,,"score=4,idx=45335,zone=83350",1995,OK,
0000886982,GS,2020,0000886982_GS_FY2020_10K.html,,2020-12-31,equipment,"Property, leasehold improvements and equipment is net of accumulated depreciation and amortization of $10.12 billion as of December 2020 and $9.95 billion as of December 2019. Substantially all property and equipment is depreciated on a straight-line basis over the useful life of the asset. Capitalized costs of software developed or obtained for internal use are amortized on a straight-line basis over three years.",3.0,,No,,Not disclosed,,Not disclosed,,0,significant_accounting_policies,Note 12.,3,False,,"score=4,idx=49832,zone=76308",1947,OK,
0000886982,GS,2021,0000886982_GS_FY2021_10K.html,,2022-01-14,equipment,"Property, leasehold improvements and equipment is net of accumulated depreciation and amortization of $10.81 billion as of December 2021 and $10.12 billion as of December 2020. Substantially all property and equipment is depreciated on a straight-line basis over the useful life of the asset. Capitalized costs of software developed or obtained for internal use are amortized on a straight-line basis over three years.",3.0,,No,,Not disclosed,,Not disclosed,,0,significant_accounting_policies,Note 12.,3,False,,"score=4,idx=53012,zone=73517",2034,OK,
0000886982,GS,2022,0000886982_GS_FY2022_10K.html,,2022-12-31,equipment,"Property, leasehold improvements and equipment is net of accumulated depreciation and amortization of $12.19 billion as of December 2022 and $10.81 billion as of December 2021. Substantially all property and equipment is depreciated on a straight-line basis over the useful life of the asset. Capitalized costs of software developed or obtained for internal use are amortized on a straight-line basis over three years.",3.0,,No,,Not disclosed,,Not disclosed,B100,1,significant_accounting_policies,Note 12.,3,False,,"score=2,idx=45788,zone=49812",2629,OK,
0000886982,GS,2023,0000886982_GS_FY2023_10K.html,,2023-12-31,equipment,"Property, leasehold improvements and equipment is net of accumulated depreciation and amortization of $13.64 billion as of December 2023 and $12.19 billion as of December 2022. Substantially all property and equipment is depreciated on a straight-line basis over the useful life of the asset. Capitalized costs of software developed or obtained for internal use are amortized on a straight-line basis over three years.",3.0,,No,,Not disclosed,,"• Cloud computing, including governance and security of cloud applications, and software-as-a-service data onboarding; ||| Cloud computing, including governance and security of cloud applications, and software-as-a-service data onboarding;",,0,significant_accounting_policies,Note 12.,3,False,,"score=2,idx=44927,zone=50377",2672,OK,
0000886982,GS,2024,0000886982_GS_FY2024_10K.html,,2024-12-31,equipment,"Property, leasehold improvements and equipment is net of accumulated depreciation and amortization of $13.64 billion as of both December 2024 and December 2023. Substantially all property and equipment is depreciated on a straight-line basis over the useful life of the asset. Capitalized costs of software developed or obtained for internal use are amortized on a straight-line basis over three years.",3.0,,No,,Not disclosed,,"• Cloud computing, including governance and security of cloud applications, and software-as-a-service data onboarding; ||| Cloud computing, including governance and security of cloud applications, and software-as-a-service data onboarding;",,0,significant_accounting_policies,Note 12.,3,False,,"score=2,idx=45427,zone=50249",2653,OK,
0001050441,EGBN,2013,0001050441_EGBN_FY2013_10K.html,,"December 31, 2013",computer software and hardware,"Premises and equipment are stated at cost less accumulated depreciation and amortization computed using the straight-line method for
financial reporting purposes. Premises and equipment are depreciated over the useful lives of the assets, which generally range from seven years for furniture, fixtures and equipment, three to five
years for computer software and hardware, and ten to forty years for buildings and building improvements.",3.0,5.0,No,,Not disclosed,,Not disclosed,Blackwell,1,significant_accounting_policies,Note 1—Summary of Significant Accounting Policies (Continued),3,True,3.0-5.0 ans | 7.0 ans,"score=7,idx=26852,zone=41197",690,OK,
0001050441,EGBN,2014,0001050441_EGBN_FY2014_10K.html,,"December 31, 2014",computer software and hardware,"Premises and equipment are stated at cost less accumulated depreciation and amortization computed using the straight-line method for
financial reporting purposes. Premises and equipment are depreciated over the useful lives of the assets, which generally range from seven years for furniture, fixtures and equipment, three to five
years for computer software and hardware, and ten to forty years for buildings and building improvements.",3.0,5.0,No,,Not disclosed,,Not disclosed,Blackwell,1,significant_accounting_policies,Note 1—Summary of Significant Accounting Policies (Continued),3,True,1.0-5.0 ans | 3.0-5.0 ans | 7.0 ans,"score=7,idx=26874,zone=41293",745,OK,
0001050441,EGBN,2015,0001050441_EGBN_FY2015_10K.html,,"December 31, 2015",computer software and hardware,"Premises and equipment are stated at cost less accumulated depreciation and amortization computed using the straight-line method for
financial reporting purposes. Premises and equipment are depreciated over the useful lives of the assets, which generally range from five to seven years for furniture, fixtures and equipment, three to
five years for computer software and hardware, and ten to forty years for buildings and",3.0,5.0,No,,Not disclosed,,Not disclosed,Blackwell,1,significant_accounting_policies,Note 1—Summary of Significant Accounting Policies (Continued),3,True,1.0-5.0 ans | 3.0-5.0 ans | 5.0-7.0 ans,"score=7,idx=23905,zone=48446",818,OK,
0001050441,EGBN,2016,0001050441_EGBN_FY2016_10K.html,,"December 31, 2016",computer software and hardware,"Premises and equipment are stated at cost less accumulated depreciation and amortization computed using the straight-line method for financial
reporting purposes. Premises and equipment are depreciated over the useful lives of the assets, which generally range from three to seven years for furniture, fixtures and equipment, three to five
years for computer software and hardware, and five to twenty years for",3.0,5.0,No,,"The
Bank has outstanding obligations under its current core data processing contract that expire in May 2020 and two other vendor arrangements that relate to network
infrastructure and data center services, one expires in July 2020 and the other expires in December 2018.",Item 8,"The
Bank has outstanding obligations under its current core data processing contract that expire in May 2020 and two other vendor arrangements that relate to network
infrastructure and data center services, one expires in July 2020 and the other expires in December 2018. ||| (1) Excludes
accrued interest payable at December 31, 2016. (2) Borrowed
funds include customer repurchase agreements, and other short-term and long-term borrowings. (3) The
Bank has outstanding obligations under its current core data processing contract that expire in May 2020 and two other vendor arrangements that relate to network
infrastructure and data center services, one expires in July 2020 and the other expires in December 2018. (4) The
Bank has the option of terminating the George Mason agreement at the end of contract years 10 and 15 (that is, effective June 30, 2025 or June 30,
2030). Should the Bank elect to exercise its right to terminate the George Mason contract, contractual obligations would decrease $3.5 million and $3.6 million for the first option
period (years 11-15) and the second option period (16-20), respectively. (5) Non-compete
agreement with a retired Director.",Blackwell,1,significant_accounting_policies,Note 1—Summary of Significant Accounting Policies (Continued),3,True,1.0-5.0 ans | 3.0-5.0 ans | 3.0-7.0 ans,"score=7,idx=23962,zone=51592",854,OK,
0001050441,EGBN,2017,0001050441_EGBN_FY2017_10K.html,,"December 31, 2017",computer software and hardware,"Premises and equipment are stated at cost less accumulated depreciation and amortization computed using the straight-line method for financial reporting purposes. Premises and equipment are depreciated over the useful lives of the assets, which generally range from three to seven years for furniture, fixtures and equipment, three to five years for computer software and hardware, and five to twenty years for building improvements.",3.0,5.0,No,,"(3) The Bank has outstanding obligations under its current core data processing contract that expire in May 2020 and two other vendor arrangements that relate to network infrastructure and data center services, one expires in July 2020 and the other expires in December 2018.",Item 8,"(3) The Bank has outstanding obligations under its current core data processing contract that expire in May 2020 and two other vendor arrangements that relate to network infrastructure and data center services, one expires in July 2020 and the other expires in December 2018.",Blackwell,1,significant_accounting_policies,Note 1 — Summary of Significant Accounting Policies,3,True,3.0-5.0 ans | 3.0-7.0 ans,"score=7,idx=20063,zone=40649",709,OK,
0001050441,EGBN,2018,0001050441_EGBN_FY2018_10K.html,,,computer software and hardware,"Premises
and equipment are stated at cost less accumulated depreciation and amortization computed using the straight-line method for financial
reporting purposes. Premises and equipment are depreciated over the useful lives of the assets, which generally range from three
to seven years for furniture, fixtures and equipment, three to five years for computer software and hardware, and five to twenty
years for building improvements.",3.0,5.0,No,,"The Bank has outstanding obligations under its current core data processing contract that expire
in March 2025 and two other vendor arrangements that relate to network infrastructure and data center services, one expires in
July 2020 and the other expires in December 2019.",Item 8,"The Bank has outstanding obligations under its current core data processing contract that expire
in March 2025 and two other vendor arrangements that relate to network infrastructure and data center services, one expires in
July 2020 and the other expires in December 2019.",Blackwell,1,significant_accounting_policies,"Note
1 – Summary of Significant Accounting Policies",3,True,3.0-5.0 ans | 3.0-7.0 ans,"score=7,idx=14834,zone=20956",666,OK,
0001050441,EGBN,2019,0001050441_EGBN_FY2019_10K.html,,2019-12-31,computer software and hardware,"Premises and equipment are stated at cost less accumulated depreciation and amortization computed using the straight-line method for financial reporting purposes. Premises and equipment are depreciated over the useful lives of the assets, which generally range from three to seven years for furniture, fixtures and equipment, three to five years for computer software and hardware, and five to twenty years for building improvements.",3.0,5.0,No,,"The Bank has outstanding obligations under its current core data processing contract that expire in June 2024 and two other vendor arrangements that relate to network infrastructure and data center services, one expires in December 2021 and the other expires in December 2020.",Item 8,"The Bank has outstanding obligations under its current core data processing contract that expire in June 2024 and two other vendor arrangements that relate to network infrastructure and data center services, one expires in December 2021 and the other expires in December 2020.",Blackwell,1,significant_accounting_policies,Note 1 – Summary of Significant Accounting Policies,3,True,3.0-5.0 ans | 3.0-7.0 ans,"score=9,idx=25304,zone=44186",738,OK,
0001050441,EGBN,2020,0001050441_EGBN_FY2020_10K.html,,2030-06-30,computer software and hardware,"Premises and equipment are stated at cost less accumulated depreciation and amortization computed using the straight-line method for financial reporting purposes. Premises and equipment are depreciated over the useful lives of the assets, which generally range from three to seven years for furniture, fixtures and equipment, three to five years for computer software and hardware, and five to twenty years for building improvements.",3.0,5.0,No,,"Income producing – commercial real estate . Income producing commercial real estate loans are comprised of permanent and bridge financing provided to professional real estate owners/managers of commercial and residential real estate projects and properties who have a demonstrated a record of past success with similar properties. Collateral properties include apartment buildings, office buildings, hotels, mixed-use buildings, retail, data centers, warehouse, and shopping centers. The primary source of repayment on these loans is generally expected to come from lease or operation of the real property collateral. Income producing commercial real estate loans are impacted by fluctuation in collateral values, as well as rental demand and rates.",Item 8,(3) The Bank has outstanding obligations under its current core data processing contract that expire in June 2024 and one other vendor arrangement that relates to network infrastructure and data center services that expires in December 2021. ||| The Bank has outstanding obligations under its current core data processing contract that expire in June 2024 and one other vendor arrangement that relates to network infrastructure and data center services that expires in December 2021.,B200,1,significant_accounting_policies,Note 1 – Summary of Significant Accounting Policies,3,True,3.0-5.0 ans | 3.0-7.0 ans,"score=5,idx=18607,zone=22621",999,OK,
0001050441,EGBN,2021,0001050441_EGBN_FY2021_10K.html,,2030-06-30,computer software and hardware,"Premises and equipment are stated at cost less accumulated depreciation and amortization computed using the straight-line method for financial reporting purposes. Premises and equipment are depreciated over the useful lives of the assets, which generally range from three to seven years for furniture, fixtures and equipment, three to five years for computer software and hardware, and five to twenty years for leasehold improvements.",3.0,5.0,Unclear,"ASU 2020-4, "" Reference Rate Reform (Topic 848)"" (""ASU 2020-4""), provides optional expedients and exceptions for applying GAAP to loan and lease agreements, derivative contracts, and other transactions affected by the anticipated transition away from LIBOR toward new interest rate benchmarks. For transactions that are modified because of reference rate reform and that meet certain scope guidance (i) modifications of loan agreements should be accounted for by prospectively adjusting the effective interest rate and the modification will be considered ""minor"" so that any existing unamortized origination fees/ costs would carry forward and continue to be amortized and (ii) modifications of lease agreements should be accounted for as a continuation of the existing agreement with no reassessments of the lease classification and the discount rate or remeasurements of lease payments that otherwise would be required for modifications not accounted for as separate contracts. ASU 2020-4 also provides numerous optional expedients for derivative accounting. ASU 2020-4 is effective March 12, 2020 through December 31, 2022. An entity may elect to apply ASU 2020-4 for contract modifications as of January 1, 2020, or prospectively from a date within an interim period that includes or is subsequent to March 12, 2020, up to the date that the financial statements are available to be issued. Once elected for a Topic or an Industry Subtopic within the Codification, the amendments in this ASU must be applied prospectively for all eligible contract modifications for that Topic or Industry Subtopic. As we have evaluated our portfolio, LIBOR based loans have been modified with fallback language in accordance with ASU 2020-04 and the expectation of a change in index is not expected to have a material impact on the accounting for those loans.","Income producing – commercial real estate . Income producing commercial real estate loans comprise permanent and bridge financing provided to professional real estate owners/managers of commercial and residential real estate projects and properties who have a demonstrated a record of past success with similar properties. Collateral properties include apartment buildings, office buildings, hotels, mixed-use buildings, retail, data centers, warehouse, and shopping centers. The primary source of repayment on these loans is generally expected to come from lease or operation of the real property collateral. Income producing commercial real estate loans are impacted by fluctuation in collateral values, as well as rental demand and rates.",Item 8,(3) The Bank has outstanding obligations under its current core data processing contract that expire in June 2024 and one other vendor arrangement that relates to network infrastructure and data center services that expires in December 2022. ||| The Bank has outstanding obligations under its current core data processing contract that expire in June 2024 and one other vendor arrangement that relates to network infrastructure and data center services that expires in December 2022.,A100;B100,2,significant_accounting_policies,Note 1 – Summary of Significant Accounting Policies,3,True,3.0-5.0 ans | 3.0-7.0 ans,"score=5,idx=16955,zone=24096",942,OK,
0001050441,EGBN,2022,0001050441_EGBN_FY2022_10K.html,,2030-06-30,computer software and hardware,"Premises and equipment are stated at cost less accumulated depreciation and amortization computed using the straight-line method for financial reporting purposes. Premises and equipment are depreciated over the useful lives of the assets, which generally range from three to seven years for furniture, fixtures and equipment, three to five years for computer software and hardware and five to twenty years for leasehold improvements.",3.0,5.0,Unclear,"ASU No. 2020-04, ""Reference Rate Reform (Topic 848)"" (""ASU 2020-04"") provides optional expedients and exceptions for applying GAAP to loan and lease agreements, derivative contracts and other transactions affected by the anticipated transition away from LIBOR toward new interest rate benchmarks. For transactions that are modified because of reference rate reform and that meet certain scope guidance (i) modifications of loan agreements should be accounted for by prospectively adjusting the effective interest rate and the modification will be considered ""minor"" so that any existing unamortized origination fees/costs would carry forward and continue to be amortized and (ii) modifications of lease agreements should be accounted for as a continuation of the existing agreement with no reassessments of the lease classification and the discount rate or remeasurements of lease payments that otherwise would be required for modifications not accounted for as separate contracts. ASU 2020-04 also provides numerous optional expedients for derivative accounting. ASU 2020-04 is effective March 12, 2020 through December 31, 2022. An entity may elect to apply ASU 2020-04 for contract modifications as of January 1, 2020, or prospectively from a date within an interim period that includes or is subsequent to March 12, 2020, up to the date that the financial statements are available to be issued. Once elected for a Topic or an Industry Subtopic within the Codification, the amendments in this ASU must be applied prospectively for all eligible contract modifications for that Topic or Industry Subtopic. ASU 2020-04 did not have a material impact on the Company's consolidated financial statements for fiscal year 2022","Income producing – commercial real estate . Income producing commercial real estate loans comprise permanent and bridge financing provided to professional real estate owners/managers of commercial and residential real estate projects and properties who have a demonstrated a record of past success with similar properties. Collateral properties include apartment buildings, office buildings, hotels, mixed-use buildings, retail, data centers, warehouse and shopping centers. The primary source of repayment on these loans is generally expected to come from lease or operation of the real property collateral. Income producing commercial real estate loans are impacted by fluctuation in collateral values, as well as rental demand and rates.",Item 8,(3) The Bank has outstanding obligations under its current core data processing contract that expire in June 2024 and one other vendor arrangement that relates to network infrastructure and data center services that expires in December 2024. ||| The Bank has outstanding obligations under its current core data processing contract that expire in June 2024 and one other vendor arrangement that relates to network infrastructure and data center services that expires in December 2024.,B200,1,significant_accounting_policies,Note 1 – Summary of Significant Accounting Policies,3,True,3.0-5.0 ans | 3.0-7.0 ans,"score=5,idx=17923,zone=26580",942,OK,
0001050441,EGBN,2023,0001050441_EGBN_FY2023_10K.html,,2030-06-30,computer software and hardware,"Premises and equipment are stated at cost less accumulated depreciation and amortization computed using the straight-line method for financial reporting purposes. Premises and equipment are depreciated over the useful lives of the assets, which generally range from three to seven years for furniture, fixtures and equipment, three to five years for computer software and hardware and five to twenty years for leasehold improvements.",3.0,5.0,No,,"Income producing – commercial real estate . Income producing commercial real estate loans comprise permanent and bridge financing provided to professional real estate owners/managers of commercial and residential real estate projects and properties who have a demonstrated a record of past success with similar properties. Collateral properties include apartment buildings, office buildings, hotels, mixed-use buildings, retail, data centers, warehouse and shopping centers. The primary source of repayment on these loans is generally expected to come from lease or operation of the real property collateral. Income producing commercial real estate loans are impacted by fluctuation in collateral values, as well as rental demand and rates.",Item 8,(3) The Bank has outstanding obligations under its current core data processing contract that expire in June 2029 and one other vendor arrangement that relates to network infrastructure and data center services that expires in December 2024. ||| The Bank has outstanding obligations under its current core data processing contract that expire in June 2029 and one other vendor arrangement that relates to network infrastructure and data center services that expires in December 2024.,,0,significant_accounting_policies,Note 1 – Summary of Significant Accounting Policies,3,True,3.0-5.0 ans | 3.0-7.0 ans,"score=5,idx=19680,zone=26155",984,OK,
0001050441,EGBN,2024,0001050441_EGBN_FY2024_10K.html,,2024-12-31,computer software and hardware,"Premises and equipment are stated at cost less accumulated depreciation and amortization computed using the straight-line method for financial reporting purposes. Premises and equipment are depreciated over the useful lives of the assets, which generally range from three to seven years for furniture, fixtures and equipment, three to five years for computer software and hardware and five to twenty years for leasehold improvements.",3.0,5.0,No,,"Income producing – commercial real estate . Income producing commercial real estate loans comprise permanent and bridge financing provided to professional real estate owners/managers of commercial and residential real estate projects and properties who generally have a demonstrated record of past success with similar properties. Collateral properties include apartment buildings, office buildings, hotels, mixed-use buildings, retail, data centers, warehouse, and shopping centers. The primary source of repayment on these loans is generally expected to come from lease or operation of the real property collateral. Income producing commercial real estate loans are impacted by fluctuation in collateral values, as well as rental demand and rates.",Item 8,Not disclosed,,0,significant_accounting_policies,Note 1 – Summary of Significant Accounting Policies,3,True,3.0-5.0 ans | 3.0-7.0 ans,"score=5,idx=19644,zone=25732",918,OK,
0001050446,MSTR,2013,0001050446_MSTR_FY2013_10K.html,,"December 31, 2013",Not disclosed,Not disclosed,,,No,,Not disclosed,,"Subscription services revenues. Subscription services revenues are
primarily derived from MicroStrategy Cloud services offerings that are recognized on a subscription basis over the service period of the contract. Subscription services revenues increased $9.1 million during 2013, as compared to the prior year,
primarily due to an increase in the number of new customers as our MicroStrategy Cloud business has continued to grow. Subscription services revenues increased $3.0 million in 2012, as compared to the prior year, where we only recognized $0.1
million in subscription services revenue as we only began to offer MicroStrategy Cloud services in the second half of 2011.",,0,unknown,,0,False,,"score=4,idx=9240,zone=12",2,OK,
0001050446,MSTR,2014,0001050446_MSTR_FY2014_10K.html,,"December 31, 2014",Not disclosed,Not disclosed,,,No,,Not disclosed,,"We also generate subscription services revenues primarily from our
cloud services offerings. Subscription services revenues include subscription fees from customers for access to the full breadth of the MicroStrategy Analytics Platform and MicroStrategy Mobile capabilities, database services, and data
integration services. Our standard arrangements with customers generally do not provide the customer with the right to take possession of the software supporting the cloud-based application service at any time. As such, these arrangements
are considered service contracts and revenue is recognized ratably over the service period of the contract, following completion of the set-up service. Any related set-up service fees are recognized ratably over the longer of the contract period or
the estimated average life of the customer relationship. ||| Subscription services revenues. Subscription services revenues are primarily derived from our cloud services offerings that are recognized on a
subscription basis over the service period of the contract. Subscription services revenues increased $10.1 million ||| during 2014, as compared to the prior year, primarily due to an increase in the number of new subscription services customers and an increase in the use of subscription services by existing
customers as our cloud services business has continued to grow. Subscription services revenues increased $9.1 million during 2013, as compared to the prior year, primarily due to an increase in the number of new customers as our cloud services
business has continued to grow.",,0,unknown,,0,False,,"score=4,idx=9417,zone=12",2,OK,
0001050446,MSTR,2015,0001050446_MSTR_FY2015_10K.html,,"December 31, 2015",Not disclosed,Not disclosed,,,No,,Not disclosed,,"We also generate subscription services revenues primarily from our cloud services
offerings. Subscription services revenues include subscription fees from customers for access to the full breadth of MicroStrategy Analytics and MicroStrategy Mobile capabilities, database services, and data integration services. Our
standard arrangements with customers generally do not provide the customer with the right to take possession of the software supporting the cloud-based application service at any time. As such, these arrangements are considered service
contracts and revenue is recognized ratably over the service period of the contract, following completion of the set-up service. Any related set-up service fees are recognized ratably over the longer of the contract period or the estimated average
life of the customer relationship. ||| Subscription services revenues. Subscription services revenues are primarily derived from our cloud services offerings that are
recognized on a subscription basis over the service period of the contract. Subscription services revenues increased $5.5 million and $10.1 million during 2015 and 2014, respectively, as compared to the prior year, primarily due to an increase in
the number of new subscription services customers and an increase in the use of subscription services by existing customers as our cloud services business has continued to grow. ||| Table of Contents In April 2015, the FASB issued Accounting Standards Update No. 2015-05, Intangibles
– Goodwill and Other – Internal-Use Software (Subtopic 350-40): Customer’s Accounting for Fees Paid in a Cloud Computing Arrangement (“ASU 2015-05”), which provides guidance on which existing accounting model should be
applied to cloud computing arrangements. Under ASU 2015-05, customers will apply the same criteria as vendors to determine whether a cloud computing arrangement contains a software license or is solely a service contract. Specifically, fees paid by
a customer in a cloud computing arrangement will be subject to internal-use software guidance if the customer has both the contractual right to take possession of the software at any time without significant penalty and it is feasible for the
customer to run the software on its own hardware. Arrangements that do not meet both of the criteria are considered service contracts, and separate accounting for a license will not be permitted. The Company utilizes certain cloud computing
arrangements in its daily business operations and adopted ASU 2015-05 on December 31, 2015. The adoption of this guidance did not have a material effect on the Company’s consolidated financial position, results of operations, and cash
flows. In November 2015, the FASB issued Accounting Standards Update No. 2015-17 , Income Taxes (Topic 740): Balance Sheet
Classification of Deferred Taxes (“ASU 2015-17”), which requires that all deferred tax assets and liabilities, along with any related valuation allowance, be classified as noncurrent on the balance sheet. The Company adopted ASU
2015-17 prospectively on December 31, 2015 and presented all deferred tax assets and liabilities as noncurrent on the balance sheet as of December 31, 2015. No prior periods were restated. The adoption of this guidance did not have a
material effect on the Company’s consolidated results of operations and cash flows. 64 Table of Contents",,0,unknown,,0,False,,"score=4,idx=9341,zone=12",2,OK,
0001050446,MSTR,2016,0001050446_MSTR_FY2016_10K.html,,"December 31, 2016",Not disclosed,Not disclosed,,,No,,Not disclosed,,"We also generate subscription services revenues primarily from our cloud services offerings. Subscription services revenues include subscription fees from customers for access to the full breadth of MicroStrategy Analytics and MicroStrategy Mobile capabilities, database services, and data integration services. Our standard arrangements with customers generally do not provide the customer with the right to take possession of the software supporting the cloud-based application service at any time. As such, these arrangements are considered service contracts and revenue is recognized ratably over the service period of the contract, following completion of the set-up service. Any related set-up service fees are recognized ratably over the longer of the contract period or the estimated average life of the customer relationship. ||| Subscription services revenues. Subscription services revenues are primarily derived from our cloud services offerings that are recognized on a subscription basis over the service period of the contract. Subscription services revenues increased $2.7 million and $5.5 million during 2016 and 2015, respectively, as compared to the prior year, primarily due to new subscription services customers and an increase in the use of subscription services by existing customers. ||| Subscription services revenues are primarily derived from our cloud services offerings that are recognized on a subscription basis over the service period of the contract. Subscription services revenues increased $2.7 million and $5.5 million during 2016 and 2015, respectively, as compared to the prior year, primarily due to new subscription services customers and an increase in the use of subscription services by existing customers.",,0,unknown,,0,False,,"score=3,idx=11010,zone=11",2,OK,
0001050446,MSTR,2017,0001050446_MSTR_FY2017_10K.html,,"December 31, 2017",Not disclosed,Not disclosed,,,No,,"For customers looking for a Platform-as-a-Service (PaaS) experience, MicroStrategy Cloud offers managed services that deliver the full breadth of platform capabilities along with a dedicated cloud operations team to deploy the platform in the cloud. MicroStrategy Cloud is well suited for organizations without extensive IT resources to maintain and manage the cloud infrastructure on their own. MicroStrategy Cloud offers a 99.9% Service Level Agreement for availability, and is backed by a team of experts and dedicated tech support staff that provides continuous monitoring and alerting. MicroStrategy Cloud maintains and keeps up to date on compliance and security certifications to help ensure the environments adhere to the Service Organization Control 2, ISO 27001, Payment Card Industry, HIPAA, and Privacy Shield standards.",MD&A (Item 7),"MicroStrategy 10, our flagship platform offering, consolidates analytics and mobility in a single unified platform. The MicroStrategy 10 platform is available on Windows, Linux and AWS, and as a hosted service offering through MicroStrategy Cloud. Our platform offers a comprehensive suite of business intelligence functionality, from data discovery to mobile analytics, data mining, Big Data analytics, enterprise reporting and powerful identity intelligence generated by digital credentials. MicroStrategy 10 builds on proven enterprise capabilities to make sophisticated, high-performance analytics more accessible, easier to use, and faster. MicroStrategy 10 consists of MicroStrategy Analytics, MicroStrategy Mobile, and Usher. ||| MicroStrategy on AWS allows organizations to harness the power of data through our enterprise solutions via the cloud. Compared to traditional on-premise approaches, MicroStrategy on AWS is architected to deliver best-of-breed MicroStrategy software via the cloud, with pre-configured, ready-to-go servers, coupled with the required supporting infrastructure. With MicroStrategy on AWS, customers can launch enterprise analytics environments within minutes via a web-based provisioning tool, and use the full MicroStrategy 10 offering. MicroStrategy on AWS deploys MicroStrategy directly into the customer’s AWS account where the customer maintains and manages the environment. ||| releasing MicroStrategy on AWS, which allows customers to spin up their own instance of the full MicroStrategy platform in the cloud, and expanding support for MicroStrategy on AWS in more locations (such as London, Sydney, Frankfurt, Tokyo, Ireland, Ohio, Oregon, and Northern Virginia) and in nine different languages (English, French, Italian, Portuguese, Spanish, Dutch, Japanese, Korean, and Chinese);",,0,unknown,,0,False,,"score=3,idx=11843,zone=8",2,OK,
0001050446,MSTR,2018,0001050446_MSTR_FY2018_10K.html,,"December 31, 2018",Not disclosed,Not disclosed,,,No,,Not disclosed,,"extending availability in the cloud by offering MicroStrategy on Microsoft Azure and strengthening MicroStrategy on AWS; ||| Incremental costs incurred to obtain contracts with customers include certain variable compensation (e.g., commissions and bonuses) paid to our sales team. Although we may bundle our goods and services into one contract, commissions are individually determined on each distinct good or service in the contract. We expense as incurred those amounts earned on consulting and education services, which are generally performed within a one-year period and primarily sold on a standalone basis. We also expense as incurred those amounts earned on product license sales, since the amount is earned when the license is delivered. We capitalize those amounts earned on product support and amortize the costs over a period of time that is consistent with the pattern of transfer of the product support to the customer, which we have determined to be a period of three years. Although we typically sell product support for a period of one year, a majority of customers renew their product support arrangements. Three years is generally the period after which platforms are no longer supported by our support team and when customers generally choose to upgrade their software platform. We do not pay variable compensation on product support renewals. Variable compensation earned on subscription cloud services is expensed as incurred due to its immaterial nature. ||| Subscription services revenues. Subscription services revenues are primarily derived from our cloud services offerings that are recognized on a subscription basis over the service period of the contract. Subscription services revenues decreased $2.8 million during 2018 primarily due to a decrease in the use of subscription services by existing customers. Subscription services revenues increased $1.8 million during 2017, as compared to the prior year, primarily due to new subscription services customers and an increase in the use of subscription services by existing customers.",,0,unknown,,0,False,,"score=3,idx=9721,zone=8",2,OK,
0001050446,MSTR,2019,0001050446_MSTR_FY2019_10K.html,,2020-02-06,Not disclosed,Not disclosed,,,No,,Not disclosed,,Not disclosed,,0,unknown,,0,False,,"score=3,idx=10653,zone=6",2,OK,
0001050446,MSTR,2020,0001050446_MSTR_FY2020_10K.html,,2020-12-31,Not disclosed,Not disclosed,,,No,,Not disclosed,,Not disclosed,,0,unknown,,0,False,,"score=3,idx=11710,zone=6",2,OK,
0001050446,MSTR,2021,0001050446_MSTR_FY2021_10K.html,,2022-03-31,Not disclosed,Not disclosed,,,No,,Not disclosed,,Not disclosed,,0,unknown,,0,False,,"score=3,idx=12648,zone=6",2,OK,
0001050446,MSTR,2022,0001050446_MSTR_FY2022_10K.html,,2023-03-31,Not disclosed,Not disclosed,,,No,,"Net cash provided by operating activities decreased $90.6 million during 2022, as compared to the prior year, due to a $934.3 million increase in net loss and a $47.7 million decrease from changes in operating assets and liabilities, partially offset by an $891.4 million increase in non-cash items (principally related to digital asset impairment losses and deferred taxes). In particular, we had a $23.0 million increase in interest payments, primarily with respect to the 2028 Senior Secured Notes and the 2025 Secured Term Loan, and a $15.0 million increase in income tax payments due primarily to decreased income tax benefits from a lower level of stock option exercises. We also had other increased payments, most notably those related to employee-related costs as we continued to invest in our workforce, and investment in our cloud infrastructure to support the growth in sales of subscription services. Additional transitions of customers from our perpetual license arrangements to our subscription services offerings has also negatively impacted our cash provided by operating activities in 2022 as compared to 2021 as invoicing for subscription services generally occurs over multiple years, whereas perpetual licenses are invoiced up-front.",MD&A (Item 7),Not disclosed,,0,unknown,,0,False,,"score=3,idx=13248,zone=10",2,OK,
0001050446,MSTR,2023,0001050446_MSTR_FY2023_10K.html,,2024-03-31,Not disclosed,Not disclosed,,,No,,Not disclosed,,Not disclosed,A100,1,unknown,,0,False,,"score=4,idx=14744,zone=5",3,OK,
0001050446,MSTR,2024,0001050446_MSTR_FY2024_10K.html,,2029-06-15,Not disclosed,Not disclosed,,,No,,Not disclosed,,Not disclosed,B100;B200,2,unknown,,0,False,,"score=4,idx=15856,zone=5",3,OK,
0001051470,CCI,2013,0001051470_CCI_FY2013_10K.html,,,"Information technology, equipment","Estimated Useful Lives December 31, 2013 2012 Land (a) — $ 1,305,942 $ 1,119,592 Buildings 40 years 70,497 56,883 Towers and small cells 1-20 years 11,717,453 9,589,282 Information technology assets and other 2-7 years 185,699 160,670 Construction in process — 401,042 240,287 Total gross property and equipment 13,680,633 11,166,714 Less: accumulated depreciation (4,732,956 ) (4,249,183 ) Total property and equipment, net $ 8,947,677 $ 6,917,531",2.0,7.0,No,,Not disclosed,,Not disclosed,,0,item_8_other,,1,False,,"score=4,idx=11174,zone=26931",905,OK,
0001051470,CCI,2014,0001051470_CCI_FY2014_10K.html,,,"Information technology, equipment","Estimated Useful Lives December 31, 2014 2013 Land (a) — $ 1,542,276 $ 1,305,942 Buildings 40 years 72,517 70,497 Towers and small cells 1-20 years 12,251,175 11,717,453 Information technology assets and other 2-7 years 214,058 185,699 Construction in process — 507,066 401,042 Total gross property and equipment 14,587,092 13,680,633 Less: accumulated depreciation (5,438,781 ) (4,732,956 ) Total property and equipment, net $ 9,148,311 $ 8,947,677",2.0,7.0,No,,Not disclosed,,Not disclosed,,0,item_8_other,,1,False,,"score=4,idx=10749,zone=25949",842,OK,
0001051470,CCI,2015,0001051470_CCI_FY2015_10K.html,,,"Information technology, equipment","Estimated Useful Lives December 31, 2015 2014 Land (a) — $ 1,617,919 $ 1,491,640 Buildings 40 years 86,760 58,491 Towers and small cells 1-20 years 12,856,115 11,782,715 Information technology assets and other 2-7 years 239,332 199,834 Construction in process — 578,806 502,499 Total gross property and equipment 15,378,932 14,035,179 Less: accumulated depreciation (5,798,875 ) (5,052,396 ) Total property and equipment, net $ 9,580,057 $ 8,982,783",2.0,7.0,No,,Not disclosed,,Not disclosed,,0,item_8_other,,1,False,,"score=4,idx=11268,zone=21508",939,OK,
0001051470,CCI,2016,0001051470_CCI_FY2016_10K.html,,,"Information technology, equipment","Estimated Useful Lives December 31, 2016 2015 (b) Land (a) — $ 1,747,335 $ 1,617,919 Buildings 40 years 110,641 86,760 Towers and small cells 1-20 years 13,825,394 12,993,115 Information technology assets and other 2-7 years 278,489 239,332 Construction in process — 456,675 441,806 Total gross property and equipment 16,418,534 15,378,932 Less: accumulated depreciation (6,613,219 ) (5,798,875 ) Total property and equipment, net $ 9,805,315 $ 9,580,057",2.0,7.0,No,,Not disclosed,,Not disclosed,,0,item_8_other,,1,False,,"score=4,idx=10932,zone=23477",904,OK,
0001051470,CCI,2017,0001051470_CCI_FY2017_10K.html,,,"Information technology, equipment","Estimated Useful Lives As of December 31, 2017 2016 Land (a) — $ 1,859,431 $ 1,747,335 Buildings 40 years 119,313 110,641 Communications infrastructure assets 1-20 years 17,183,482 13,825,394 Information technology assets and other 2-7 years 372,339 278,489 Construction in process — 898,621 456,675 Total gross property and equipment 20,433,186 16,418,534 Less: accumulated depreciation (7,500,301 ) (6,613,219 ) Total property and equipment, net $ 12,932,885 $ 9,805,315",2.0,7.0,No,,Not disclosed,,"We expect existing and potential new customer demand for our communications infrastructure will result from (1) new technologies, (2) increased usage of mobile entertainment, mobile internet usage, and machine-to-machine applications, (3) adoption of other emerging and embedded wireless devices (including smartphones, laptops, tablets, and other devices), (4) increasing smartphone penetration, (5) wireless carrier focus on expanding both network quality and capacity, including the use of both towers and small cells, (6) the adoption of other bandwidth-intensive applications (such as cloud services and video communications) and (7) the availability of additional spectrum.",,0,item_8_other,,1,False,,"score=4,idx=11553,zone=25140",996,OK,
0001051470,CCI,2018,0001051470_CCI_FY2018_10K.html,,,"Information technology, equipment","Estimated Useful Lives As of December 31, 2018 2017 Land (a) — $ 1,981 $ 1,859 Buildings 40 years 134 119 Communications infrastructure assets 1-20 years 18,709 17,184 Information technology assets and other 2-7 years 443 372 Construction in process — 975 899 Total gross property and equipment 22,242 20,433 Less: accumulated depreciation (8,566 ) (7,500 ) Total property and equipment, net $ 13,676 $ 12,933",2.0,7.0,No,,Not disclosed,,"We expect existing and potential new tenant demand for our communications infrastructure will result from (1) new technologies, (2) increased usage of mobile entertainment, mobile internet usage, and machine-to-machine applications, (3) adoption of other emerging and embedded wireless devices (including smartphones, laptops, tablets, and other devices), (4) increasing smartphone penetration, (5) wireless carrier focus on expanding both network quality and capacity, including the use of both towers and small cells, (6) the adoption of other bandwidth-intensive applications (such as cloud services and video communications) and (7) the availability of additional spectrum.",,0,item_8_other,,1,False,,"score=4,idx=10908,zone=22682",908,OK,
0001051470,CCI,2019,0001051470_CCI_FY2019_10K.html,,"December 31, 2019","Information technology, equipment","Estimated Useful Lives As of December 31, 2019 2018 (As Restated) Land (a) — $ 2,080 $ 1,981 Buildings 40 years 147 134 Communications infrastructure assets 1-20 years 20,521 18,683 Information technology assets and other 2-7 years 506 443 Construction in process — 1,080 975 Total gross property and equipment 24,334 22,216 Less: accumulated depreciation (9,668 ) (8,563 ) Total property and equipment, net $ 14,666 $ 13,653",2.0,7.0,No,,Not disclosed,,"We expect existing and potential new tenant demand for our communications infrastructure will result from (1) new technologies, (2) increased usage of mobile entertainment, mobile internet, and machine-to-machine applications, (3) adoption of other emerging and embedded wireless devices (including smartphones, laptops, tablets, wearables and other devices), (4) increasing smartphone penetration, (5) wireless carrier focus on expanding both network quality and capacity, including the use of both towers and small cells, (6) the adoption of other bandwidth-intensive applications (such as cloud services and video communications) and (7) the availability of additional spectrum.",,0,item_8_other,,1,False,,"score=4,idx=14628,zone=52745",1050,OK,
0001051470,CCI,2020,0001051470_CCI_FY2020_10K.html,,"December 31, 2020","Information technology, equipment","Estimated Useful Lives As of December 31, 2020 2019 Land (a) — $ 2,171 $ 2,080 Buildings 40 years 147 147 Communications infrastructure assets 1-20 years 22,027 20,521 Information technology assets and other 2-7 years 557 506 Construction in process — 1,063 1,080 Total gross property and equipment 25,965 24,334 Less: accumulated depreciation (10,803) (9,668) Total property and equipment, net $ 15,162 $ 14,666",2.0,7.0,No,,Not disclosed,,"◦ We expect existing and potential new tenant demand for our communications infrastructure will result from (1) new technologies, (2) increased usage of mobile entertainment, mobile internet, and machine-to-machine applications, (3) adoption of other emerging and embedded wireless devices (including smartphones, laptops, tablets, wearables and other devices), (4) increasing smartphone penetration, (5) wireless carrier focus on expanding both network quality and capacity, including the use of both towers and small cells, (6) the adoption of other bandwidth-intensive applications (such as cloud services and video communications), (7) the availability of additional spectrum and (8) increased government initiatives to support connectivity throughout the U.S. ||| We expect existing and potential new tenant demand for our communications infrastructure will result from (1) new technologies, (2) increased usage of mobile entertainment, mobile internet, and machine-to-machine applications, (3) adoption of other emerging and embedded wireless devices (including smartphones, laptops, tablets, wearables and other devices), (4) increasing smartphone penetration, (5) wireless carrier focus on expanding both network quality and capacity, including the use of both towers and small cells, (6) the adoption of other bandwidth-intensive applications (such as cloud services and video communications), (7) the availability of additional spectrum and (8) increased government initiatives to support connectivity throughout the U.S.",,0,ppe_note,4. Property and Equipment,3,False,,"score=2,idx=7519,zone=10600",654,OK,
0001051470,CCI,2021,0001051470_CCI_FY2021_10K.html,,"December 31, 2021","Information technology, equipment","Estimated Useful Lives As of December 31, 2021 2020 Land (a) — $ 2,259 $ 2,171 Buildings 40 years 218 147 Communications infrastructure assets 1-20 years 23,289 22,027 Information technology assets and other 2-7 years 587 557 Construction in process — 853 1,063 Total gross property and equipment 27,206 25,965 Less: accumulated depreciation (11,937) (10,803) Total property and equipment, net $ 15,269 $ 15,162",2.0,7.0,No,,Not disclosed,,"◦ We expect existing and potential new tenant demand for our communications infrastructure will result from (1) new technologies, (2) increased usage of mobile entertainment, mobile internet, and machine-to-machine applications, (3) adoption of other emerging and embedded wireless devices (including smartphones, laptops, tablets, wearables and other devices), (4) increasing smartphone penetration, (5) wireless carrier focus on expanding both network quality and capacity, including the use of both towers and small cells, (6) the adoption of other bandwidth-intensive applications (such as cloud services and video communications), (7) the availability of additional spectrum and (8) increased government initiatives to support connectivity throughout the U.S. ||| We expect existing and potential new tenant demand for our communications infrastructure will result from (1) new technologies, (2) increased usage of mobile entertainment, mobile internet, and machine-to-machine applications, (3) adoption of other emerging and embedded wireless devices (including smartphones, laptops, tablets, wearables and other devices), (4) increasing smartphone penetration, (5) wireless carrier focus on expanding both network quality and capacity, including the use of both towers and small cells, (6) the adoption of other bandwidth-intensive applications (such as cloud services and video communications), (7) the availability of additional spectrum and (8) increased government initiatives to support connectivity throughout the U.S.",,0,ppe_note,4. Property and Equipment,3,False,,"score=2,idx=7550,zone=10625",636,OK,
0001051470,CCI,2022,0001051470_CCI_FY2022_10K.html,,2022-12-31,"Information technology, equipment","Estimated Useful Lives As of December 31, 2022 2021 Land (a) — $ 2,339 $ 2,259 Buildings 40 years 221 218 Communications infrastructure assets 1-20 years 24,353 23,289 Information technology assets and other 2-7 years 652 587 Construction in process — 913 853 Total gross property and equipment 28,478 27,206 Less: accumulated depreciation (13,071) (11,937) Total property and equipment, net $ 15,407 $ 15,269",2.0,7.0,No,,Not disclosed,,"◦ We expect existing and potential new tenant demand for our communications infrastructure will result from (1) new technologies, (2) increased usage of mobile entertainment, mobile internet, and machine-to-machine applications, (3) adoption of other emerging and embedded wireless devices (including smartphones, laptops, tablets, wearables and other devices), (4) increasing smartphone penetration, (5) wireless carrier focus on expanding both network quality and capacity, including the use of both towers and small cells, (6) the adoption of other bandwidth-intensive applications (such as cloud services and video communications), (7) the availability of additional spectrum and (8) increased government initiatives to support connectivity throughout the U.S. ||| We expect existing and potential new tenant demand for our communications infrastructure will result from (1) new technologies, (2) increased usage of mobile entertainment, mobile internet, and machine-to-machine applications, (3) adoption of other emerging and embedded wireless devices (including smartphones, laptops, tablets, wearables and other devices), (4) increasing smartphone penetration, (5) wireless carrier focus on expanding both network quality and capacity, including the use of both towers and small cells, (6) the adoption of other bandwidth-intensive applications (such as cloud services and video communications), (7) the availability of additional spectrum and (8) increased government initiatives to support connectivity throughout the U.S.",,0,ppe_note,4. Property and Equipment,3,False,,"score=2,idx=7013,zone=9887",644,OK,
0001051470,CCI,2023,0001051470_CCI_FY2023_10K.html,,2023-12-31,"Information technology, equipment","Estimated Useful Lives As of December 31, 2023 2022 Land (a) — $ 2,442 $ 2,339 Buildings 40 years 209 221 Communications infrastructure assets 1-20 years 25,479 24,353 Information technology assets and other 2-7 years 681 652 Construction in process — 1,134 913 Total gross property and equipment 29,945 28,478 Less: accumulated depreciation (14,279) (13,071) Total property and equipment, net $ 15,666 $ 15,407",2.0,7.0,No,,Not disclosed,,"◦ We expect existing and potential new tenant demand for our communications infrastructure will result from (1) new technologies, (2) increased usage of mobile entertainment, mobile internet, and machine-to-machine applications, (3) adoption of other emerging and embedded wireless devices (including smartphones, laptops, tablets, wearables and other devices), (4) increasing smartphone penetration, (5) wireless carrier focus on expanding both network quality and capacity, including the use of both towers and small cells, (6) the adoption of other bandwidth-intensive applications (such as cloud services and video communications), (7) the availability of additional spectrum and (8) increased government initiatives to support connectivity throughout the U.S. ||| We expect existing and potential new tenant demand for our communications infrastructure will result from (1) new technologies, (2) increased usage of mobile entertainment, mobile internet, and machine-to-machine applications, (3) adoption of other emerging and embedded wireless devices (including smartphones, laptops, tablets, wearables and other devices), (4) increasing smartphone penetration, (5) wireless carrier focus on expanding both network quality and capacity, including the use of both towers and small cells, (6) the adoption of other bandwidth-intensive applications (such as cloud services and video communications), (7) the availability of additional spectrum and (8) increased government initiatives to support connectivity throughout the U.S.",,0,ppe_note,4. Property and Equipment,3,False,,"score=2,idx=7296,zone=9743",641,OK,
0001051470,CCI,2024,0001051470_CCI_FY2024_10K.html,,2026-12-31,"Information technology, equipment","Estimated Useful Lives As of December 31, 2024 2023 Land (a) — $ 2,537 $ 2,442 Buildings 40 years 213 209 Communications infrastructure assets 1-20 years 26,519 25,479 Information technology assets and other 2-7 years 725 681 Construction in process — 1,045 1,134 Total gross property and equipment 31,039 29,945 Less: accumulated depreciation (15,544) (14,279) Total property and equipment, net $ 15,495 $ 15,666",2.0,7.0,No,,Not disclosed,,"◦ We expect existing and potential new tenant demand for our communications infrastructure will result from (1) new technologies, (2) increased usage of mobile entertainment, mobile internet, and machine-to-machine applications, (3) adoption of other emerging and embedded wireless devices (including smartphones, laptops, tablets, wearables and other devices), (4) increasing smartphone penetration, (5) wireless carrier focus on expanding both network quality and capacity, including the use of both towers and small cells, (6) the adoption of other bandwidth-intensive applications (such as cloud services, artificial intelligence and video communications), (7) the availability of additional spectrum and (8) increased government initiatives to support connectivity throughout the U.S. ||| We expect existing and potential new tenant demand for our communications infrastructure will result from (1) new technologies, (2) increased usage of mobile entertainment, mobile internet, and machine-to-machine applications, (3) adoption of other emerging and embedded wireless devices (including smartphones, laptops, tablets, wearables and other devices), (4) increasing smartphone penetration, (5) wireless carrier focus on expanding both network quality and capacity, including the use of both towers and small cells, (6) the adoption of other bandwidth-intensive applications (such as cloud services, artificial intelligence and video communications), (7) the availability of additional spectrum and (8) increased government initiatives to support connectivity throughout the U.S.",,0,ppe_note,4. Property and Equipment,3,False,,"score=2,idx=8451,zone=11068",668,OK,
0001056358,MTEX,2013,0001056358_MTEX_FY2013_10K.html,,"December 31, 2013",Not disclosed,Not disclosed,,,No,,Not disclosed,,Not disclosed,,0,unknown,,0,False,,"score=2,idx=7991,zone=9",2,OK,
0001056358,MTEX,2014,0001056358_MTEX_FY2014_10K.html,,"December 31, 2014",Not disclosed,Not disclosed,,,No,,Not disclosed,,Not disclosed,,0,unknown,,0,False,,"score=2,idx=8118,zone=8",2,OK,
0001056358,MTEX,2015,0001056358_MTEX_FY2015_10K.html,,"December 31, 2015",Not disclosed,Not disclosed,,,No,,Not disclosed,,Not disclosed,,0,unknown,,0,False,,"score=2,idx=8462,zone=9",2,OK,
0001056358,MTEX,2016,0001056358_MTEX_FY2016_10K.html,,,Not disclosed,Not disclosed,,,No,,Not disclosed,,Not disclosed,,0,unknown,,0,False,,"score=3,idx=15081,zone=14",2,OK,
0001056358,MTEX,2017,0001056358_MTEX_FY2017_10K.html,,,Not disclosed,Not disclosed,,,No,,Not disclosed,,Not disclosed,,0,unknown,,0,False,,"score=3,idx=15558,zone=14",2,OK,
0001056358,MTEX,2018,0001056358_MTEX_FY2018_10K.html,,,Not disclosed,Not disclosed,,,No,,Not disclosed,,Not disclosed,,0,unknown,,0,False,,"score=3,idx=15442,zone=14",2,OK,
0001056358,MTEX,2019,0001056358_MTEX_FY2019_10K.html,,,Not disclosed,Not disclosed,,,No,,Not disclosed,,Not disclosed,,0,unknown,,0,False,,"score=3,idx=15531,zone=14",2,OK,
0001056358,MTEX,2020,0001056358_MTEX_FY2020_10K.html,,"December 31, 2020",Not disclosed,Not disclosed,,,No,,Not disclosed,,Not disclosed,A100,1,unknown,,0,False,,"score=2,idx=10295,zone=10",2,OK,
0001056358,MTEX,2021,0001056358_MTEX_FY2021_10K.html,,"December 31, 2021",Not disclosed,Not disclosed,,,No,,Not disclosed,,Not disclosed,,0,unknown,,0,False,,"score=2,idx=8997,zone=10",2,OK,
0001056358,MTEX,2022,0001056358_MTEX_FY2022_10K.html,,"December 31, 2022",Not disclosed,Not disclosed,,,No,,Not disclosed,,Not disclosed,,0,unknown,,0,False,,"score=2,idx=8472,zone=10",2,OK,
0001056358,MTEX,2023,0001056358_MTEX_FY2023_10K.html,,"December 31, 2023",Not disclosed,Not disclosed,,,No,,Not disclosed,,Not disclosed,,0,unknown,,0,False,,"score=2,idx=7286,zone=10",2,OK,
0001056358,MTEX,2024,0001056358_MTEX_FY2024_10K.html,,"December 31, 2024",Not disclosed,Not disclosed,,,No,,Not disclosed,,Not disclosed,,0,unknown,,0,False,,"score=2,idx=7451,zone=10",2,OK,
0001057352,CSGP,2013,0001057352_CSGP_FY2013_10K.html,,,Not disclosed,Not disclosed,,,No,,Not disclosed,,Not disclosed,,0,unknown,,0,False,,"score=3,idx=11313,zone=13",2,OK,
0001057352,CSGP,2014,0001057352_CSGP_FY2014_10K.html,,,Not disclosed,Not disclosed,,,No,,Not disclosed,,Not disclosed,,0,unknown,,0,False,,"score=3,idx=11684,zone=13",2,OK,
0001057352,CSGP,2015,0001057352_CSGP_FY2015_10K.html,,,Not disclosed,Not disclosed,,,No,,Not disclosed,,Not disclosed,,0,unknown,,0,False,,"score=3,idx=10622,zone=13",2,OK,
0001057352,CSGP,2016,0001057352_CSGP_FY2016_10K.html,,,Not disclosed,Not disclosed,,,No,,Not disclosed,,Not disclosed,,0,unknown,,0,False,,"score=3,idx=12824,zone=14",2,OK,
0001057352,CSGP,2017,0001057352_CSGP_FY2017_10K.html,,,Not disclosed,Not disclosed,,,No,,Not disclosed,,Not disclosed,,0,unknown,,0,False,,"score=3,idx=13372,zone=14",2,OK,
0001057352,CSGP,2018,0001057352_CSGP_FY2018_10K.html,,,Not disclosed,Not disclosed,,,No,,Not disclosed,,Not disclosed,,0,unknown,,0,False,,"score=3,idx=12979,zone=14",2,OK,
0001057352,CSGP,2019,0001057352_CSGP_FY2019_10K.html,,"December 31, 2019",Not disclosed,Not disclosed,,,No,,Not disclosed,,Not disclosed,,0,unknown,,0,False,,"score=3,idx=14217,zone=14",2,OK,
0001057352,CSGP,2020,0001057352_CSGP_FY2020_10K.html,,2021-02-24,Not disclosed,Not disclosed,,,No,,Not disclosed,,Not disclosed,,0,unknown,,0,False,,"score=2,idx=10100,zone=10",2,OK,
0001057352,CSGP,2021,0001057352_CSGP_FY2021_10K.html,,2021-12-31,Not disclosed,Not disclosed,,,No,,"Leases. The Company has lease arrangements for office facilities, data centers and certain vehicles. As of December 31, 2021, the Company had fixed lease payment obligations of $134 million, with $30 million payable within 12 months.",MD&A (Item 7),Not disclosed,,0,unknown,,0,False,,"score=2,idx=8213,zone=10",2,OK,
0001057352,CSGP,2022,0001057352_CSGP_FY2022_10K.html,,2022-12-31,Not disclosed,Not disclosed,,,No,,"Leases. We have lease arrangements for office facilities, data centers and certain vehicles. As of December 31, 2022, we had fixed lease payment obligations of $118 million, with $39 million payable within 12 months.",MD&A (Item 7),Not disclosed,B200,1,unknown,,0,False,,"score=2,idx=8776,zone=10",2,OK,
0001057352,CSGP,2023,0001057352_CSGP_FY2023_10K.html,,2024-02-21,Not disclosed,Not disclosed,,,No,,"Leases. We have lease arrangements for office facilities, data centers and certain vehicles. As of December 31, 2023, we had fixed lease payment obligations of $110 million, with $39 million payable within 12 months.",MD&A (Item 7),Not disclosed,,0,unknown,,0,False,,"score=2,idx=7438,zone=4",2,OK,
0001057352,CSGP,2024,0001057352_CSGP_FY2024_10K.html,,2025-03-31,Not disclosed,Not disclosed,,,No,,"Leases. We have lease arrangements for office facilities, data centers, and certain vehicles. As of December 31, 2024, we had fixed lease payment obligations of $139 million, with $32 million payable within 12 months.",MD&A (Item 7),Not disclosed,,0,unknown,,0,False,,"score=2,idx=7503,zone=4",2,OK,
0001058290,CTSH,2013,0001058290_CTSH_FY2013_10K.html,,"December 31, 2013",Not disclosed,Not disclosed,,,No,,Not disclosed,,Not disclosed,,0,unknown,,0,False,,"score=4,idx=11795,zone=10",2,OK,
0001058290,CTSH,2014,0001058290_CTSH_FY2014_10K.html,,"December 31, 2014",Not disclosed,Not disclosed,,,No,,Not disclosed,,Not disclosed,,0,unknown,,0,False,,"score=3,idx=13704,zone=7",2,OK,
0001058290,CTSH,2015,0001058290_CTSH_FY2015_10K.html,,"December 31, 2015",Not disclosed,Not disclosed,,,No,,Not disclosed,,Not disclosed,,0,unknown,,0,False,,"score=3,idx=13626,zone=7",2,OK,
0001058290,CTSH,2016,0001058290_CTSH_FY2016_10K.html,,"December 31, 2016",Not disclosed,Not disclosed,,,No,,Not disclosed,,Not disclosed,,0,unknown,,0,False,,"score=4,idx=14084,zone=9",2,OK,
0001058290,CTSH,2017,0001058290_CTSH_FY2017_10K.html,,"December 31, 2017",Not disclosed,Not disclosed,,,No,,Not disclosed,,Not disclosed,,0,unknown,,0,False,,"score=4,idx=14631,zone=12",4,OK,
0001058290,CTSH,2018,0001058290_CTSH_FY2018_10K.html,,"December 31, 2018",Not disclosed,Not disclosed,,,No,,Not disclosed,,Not disclosed,,0,unknown,,0,False,,"score=4,idx=13822,zone=12",4,OK,
0001058290,CTSH,2019,0001058290_CTSH_FY2019_10K.html,,"December 31, 2019",Not disclosed,Not disclosed,,,No,,Not disclosed,,"Cloud Computing Arrangement ||| Defined Term Definition Adjusted Diluted EPS Adjusted diluted earnings per share AI Artificial Intelligence APAs Advanced Pricing Agreements ASC Accounting Standards Codification ASR Accelerated Stock Repurchase ASU Accounting Standards Update ATG Advanced Technology Group, Inc. Bolder Bolder Healthcare Solutions Brilliant Brilliant Service Co., Ltd. Budget Union Budget of India for 2020-2021 CC Constant Currency CCA Cloud Computing Arrangement Contino Contino Holdings Inc. Court Madras High Court CPI Consumer Price Index Credit Agreement Credit agreement with a commercial bank syndicate dated November 5, 2018 CTS India Our principal operating subsidiary in India Customer Dispute An ongoing dispute with a healthcare client related to a large volume-based contract Division Bench Division Bench of the Madras High Court DevOps Agile relationship between development and IT operations DOJ United States Department of Justice DSO Days Sales Outstanding EPS Earnings Per Share EU European Union Exchange Act Securities Exchange Act of 1934, as amended Executive Transition Costs Costs associated with our CEO transition and the departure of our President FASB Financial Accounting Standards Board FCPA Foreign Corrupt Practices Act GAAP Generally Accepted Accounting Principles Goodwin Goodwin Procter LLP HR Human Resources India Defined Contribution Obligation Certain statutory defined contribution obligations of employees and employers in India India Tax Law New tax regime enacted by the Government of India effective April 1, 2019 IP Intellectual Property ISDA International Swaps and Derivatives Association IoT Internet of Things IT Information Technology ITD Indian Income Tax Department MAT Minimum Alternative Tax Mustache Mustache, LLC Nasdaq Nasdaq Global Select Market Netcentric Netcentric AG New Revenue Standard ASC Topic 606 ""Revenue from Contracts with Customers""",,0,unknown,,0,False,,"score=4,idx=17277,zone=12",4,OK,
0001058290,CTSH,2020,0001058290_CTSH_FY2020_10K.html,,2021-02-28,Not disclosed,Not disclosed,,,No,,Not disclosed,,Not disclosed,,0,unknown,,0,False,,"score=2,idx=12399,zone=10",4,OK,
0001058290,CTSH,2021,0001058290_CTSH_FY2021_10K.html,,2022-12-31,Not disclosed,Not disclosed,,,No,,Not disclosed,,Not disclosed,,0,unknown,,0,False,,"score=2,idx=12567,zone=10",4,OK,
0001058290,CTSH,2022,0001058290_CTSH_FY2022_10K.html,,2023-02-01,Not disclosed,Not disclosed,,,No,,Not disclosed,,Not disclosed,,0,unknown,,0,False,,"score=2,idx=12349,zone=10",4,OK,
0001058290,CTSH,2023,0001058290_CTSH_FY2023_10K.html,,2024-02-05,Not disclosed,Not disclosed,,,No,,Not disclosed,,Not disclosed,,0,unknown,,0,False,,"score=2,idx=11590,zone=10",4,OK,
0001058290,CTSH,2024,0001058290_CTSH_FY2024_10K.html,,2025-02-05,Not disclosed,Not disclosed,,,No,,Not disclosed,,Not disclosed,,0,unknown,,0,False,,"score=2,idx=11289,zone=10",4,OK,
0001060391,RSG,2013,0001060391_RSG_FY2013_10K.html,,,equipment,"We record property and equipment at cost. Expenditures for major additions and improvements to facilities are capitalized, while maintenance and repairs are charged to expense as incurred. When property is retired or otherwise disposed, the related cost and accumulated depreciation are removed from the accounts and any resulting gain or loss is reflected in the consolidated statements of income.",,,Yes,We revise the estimated useful lives of property and equipment acquired through business acquisitions to conform with our policies. The estimated useful lives of our property and equipment are as follows:,Not disclosed,,Not disclosed,,0,significant_accounting_policies,1. BASIS OF PRESENTATION,3,False,,"score=6,idx=25214,zone=28127",1155,OK,
0001060391,RSG,2014,0001060391_RSG_FY2014_10K.html,,,equipment,"We record property and equipment at cost. Expenditures for major additions and improvements to facilities are capitalized, while maintenance and repairs are charged to expense as incurred. When property is retired or otherwise disposed, the related cost and accumulated depreciation are removed from the accounts and any resulting gain or loss is reflected in the consolidated statements of income.",,,Yes,We revise the estimated useful lives of property and equipment acquired through business acquisitions to conform with our policies. The estimated useful lives of our property and equipment are as follows:,Not disclosed,,Not disclosed,,0,significant_accounting_policies,1. BASIS OF PRESENTATION,3,False,,"score=6,idx=24898,zone=27486",1058,OK,
0001060391,RSG,2015,0001060391_RSG_FY2015_10K.html,,,Not disclosed,Not disclosed,,,Yes,We revise the estimated useful lives of property and equipment acquired through business acquisitions to conform with our policies. The estimated useful lives of our property and equipment are as follows:,Not disclosed,,Not disclosed,,0,unknown,,0,False,,"score=6,idx=24747,zone=27085",1148,OK,
0001060391,RSG,2016,0001060391_RSG_FY2016_10K.html,,,Not disclosed,Not disclosed,,,Yes,We revise the estimated useful lives of property and equipment acquired through business acquisitions to conform with our policies. The estimated useful lives of our property and equipment are as follows:,Not disclosed,,Not disclosed,,0,unknown,,0,False,,"score=6,idx=25083,zone=28018",1177,OK,
0001060391,RSG,2017,0001060391_RSG_FY2017_10K.html,,,Not disclosed,Not disclosed,,,Yes,We revise the estimated useful lives of property and equipment acquired through business acquisitions to conform with our policies. The estimated useful lives of our property and equipment are as follows:,Not disclosed,,Not disclosed,,0,unknown,,0,False,,"score=6,idx=25069,zone=27986",1203,OK,
0001060391,RSG,2018,0001060391_RSG_FY2018_10K.html,,2018-12-31,Not disclosed,Not disclosed,,,Yes,We revise the estimated useful lives of property and equipment acquired through business acquisitions to conform with our policies. The estimated useful lives of our property and equipment are as follows:,Not disclosed,,"Customer’s Accounting for Implementation Costs Incurred in a Cloud Computing Arrangement That Is a Service Contract ||| In August 2018, the FASB issued ASU 2018-15, Intangibles—Goodwill and Other—Internal-Use Software (Subtopic 350-40) No. 2018-15 Customer’s Accounting for Implementation Costs Incurred in a Cloud Computing Arrangement That Is a Service Contract (ASU 2018-15). ASU 2018-15 provides additional guidance on the accounting for costs of implementation activities performed in a cloud computing arrangement that is a service contract. The amendments in ASU 2018-15 align the requirements for capitalizing implementation costs incurred in a hosting arrangement that is a service contract with the requirements for capitalizing implementation costs incurred to develop or obtain internal-use software (and hosting arrangements that include an internal use software license). Costs for implementation activities in the application development stage are capitalized depending on the nature of the costs, while costs incurred during the preliminary project and post implementation stages are expensed as the activities are performed. ASU 2018-15 is effective for public business entities for fiscal years beginning after December 15, 2019, including interim periods within that fiscal year. Early adoption of the amendments in ASU 2018-15 is permitted, including adoption in any interim period, for all entities. The amendments in ASU 2018-15 should be applied either retrospectively or prospectively to all implementation costs incurred after the date of adoption. We are currently assessing the effect this guidance may have on our consolidated financial statements and may consider early adoption. ||| Intangibles—Goodwill and Other—Internal-Use Software (Subtopic 350-40) No. 2018-15 Customer’s Accounting for Implementation Costs Incurred in a Cloud Computing Arrangement That Is a Service Contract",,0,unknown,,0,False,,"score=6,idx=28378,zone=30707",1281,OK,
0001060391,RSG,2019,0001060391_RSG_FY2019_10K.html,,"December 31, 2019",equipment,"We record property and equipment at cost. Expenditures for major additions and improvements to facilities are capitalized, while maintenance and repairs are charged to expense as incurred. When property is retired or otherwise disposed, the related cost and accumulated depreciation are removed from the accounts and any resulting gain or loss is reflected in the consolidated statements of income.",,,Yes,We revise the estimated useful lives of property and equipment acquired through business acquisitions to conform with our policies. The estimated useful lives of our property and equipment are as follows:,Not disclosed,,"Expenses for amortization of other assets were $34.3 million, or 0.3% of revenue, for the year ended December 31, 2019, compared to $7.9 million, or 0.1% of revenue, for the same period in 2018. Our other assets primarily relate to the prepayment of fees and capitalized implementation costs associated with cloud-based hosting arrangements. Effective January 1, 2019, we adopted ASU 2018-15, Intangibles—Goodwill and Other—Internal-Use Software (Subtopic 350-40) No. 2018-15 Customer’s Accounting for Implementation Costs Incurred in a Cloud Computing Arrangement That Is a Service Contract (ASU 2018-15) on a prospective basis. During the year ended December 31, 2018, we recognized $20.2 million of amortization related to the prepayment of fees as selling, general and administrative expenses. During 2019, we recognized $23.8 million of amortization related to the prepayment of similar fees in amortization of other assets. ||| Intangibles—Goodwill and Other—Internal-Use Software (Subtopic 350-40) No. 2018-15 Customer’s Accounting for Implementation Costs Incurred in a Cloud Computing Arrangement That Is a Service Contract",,0,significant_accounting_policies,2. SUMMARY OF SIGNIFICANT ACCOUNTING POLICIES,3,False,,"score=5,idx=14572,zone=17733",993,OK,
0001060391,RSG,2020,0001060391_RSG_FY2020_10K.html,,2020-12-31,equipment,"We record property and equipment at cost. Expenditures for major additions and improvements to facilities are capitalized, while maintenance and repairs are charged to expense as incurred. When property is retired or otherwise disposed, the related cost and accumulated depreciation are removed from the accounts and any resulting gain or loss is reflected in the consolidated statements of income.",,,Yes,We revise the estimated useful lives of property and equipment acquired through business acquisitions to conform with our policies. The estimated useful lives of our property and equipment are as follows:,Not disclosed,,Not disclosed,,0,significant_accounting_policies,2. SUMMARY OF SIGNIFICANT ACCOUNTING POLICIES,3,False,,"score=5,idx=13463,zone=15842",953,OK,
0001060391,RSG,2021,0001060391_RSG_FY2021_10K.html,,2022-02-08,equipment,"Landfill development costs also are included in property and equipment. Landfill development costs include direct costs incurred to obtain landfill permits and direct costs incurred to acquire, construct and develop sites, as well as final capping, closure and post-closure assets. These costs are amortized or depleted based on consumed airspace. All indirect landfill development costs are expensed as incurred. For additional information, see Note 8, Landfill and Environmental Costs .",,,Yes,We revise the estimated useful lives of property and equipment acquired through business acquisitions to conform with our policies. The estimated useful lives of our property and equipment are as follows: Buildings and improvements 7 - 40 years Vehicles 5 - 20 years Landfill equipment 5 - 7 years Other equipment 3 - 25 years Furniture and fixtures 10 years,Not disclosed,,Not disclosed,,0,significant_accounting_policies,2. SUMMARY OF SIGNIFICANT ACCOUNTING POLICIES,3,False,,"score=5,idx=12094,zone=15200",938,OK,
0001060391,RSG,2022,0001060391_RSG_FY2022_10K.html,,2023-12-31,equipment,"We record property and equipment at cost. Expenditures for major additions and improvements to facilities are capitalized, while maintenance and repairs are charged to expense as incurred. When property is retired or otherwise disposed, the related cost and accumulated depreciation are removed from the accounts and any resulting gain or loss is reflected in the consolidated statements of income.",,,Yes,We revise the estimated useful lives of property and equipment acquired through business acquisitions to conform with our policies. The estimated useful lives of our property and equipment are as follows: Buildings and improvements 5 - 30 years Vehicles 5 - 20 years Landfill equipment 5 - 7 years Other equipment 3 - 25 years Furniture and fixtures 3 - 10 years,Not disclosed,,Not disclosed,B200,1,significant_accounting_policies,2. SUMMARY OF SIGNIFICANT ACCOUNTING POLICIES,3,False,,"score=5,idx=12528,zone=16303",964,OK,
0001060391,RSG,2023,0001060391_RSG_FY2023_10K.html,,2024-12-31,equipment,"We record property and equipment at cost. Expenditures for major additions and improvements to facilities are capitalized, while maintenance and repairs are charged to expense as incurred. When property is retired or otherwise disposed, the related cost and accumulated depreciation are removed from the accounts and any resulting gain or loss is reflected in the consolidated statements of income.",,,Yes,We revise the estimated useful lives of property and equipment acquired through business acquisitions to conform with our policies. The estimated useful lives of our property and equipment are as follows: Buildings and improvements 5 - 30 years Vehicles 5 - 20 years Landfill equipment 5 - 7 years Other equipment 3 - 25 years Furniture and fixtures 3 - 10 years,Not disclosed,,Not disclosed,,0,significant_accounting_policies,2. SUMMARY OF SIGNIFICANT ACCOUNTING POLICIES,3,False,,"score=5,idx=12736,zone=16007",966,OK,
0001060391,RSG,2024,0001060391_RSG_FY2024_10K.html,,2025-02-13,equipment,"We record property and equipment at cost. Expenditures for major additions and improvements to facilities are capitalized, while maintenance and repairs are expensed as incurred. When property is retired or otherwise disposed, the related cost and accumulated depreciation are removed from the accounts and any resulting gain or loss is reflected in the consolidated statements of income.",,,Yes,We revise the estimated useful lives of property and equipment acquired through business acquisitions to conform with our policies. We depreciate property and equipment over their estimated useful lives using the straight-line method. The estimated useful lives of our property and equipment are as follows: Buildings and improvements 5 - 30 years Vehicles 5 - 20 years Landfill equipment 5 - 7 years Other equipment 3 - 25 years Furniture and fixtures 3 - 10 years,Not disclosed,,Not disclosed,,0,significant_accounting_policies,2. SUMMARY OF SIGNIFICANT ACCOUNTING POLICIES,3,False,,"score=5,idx=12230,zone=14778",853,OK,
0001065088,EBAY,2013,0001065088_EBAY_FY2013_10K.html,,,Not disclosed,Not disclosed,,,No,,Not disclosed,,Not disclosed,,0,unknown,,0,False,,"score=2,idx=490,zone=9",0,OK,
0001065088,EBAY,2014,0001065088_EBAY_FY2014_10K.html,,,Not disclosed,Not disclosed,,,No,,Not disclosed,,Not disclosed,,0,unknown,,0,False,,"score=2,idx=491,zone=9",0,OK,
0001065088,EBAY,2015,0001065088_EBAY_FY2015_10K.html,,,Not disclosed,Not disclosed,,,No,,Not disclosed,,Not disclosed,,0,unknown,,0,False,,"score=2,idx=490,zone=9",0,OK,
0001065088,EBAY,2016,0001065088_EBAY_FY2016_10K.html,,,Not disclosed,Not disclosed,,,No,,Not disclosed,,Not disclosed,,0,unknown,,0,False,,"score=2,idx=496,zone=9",0,OK,
0001065088,EBAY,2017,0001065088_EBAY_FY2017_10K.html,,2017-12-31,Not disclosed,Not disclosed,,,No,,Not disclosed,,Not disclosed,,0,unknown,,0,False,,"score=2,idx=3844,zone=9",0,OK,
0001065088,EBAY,2018,0001065088_EBAY_FY2018_10K.html,,2018-12-31,Not disclosed,Not disclosed,,,No,,Not disclosed,,Not disclosed,,0,unknown,,0,False,,"score=2,idx=4068,zone=9",0,OK,
0001065088,EBAY,2019,0001065088_EBAY_FY2019_10K.html,,"December 31, 2019",Not disclosed,Not disclosed,,,No,,Not disclosed,,Not disclosed,,0,unknown,,0,False,,"score=2,idx=4639,zone=9",0,OK,
0001065088,EBAY,2020,0001065088_EBAY_FY2020_10K.html,,2021-03-31,Not disclosed,Not disclosed,,,No,,Not disclosed,,Not disclosed,A100,1,unknown,,0,False,,"score=2,idx=4479,zone=8",1,OK,
0001065088,EBAY,2021,0001065088_EBAY_FY2021_10K.html,,2022-02-24,Not disclosed,Not disclosed,,,No,,Not disclosed,,Not disclosed,,0,unknown,,0,False,,"score=2,idx=4927,zone=8",1,OK,
0001065088,EBAY,2022,0001065088_EBAY_FY2022_10K.html,,2023-02-28,Not disclosed,Not disclosed,,,No,,Not disclosed,,Not disclosed,,0,unknown,,0,False,,"score=2,idx=4940,zone=8",1,OK,
0001065088,EBAY,2023,0001065088_EBAY_FY2023_10K.html,,2024-12-31,Not disclosed,Not disclosed,,,No,,Not disclosed,,Not disclosed,,0,unknown,,0,False,,"score=2,idx=4805,zone=8",1,OK,
0001065088,EBAY,2024,0001065088_EBAY_FY2024_10K.html,,2025-02-27,Not disclosed,Not disclosed,,,No,,Not disclosed,,Not disclosed,,0,unknown,,0,False,,"score=2,idx=4585,zone=8",1,OK,
0001068851,PB,2013,0001068851_PB_FY2013_10K.html,,"December 31, 2013",Not disclosed,Not disclosed,,,No,,Not disclosed,,Not disclosed,,0,unknown,,0,False,,"score=7,idx=21336,zone=1456",11,OK,
0001068851,PB,2014,0001068851_PB_FY2014_10K.html,,,Not disclosed,Not disclosed,,,No,,Not disclosed,,Not disclosed,,0,unknown,,0,False,,"score=7,idx=17582,zone=783",13,OK,
0001068851,PB,2015,0001068851_PB_FY2015_10K.html,,"December 31, 2015",Not disclosed,Not disclosed,,,No,,Not disclosed,,Not disclosed,,0,unknown,,0,False,,"score=7,idx=15874,zone=970",12,OK,
0001068851,PB,2016,0001068851_PB_FY2016_10K.html,,"December 31, 2016",Not disclosed,Not disclosed,,,No,,Not disclosed,,Not disclosed,,0,unknown,,0,False,,"score=6,idx=20438,zone=1046",14,OK,
0001068851,PB,2017,0001068851_PB_FY2017_10K.html,,"December 31, 2017",Not disclosed,Not disclosed,,,No,,Not disclosed,,Not disclosed,,0,unknown,,0,False,,"score=6,idx=20273,zone=1046",14,OK,
0001068851,PB,2018,0001068851_PB_FY2018_10K.html,,"December 31, 2018",Not disclosed,Not disclosed,,,No,,Not disclosed,,Not disclosed,,0,unknown,,0,False,,"score=6,idx=20225,zone=1046",14,OK,
0001068851,PB,2019,0001068851_PB_FY2019_10K.html,,2019-12-31,Not disclosed,Not disclosed,,,No,,Not disclosed,,Not disclosed,,0,unknown,,0,False,,"score=6,idx=25079,zone=1044",14,OK,
0001068851,PB,2020,0001068851_PB_FY2020_10K.html,,2021-12-31,Not disclosed,Not disclosed,,,No,,Not disclosed,,Not disclosed,,0,unknown,,0,False,,"score=6,idx=25525,zone=1044",14,OK,
0001068851,PB,2021,0001068851_PB_FY2021_10K.html,,2021-12-31,Not disclosed,Not disclosed,,,No,,Not disclosed,,Not disclosed,,0,unknown,,0,False,,"score=6,idx=23652,zone=1044",14,OK,
0001068851,PB,2022,0001068851_PB_FY2022_10K.html,,2022-12-31,Not disclosed,Not disclosed,,,No,,Not disclosed,,Not disclosed,A100,1,unknown,,0,False,,"score=7,idx=28216,zone=1551",13,OK,
0001068851,PB,2023,0001068851_PB_FY2023_10K.html,,2023-12-31,Not disclosed,Not disclosed,,,No,,Not disclosed,,Not disclosed,,0,unknown,,0,False,,"score=7,idx=29633,zone=1553",13,OK,
0001068851,PB,2024,0001068851_PB_FY2024_10K.html,,2024-12-31,Not disclosed,Not disclosed,,,No,,Not disclosed,,Not disclosed,B200,1,unknown,,0,False,,"score=7,idx=29699,zone=1554",13,OK,
0001528849,RH,2013,0001528849_RH_FY2013_10K.html,,"February 1, 2014",equipment,"Property and equipment is recorded at cost, net of accumulated depreciation and amortization.",,,No,,Not disclosed,,Not disclosed,,0,significant_accounting_policies,NOTE 3—SIGNIFICANT ACCOUNTING POLICIES,3,False,,"score=4,idx=15765,zone=13518",455,OK,
0001528849,RH,2014,0001528849_RH_FY2014_10K.html,,"January 31, 2015",equipment,"During fiscal 2014, the Company identified an error related to its fiscal 2013 property and equipment footnote disclosure which resulted in an overstatement of both the property and equipment cost and
related accumulated depreciation in the property and equipment footnote.",,,No,,Not disclosed,,Not disclosed,,0,significant_accounting_policies,NOTE 3—SIGNIFICANT ACCOUNTING POLICIES,3,False,,"score=4,idx=13290,zone=16318",527,OK,
0001528849,RH,2015,0001528849_RH_FY2015_10K.html,,"January 30, 2016",equipment,"Capitalized costs are amortized on a straight-line basis over the estimated useful lives of the software, generally between three and seven years.",7.0,,No,,Not disclosed,,"Software Licenses in Cloud Computing Arrangements ||| In April 2015, the FASB issued Accounting Standards Update No. 2015-05—Intangibles—Goodwill and Other—Internal-Use Software (Subtopic 350-40): Customer’s Accounting for Fees Paid in a Cloud Computing Arrangement . The amendments in ASU 2015-05 provide guidance to customers about whether a cloud computing arrangement includes a software license. If a cloud computing arrangement includes a software license, the customer should account for the software license element of the arrangement consistent with other software licenses. If a cloud computing arrangement does not include a software license, the customer should account for the arrangement as a service contract. The amendments in ASU 2015-05 are effective for fiscal years beginning after ||| Accounting Standards Update No. 2015-05—Intangibles—Goodwill and Other—Internal-Use Software (Subtopic 350-40): Customer’s Accounting for Fees Paid in a Cloud Computing Arrangement",,0,significant_accounting_policies,NOTE 3—SIGNIFICANT ACCOUNTI Basis of Presentation,3,True,3.0-7.0 ans | 3.0-10.0 ans | 7.0 ans,"score=3,idx=11286,zone=13608",656,OK,
0001528849,RH,2016,0001528849_RH_FY2016_10K.html,,"January 28, 2017",equipment,"Capitalized costs are amortized on a straight-line basis over the estimated useful lives of the software, generally between three and ten years.",10.0,,No,,Not disclosed,,"Software Licenses in Cloud Computing Arrangements ||| In April 2015, the FASB issued Accounting Standards Update No. 2015-05—Intangibles—Goodwill and Other—Internal-Use Software (Subtopic 350-40): Customer’s Accounting for Fees Paid in a Cloud Computing Arrangement . The amendments in ASU 2015-05 provide guidance to customers about whether a cloud computing arrangement includes a software license. If a cloud computing arrangement includes a software license, the customer should account for the software license element of the arrangement consistent with other software licenses. If a cloud computing arrangement does not include a software license, the customer should account for the arrangement as a service contract. The amendments in ASU 2015-05 are effective for fiscal years beginning after December 15, 2015, and interim periods within those years. The guidance may be applied either prospectively to all arrangements entered into or materially modified after the effective date or retrospectively. The Company adopted this guidance on a prospective basis in the first quarter of fiscal 2016. The adoption of this standard did not have a material impact on the Company’s consolidated financial statements and related disclosures . ||| Accounting Standards Update No. 2015-05—Intangibles—Goodwill and Other—Internal-Use Software (Subtopic 350-40): Customer’s Accounting for Fees Paid in a Cloud Computing Arrangement",,0,significant_accounting_policies,NOTE 3—SIGNIFICANT ACCOUNTING POLICIES,3,True,3.0-7.0 ans | 3.0-10.0 ans | 10.0 ans,"score=3,idx=12848,zone=16070",745,OK,
0001528849,RH,2017,0001528849_RH_FY2017_10K.html,,"February 3, 2018",equipment,"Capitalized costs are amortized on a straight-line basis over the estimated useful lives of the software, generally between three and ten years.",10.0,,Yes,"The United States enacted the Tax Cuts and Jobs Act (the “Tax Act”) on December 22, 2017, which had a significant impact to the Company’s provision for income taxes as of February 3, 2018. The Tax Act includes a number of changes to existing U.S. tax laws that impact us, including the reduction of the U.S. corporate income tax rate from 35% to 21% effective January 1, 2018. The Tax Act also provides for a one-time transition tax on accumulated foreign earnings and the acceleration of depreciation for certain assets, as well as prospective changes beginning in 2018, including limitations on the deductibility of executive compensation and interest, the elimination of certain domestic deductions and credits, the elimination of the Alternative Minimum Tax regime, and modifications to the deductibility and carryforward period of net operating losses. The Tax Act transitions U.S. international taxation from a worldwide system to a modified territorial system and includes base erosion prevention measures on non-U.S. earnings, which may have the effect of subjecting certain earnings of the Company’s foreign subsidiaries to U.S. taxation. The Company’s provision for income taxes in fiscal 2017 included $7.0 million of income tax expense as a result of the Tax Act, including $6.0 million for the provisional re-measurement of the deferred tax assets for the reduction in the U.S. corporate income tax rate from 35% to 21% and a $1.0 million charge for the provisional estimate of the transition tax.",Not disclosed,,Not disclosed,,0,significant_accounting_policies,NOTE 3—SIGNIFICANT ACCOUNTING POLICIES,3,True,3.0-7.0 ans | 3.0-10.0 ans | 10.0 ans,"score=3,idx=14571,zone=15275",800,OK,
0001528849,RH,2018,0001528849_RH_FY2018_10K.html,,"February 2, 2019",equipment,"Capitalized costs are amortized on a straight-line basis over the estimated useful lives of the software, generally between three and ten years.",10.0,,Yes,"The United States enacted the Tax Cuts and Jobs Act (the “Tax Act”) on December 22, 2017, which had a significant impact to the Company’s provision for income taxes as of February 2, 2019. The Tax Act includes a number of changes to existing U.S. tax laws that impact us, including the reduction of the U.S. corporate income tax rate from 35% to 21% effective January 1, 2018. The Tax Act also provides for a one-time transition tax on accumulated foreign earnings and the acceleration of depreciation for certain assets, as well as prospective changes beginning in 2018, including limitations on the deductibility of executive compensation and interest, the elimination of certain domestic deductions and credits, the elimination of the Alternative Minimum Tax regime, and modifications to the deductibility and carryforward period of net operating losses. The Tax Act transitions U.S. international taxation from a worldwide system to a modified territorial system and includes base erosion prevention measures on non-U.S. earnings, which may have the effect of subjecting certain earnings of the Company’s foreign subsidiaries to U.S. taxation. The Company’s provision for income taxes in fiscal 2017 included $7.0 million of income tax expense as a result of the Tax Act, including $6.0 million for the provisional re-measurement of the deferred tax assets for the reduction in the U.S. corporate income tax rate from 35% to 21% and a $1.0 million charge for the provisional estimate of the transition tax.",Not disclosed,,"In August 2018, the FASB issued Accounting Standards Update 2018-15—Intangibles—Goodwill and Other—Internal-Use Software (Subtopic 350-40): Customer’s Accounting for Implementation Costs Incurred in a Cloud Computing Arrangement that is a Service Contract , which amends Accounting Standards Update 2015 -05—Customers Accounting for Fees in a Cloud Computing Agreement. The amendments in this ASU more closely align the requirements for capitalizing implementation costs incurred in a hosting arrangement that is a service contract with the requirements for capitalizing implementation costs incurred to develop or obtain internal-use software (and hosting arrangements that include an internal use software license). The ASU is effective for fiscal years beginning after December 15, 2019, including interim periods within those fiscal years. Early adoption is permitted. The Company is currently evaluating the effects that the adoption of this new accounting standard will have on its consolidated financial statements. ||| Accounting Standards Update 2018-15—Intangibles—Goodwill and Other—Internal-Use Software (Subtopic 350-40): Customer’s Accounting for Implementation Costs Incurred in a Cloud Computing Arrangement that is a Service Contract ||| Accounting Standards Update 2015 -05—Customers Accounting for Fees in a Cloud Computing Agreement.",,0,significant_accounting_policies,NOTE 3—SIGNIFICANT ACCOUNTING POLICIES,3,True,3.0-7.0 ans | 3.0-10.0 ans | 10.0 ans,"score=3,idx=16666,zone=17637",883,OK,
0001528849,RH,2019,0001528849_RH_FY2019_10K.html,,2020-03-03,equipment,"Capitalized costs are amortized on a straight-line basis over the estimated useful lives of the software, generally between three and ten years.",10.0,,No,,Not disclosed,,"In August 2018, the FASB issued Accounting Standards Update 2018-15—Intangibles—Goodwill and Other—Internal-Use Software (Subtopic 350-40): Customer’s Accounting for Implementation Costs Incurred in a Cloud Computing Arrangement that is a Service Contract , which amends Accounting Standards Update 2015-05—Customers Accounting for Fees in a Cloud Computing Agreement. The amendments in this ASU more closely align the requirements for capitalizing implementation costs incurred in a hosting arrangement that is a service contract with the requirements for capitalizing implementation costs incurred to develop or obtain internal-use software (and hosting arrangements that include an internal use software license). The ASU is effective for fiscal years beginning after December 15, 2019, including interim periods within those fiscal years. Early adoption is permitted.",,0,significant_accounting_policies,NOTE 3—SIGNIFICANT ACCOUNTING POLICIES,3,False,,"score=6,idx=21771,zone=23125",808,OK,
0001528849,RH,2020,0001528849_RH_FY2020_10K.html,,"January 30, 2021",equipment,"Capitalized costs are amortized on a straight-line basis over the estimated useful lives of the software, generally between three and ten years.",10.0,,No,,Not disclosed,,"Capitalized cloud computing amortization (c) ||| Represents amortization associated with capitalized cloud computing costs. ||| ​ ​ ​ ​ ​ ​ ​ ​ ​ ​ ​ ​ ​ ​ ​ ​ ​ ​ ​ ​ ​ ​ ​ ​ ​ ​ ​ Fiscal 2019 ​ Fiscal 2020 ​ ​ FIRST ​ SECOND ​ THIRD ​ FOURTH ​ FIRST ​ SECOND ​ THIRD ​ FOURTH ​ ​ QUARTER QUARTER QUARTER QUARTER QUARTER QUARTER QUARTER QUARTER ​ ​ (in thousands) Net income (loss) ​ $ 35,722 ​ $ 63,757 ​ $ 52,463 ​ $ 68,433 ​ $ (3,212) ​ $ 98,423 ​ $ 46,411 ​ $ 130,193 Depreciation and amortization ​ ​ 27,189 ​ ​ 25,321 ​ ​ 23,435 ​ ​ 24,794 ​ ​ 24,870 ​ ​ 25,342 ​ ​ 26,476 ​ ​ 23,352 Interest expense—net ​ ​ 21,118 ​ ​ 24,513 ​ ​ 21,564 ​ ​ 19,982 ​ ​ 19,629 ​ ​ 19,418 ​ ​ 15,656 ​ ​ 14,547 Income tax expense (benefit) ​ ​ 11,793 ​ 16,665 ​ ​ 8,353 ​ ​ 11,996 ​ ​ (1,423) ​ ​ 18,879 ​ ​ 49,154 ​ ​ 37,988 EBITDA ​ ​ 95,822 ​ ​ 130,256 ​ ​ 105,815 ​ ​ 125,205 ​ ​ 39,864 ​ ​ 162,062 ​ ​ 137,697 ​ ​ 206,080 Non-cash compensation (a) ​ ​ 5,695 ​ ​ 5,298 ​ ​ 5,116 ​ ​ 5,723 ​ ​ 5,828 ​ ​ 6,861 ​ ​ 118,783 ​ ​ 14,232 Asset impairment and lease losses (b) ​ ​ 483 ​ ​ 629 ​ ​ 1,031 ​ ​ 13,508 ​ ​ 7,133 ​ ​ — ​ ​ 752 ​ ​ 950 (Gain) loss on sale leaseback transaction (b) ​ ​ — ​ ​ — ​ ​ (1,196) ​ ​ — ​ ​ — ​ ​ 9,352 ​ ​ — ​ ​ — (Gain) loss on extinguishment of debt (b) ​ ​ — ​ ​ (954) ​ ​ 6,857 ​ ​ 569 ​ ​ — ​ ​ (152) ​ ​ — ​ ​ — Reorganization related costs (b) ​ ​ — ​ ​ — ​ ​ 1,075 ​ ​ — ​ ​ 4,143 ​ ​ 2,884 ​ ​ — ​ ​ — Recall accrual (b) ​ ​ (1,615) ​ ​ (320) ​ ​ (2,053) ​ ​ — ​ ​ — ​ ​ 4,780 ​ ​ 781 ​ ​ 1,809 Share of equity method investments losses (b) ​ ​ — ​ ​ — ​ ​ — ​ ​ — ​ ​ — ​ ​ — ​ ​ — ​ ​ 888 Capitalized cloud computing amortization (c) ​ ​ — ​ ​ — ​ ​ — ​ ​ — ​ ​ — ​ ​ — ​ ​ — ​ ​ 462 Gain on sale of land (b) ​ ​ — ​ ​ — ​ ​ (333) ​ ​ — ​ ​ — ​ ​ — ​ ​ — ​ ​ — Legal settlements (b) ​ ​ — ​ ​ (1,193) ​ ​ — ​ ​ — ​ ​ — ​ ​ — ​ ​ — ​ ​ — Tradename impairment (b) ​ ​ — ​ ​ — ​ ​ — ​ ​ — ​ ​ 20,459 ​ ​ — ​ ​ — ​ ​ — Adjusted EBITDA ​ $ 100,385 ​ $ 133,716 ​ $ 116,312 ​ $ 145,005 ​ $ 77,427 ​ $ 185,787 ​ $ 258,013 ​ $ 224,421",,0,significant_accounting_policies,NOTE 3—SIGNIFICANT ACCOUNTING POLICIES,3,False,,"score=7,idx=23457,zone=21715",832,OK,
0001528849,RH,2021,0001528849_RH_FY2021_10K.html,,2022-04-30,equipment,"Capitalized costs are amortized on a straight-line basis over the estimated useful lives of the software, generally between three and ten years.",10.0,,No,,Not disclosed,,Capitalized cloud computing amortization (3) ||| Represents amortization associated with capitalized cloud computing costs.,,0,significant_accounting_policies,NOTE 3—SIGNIFICANT ACCOUNTING POLICIES,3,False,,"score=7,idx=13442,zone=20617",791,OK,
0001528849,RH,2022,0001528849_RH_FY2022_10K.html,,"January 28, 2023",equipment,"Property and equipment is recorded at cost, net of accumulated depreciation and amortization.",,,No,,Not disclosed,,Capitalized cloud computing amortization (3) ||| Represents amortization associated with capitalized cloud computing costs.,,0,significant_accounting_policies,NOTE 3—SIGNIFICANT ACCOUNTING POLICIES,3,False,,"score=7,idx=14283,zone=22693",826,OK,
0001528849,RH,2023,0001528849_RH_FY2023_10K.html,,"February 3, 2024",equipment,"Property and equipment is recorded at cost, net of accumulated depreciation.",,,No,,Not disclosed,,"Capitalized cloud computing amortization (3) ||| Represents amortization associated with capitalized cloud computing costs. ||| Table of Contents Reconciliation of GAAP Net Income to EBITDA and Adjusted EBITDA ​ ​ ​ ​ ​ ​ ​ ​ ​ ​ ​ ​ YEAR ENDED ​ ​ FEBRUARY 3, ​ JANUARY 28, ​ JANUARY 29, ​ 2024 2023 2022 ​ ​ (in thousands) Net income ​ $ 127,561 ​ $ 528,642 ​ $ 688,546 Depreciation and amortization ​ 118,989 ​ 108,588 ​ 96,022 Interest expense—net ​ 198,296 ​ 113,210 ​ 64,947 Income tax expense (benefit) ​ 28,261 ​ (91,358) ​ 133,558 EBITDA ​ 473,107 ​ 659,082 ​ 983,073 Non-cash compensation (1) ​ 39,382 ​ 43,544 ​ ​ 48,478 Share of equity method investments loss (2) ​ ​ 10,875 ​ ​ 2,055 ​ ​ 8,214 Legal settlements (2) ​ ​ 8,500 ​ ​ (4,188) ​ ​ — Capitalized cloud computing amortization (3) ​ ​ 8,400 ​ ​ 6,566 ​ ​ 3,565 Reorganization related costs (2) ​ ​ 7,621 ​ ​ — ​ ​ 449 Asset impairments (2) ​ 3,531 ​ 24,186 ​ ​ 9,630 Other expense—net (2) ​ ​ 1,078 ​ ​ 30 ​ ​ 2,778 Recall accrual (2) ​ (1,576) ​ 560 ​ ​ 1,940 Loss on extinguishment of debt (2) ​ ​ — ​ ​ 169,578 ​ ​ 29,138 Employer payroll taxes on option exercises (2) ​ ​ — ​ ​ 14,392 ​ ​ — Professional fees (2) ​ ​ — ​ ​ 7,469 ​ ​ — Non-cash compensation related to consolidated VIEs (2) ​ ​ — ​ ​ 4,470 ​ ​ — Compensation settlements (2) ​ ​ — ​ ​ 3,483 ​ ​ — Gain on sale of building and land (2) ​ ​ — ​ ​ (775) ​ ​ — Adjusted EBITDA ​ $ 550,918 ​ $ 930,452 ​ $ 1,087,265 (1) Represents non-cash compensation related to equity awards granted to employees, including the amortization of the non-cash compensation charge related to an option grant made to Mr. Friedman in October 2020. (2) Refer to table titled “Reconciliation of GAAP Net Income to Operating Income and Adjusted Operating Income” and the related footnotes for additional information. (3) Represents amortization associated with capitalized cloud computing costs. ​ ​ ​ PART II FORM 10-K | 49 ​",,0,significant_accounting_policies,NOTE 3—SIGNIFICANT ACCOUNTING POLICIES,3,False,,"score=7,idx=14195,zone=22589",801,OK,
0001528849,RH,2024,0001528849_RH_FY2024_10K.html,,"February 1, 2025","EQUIPMENT, Computer software, Furniture, Machinery","Table of Contents NOTE 5—PROPERTY AND EQUIPMENT Property and equipment consisted of the following: ​ ​ ​ ​ ​ ​ ​ ​ ​ FEBRUARY 1, FEBRUARY 3, ​ ​ 2025 ​ 2024 ​ ​ (in thousands) Finance lease right-of-use assets (1) ​ $ 1,327,476 ​ $ 1,104,365 Leasehold improvements (2) ​ ​ 441,140 ​ ​ 434,220 Building and building improvements (3) ​ 369,921 ​ 334,996 Computer software ​ 186,048 ​ 173,378 Furniture, fixtures and equipment ​ 111,384 ​ 97,990 Land ​ 105,071 ​ 106,347 Machinery, equipment and aircraft ​ 90,905 ​ 82,962 Built-to-suit property ​ ​ 37,057 ​ ​ 37,057 Total property and equipment ​ ​ 2,669,002 ​ ​ 2,371,315 Less—accumulated depreciation and amortization (4) ​ (785,826) ​ (685,457) Total property and equipment—net ​ $ 1,883,176 ​ $ 1,685,858 (1) Refer to “Lease Accounting” within Note 3— Significant Accounting Policies and Note 10— Leases . (2) Includes construction in progress of $13 million and $39 million as of February 1, 2025 and February 3, 2024, respectively. (3) Includes $109 million and $126 million of owned buildings under construction related to future Design Galleries as of February 1, 2025 and February 3, 2024, respectively. (4) Includes accumulated amortization related to finance lease right-of-use assets of $320 million and $268 million as of February 1, 2025 and February 3, 2024, respectively. We recorded depreciation of property and equipment, excluding amortization for finance lease right-of-use assets, of $76 million, $64 million and $56 million in fiscal 2024, fiscal 2023 and fiscal 2022, respectively. ​ ​ ​ PART II — FINANCIAL STATEMENTS FORM 10-K | 89 ​",,,No,,Not disclosed,,Capitalized cloud computing amortization (3) ||| Represents amortization associated with capitalized cloud computing costs.,,0,ppe_note,"NOTE 4—PREPAID EXPENSE AND OTHER ASSETS Prepaid expense and other current assets consisted of the following: ​ ​ ​ ​ ​ ​ ​ ​ ​ FEBRUARY 1, FEBRUARY 3,",3,False,,"score=7,idx=15390,zone=23204",826,OK,
