firm_cik,firm_ticker,fiscal_year,filename,filing_date,period_end_date,asset_category,useful_life_text,useful_life_min_years,useful_life_max_years,policy_change,policy_change_text,ai_infra_text,ai_infra_source,segment_ai_text,hardware_mentions,hardware_count,source_section,section_title,confidence,ambiguity_flag,ambiguity_detail,item8_method,item8_segment_count,extraction_status,error_message,review_priority
0000764038,SSB,2013,0000764038_SSB_FY2013_10K.html,,"December 31, 2013",Not disclosed,Not disclosed,,,No,,Not disclosed,,Not disclosed,,0,unknown,,0,False,,"score=4,idx=34747,zone=4",1,OK,,HIGH
0000764038,SSB,2014,0000764038_SSB_FY2014_10K.html,,"December 31, 2014",Not disclosed,Not disclosed,,,No,,Not disclosed,,Not disclosed,,0,unknown,,0,False,,"score=4,idx=36391,zone=4",1,OK,,HIGH
0000764038,SSB,2015,0000764038_SSB_FY2015_10K.html,,,Not disclosed,Not disclosed,,,No,,Not disclosed,,Not disclosed,,0,unknown,,0,False,,"score=4,idx=29869,zone=10",4,OK,,HIGH
0000764038,SSB,2016,0000764038_SSB_FY2016_10K.html,,"December 31, 2016",Not disclosed,Not disclosed,,,No,,Not disclosed,,Not disclosed,,0,unknown,,0,False,,"score=4,idx=33030,zone=5",2,OK,,HIGH
0000764038,SSB,2017,0000764038_SSB_FY2017_10K.html,,"December 31, 2017",Not disclosed,Not disclosed,,,No,,Not disclosed,,Not disclosed,,0,unknown,,0,False,,"score=4,idx=34505,zone=5",2,OK,,HIGH
0000764038,SSB,2018,0000764038_SSB_FY2018_10K.html,,"December 31, 2018",Not disclosed,Not disclosed,,,No,,Not disclosed,,Not disclosed,,0,unknown,,0,False,,"score=4,idx=35382,zone=5",2,OK,,HIGH
0000764038,SSB,2019,0000764038_SSB_FY2019_10K.html,,2020-03-31,Not disclosed,Not disclosed,,,No,,Not disclosed,,Not disclosed,,0,unknown,,0,False,,"score=6,idx=42042,zone=7",2,OK,,HIGH
0000764038,SSB,2020,0000764038_SSB_FY2020_10K.html,,2020-12-31,Not disclosed,Not disclosed,,,No,,Not disclosed,,Not disclosed,,0,unknown,,0,False,,"score=6,idx=36563,zone=17",2,OK,,HIGH
0000764038,SSB,2021,0000764038_SSB_FY2021_10K.html,,2022-02-23,Not disclosed,Not disclosed,,,No,,Not disclosed,,Not disclosed,,0,unknown,,0,False,,"score=6,idx=35747,zone=123",12,OK,,HIGH
0000764038,SSB,2022,0000764038_SSB_FY2022_10K.html,,2022-12-31,Not disclosed,Not disclosed,,,No,,Not disclosed,,Not disclosed,,0,unknown,,0,False,,"score=6,idx=34063,zone=123",12,OK,,HIGH
0000764038,SSB,2023,0000764038_SSB_FY2023_10K.html,,2023-12-31,Not disclosed,Not disclosed,,,No,,Not disclosed,,Not disclosed,,0,unknown,,0,False,,"score=6,idx=35283,zone=133",13,OK,,HIGH
0000764038,SSB,2024,0000764038_SSB_FY2024_10K.html,,2024-12-31,Not disclosed,Not disclosed,,,No,,Not disclosed,,Not disclosed,,0,unknown,,0,False,,"score=6,idx=36615,zone=144",13,OK,,HIGH
0000857855,UCB,2013,0000857855_UCB_FY2013_10K.html,,"December 31, 2013",Not disclosed,Not disclosed,,,No,,Not disclosed,,Not disclosed,,0,unknown,,0,False,,"score=5,idx=47130,zone=43816",980,OK,,HIGH
0000857855,UCB,2014,0000857855_UCB_FY2014_10K.html,,"December 31, 2014",Not disclosed,Not disclosed,,,No,,Not disclosed,,Not disclosed,,0,unknown,,0,False,,"score=5,idx=30364,zone=29628",5,OK,,HIGH
0000857855,UCB,2015,0000857855_UCB_FY2015_10K.html,,"December 31, 2015",Not disclosed,Not disclosed,,,No,,Not disclosed,,Not disclosed,,0,unknown,,0,False,,"score=7,idx=30861,zone=29707",856,OK,,HIGH
0000857855,UCB,2016,0000857855_UCB_FY2016_10K.html,,"December 31, 2016",Not disclosed,Not disclosed,,,No,,Not disclosed,,Not disclosed,,0,unknown,,0,False,,"score=7,idx=27220,zone=36644",289,OK,,HIGH
0000857855,UCB,2017,0000857855_UCB_FY2017_10K.html,,"December 31, 2017",Not disclosed,Not disclosed,,,No,,Not disclosed,,Not disclosed,,0,unknown,,0,False,,"score=7,idx=24338,zone=34933",893,OK,,HIGH
0000857855,UCB,2018,0000857855_UCB_FY2018_10K.html,,"December 31, 2018",Not disclosed,Not disclosed,,,No,,Not disclosed,,"Customer’s Accounting for Implementation Costs Incurred in a Cloud Computing Arrangement That is a Service Contract (a consensus of the FASB Emerging Issues Task Force) ||| In August 2018, the FASB issued ASU No. 2018-15, Intangibles - Goodwill and Other - Internal-Use Software (Subtopic 350-40): Customer’s Accounting for Implementation Costs Incurred in a Cloud Computing Arrangement That is a Service Contract (a consensus of the FASB Emerging Issues Task Force) . This update aligns the requirements for capitalizing implementation costs incurred in a hosting arrangement that is a service contract with the requirements for capitalizing implementation costs incurred to develop or obtain internal use software. For public entities, this guidance is effective for fiscal years ending after December 15, 2019 with either retrospective or prospective application. United does not expect the new guidance to have a material impact on the consolidated financial statements.",,0,unknown,,0,False,,"score=6,idx=45342,zone=61803",1487,OK,,HIGH
0000857855,UCB,2019,0000857855_UCB_FY2019_10K.html,,2020-01-01,Not disclosed,Not disclosed,,,No,,Not disclosed,,"In August 2018, the FASB issued ASU No. 2018-15, Intangibles - Goodwill and Other - Internal-Use Software (Subtopic 350-40): Customer’s Accounting for Implementation Costs Incurred in a Cloud Computing Arrangement That is a Service Contract (a consensus of the FASB Emerging Issues Task Force) . This update aligns the requirements for capitalizing implementation costs incurred in a hosting arrangement that is a service contract with the requirements for capitalizing implementation costs incurred to develop or obtain internal use software. For public entities, this guidance is effective for fiscal years ending after December 15, 2019 with either retrospective or prospective application. The adoption of this update did not have a material impact on the consolidated financial statements. ||| Customer’s Accounting for Implementation Costs Incurred in a Cloud Computing Arrangement That is a Service Contract (a consensus of the FASB Emerging Issues Task Force)",,0,unknown,,0,False,,"score=6,idx=45797,zone=62445",1460,OK,,HIGH
0000857855,UCB,2020,0000857855_UCB_FY2020_10K.html,,2030-12-31,Not disclosed,Not disclosed,,,No,,Not disclosed,,Not disclosed,,0,unknown,,0,False,,"score=5,idx=29167,zone=28704",1140,OK,,HIGH
0000857855,UCB,2021,0000857855_UCB_FY2021_10K.html,,2030-12-31,Not disclosed,Not disclosed,,,No,,Not disclosed,,Not disclosed,A100,1,unknown,,0,False,,"score=5,idx=22445,zone=27948",1073,OK,,HIGH
0000857855,UCB,2022,0000857855_UCB_FY2022_10K.html,,2030-12-31,Not disclosed,Not disclosed,,,No,,Not disclosed,,Not disclosed,,0,unknown,,0,False,,"score=5,idx=21932,zone=28231",1044,OK,,HIGH
0000857855,UCB,2023,0000857855_UCB_FY2023_10K.html,,2025-08-31,Not disclosed,Not disclosed,,,No,,Not disclosed,,Not disclosed,,0,unknown,,0,False,,"score=5,idx=22096,zone=29507",1083,OK,,HIGH
0000857855,UCB,2024,0000857855_UCB_FY2024_10K.html,,2024-12-31,Not disclosed,Not disclosed,,,No,,Not disclosed,,Not disclosed,,0,unknown,,0,False,,"score=5,idx=23226,zone=32849",1081,OK,,HIGH
0000873303,SRPT,2013,0000873303_SRPT_FY2013_10K.html,,"December 31, 2013",Not disclosed,Not disclosed,,,No,,Not disclosed,,Not disclosed,,0,unknown,,0,False,,"score=4,idx=7824,zone=13",1,OK,,HIGH
0000873303,SRPT,2014,0000873303_SRPT_FY2014_10K.html,,"December 31, 2014",Not disclosed,Not disclosed,,,No,,Not disclosed,,Not disclosed,,0,unknown,,0,False,,"score=4,idx=8746,zone=5",1,OK,,HIGH
0000873303,SRPT,2015,0000873303_SRPT_FY2015_10K.html,,"December 31, 2015",Not disclosed,Not disclosed,,,No,,Not disclosed,,Not disclosed,,0,unknown,,0,False,,"score=4,idx=8876,zone=9",218,OK,,HIGH
0000873303,SRPT,2016,0000873303_SRPT_FY2016_10K.html,,"December 31, 2016",Not disclosed,Not disclosed,,,No,,Not disclosed,,Not disclosed,,0,unknown,,0,False,,"score=4,idx=11339,zone=7",2,OK,,HIGH
0000873303,SRPT,2017,0000873303_SRPT_FY2017_10K.html,,"December 31, 2017",Not disclosed,Not disclosed,,,No,,Not disclosed,,Not disclosed,,0,unknown,,0,False,,"score=4,idx=11832,zone=7",2,OK,,HIGH
0000873303,SRPT,2018,0000873303_SRPT_FY2018_10K.html,,"December 31, 2018",Not disclosed,Not disclosed,,,No,,Not disclosed,,Not disclosed,,0,unknown,,0,False,,"score=4,idx=12866,zone=9",2,OK,,HIGH
0000873303,SRPT,2019,0000873303_SRPT_FY2019_10K.html,,2019-12-31,Not disclosed,Not disclosed,,,No,,Not disclosed,,Not disclosed,,0,unknown,,0,False,,"score=4,idx=13430,zone=5",2,OK,,HIGH
0000873303,SRPT,2020,0000873303_SRPT_FY2020_10K.html,,2024-12-31,Not disclosed,Not disclosed,,,No,,Not disclosed,,Not disclosed,,0,unknown,,0,False,,"score=4,idx=14838,zone=3",2,OK,,HIGH
0000873303,SRPT,2021,0000873303_SRPT_FY2021_10K.html,,2024-12-31,Not disclosed,Not disclosed,,,No,,Not disclosed,,Not disclosed,,0,unknown,,0,False,,"score=4,idx=13167,zone=5",3,OK,,HIGH
0000873303,SRPT,2022,0000873303_SRPT_FY2022_10K.html,,2023-12-31,Not disclosed,Not disclosed,,,No,,Not disclosed,,Not disclosed,,0,unknown,,0,False,,"score=4,idx=13260,zone=12",0,OK,,HIGH
0000873303,SRPT,2023,0000873303_SRPT_FY2023_10K.html,,2023-12-31,Not disclosed,Not disclosed,,,No,,Not disclosed,,Not disclosed,,0,unknown,,0,False,,"score=4,idx=14359,zone=5",3,OK,,HIGH
0000873303,SRPT,2024,0000873303_SRPT_FY2024_10K.html,,2025-03-31,Not disclosed,Not disclosed,,,No,,Not disclosed,,Not disclosed,A100;B200,2,unknown,,0,False,,"score=4,idx=14668,zone=5",3,OK,,HIGH
0000917273,RMBS,2013,0000917273_RMBS_FY2013_10K.html,,"December 31, 2013",Not disclosed,Not disclosed,,,No,,Not disclosed,,"We are an innovative technology solutions company that brings invention to market. Our customers leverage our customizable platforms, services and tools to improve, differentiate and accelerate the development of products and services. Our extensive technology portfolio addresses the evolving power, performance and security requirements of the mobile, cloud computing and connected device markets. Today, we are driving innovations in memory, chip interfaces and architectures, end-to-end security, and advanced LED lighting, while Rambus Labs looks to disruptions and opportunities in tomorrow’s high-growth markets. We generate revenue by licensing our inventions and solutions and providing services to market-leading companies.",NVIDIA,1,unknown,,0,False,,"score=3,idx=9229,zone=7",2,OK,,HIGH
0000917273,RMBS,2014,0000917273_RMBS_FY2014_10K.html,,"December 31, 2014",Not disclosed,Not disclosed,,,No,,Not disclosed,,"We are an innovative technology solutions company that brings invention to market. Our customers leverage our customizable platforms, services and tools to improve, differentiate and accelerate the development of products and services. Our extensive technology portfolio addresses the evolving power, performance and security requirements of the mobile, cloud computing and connected device markets. We drive innovations in memory, chip interfaces and architectures, end-to-end security, and advanced LED lighting, while also looking to disruptions and opportunities in tomorrow’s high-growth markets. We generate revenue by licensing our inventions and solutions and providing services to market-leading companies.",NVIDIA,1,unknown,,0,False,,"score=3,idx=8758,zone=7",2,OK,,HIGH
0000917273,RMBS,2015,0000917273_RMBS_FY2015_10K.html,,"December 31, 2015",Not disclosed,Not disclosed,,,No,,"During 2015, we signed and renewed key license agreements with IBM, Renesas, SK hynix and Toshiba. We also revealed our Smart Data Acceleration research program which improves data center performance. Additionally, we initiated a $100 million accelerated share repurchase program. Furthermore, we introduced the R+ DDR4 server memory chipset, RCD26, for RDIMMs and LRDIMMs.",MD&A (Item 7),Not disclosed,NVIDIA,1,unknown,,0,False,,"score=3,idx=9013,zone=7",2,OK,,HIGH
0000917273,RMBS,2016,0000917273_RMBS_FY2016_10K.html,,"December 31, 2016",Not disclosed,Not disclosed,,,No,,"Rambus creates innovative hardware and software technologies, driving advancements from the data center to the mobile edge. Our chips, customizable IP cores, patent licenses, software, services, and other innovations improve the competitive advantage of our customers. We collaborate with the industry, partnering with leading ASIC and SoC designers, foundries, IP developers, processor companies, EDA companies and validation labs. Our innovations are integrated into a wide range of devices and systems, powering and securing diverse applications, including Big Data, Internet of Things, mobile, consumer and media platforms.",MD&A (Item 7),Not disclosed,NVIDIA,1,unknown,,0,False,,"score=3,idx=9329,zone=8",2,OK,,HIGH
0000917273,RMBS,2017,0000917273_RMBS_FY2017_10K.html,,"December 31, 2017",Not disclosed,Not disclosed,,,No,,"We create innovative hardware, software and services that drive technology advancements from the data center to the mobile edge. Our architecture licenses, IP cores, chips, software, and services span memory and interfaces, security, and emerging",MD&A (Item 7),Not disclosed,NVIDIA,1,unknown,,0,False,,"score=3,idx=9933,zone=8",2,OK,,HIGH
0000917273,RMBS,2018,0000917273_RMBS_FY2018_10K.html,,"December 31, 2018",Not disclosed,Not disclosed,,,No,,"We create innovative hardware, software and services that drive technology advancements from the data center to the mobile edge. Our architecture licenses, IP cores, chips, software and services span memory and interfaces, security and emerging technologies to positively impact the modern world. We collaborate with the industry, partnering with leading chip and system designers, foundries and service providers. Integrated into a wide array of devices and systems, our products power and secure diverse applications, including Big Data, Internet of Things (IoT) security, mobile payments and smart ticketing.",MD&A (Item 7),Not disclosed,NVIDIA,1,unknown,,0,False,,"score=3,idx=9995,zone=8",2,OK,,HIGH
0000917273,RMBS,2019,0000917273_RMBS_FY2019_10K.html,,"December 31, 2019",Not disclosed,Not disclosed,,,No,,"In 2019, we redefined our perimeter through the successful divestiture of our Payments and Ticketing businesses, which allowed us to focus the Company on providing leading solutions for the semiconductor market. The Rambus product and technology roadmap, as well as our go-to-market strategy, is driven by the application-specific requirements of our focus markets. This not only allows us to better serve our traditional data center and communications markets, but also to expand into new, fast-growing markets that demand the highest levels of performance and security, including automotive, artificial intelligence (AI), Internet of Things (IoT) and government.",MD&A (Item 7),Not disclosed,NVIDIA,1,unknown,,0,False,,"score=3,idx=12096,zone=8",2,OK,,HIGH
0000917273,RMBS,2020,0000917273_RMBS_FY2020_10K.html,,"December 31, 2020",Not disclosed,Not disclosed,,,No,,"Rambus produces products and innovations that address the fundamental challenges of accelerating data. We make industry-leading chips and IP that enable critical performance improvements for data center and other growing markets. The ongoing shift to the cloud, along with the widespread advancement of AI across the data center, 5G, automotive and IoT, has led to exponential growth in data usage and tremendous demands on data infrastructure. Creating fast and safe connections, both in and across systems, remains one of the most mission-critical design challenges limiting performance in advanced hardware for these markets.",MD&A (Item 7),Not disclosed,NVIDIA,1,unknown,,0,False,,"score=2,idx=8876,zone=7",2,OK,,HIGH
0000917273,RMBS,2021,0000917273_RMBS_FY2021_10K.html,,"December 31, 2021",Not disclosed,Not disclosed,,,No,,"Rambus produces products and innovations that address the fundamental challenges of accelerating data. We make industry-leading chips and Silicon IP that enable critical performance improvements for data center and other growing markets. The ongoing shift to the cloud, along with the widespread advancement of AI across the data center, 5G, automotive and IoT, has led to exponential growth in data usage and tremendous demands on data infrastructure. Creating fast and safe connections, both in and across systems, remains one of the most mission-critical design challenges limiting performance in advanced hardware for these markets.",MD&A (Item 7),Not disclosed,NVIDIA,1,unknown,,0,False,,"score=2,idx=8031,zone=7",2,OK,,HIGH
0000917273,RMBS,2022,0000917273_RMBS_FY2022_10K.html,,"December 31, 2022",Not disclosed,Not disclosed,,,No,,"Rambus is an industry-leading provider of chips, silicon IP and innovations that address the fundamental challenges of accelerating data and enable critical performance improvements for data center and other growing markets. The ongoing growth of the cloud, along with the widespread advancement of artificial intelligence (“AI”) and other data-intensive workloads, continue to drive an exponential increase in data usage and demands on data infrastructure. Creating fast and safe connections, both in and across systems, remains one of the most mission-critical design challenges limiting performance in advanced hardware for these markets.",MD&A (Item 7),Not disclosed,NVIDIA,1,unknown,,0,False,,"score=2,idx=8537,zone=16",2,OK,,HIGH
0000917273,RMBS,2023,0000917273_RMBS_FY2023_10K.html,,2024-01-31,Not disclosed,Not disclosed,,,No,,"We are an industry-leading provider of chips, silicon IP and innovations that address the fundamental challenges of accelerating data and enabling critical performance improvements for data center and other growing markets. The ongoing growth of the cloud, along with the widespread advancement of artificial intelligence (“AI”) and other data-intensive workloads, continue to drive an exponential increase in data usage and demands on data infrastructure. Creating fast and safe",MD&A (Item 7),Not disclosed,NVIDIA,1,unknown,,0,False,,"score=2,idx=8854,zone=7",2,OK,,HIGH
0000917273,RMBS,2024,0000917273_RMBS_FY2024_10K.html,,2024-12-31,Not disclosed,Not disclosed,,,No,,Rambus is a global semiconductor company dedicated to enabling the future of the data center and artificial intelligence (“AI”) by delivering innovative memory and security solutions that address the evolving needs of the technology industry.,MD&A (Item 7),Not disclosed,NVIDIA,1,unknown,,0,False,,"score=2,idx=8222,zone=7",2,OK,,HIGH
0000946581,TTWO,2013,0000946581_TTWO_FY2013_10K.html,,"March 31, 2014",Not disclosed,Not disclosed,,,No,,Not disclosed,,Not disclosed,,0,unknown,,0,False,,"score=4,idx=12354,zone=4",1,OK,,HIGH
0000946581,TTWO,2014,0000946581_TTWO_FY2014_10K.html,,"March 31, 2015",Not disclosed,Not disclosed,,,No,,Not disclosed,,Not disclosed,,0,unknown,,0,False,,"score=4,idx=11713,zone=4",1,OK,,HIGH
0000946581,TTWO,2015,0000946581_TTWO_FY2015_10K.html,,"March 31, 2016",Not disclosed,Not disclosed,,,No,,Not disclosed,,Not disclosed,,0,unknown,,0,False,,"score=4,idx=11368,zone=4",1,OK,,HIGH
0000946581,TTWO,2016,0000946581_TTWO_FY2016_10K.html,,"March 31, 2017",Not disclosed,Not disclosed,,,No,,Not disclosed,,Not disclosed,,0,unknown,,0,False,,"score=4,idx=10637,zone=6",2,OK,,HIGH
0000946581,TTWO,2017,0000946581_TTWO_FY2017_10K.html,,"March 31, 2018",Not disclosed,Not disclosed,,,No,,Not disclosed,,Not disclosed,,0,unknown,,0,False,,"score=4,idx=10831,zone=6",2,OK,,HIGH
0000946581,TTWO,2018,0000946581_TTWO_FY2018_10K.html,,"March 31, 2019",Not disclosed,Not disclosed,,,No,,Not disclosed,,Not disclosed,,0,unknown,,0,False,,"score=4,idx=10879,zone=6",2,OK,,HIGH
0000946581,TTWO,2019,0000946581_TTWO_FY2019_10K.html,,2020-03-31,Not disclosed,Not disclosed,,,No,,Not disclosed,,Not disclosed,B100,1,unknown,,0,False,,"score=2,idx=9131,zone=4",1,OK,,HIGH
0000946581,TTWO,2020,0000946581_TTWO_FY2020_10K.html,,2021-03-31,Not disclosed,Not disclosed,,,No,,Not disclosed,,Not disclosed,,0,unknown,,0,False,,"score=2,idx=7666,zone=10",5,OK,,HIGH
0000946581,TTWO,2021,0000946581_TTWO_FY2021_10K.html,,2022-05-31,Not disclosed,Not disclosed,,,No,,Not disclosed,,Not disclosed,B200,1,unknown,,0,False,,"score=2,idx=8267,zone=7",5,OK,,HIGH
0000946581,TTWO,2022,0000946581_TTWO_FY2022_10K.html,,2023-04-14,Not disclosed,Not disclosed,,,No,,Not disclosed,,Not disclosed,,0,unknown,,0,False,,"score=2,idx=9018,zone=9",5,OK,,HIGH
0000946581,TTWO,2023,0000946581_TTWO_FY2023_10K.html,,2024-12-31,Not disclosed,Not disclosed,,,No,,Not disclosed,,Not disclosed,,0,unknown,,0,False,,"score=2,idx=9112,zone=7",5,OK,,HIGH
0000946581,TTWO,2024,0000946581_TTWO_FY2024_10K.html,,2025-05-19,Not disclosed,Not disclosed,,,No,,Not disclosed,,Not disclosed,,0,unknown,,0,False,,"score=2,idx=9095,zone=7",5,OK,,HIGH
0001018724,AMZN,2015,0001018724_AMZN_FY2015_10K.html,,,Not disclosed,Not disclosed,,,No,,"This Annual Report on Form 10-K includes forward-looking statements within the meaning of the Private Securities Litigation Reform Act of 1995. All statements other than statements of historical fact, including statements regarding guidance, industry prospects, or future results of operations or financial position, made in this Annual Report on Form 10-K are forward-looking. We use words such as anticipates, believes, expects, future, intends, and similar expressions to identify forward-looking statements. Forward-looking statements reflect management’s current expectations and are inherently uncertain. Actual results could differ materially for a variety of reasons, including, among others, fluctuations in foreign exchange rates, changes in global economic conditions and customer spending, world events, the rate of growth of the Internet and online commerce, the amount that Amazon.com invests in new business opportunities and the timing of those investments, the mix of products sold to customers, the mix of net sales derived from products as compared with services, the extent to which we owe income taxes, competition, management of growth, potential fluctuations in operating results, international growth and expansion, the outcomes of legal proceedings and claims, fulfillment, sortation, delivery, and data center optimization, risks of inventory management, seasonality, the degree to which we enter into, maintain, and develop commercial agreements, acquisitions and strategic transactions, payments risks, and risks of fulfillment throughput and productivity. In addition, the current global economic climate amplifies many of these risks. These risks and uncertainties, as well as other risks and uncertainties that could cause our actual results to differ significantly from management’s expectations, are described in greater detail in Item 1A of Part I, “Risk Factors.”",MD&A (Item 7),"Our variable costs include product and content costs, payment processing and related transaction costs, picking, packaging, and preparing orders for shipment, transportation, customer service support, costs necessary to run AWS, and a portion of our marketing costs. Our fixed costs include the costs necessary to run our technology infrastructure; to build, enhance, and add features to our websites and web services, our electronic devices, and digital offerings; and to build and optimize our fulfillment centers. Variable costs generally change directly with sales volume, while fixed costs generally are dependent on the timing of capacity needs, geographic expansion, category expansion, and other factors. To decrease our variable costs on a per unit basis and enable us to lower prices for customers, we seek to increase our direct sourcing, increase discounts from suppliers, and reduce defects in our processes. To minimize growth in fixed costs, we seek to improve process efficiencies and maintain a lean culture. ||| We expect spending in technology and content will increase over time as we add computer scientists, designers, software and hardware engineers, and merchandising employees. Our technology and content investment and capital spending projects often support a variety of product and service offerings due to geographic expansion and the cross-functionality of our systems and operations. We seek to invest efficiently in several areas of technology and content, including AWS, and expansion of new and existing product categories and service offerings, as well as in technology infrastructure to enhance the customer experience and improve our process efficiencies. ||| We believe that advances in technology, specifically the speed and reduced cost of processing power and the advances of wireless connectivity, will continue to improve the consumer experience on the Internet and increase its ubiquity in people’s lives. To best take advantage of these continued advances in technology, we are investing in initiatives to build and deploy innovative and efficient software and electronic devices. We are also investing in AWS, which offers a broad set of global compute, storage, database, and other service offerings to developers and enterprises of all sizes.",,0,unknown,,0,False,,"score=3,idx=11767,zone=17031",27,OK,,HIGH
0001018724,AMZN,2016,0001018724_AMZN_FY2016_10K.html,,,Not disclosed,Not disclosed,,,No,,"This Annual Report on Form 10-K includes forward-looking statements within the meaning of the Private Securities Litigation Reform Act of 1995. All statements other than statements of historical fact, including statements regarding guidance, industry prospects, or future results of operations or financial position, made in this Annual Report on Form 10-K are forward-looking. We use words such as anticipates, believes, expects, future, intends, and similar expressions to identify forward-looking statements. Forward-looking statements reflect management’s current expectations and are inherently uncertain. Actual results could differ materially for a variety of reasons, including, among others, fluctuations in foreign exchange rates, changes in global economic conditions and customer spending, world events, the rate of growth of the Internet, online commerce, and cloud services, the amount that Amazon.com invests in new business opportunities and the timing of those investments, the mix of products and services sold to customers, the mix of net sales derived from products as compared with services, the extent to which we owe income or other taxes, competition, management of growth, potential fluctuations in operating results, international growth and expansion, the outcomes of legal proceedings and claims, fulfillment, sortation, delivery, and data center optimization, risks of inventory management, seasonality, the degree to which we enter into, maintain, and develop commercial agreements, acquisitions and strategic transactions, payments risks, and risks of fulfillment throughput and productivity. In addition, the current global economic climate amplifies many of these risks. These risks and uncertainties, as well as other risks and uncertainties that could cause our actual results to differ significantly from management’s expectations, are described in greater detail in Item 1A of Part I, “Risk Factors.”",MD&A (Item 7),"This Annual Report on Form 10-K includes forward-looking statements within the meaning of the Private Securities Litigation Reform Act of 1995. All statements other than statements of historical fact, including statements regarding guidance, industry prospects, or future results of operations or financial position, made in this Annual Report on Form 10-K are forward-looking. We use words such as anticipates, believes, expects, future, intends, and similar expressions to identify forward-looking statements. Forward-looking statements reflect management’s current expectations and are inherently uncertain. Actual results could differ materially for a variety of reasons, including, among others, fluctuations in foreign exchange rates, changes in global economic conditions and customer spending, world events, the rate of growth of the Internet, online commerce, and cloud services, the amount that Amazon.com invests in new business opportunities and the timing of those investments, the mix of products and services sold to customers, the mix of net sales derived from products as compared with services, the extent to which we owe income or other taxes, competition, management of growth, potential fluctuations in operating results, international growth and expansion, the outcomes of legal proceedings and claims, fulfillment, sortation, delivery, and data center optimization, risks of inventory management, seasonality, the degree to which we enter into, maintain, and develop commercial agreements, acquisitions and strategic transactions, payments risks, and risks of fulfillment throughput and productivity. In addition, the current global economic climate amplifies many of these risks. These risks and uncertainties, as well as other risks and uncertainties that could cause our actual results to differ significantly from management’s expectations, are described in greater detail in Item 1A of Part I, “Risk Factors.” ||| Our variable costs include product and content costs, payment processing and related transaction costs, picking, packaging, and preparing orders for shipment, transportation, customer service support, costs necessary to run AWS, and a portion of our marketing costs. Our fixed costs include the costs necessary to build and run our technology infrastructure; to build, enhance, and add features to our websites and web services, our electronic devices, and digital offerings; and to build and optimize our fulfillment centers. Variable costs generally change directly with sales volume, while fixed costs generally are dependent on the timing of capacity needs, geographic expansion, category expansion, and other factors. To decrease our variable costs on a per unit basis and enable us to lower prices for customers, we seek to increase our direct sourcing, increase discounts from suppliers, and reduce defects in our processes. To minimize growth in fixed costs, we seek to improve process efficiencies and maintain a lean culture. ||| We expect spending in technology and content will increase over time as we add computer scientists, designers, software and hardware engineers, and merchandising employees. Our technology and content investment and capital spending projects often support a variety of product and service offerings due to geographic expansion and the cross-functionality of our systems and operations. We seek to invest efficiently in several areas of technology and content, including AWS, and expansion of new and existing product categories and service offerings, as well as in technology infrastructure to enhance the customer experience and improve our process efficiencies.",,0,unknown,,0,False,,"score=3,idx=10772,zone=17661",27,OK,,HIGH
0001018724,AMZN,2017,0001018724_AMZN_FY2017_10K.html,,,Not disclosed,Not disclosed,,,No,,"This Annual Report on Form 10-K includes forward-looking statements within the meaning of the Private Securities Litigation Reform Act of 1995. All statements other than statements of historical fact, including statements regarding guidance, industry prospects, or future results of operations or financial position, made in this Annual Report on Form 10-K are forward-looking. We use words such as anticipates, believes, expects, future, intends, and similar expressions to identify forward-looking statements. Forward-looking statements reflect management’s current expectations and are inherently uncertain. Actual results could differ materially for a variety of reasons, including, among others, fluctuations in foreign exchange rates, changes in global economic conditions and customer spending, world events, the rate of growth of the Internet, online commerce, and cloud services, the amount that Amazon.com invests in new business opportunities and the timing of those investments, the mix of products and services sold to customers, the mix of net sales derived from products as compared with services, the extent to which we owe income or other taxes, competition, management of growth, potential fluctuations in operating results, international growth and expansion, the outcomes of legal proceedings and claims, fulfillment, sortation, delivery, and data center optimization, risks of inventory management, seasonality, the degree to which we enter into, maintain, and develop commercial agreements, proposed and completed acquisitions and strategic transactions, payments risks, and risks of fulfillment throughput and productivity. In addition, the current global economic climate amplifies many of these risks. These risks and uncertainties, as well as other risks and uncertainties that could cause our actual results to differ significantly from management’s expectations, are described in greater detail in Item 1A of Part I, “Risk Factors.”",MD&A (Item 7),"This Annual Report on Form 10-K includes forward-looking statements within the meaning of the Private Securities Litigation Reform Act of 1995. All statements other than statements of historical fact, including statements regarding guidance, industry prospects, or future results of operations or financial position, made in this Annual Report on Form 10-K are forward-looking. We use words such as anticipates, believes, expects, future, intends, and similar expressions to identify forward-looking statements. Forward-looking statements reflect management’s current expectations and are inherently uncertain. Actual results could differ materially for a variety of reasons, including, among others, fluctuations in foreign exchange rates, changes in global economic conditions and customer spending, world events, the rate of growth of the Internet, online commerce, and cloud services, the amount that Amazon.com invests in new business opportunities and the timing of those investments, the mix of products and services sold to customers, the mix of net sales derived from products as compared with services, the extent to which we owe income or other taxes, competition, management of growth, potential fluctuations in operating results, international growth and expansion, the outcomes of legal proceedings and claims, fulfillment, sortation, delivery, and data center optimization, risks of inventory management, seasonality, the degree to which we enter into, maintain, and develop commercial agreements, proposed and completed acquisitions and strategic transactions, payments risks, and risks of fulfillment throughput and productivity. In addition, the current global economic climate amplifies many of these risks. These risks and uncertainties, as well as other risks and uncertainties that could cause our actual results to differ significantly from management’s expectations, are described in greater detail in Item 1A of Part I, “Risk Factors.” ||| Our variable costs include product and content costs, payment processing and related transaction costs, picking, packaging, and preparing orders for shipment, transportation, customer service support, costs necessary to run AWS, and a portion of our marketing costs. Our fixed costs include the costs necessary to build and run our technology infrastructure; to build, enhance, and add features to our websites and web services, our electronic devices, and digital offerings; and to build and optimize our fulfillment centers and physical stores. Variable costs generally change directly with sales volume, while fixed costs generally are dependent on the timing of capacity needs, geographic expansion, category expansion, and other factors. To decrease our variable costs on a per unit basis and enable us to lower prices for customers, we seek to increase our direct sourcing, increase discounts from suppliers, and reduce defects in our processes. To minimize growth in fixed costs, we seek to improve process efficiencies and maintain a lean culture. ||| We expect spending in technology and content will increase over time as we add computer scientists, designers, software and hardware engineers, and merchandising employees. Our technology and content investment and capital spending projects often support a variety of product and service offerings due to geographic expansion and the cross-functionality of our systems and operations. We seek to invest efficiently in several areas of technology and content, including AWS, and expansion of new and existing product categories and service offerings, as well as in technology infrastructure to enhance the customer experience and improve our process efficiencies.",,0,unknown,,0,False,,"score=3,idx=9743,zone=18259",28,OK,,HIGH
0001018724,AMZN,2018,0001018724_AMZN_FY2018_10K.html,,,Not disclosed,Not disclosed,,,No,,"This Annual Report on Form 10-K includes forward-looking statements within the meaning of the Private Securities Litigation Reform Act of 1995. All statements other than statements of historical fact, including statements regarding guidance, industry prospects, or future results of operations or financial position, made in this Annual Report on Form 10-K are forward-looking. We use words such as anticipates, believes, expects, future, intends, and similar expressions to identify forward-looking statements. Forward-looking statements reflect management’s current expectations and are inherently uncertain. Actual results could differ materially for a variety of reasons, including, among others, fluctuations in foreign exchange rates, changes in global economic conditions and customer spending, world events, the rate of growth of the Internet, online commerce, and cloud services, the amount that Amazon.com invests in new business opportunities and the timing of those investments, the mix of products and services sold to customers, the mix of net sales derived from products as compared with services, the extent to which we owe income or other taxes, competition, management of growth, potential fluctuations in operating results, international growth and expansion, the outcomes of legal proceedings and claims, fulfillment, sortation, delivery, and data center optimization, risks of inventory management, seasonality, the degree to which we enter into, maintain, and develop commercial agreements, proposed and completed acquisitions and strategic transactions, payments risks, and risks of fulfillment throughput and productivity. In addition, the current global economic climate amplifies many of these risks. These risks and uncertainties, as well as other risks and uncertainties that could cause our actual results to differ significantly from management’s expectations, are described in greater detail in Item 1A of Part I, “Risk Factors.”",MD&A (Item 7),"This Annual Report on Form 10-K includes forward-looking statements within the meaning of the Private Securities Litigation Reform Act of 1995. All statements other than statements of historical fact, including statements regarding guidance, industry prospects, or future results of operations or financial position, made in this Annual Report on Form 10-K are forward-looking. We use words such as anticipates, believes, expects, future, intends, and similar expressions to identify forward-looking statements. Forward-looking statements reflect management’s current expectations and are inherently uncertain. Actual results could differ materially for a variety of reasons, including, among others, fluctuations in foreign exchange rates, changes in global economic conditions and customer spending, world events, the rate of growth of the Internet, online commerce, and cloud services, the amount that Amazon.com invests in new business opportunities and the timing of those investments, the mix of products and services sold to customers, the mix of net sales derived from products as compared with services, the extent to which we owe income or other taxes, competition, management of growth, potential fluctuations in operating results, international growth and expansion, the outcomes of legal proceedings and claims, fulfillment, sortation, delivery, and data center optimization, risks of inventory management, seasonality, the degree to which we enter into, maintain, and develop commercial agreements, proposed and completed acquisitions and strategic transactions, payments risks, and risks of fulfillment throughput and productivity. In addition, the current global economic climate amplifies many of these risks. These risks and uncertainties, as well as other risks and uncertainties that could cause our actual results to differ significantly from management’s expectations, are described in greater detail in Item 1A of Part I, “Risk Factors.” ||| Our variable costs include product and content costs, payment processing and related transaction costs, picking, packaging, and preparing orders for shipment, transportation, customer service support, costs necessary to run AWS, and a portion of our marketing costs. Our fixed costs include the costs necessary to build and run our technology infrastructure; to build, enhance, and add features to our online stores, web services, electronic devices, and digital offerings; and to build and optimize our fulfillment centers and other facilities. Variable costs generally change directly with sales volume, while fixed costs generally are dependent on the timing of capacity needs, geographic expansion, category expansion, and other factors. To decrease our variable costs on a per unit basis and enable us to lower prices for customers, we seek to increase our direct sourcing, increase discounts from suppliers, and reduce defects in our processes. To minimize growth in fixed costs, we seek to improve process efficiencies and maintain a lean culture. ||| We expect spending in technology and content will increase over time as we add computer scientists, designers, software and hardware engineers, and merchandising employees. Our technology and content investment and capital spending projects often support a variety of product and service offerings due to geographic expansion and the cross-functionality of our systems and operations. We seek to invest efficiently in several areas of technology and content, including AWS, and expansion of new and existing product categories and service offerings, as well as in technology infrastructure to enhance the customer experience and improve our process efficiencies.",,0,unknown,,0,False,,"score=3,idx=9404,zone=17649",28,OK,,HIGH
0001018724,AMZN,2019,0001018724_AMZN_FY2019_10K.html,,"December 31, 2019",Not disclosed,Not disclosed,,,No,,"This Annual Report on Form 10-K includes forward-looking statements within the meaning of the Private Securities Litigation Reform Act of 1995. All statements other than statements of historical fact, including statements regarding guidance, industry prospects, or future results of operations or financial position, made in this Annual Report on Form 10-K are forward-looking. We use words such as anticipates, believes, expects, future, intends, and similar expressions to identify forward-looking statements. Forward-looking statements reflect management’s current expectations and are inherently uncertain. Actual results could differ materially for a variety of reasons, including, among others, fluctuations in foreign exchange rates, changes in global economic conditions and customer spending, world events, the rate of growth of the Internet, online commerce, and cloud services, the amount that Amazon.com invests in new business opportunities and the timing of those investments, the mix of products and services sold to customers, the mix of net sales derived from products as compared with services, the extent to which we owe income or other taxes, competition, management of growth, potential fluctuations in operating results, international growth and expansion, the outcomes of claims, litigation, government investigations, and other proceedings, fulfillment, sortation, delivery, and data center optimization, risks of inventory management, seasonality, the degree to which we enter into, maintain, and develop commercial agreements, proposed and completed acquisitions and strategic transactions, payments risks, and risks of fulfillment throughput and productivity. In addition, the global economic climate amplifies many of these risks. These risks and uncertainties, as well as other risks and uncertainties that could cause our actual results to differ significantly from management’s expectations, are described in greater detail in Item 1A of Part I, “Risk Factors.”",MD&A (Item 7),"This Annual Report on Form 10-K includes forward-looking statements within the meaning of the Private Securities Litigation Reform Act of 1995. All statements other than statements of historical fact, including statements regarding guidance, industry prospects, or future results of operations or financial position, made in this Annual Report on Form 10-K are forward-looking. We use words such as anticipates, believes, expects, future, intends, and similar expressions to identify forward-looking statements. Forward-looking statements reflect management’s current expectations and are inherently uncertain. Actual results could differ materially for a variety of reasons, including, among others, fluctuations in foreign exchange rates, changes in global economic conditions and customer spending, world events, the rate of growth of the Internet, online commerce, and cloud services, the amount that Amazon.com invests in new business opportunities and the timing of those investments, the mix of products and services sold to customers, the mix of net sales derived from products as compared with services, the extent to which we owe income or other taxes, competition, management of growth, potential fluctuations in operating results, international growth and expansion, the outcomes of claims, litigation, government investigations, and other proceedings, fulfillment, sortation, delivery, and data center optimization, risks of inventory management, seasonality, the degree to which we enter into, maintain, and develop commercial agreements, proposed and completed acquisitions and strategic transactions, payments risks, and risks of fulfillment throughput and productivity. In addition, the global economic climate amplifies many of these risks. These risks and uncertainties, as well as other risks and uncertainties that could cause our actual results to differ significantly from management’s expectations, are described in greater detail in Item 1A of Part I, “Risk Factors.” ||| We seek to reduce our variable costs per unit and work to leverage our fixed costs. Our variable costs include product and content costs, payment processing and related transaction costs, picking, packaging, and preparing orders for shipment, transportation, customer service support, costs necessary to run AWS, and a portion of our marketing costs. Our fixed costs include the costs necessary to build and run our technology infrastructure; to build, enhance, and add features to our online stores, web services, electronic devices, and digital offerings; and to build and optimize our fulfillment and delivery networks and related facilities. Variable costs generally change directly with sales volume, while fixed costs generally are dependent on the timing of capacity needs, geographic expansion, category expansion, and other factors. To decrease our variable costs on a per unit basis and enable us to lower prices for customers, we seek to increase our direct sourcing, increase discounts from suppliers, and reduce defects in our processes. To minimize unnecessary growth in fixed costs, we seek to improve process efficiencies and maintain a lean culture. ||| Our variable costs include product and content costs, payment processing and related transaction costs, picking, packaging, and preparing orders for shipment, transportation, customer service support, costs necessary to run AWS, and a portion of our marketing costs. Our fixed costs include the costs necessary to build and run our technology infrastructure; to build, enhance, and add features to our online stores, web services, electronic devices, and digital offerings; and to build and optimize our fulfillment and delivery networks and related facilities. Variable costs generally change directly with sales volume, while fixed costs generally are dependent on the timing of capacity needs, geographic expansion, category expansion, and other factors. To decrease our variable costs on a per unit basis and enable us to lower prices for customers, we seek to increase our direct sourcing, increase discounts from suppliers, and reduce defects in our processes. To minimize unnecessary growth in fixed costs, we seek to improve process efficiencies and maintain a lean culture.",,0,unknown,,0,False,,"score=3,idx=11236,zone=19022",41,OK,,HIGH
0001018724,AMZN,2020,0001018724_AMZN_FY2020_10K.html,,2021-02-02,equipment,"Depreciation and amortization expense on property and equipment was $12.1 billion, $15.1 billion, and $16.2 billion which includes amortization of property and equipment acquired under finance leases of $7.3 billion, $10.1 billion, and $8.5 billion for 2018, 2019, and 2020.",,,Yes,"We review the useful lives of equipment on an ongoing basis, and effective January 1, 2020 we changed our estimate of the useful life for our servers from three years to four years. The longer useful life is due to continuous improvements in our hardware, software, and data center designs. The effect of this change in estimate for the year ended December 31, 2020, based on servers that were included in “Property and equipment, net” as of December 31, 2019 and those acquired during the year ended December 31, 2020, was a reduction in depreciation and amortization expense of $2.7 billion and an increase in net income of $2.0 billion, or $4.06 per basic share and $3.98 per diluted share.","We have entered into non-cancellable operating and finance leases and financing obligations for equipment and office, fulfillment, sortation, delivery, data center, physical store, and renewable energy facilities.",Item 8,"We seek to reduce our variable costs per unit and work to leverage our fixed costs. Our variable costs include product and content costs, payment processing and related transaction costs, picking, packaging, and preparing orders for shipment, transportation, customer service support, costs necessary to run AWS, and a portion of our marketing costs. Our fixed costs include the costs necessary to build and run our technology infrastructure; to build, enhance, and add features to our online stores, web services, electronic devices, and digital offerings; and to build and optimize our fulfillment networks and related facilities. Variable costs generally change directly with sales volume, while fixed costs generally are dependent on the timing of capacity needs, geographic expansion, category expansion, and other factors. To decrease our variable costs on a per unit basis and enable us to lower prices for customers, we seek to increase our direct sourcing, increase discounts from suppliers, and reduce defects in our processes. To minimize unnecessary growth in fixed costs, we seek to improve process efficiencies and maintain a lean culture. ||| Our variable costs include product and content costs, payment processing and related transaction costs, picking, packaging, and preparing orders for shipment, transportation, customer service support, costs necessary to run AWS, and a portion of our marketing costs. Our fixed costs include the costs necessary to build and run our technology infrastructure; to build, enhance, and add features to our online stores, web services, electronic devices, and digital offerings; and to build and optimize our fulfillment networks and related facilities. Variable costs generally change directly with sales volume, while fixed costs generally are dependent on the timing of capacity needs, geographic expansion, category expansion, and other factors. To decrease our variable costs on a per unit basis and enable us to lower prices for customers, we seek to increase our direct sourcing, increase discounts from suppliers, and reduce defects in our processes. To minimize unnecessary growth in fixed costs, we seek to improve process efficiencies and maintain a lean culture. ||| We expect spending in technology and content will increase over time as we add computer scientists, designers, software and hardware engineers, and merchandising employees. Our technology and content investment and capital spending projects often support a variety of product and service offerings due to geographic expansion and the cross-functionality of our systems and operations. We seek to invest efficiently in several areas of technology and content, including AWS, and expansion of new and existing product categories and service offerings, as well as in technology infrastructure to enhance the customer experience and improve our process efficiencies. We believe that advances in technology, specifically the speed and reduced cost of processing power, data storage and analytics, improved wireless connectivity, and the practical applications of artificial intelligence and machine learning, will continue to improve users’ experience on the Internet and increase its ubiquity in people’s lives. To best take advantage of these continued advances in technology, we are investing in AWS, which offers a broad set of on-demand technology services, including compute, storage, database, analytics, and machine learning, and other services, to developers and enterprises of all sizes. We are also investing in initiatives to build and deploy innovative and efficient software and electronic devices.",,0,ppe_note,Note 3 — PROPERTY AND EQUIPMENT,3,True,3.0 ans | 4.0 ans,"score=2,idx=7078,zone=9024",537,OK,,MEDIUM
0001018724,AMZN,2021,0001018724_AMZN_FY2021_10K.html,,2022-12-31,"server and networking, equipment","We have entered into non-cancellable operating and finance leases for fulfillment, delivery, office, physical store, data center, and sortation facilities as well as server and networking equipment, vehicles, and aircraft. Gross assets acquired under finance leases, inclusive of those where title transfers at the end of the lease, are recorded in “ Property and equipment, net ” and were $68.1 billion and $72.2 billion as of December 31, 2020 and 2021. Accumulated amortization associated with finance leases was $36.5 billion and $43.4 billion as of December 31, 2020 and 2021.",,,Yes,"Estimates are used for, but not limited to, income taxes, useful lives of equipment, commitments and contingencies, valuation of acquired intangibles and goodwill, stock-based compensation forfeiture rates, vendor funding, inventory valuation, collectability of receivables, and valuation and impairment of investments. For example, in Q4 2021 we completed a useful life study for our servers and networking equipment and are increasing the useful lives from four years to five years for servers and from five years to six years for networking equipment in January 2022, which, based on servers and networking equipment that are included in “Property and equipment, net” as of December 31, 2021, will have an anticipated impact to our 2022 operating income of $3.1 billion. We had previously increased the useful life of our servers from three years to four years in January 2020.","We have entered into non-cancellable operating and finance leases for fulfillment, delivery, office, physical store, data center, and sortation facilities as well as server and networking equipment, vehicles, and aircraft. Gross assets acquired under finance leases, inclusive of those where title transfers at the end of the lease, are recorded in “ Property and equipment, net ” and were $68.1 billion and $72.2 billion as of December 31, 2020 and 2021. Accumulated amortization associated with finance leases was $36.5 billion and $43.4 billion as of December 31, 2020 and 2021.",Item 8,"We seek to reduce our variable costs per unit and work to leverage our fixed costs. Our variable costs include product and content costs, payment processing and related transaction costs, picking, packaging, and preparing orders for shipment, transportation, customer service support, costs necessary to run AWS, and a portion of our marketing costs. Our fixed costs include the costs necessary to build and run our technology infrastructure; to build, enhance, and add features to our online stores, web services, electronic devices, and digital offerings; and to build and optimize our fulfillment networks and related facilities. Variable costs generally change directly with sales volume, while fixed costs generally are dependent on the timing of capacity needs, geographic expansion, category expansion, and other factors. To decrease our variable costs on a per unit basis and enable us to lower prices for customers, we seek to increase our direct sourcing, increase discounts from suppliers, and reduce defects in our processes. To minimize unnecessary growth in fixed costs, we seek to improve process efficiencies and maintain a lean culture. ||| Our variable costs include product and content costs, payment processing and related transaction costs, picking, packaging, and preparing orders for shipment, transportation, customer service support, costs necessary to run AWS, and a portion of our marketing costs. Our fixed costs include the costs necessary to build and run our technology infrastructure; to build, enhance, and add features to our online stores, web services, electronic devices, and digital offerings; and to build and optimize our fulfillment networks and related facilities. Variable costs generally change directly with sales volume, while fixed costs generally are dependent on the timing of capacity needs, geographic expansion, category expansion, and other factors. To decrease our variable costs on a per unit basis and enable us to lower prices for customers, we seek to increase our direct sourcing, increase discounts from suppliers, and reduce defects in our processes. To minimize unnecessary growth in fixed costs, we seek to improve process efficiencies and maintain a lean culture. ||| We expect spending in technology and content will increase over time as we add computer scientists, designers, software and hardware engineers, and merchandising employees. Our technology and content investment and capital spending projects often support a variety of product and service offerings due to geographic expansion and the cross-functionality of our systems and operations. We seek to invest efficiently in several areas of technology and content, including AWS, and expansion of new and existing product categories and service offerings, as well as in technology infrastructure to enhance the customer experience and improve our process efficiencies. We believe that advances in technology, specifically the speed and reduced cost of processing power, data storage and analytics, improved wireless connectivity, and the practical applications of artificial intelligence and machine learning, will continue to improve users’ experience on the Internet and increase its ubiquity in people’s lives. To best take advantage of these continued advances in technology, we are investing in AWS, which offers a broad set of on-demand technology services, including compute, storage, database, analytics, and machine learning, and other services, to developers and enterprises of all sizes. We are also investing in initiatives to build and deploy innovative and efficient software and electronic devices.",,0,ppe_note,Note 4 — LEASES,3,True,3.0 ans | 4.0 ans | 5.0 ans | 6.0 ans,"score=2,idx=6622,zone=8888",550,OK,,MEDIUM
0001018724,AMZN,2022,0001018724_AMZN_FY2022_10K.html,,2023-12-31,"server and networking, equipment","We have entered into non-cancellable operating and finance leases for fulfillment, delivery, office, data center, physical store, and sortation facilities as well as server and networking equipment, vehicles, and aircraft. Gross assets acquired under finance leases, inclusive of those where title transfers at the end of the lease, are recorded in “ Property and equipment, net ” and were $72.2 billion and $68.0 billion as of December 31, 2021 and 2022. Accumulated amortization associated with finance leases was $43.4 billion and $45.2 billion as of December 31, 2021 and 2022.",,,Yes,"Estimates are used for, but not limited to, income taxes, useful lives of equipment, commitments and contingencies, valuation of acquired intangibles and goodwill, stock-based compensation forfeiture rates, vendor funding, inventory valuation, collectability of receivables, impairment of property and equipment and operating leases, valuation and impairment of investments, self-insurance liabilities, and viewing patterns of capitalized video content. We review the useful lives of equipment on an ongoing basis, and effective January 1, 2022 we changed our estimate of the useful lives for our servers from four years to five years and for our networking equipment from five years to six years. The longer useful lives are due to continuous improvements in our hardware, software, and data center designs. The effect of this change in estimate for the year ended December 31, 2022, based on servers and networking equipment that were included in “Property and equipment, net” as of December 31, 2021 and those acquired during the year ended December 31, 2022, was a reduction in depreciation and amortization expense of $3.6 billion and a benefit to net loss of $2.8 billion, or $0.28 per basic share and $0.28 per diluted share.","We have entered into non-cancellable operating and finance leases for fulfillment, delivery, office, data center, physical store, and sortation facilities as well as server and networking equipment, vehicles, and aircraft. Gross assets acquired under finance leases, inclusive of those where title transfers at the end of the lease, are recorded in “ Property and equipment, net ” and were $72.2 billion and $68.0 billion as of December 31, 2021 and 2022. Accumulated amortization associated with finance leases was $43.4 billion and $45.2 billion as of December 31, 2021 and 2022.",Item 8,"We seek to reduce our variable costs per unit and work to leverage our fixed costs. Our variable costs include product and content costs, payment processing and related transaction costs, picking, packaging, and preparing orders for shipment, transportation, customer service support, costs necessary to run AWS, and a portion of our marketing costs. Our fixed costs include the costs necessary to build and run our technology infrastructure; to build, enhance, and add features to our online stores, web services, electronic devices, and digital offerings; and to build and optimize our fulfillment network. Variable costs generally change directly with sales volume, while fixed costs generally are dependent on the timing of capacity needs, geographic expansion, category expansion, and other factors. To decrease our variable costs on a per unit basis and enable us to lower prices for customers, we seek to increase our direct sourcing, increase discounts from suppliers, and reduce defects in our processes. To minimize unnecessary growth in fixed costs, we seek to improve process efficiencies and maintain a lean culture. ||| Our variable costs include product and content costs, payment processing and related transaction costs, picking, packaging, and preparing orders for shipment, transportation, customer service support, costs necessary to run AWS, and a portion of our marketing costs. Our fixed costs include the costs necessary to build and run our technology infrastructure; to build, enhance, and add features to our online stores, web services, electronic devices, and digital offerings; and to build and optimize our fulfillment network. Variable costs generally change directly with sales volume, while fixed costs generally are dependent on the timing of capacity needs, geographic expansion, category expansion, and other factors. To decrease our variable costs on a per unit basis and enable us to lower prices for customers, we seek to increase our direct sourcing, increase discounts from suppliers, and reduce defects in our processes. To minimize unnecessary growth in fixed costs, we seek to improve process efficiencies and maintain a lean culture. ||| We expect spending in technology and content will increase over time as we add computer scientists, designers, software and hardware engineers, and merchandising employees. Our technology and content investment and capital spending projects often support a variety of product and service offerings due to geographic expansion and the cross-functionality of our systems and operations. We seek to invest efficiently in several areas of technology and content, including AWS, and expansion of new and existing product categories and service offerings, as well as in technology infrastructure to enhance the customer experience and improve our process efficiencies. We believe that advances in technology, specifically the speed and reduced cost of processing power, data storage and analytics, improved wireless connectivity, and the practical applications of artificial intelligence and machine learning, will continue to improve users’ experience on the Internet and increase its ubiquity in people’s lives. To best take advantage of these continued advances in technology, we are investing in AWS, which offers a broad set of on-demand technology services, including compute, storage, database, analytics, and machine learning, and other services, to developers and enterprises of all sizes. We are also investing in initiatives to build and deploy innovative and efficient software and electronic devices as well as other initiatives including the development of a satellite network for global broadband service and autonomous vehicles for ride-hailing services.",B100,1,ppe_note,Note 4 — LEASES,3,True,4.0 ans | 5.0 ans | 6.0 ans,"score=2,idx=6772,zone=8983",561,OK,,MEDIUM
0001018724,AMZN,2023,0001018724_AMZN_FY2023_10K.html,,"December 31, 2023","server and networking, equipment","We have entered into non-cancellable operating and finance leases for fulfillment network, data center, office, and physical store facilities as well as server and networking equipment, aircraft, and vehicles. Gross assets acquired under finance leases, including those where title transfers at the end of the lease, are recorded in “ Property and equipment, net ” and were $68.0 billion and $62.5 billion as of December 31, 2022 and 2023. Accumulated amortization associated with finance leases was $45.2 billion and $44.7 billion as of December 31, 2022 and 2023.",,,Yes,"Estimates are used for, but not limited to, income taxes, useful lives of equipment, commitments and contingencies, valuation of acquired intangibles and goodwill, stock-based compensation forfeiture rates, vendor funding, inventory valuation, collectability of receivables, impairment of property and equipment and operating leases, valuation and impairment of investments, self-insurance liabilities, and viewing patterns of capitalized video content. For example, in Q4 2023 we completed a useful life study for our servers and are increasing the useful life from five years to six years in January 2024, which, based on servers that are included in “Property and equipment, net” as of December 31, 2023, will have an anticipated impact to our 2024 operating income of $3.1 billion. We had previously increased the useful life of our servers from four years to five years in January 2022.","We have entered into non-cancellable operating and finance leases for fulfillment network, data center, office, and physical store facilities as well as server and networking equipment, aircraft, and vehicles. Gross assets acquired under finance leases, including those where title transfers at the end of the lease, are recorded in “ Property and equipment, net ” and were $68.0 billion and $62.5 billion as of December 31, 2022 and 2023. Accumulated amortization associated with finance leases was $45.2 billion and $44.7 billion as of December 31, 2022 and 2023.",Item 8,"We seek to reduce our variable costs per unit and work to leverage our fixed costs. Our variable costs include product and content costs, payment processing and related transaction costs, picking, packaging, and preparing orders for shipment, transportation, customer service support, costs necessary to run AWS, and a portion of our marketing costs. Our fixed costs include the costs necessary to build and run our technology infrastructure; to build, enhance, and add features to our online stores, web services, electronic devices, and digital offerings; and to build and optimize our fulfillment network. Variable costs generally change directly with sales volume, while fixed costs generally are dependent on the timing of capacity needs, geographic expansion, category expansion, and other factors. To decrease our variable costs on a per unit basis and enable us to lower prices for customers, we seek to increase our direct sourcing, increase discounts from suppliers, and reduce defects in our processes. To minimize unnecessary growth in fixed costs, we seek to improve process efficiencies and maintain a lean culture. ||| Our variable costs include product and content costs, payment processing and related transaction costs, picking, packaging, and preparing orders for shipment, transportation, customer service support, costs necessary to run AWS, and a portion of our marketing costs. Our fixed costs include the costs necessary to build and run our technology infrastructure; to build, enhance, and add features to our online stores, web services, electronic devices, and digital offerings; and to build and optimize our fulfillment network. Variable costs generally change directly with sales volume, while fixed costs generally are dependent on the timing of capacity needs, geographic expansion, category expansion, and other factors. To decrease our variable costs on a per unit basis and enable us to lower prices for customers, we seek to increase our direct sourcing, increase discounts from suppliers, and reduce defects in our processes. To minimize unnecessary growth in fixed costs, we seek to improve process efficiencies and maintain a lean culture. ||| We expect spending in technology and infrastructure will increase over time as we add computer scientists, designers, software and hardware engineers, and merchandising employees. Our technology and infrastructure investment and capital spending projects often support a variety of product and service offerings due to geographic expansion and the cross-functionality of our systems and operations. We seek to invest efficiently in several areas of technology and infrastructure, including AWS, and expansion of new and existing product categories and service offerings, as well as in infrastructure to enhance the customer experience and improve our process efficiencies. We believe that advances in technology, specifically the speed and reduced cost of processing power, data storage and analytics, improved wireless connectivity, and the practical applications of artificial intelligence and machine learning, will continue to improve users’ experience on the internet and increase its ubiquity in people’s lives. To best take advantage of these continued advances in technology, we are investing in AWS, which offers a broad set of on-demand technology services, including compute, storage, database, analytics, and machine learning, and other services to developers and enterprises of all sizes. We are also investing in initiatives to build and deploy innovative and efficient software and electronic devices as well as other initiatives including the development of a satellite network for global broadband service and autonomous vehicles for ride-hailing services.",,0,ppe_note,Note 4 — LEASES,3,True,4.0 ans | 5.0 ans | 6.0 ans,"score=2,idx=7013,zone=9029",561,OK,,MEDIUM
0001018724,AMZN,2024,0001018724_AMZN_FY2024_10K.html,,"December 31, 2024","server and networking, equipment","We have entered into non-cancellable operating and finance leases for fulfillment network, data center, office, and physical store facilities as well as server and networking equipment, aircraft, and vehicles. Gross assets acquired under finance leases, including those where title transfers at the end of the lease, are recorded in “ Property and equipment, net ” and were $62.5 billion and $56.5 billion as of December 31, 2023 and 2024. Accumulated amortization associated with finance leases was $44.7 billion and $41.8 billion as of December 31, 2023 and 2024.",,,Yes,"We had previously increased the useful life of our servers from five years to six years effective January 1, 2024.","We have entered into non-cancellable operating and finance leases for fulfillment network, data center, office, and physical store facilities as well as server and networking equipment, aircraft, and vehicles. Gross assets acquired under finance leases, including those where title transfers at the end of the lease, are recorded in “ Property and equipment, net ” and were $62.5 billion and $56.5 billion as of December 31, 2023 and 2024. Accumulated amortization associated with finance leases was $44.7 billion and $41.8 billion as of December 31, 2023 and 2024.",Item 8,"We seek to reduce our variable costs per unit and work to leverage our fixed costs. Our variable costs include product and content costs, payment processing and related transaction costs, picking, packaging, and preparing orders for shipment, transportation, customer service support, costs necessary to run AWS, and a portion of our marketing costs. Our fixed costs include the costs necessary to build and run our technology infrastructure; to build, enhance, and add features to our online stores, web services, electronic devices, and digital offerings; and to build and optimize our fulfillment network. Variable costs generally change directly with sales volume, while fixed costs generally are dependent on the timing of capacity needs, geographic expansion, category expansion, and other factors. To decrease our variable costs on a per unit basis and enable us to lower prices for customers, we seek to increase our direct sourcing, increase discounts from suppliers, and reduce defects in our processes. To minimize unnecessary growth in fixed costs, we seek to improve process efficiencies and maintain a lean culture. ||| Our variable costs include product and content costs, payment processing and related transaction costs, picking, packaging, and preparing orders for shipment, transportation, customer service support, costs necessary to run AWS, and a portion of our marketing costs. Our fixed costs include the costs necessary to build and run our technology infrastructure; to build, enhance, and add features to our online stores, web services, electronic devices, and digital offerings; and to build and optimize our fulfillment network. Variable costs generally change directly with sales volume, while fixed costs generally are dependent on the timing of capacity needs, geographic expansion, category expansion, and other factors. To decrease our variable costs on a per unit basis and enable us to lower prices for customers, we seek to increase our direct sourcing, increase discounts from suppliers, and reduce defects in our processes. To minimize unnecessary growth in fixed costs, we seek to improve process efficiencies and maintain a lean culture. ||| We expect spending in technology and infrastructure will increase over time as we add computer scientists, designers, software and hardware engineers, and merchandising employees. Our technology and infrastructure investment and capital spending projects often support a variety of product and service offerings due to geographic expansion and the cross-functionality of our systems and operations. We seek to invest efficiently in several areas of technology and infrastructure, including AWS, and expansion of new and existing product categories and service offerings, as well as in infrastructure to enhance the customer experience and improve our process efficiencies. We believe that advances in technology, specifically the speed and reduced cost of processing power, data storage and analytics, improved wireless connectivity, and the practical applications of artificial intelligence and machine learning, will continue to improve users’ experience on the internet and increase its ubiquity in people’s lives. To best take advantage of these continued advances in technology, we are investing in AWS, which offers a broad set of on-demand technology services, including compute, storage, database, analytics, and machine learning, and other services to developers and enterprises of all sizes. We are also investing in initiatives to build and deploy innovative and efficient software and electronic devices as well as other initiatives including the development of a satellite network for global broadband service and autonomous vehicles for ride-hailing services.",,0,ppe_note,Note 4 — LEASES,3,True,5.0 ans | 6.0 ans,"score=2,idx=6975,zone=8878",561,OK,,MEDIUM
0001023459,SLP,2013,0001023459_SLP_FY2013_10K.html,,"August 31, 2013",Not disclosed,Not disclosed,,,No,,Not disclosed,,Not disclosed,,0,unknown,,0,False,,"score=5,idx=2058,zone=12",2,OK,,HIGH
0001023459,SLP,2014,0001023459_SLP_FY2014_10K.html,,"August 31, 2014",Not disclosed,Not disclosed,,,No,,Not disclosed,,Not disclosed,,0,unknown,,0,False,,"score=5,idx=1682,zone=4",2,OK,,HIGH
0001023459,SLP,2015,0001023459_SLP_FY2015_10K.html,,"August 31, 2015",Not disclosed,Not disclosed,,,No,,Not disclosed,,Not disclosed,,0,unknown,,0,False,,"score=5,idx=1908,zone=5",2,OK,,HIGH
0001023459,SLP,2016,0001023459_SLP_FY2016_10K.html,,"August 31, 2016",Not disclosed,Not disclosed,,,No,,Not disclosed,,Not disclosed,,0,unknown,,0,False,,"score=5,idx=2466,zone=4",2,OK,,HIGH
0001023459,SLP,2017,0001023459_SLP_FY2017_10K.html,,"August 31, 2017",Not disclosed,Not disclosed,,,No,,Not disclosed,,Not disclosed,,0,unknown,,0,False,,"score=7,idx=5131,zone=4",1,OK,,HIGH
0001023459,SLP,2018,0001023459_SLP_FY2018_10K.html,,"August 31, 2018",Not disclosed,Not disclosed,,,No,,Not disclosed,,Not disclosed,,0,unknown,,0,False,,"score=7,idx=5373,zone=6",1,OK,,HIGH
0001023459,SLP,2019,0001023459_SLP_FY2019_10K.html,,"August 31, 2019",Not disclosed,Not disclosed,,,No,,Not disclosed,,Not disclosed,,0,unknown,,0,False,,"score=7,idx=5268,zone=6",1,OK,,HIGH
0001023459,SLP,2020,0001023459_SLP_FY2020_10K.html,,"August 31, 2020",Not disclosed,Not disclosed,,,No,,Not disclosed,,Not disclosed,,0,unknown,,0,False,,"score=7,idx=8686,zone=6",1,OK,,HIGH
0001023459,SLP,2021,0001023459_SLP_FY2021_10K.html,,"August 31, 2021",Not disclosed,Not disclosed,,,No,,Not disclosed,,Not disclosed,,0,unknown,,0,False,,"score=7,idx=7569,zone=6",1,OK,,HIGH
0001023459,SLP,2022,0001023459_SLP_FY2022_10K.html,,2022-10-20,Not disclosed,Not disclosed,,,No,,Not disclosed,,Not disclosed,A100,1,unknown,,0,False,,"score=5,idx=6416,zone=4",2,OK,,HIGH
0001023459,SLP,2023,0001023459_SLP_FY2023_10K.html,,"August 31, 2023",Not disclosed,Not disclosed,,,No,,Not disclosed,,Not disclosed,,0,unknown,,0,False,,"score=5,idx=6806,zone=4",2,OK,,HIGH
0001023459,SLP,2024,0001023459_SLP_FY2024_10K.html,,"August 31, 2024",Not disclosed,Not disclosed,,,No,,Not disclosed,,Not disclosed,,0,unknown,,0,False,,"score=5,idx=5658,zone=4",2,OK,,HIGH
0001029199,EEFT,2013,0001029199_EEFT_FY2013_10K.html,,,capitalized software,"Other assets include deferred financing costs, investments in unconsolidated affiliates, capitalized software development costs and capitalized payments for new or renewed contracts, contract renewals and customer conversion costs. Deferred financing costs represent expenses incurred to obtain financing that have been deferred and are being amortized over the life of the loan. Euronet capitalizes initial payments for new or renewed contracts to the extent recoverable through future operations, contractual minimums and/or penalties in the case of early termination. The Company's accounting policy is to limit the amount of capitalized costs for a given contract to the lesser of the estimated ongoing net future cash flows related to the contract or the termination fees the Company would receive in the event of early termination of the contract by the customer.",,,Not disclosed,,Not disclosed,,Not disclosed,,0,item_8_other,,1,False,,"score=4,idx=14038,zone=21254",754,ERROR,'<' not supported between instances of 'float' and 'NoneType',HIGH
0001029199,EEFT,2014,0001029199_EEFT_FY2014_10K.html,,,capitalized software,"Other assets include deferred financing costs, investments in unconsolidated affiliates, capitalized software development costs and capitalized payments for new or renewed contracts, contract renewals and customer conversion costs. Deferred financing costs represent expenses incurred to obtain financing that have been deferred and are being amortized over the life of the loan. Euronet capitalizes initial payments for new or renewed contracts to the extent recoverable through future operations, contractual minimums and/or penalties in the case of early termination. The Company's accounting policy is to limit the amount of capitalized costs for a given contract to the lesser of the estimated ongoing net future cash flows related to the contract or the termination fees the Company would receive in the event of early termination of the contract by the customer.",,,No,,", respectively, incurred when the Company entered into leases primarily for new ATMs, to upgrade ATMs or for data center computer equipment.",Item 8,Not disclosed,,0,item_8_other,,1,True,2.0-8.0 ans | 4.0 ans | 10.0 ans | 12.0 ans,"score=4,idx=14299,zone=22328",788,OK,,MEDIUM
0001029199,EEFT,2015,0001029199_EEFT_FY2015_10K.html,,,equipment,"(dollar amounts in thousands) Estimated Life Current assets $ 4,805 Property and equipment 2 - 8 years 331 Non-compete agreements 4 years 755 Proprietary software 10 years 11,912 Customer relationships 12 years 18,230 Trademarks and trade names 20 years 2,382 Goodwill Indefinite 27,917 Other non-current assets 402 Fair value of assets 66,734 Current liabilities (4,783 ) Other non-current liabilities (3,683 ) Net assets acquired $ 58,268",2.0,8.0,No,,", respectively, incurred when the Company entered into leases primarily for new ATMs, to upgrade ATMs or for data center computer equipment.",Item 8,Not disclosed,,0,item_8_other,,1,True,2.0-8.0 ans | 4.0 ans | 10.0 ans | 12.0 ans,"score=4,idx=14238,zone=22604",771,OK,,MEDIUM
0001029199,EEFT,2016,0001029199_EEFT_FY2016_10K.html,,,office equipment,"As of December 31, (in thousands) 2016 2015 ATMs $ 222,183 $ 176,221 POS terminals 40,336 44,113 Vehicles and office equipment 61,923 55,031 Computers and software 138,249 122,106 Land and buildings 1,924 2,008 464,615 399,479 Less accumulated depreciation and amortization (262,470 ) (242,111 ) Total $ 202,145 $ 157,368",,,No,,", respectively, incurred when the Company entered into leases primarily for new ATMs, to upgrade ATMs or for data center computer equipment.",Item 8,Not disclosed,,0,item_8_other,,1,False,,"score=4,idx=14692,zone=21732",771,OK,,LOW
0001029199,EEFT,2017,0001029199_EEFT_FY2017_10K.html,,,office equipment,"As of December 31, (in thousands) 2017 2016 ATMs $ 329,159 $ 222,183 POS terminals 41,218 40,336 Vehicles and office equipment 68,231 61,923 Computers and software 168,567 138,249 Land and buildings 1,256 1,924 608,431 464,615 Less accumulated depreciation and amortization (340,128 ) (262,470 ) Total $ 268,303 $ 202,145",,,No,,", respectively, incurred when the Company entered into leases primarily for new ATMs, to upgrade ATMs or for data center computer equipment.",Item 8,Not disclosed,,0,item_8_other,,1,False,,"score=4,idx=15552,zone=21916",807,OK,,LOW
0001029199,EEFT,2018,0001029199_EEFT_FY2018_10K.html,,,office equipment,"As of December 31, (in thousands) 2018 2017 ATMs $ 378,009 $ 329,159 POS terminals 36,521 41,218 Vehicles and office equipment 66,117 68,231 Computers and software 183,150 168,567 Land and buildings 1,252 1,256 665,049 608,431 Less accumulated depreciation and amortization (373,180 ) (340,128 ) Total $ 291,869 $ 268,303",,,No,,", respectively, incurred when the Company entered into leases primarily for new ATMs, to upgrade ATMs or for data center computer equipment.",Item 8,Not disclosed,,0,item_8_other,,1,False,,"score=4,idx=15243,zone=21663",717,OK,,LOW
0001029199,EEFT,2019,0001029199_EEFT_FY2019_10K.html,,2019-12-31,office equipment,"As of December 31, (in thousands) 2019 2018 ATMs $ 474,611 $ 378,009 POS terminals 38,235 36,521 Vehicles and office equipment 64,970 66,117 Computers and software 191,172 183,150 Land and buildings 1,235 1,252 770,223 665,049 Less accumulated depreciation (410,243 ) (373,180 ) Total $ 359,980 $ 291,869",,,No,,"EFT Processing Segment direct operating costs were $397.1 million for 2019 , an increase of $30.2 million or 8% as compared to 2018 . Direct operating costs in the EFT Processing Segment consist primarily of site rental fees, cash delivery costs, cash supply costs, maintenance, insurance, telecommunications, data center operations-related personnel, as well as the processing centers’ facility-related costs and other processing center-related expenses and commissions paid to retail merchants, banks and card processors involved with POS DCC transactions. The increase in direct operating costs was primarily due to the increase in the number of ATMs under management. Foreign currency movements decreased direct operating costs for 2019 by approximately $22.0 million as compared to 2018.",MD&A (Item 7),Not disclosed,,0,item_8_other,,1,False,,"score=4,idx=15002,zone=25163",807,OK,,LOW
0001029199,EEFT,2020,0001029199_EEFT_FY2020_10K.html,,"December 31, 2020","Equipment, office equipment","(8) Property and Equipment, Net The components of property and equipment, net of accumulated depreciation and amortization as of December 31, 2020 and 2019 are as follows: As of December 31, (in thousands) 2020 2019 ATMs $ 554,508 $ 474,611 POS terminals 33,258 38,235 Vehicles and office equipment 75,936 64,970 Computers and software 203,883 191,172 Land and buildings 1,285 1,235 868,870 770,223 Less accumulated depreciation (490,429 ) (410,243 ) Total $ 378,441 $ 359,980 Depreciation and amortization expense related to property and equipment, including property and equipment recorded under finance leases, for the years ended December 31, 2020, 2019 and 2018 was $ 96.1 million, $ 83.5 million and $ 75.1 million, respectively.",,,Unclear,"Acquired finite-lived intangible assets are amortized over their estimated useful lives. We evaluate the recoverability of our intangible assets for possible impairment whenever events or circumstances indicate that the carrying amount of such assets may not be recoverable. The evaluation is performed at the lowest level for which identifiable cash flows are largely independent of the cash flows of other assets and liabilities. Recoverability of these assets is measured by a comparison of the carrying amounts to the future undiscounted cash flows the assets are expected to generate. If such review indicates that the carrying amount of intangible assets is not recoverable, the carrying amount of such assets is reduced to its fair value. In addition to the recoverability assessment, we routinely review the remaining estimated useful lives of our finite-lived intangible assets. If we reduce the estimated useful life assumption for any asset, the remaining unamortized balance would be amortized over the revised estimated useful life. As of December 31, 2020 , the Consolidated Balance Sheet includes goodwill of $665.8 million and acquired intangible assets, net of accumulated amortization, of $121.9 million. The Company recorded $104.6 million of non-cash goodwill impairment charges and $2.0 million of acquired intangible asset impairment charges for the year ended December 31, 2020 . For more detail on the Company's impairment charges, see Note 9 , Goodwill and Acquired Intangible Assets, Net, to the accompanying Consolidated Financial Statements.","minals for the epay and Money Transfer Segments, and office, data center and company store computer equipment and software. Total capital expenditures for",Item 8,Not disclosed,,0,ppe_note,Note 13,3,False,,"score=2,idx=3435,zone=31205",1957,OK,,MEDIUM
0001029199,EEFT,2021,0001029199_EEFT_FY2021_10K.html,,"December 31, 2021","Equipment, office equipment","(8) Property and Equipment, Net The components of property and equipment, net of accumulated depreciation and amortization as of December 31, 2021 and 2020 are as follows: As of December 31, (in thousands) 2021 2020 ATMs $ 560,310 $ 554,508 POS terminals 31,321 33,258 Vehicles and office equipment 75,331 75,936 Computers and software 210,363 203,883 Land and buildings 687 1,285 878,012 868,870 Less accumulated depreciation (532,631 ) (490,429 ) Total $ 345,381 $ 378,441 Depreciation expense related to property and equipment, including property and equipment recorded under finance leases, for the years ended December 31, 2021, 2020 and 2019 was $ 104.7 million, $ 96.1 million and $ 83.5 million, respectively.",,,No,,"EFT Processing Segment direct operating costs were $354.3 million for the year ended December 31 , 2021 , an increase of $51.6 million or 17 % compared to the same period in 2020 . Direct operating costs primarily consist of site rental fees, cash delivery costs, cash supply costs, maintenance, insurance, telecommunications, payment scheme processing fees, data center operations-related personnel, as well as the processing centers’ facility-related costs and other processing center-related expenses and commissions paid to retail merchants, banks and card processors involved with POS DCC transactions. For the year ended December 31 , 2021, the increase in direct operating costs was primarily due to the increase in transaction volumes, and costs associated with modifying our estate of ATMs . Foreign currency movements increased direct operating costs by approximately $7.6 million for the year ended December 31, 2021 compared to the same period in 2020 .",MD&A (Item 7),Not disclosed,,0,item_8_other,,1,False,,"score=4,idx=11588,zone=19367",720,OK,,LOW
0001029199,EEFT,2022,0001029199_EEFT_FY2022_10K.html,,"December 31, 2022","Equipment, office equipment","(8) Property and Equipment, Net The components of property and equipment, net of accumulated depreciation and amortization as of December 31, 2022 and 2021 are as follows: As of December 31, (in thousands) 2022 2021 ATMs $ 578,130 $ 560,310 POS terminals 41,486 31,321 Vehicles and office equipment 76,317 75,331 Computers and software 216,450 210,363 Land and buildings 651 687 913,034 878,012 Less accumulated depreciation (576,433 ) (532,631 ) Total $ 336,601 $ 345,381 Depreciation expense related to property and equipment, including property and equipment recorded under finance leases, for the years ended December 31, 2022, 2021 and 2020 was $101.5 million, $ 104.7 million and $ 96.1 million, respectively.",,,No,,"for the year ended December 31, 2022 , an increase of $121.5 million or 34 % compared to the same period in 2021 . Direct operating costs primarily consist of site rental fees, cash delivery costs, cash supply costs, maintenance, insurance, telecommunications, payment scheme processing fees, data center operations-related personnel, as well as the processing centers’ facility-related costs and other processing center-related expenses and commissions paid to retail merchants, banks and card processors involved with POS DCC transactions.",MD&A (Item 7),Not disclosed,,0,item_8_other,,1,False,,"score=4,idx=11593,zone=19346",738,OK,,LOW
0001029199,EEFT,2024,0001029199_EEFT_FY2024_10K.html,,"December 31, 2024",capitalized software,"Other assets include capitalized software development costs and capitalized payments for new or renewed contracts. Euronet capitalizes initial payments for new or renewed contracts to the extent recoverable through future operations, contractual minimums and/or penalties in the case of early termination. The Company's accounting policy is to limit the amount of capitalized costs for a given contract to the lesser of the estimated ongoing net future cash flows related to the contract or the termination fees the Company would receive in the event of early termination of the contract by the customer. ASC Topic 340 , Other Assets and Deferred Costs (""ASC 340 "") requires the deferral of incremental costs to fulfill customer contracts, known as contract assets, which are then amortized to expense as part of direct operating costs over the respective periods of expected benefit. D eferred contract costs are reported on our balance sheet within current or non-current other assets based on the expected life of the related contract. At December 31, 2024 and 2023 , we had $97.4 million and $ 78.4 million, respectively, of deferred contract costs. For the years ended December 31, 2024 , 2023 and 2022 , w e had $23.4 million, $ 17.1 million, and $ 22.1 million of amortization related to these costs, respectively. On a quarterly basis we evaluate the carrying amount of contract assets recognized to determine if there are contracts that may have a carrying amount in excess of the remaining future consideration to be received from the contract.",,,No,,"for the year ended December 31, 2024 , an increase of $ 33.3 million or 5.8 % compared to the same period in 2023 . Direct operating costs primarily consist of site rental fees, cash delivery costs, cash supply costs, maintenance, insurance, telecommunications, payment scheme processing fees, data center operations-related personnel, as well as the processing centers’ facility-related costs and other processing center-related expenses and commissions paid to retail merchants, banks and card processors involved with POS DCC transactions.",MD&A (Item 7),Not disclosed,,0,item_8_other,,1,False,,"score=4,idx=12937,zone=19598",749,OK,,LOW
0001032220,MMS,2013,0001032220_MMS_FY2013_10K.html,,"September 30, 2013",capitalized software,"Direct costs of time and material incurred for the
development of application software for internal use are capitalized and amortized using the straight-line method over the estimated useful life of the software, ranging from three to eight years.",3.0,8.0,No,,Not disclosed,,Not disclosed,,0,significant_accounting_policies,1. Business and summary of significant accounting policies (Continued),3,True,3.0-8.0 ans | 7.0 ans,"score=7,idx=6381,zone=13395",465,OK,,MEDIUM
0001032220,MMS,2014,0001032220_MMS_FY2014_10K.html,,"September 30, 2014",capitalized software,"Direct costs of time and material incurred for the development
of application software for internal use are capitalized and amortized using the straight-line method over the estimated useful life of the software, ranging from three to eight years.",3.0,8.0,No,,Not disclosed,,Not disclosed,,0,significant_accounting_policies,1. Business and summary of significant accounting policies (Continued),3,True,3.0-8.0 ans | 7.0 ans,"score=7,idx=6198,zone=17567",414,OK,,MEDIUM
0001032220,MMS,2015,0001032220_MMS_FY2015_10K.html,,"September 30, 2015",capitalized software,"Direct costs of time and material incurred for the development
of application software for internal use are capitalized and amortized using the straight-line method over the estimated useful life of the software, ranging from three to eight years.",3.0,8.0,No,,Not disclosed,,Not disclosed,,0,significant_accounting_policies,1. Business and summary of significant accounting policies (Continued),3,True,3.0-8.0 ans | 7.0 ans,"score=7,idx=8319,zone=19505",422,OK,,MEDIUM
0001032220,MMS,2019,0001032220_MMS_FY2019_10K.html,,2019-10-10,capitalized software,"Direct costs of time and materials incurred for the development of application software for internal use are capitalized and depreciated using the straight-line method over the estimated useful life of the software, ranging from three to eight years.",3.0,8.0,No,,Not disclosed,,"In August 2018, the Financial Accounting Standards Board (FASB) issued ASU No. 2018-15, Intangibles - Goodwill and Other - Internal-Use Software (Subtopic 350-40) - Customer’s Accounting for Implementation Costs Incurred in a Cloud Computing Arrangement That Is a Service Contract . This accounting guidance requires customers in cloud-computing arrangements to identify and defer certain implementation costs in a manner broadly consistent with that of existing guidance on the costs to develop or obtain internal-use software. We will adopt this guidance on October 1, 2020. The guidance may be adopted early and we may adopt using either a prospective or retrospective methodology. We are currently assessing the future impact of this update on its consolidated financial statements and related disclosures. ||| Intangibles - Goodwill and Other - Internal-Use Software (Subtopic 350-40) - Customer’s Accounting for Implementation Costs Incurred in a Cloud Computing Arrangement That Is a Service Contract",A100,1,significant_accounting_policies,1. Business and summary of significant accounting policies,3,True,3.0-8.0 ans | 7.0 ans,"score=5,idx=9199,zone=10885",509,OK,,MEDIUM
0001034670,ALV,2013,0001034670_ALV_FY2013_10K.html,,"December 31, 2013",Not disclosed,Not disclosed,,,No,,Not disclosed,,Not disclosed,,0,unknown,,0,False,,"score=4,idx=4248,zone=14",3,OK,,HIGH
0001034670,ALV,2014,0001034670_ALV_FY2014_10K.html,,"December 31, 2014",Not disclosed,Not disclosed,,,No,,Not disclosed,,Not disclosed,,0,unknown,,0,False,,"score=4,idx=4256,zone=6",2,OK,,HIGH
0001034670,ALV,2015,0001034670_ALV_FY2015_10K.html,,"December 31, 2015",Not disclosed,Not disclosed,,,No,,Not disclosed,,Not disclosed,,0,unknown,,0,False,,"score=4,idx=3812,zone=6",2,OK,,HIGH
0001034670,ALV,2016,0001034670_ALV_FY2016_10K.html,,"December 31, 2016",Not disclosed,Not disclosed,,,No,,Not disclosed,,Not disclosed,NVIDIA,1,unknown,,0,False,,"score=4,idx=4804,zone=6",2,OK,,HIGH
0001034670,ALV,2017,0001034670_ALV_FY2017_10K.html,,,Not disclosed,Not disclosed,,,No,,"Increases in IT security threats, the sophistication of computer crime and our reliance on global data centers could expose our systems, networks, solutions and services to risks",Item 8,"We rely on third parties to provide or maintain some of our IT systems, data centers and related services and do not exercise direct control over these systems. Despite the implementation of security measures at our own and at third party locations, these IT systems, data centers and cloud services are vulnerable to disruptions, including those resulting from natural disasters, cyber-attacks or failures in third-party-provided services. Cyberattacks have become increasingly frequent and sophisticated and could target software embedded in certain of our products. To the extent that any disruption or security breach results in misappropriation, loss or damage to our data, or an inappropriate disclosure of our confidential or our customer’s information, it could cause significant damage to our reputation, affect our relationships with our customers create significant expense for us to investigate and remediate damage, lead to claims against the Company and ultimately harm our business. In addition, we may be required to incur significant costs to protect against damage caused by these disruptions or security breaches in the future.",NVIDIA,1,unknown,,0,False,,"score=4,idx=17401,zone=22439",937,OK,,HIGH
0001035443,ARE,2013,0001035443_ARE_FY2013_10K.html,,,Not disclosed,Not disclosed,,,No,,Not disclosed,,Not disclosed,,0,unknown,,0,False,,"score=7,idx=57184,zone=13",2,OK,,HIGH
0001035443,ARE,2014,0001035443_ARE_FY2014_10K.html,,,Not disclosed,Not disclosed,,,No,,Not disclosed,,Not disclosed,,0,unknown,,0,False,,"score=7,idx=68041,zone=13",2,OK,,HIGH
0001035443,ARE,2015,0001035443_ARE_FY2015_10K.html,,,Not disclosed,Not disclosed,,,No,,Not disclosed,,Not disclosed,,0,unknown,,0,False,,"score=7,idx=72933,zone=10",2,OK,,HIGH
0001035443,ARE,2016,0001035443_ARE_FY2016_10K.html,,,Not disclosed,Not disclosed,,,No,,Not disclosed,,Not disclosed,,0,unknown,,0,False,,"score=7,idx=66222,zone=11",2,OK,,HIGH
0001035443,ARE,2017,0001035443_ARE_FY2017_10K.html,,,Not disclosed,Not disclosed,,,No,,Not disclosed,,Not disclosed,,0,unknown,,0,False,,"score=7,idx=74905,zone=11",2,OK,,HIGH
0001035443,ARE,2018,0001035443_ARE_FY2018_10K.html,,,Not disclosed,Not disclosed,,,No,,Not disclosed,,Not disclosed,,0,unknown,,0,False,,"score=7,idx=81431,zone=11",2,OK,,HIGH
0001035443,ARE,2019,0001035443_ARE_FY2019_10K.html,,"December 31, 2019",Not disclosed,Not disclosed,,,No,,Not disclosed,,Not disclosed,,0,unknown,,0,False,,"score=7,idx=83718,zone=11",2,OK,,HIGH
0001035443,ARE,2020,0001035443_ARE_FY2020_10K.html,,2021-02-01,Not disclosed,Not disclosed,,,No,,Not disclosed,,Not disclosed,,0,unknown,,0,False,,"score=5,idx=43844,zone=10",2,OK,,HIGH
0001035443,ARE,2021,0001035443_ARE_FY2021_10K.html,,2022-01-31,Not disclosed,Not disclosed,,,No,,Not disclosed,,Not disclosed,B100,1,unknown,,0,False,,"score=5,idx=46258,zone=10",2,OK,,HIGH
0001035443,ARE,2022,0001035443_ARE_FY2022_10K.html,,2022-12-31,Not disclosed,Not disclosed,,,No,,Not disclosed,,Not disclosed,,0,unknown,,0,False,,"score=5,idx=45897,zone=10",2,OK,,HIGH
0001035443,ARE,2023,0001035443_ARE_FY2023_10K.html,,2024-01-29,Not disclosed,Not disclosed,,,No,,Not disclosed,,Not disclosed,,0,unknown,,0,False,,"score=5,idx=44997,zone=10",2,OK,,HIGH
0001035443,ARE,2024,0001035443_ARE_FY2024_10K.html,,2025-01-27,Not disclosed,Not disclosed,,,No,,Not disclosed,,Not disclosed,,0,unknown,,0,False,,"score=7,idx=82506,zone=9",3,OK,,HIGH
0001037038,RL,2013,0001037038_RL_FY2013_10K.html,,"March 29, 2014",Not disclosed,Not disclosed,,,No,,Not disclosed,,Not disclosed,,0,unknown,,0,False,,"score=3,idx=15168,zone=7",2,OK,,HIGH
0001037038,RL,2014,0001037038_RL_FY2014_10K.html,,"March 28, 2015",Not disclosed,Not disclosed,,,No,,Not disclosed,,Not disclosed,,0,unknown,,0,False,,"score=3,idx=15621,zone=7",2,OK,,HIGH
0001037038,RL,2015,0001037038_RL_FY2015_10K.html,,"April 2, 2016",Not disclosed,Not disclosed,,,No,,Not disclosed,,Not disclosed,,0,unknown,,0,False,,"score=3,idx=15555,zone=8",2,OK,,HIGH
0001037038,RL,2016,0001037038_RL_FY2016_10K.html,,"April 1, 2017",Not disclosed,Not disclosed,,,No,,Not disclosed,,Not disclosed,,0,unknown,,0,False,,"score=3,idx=17405,zone=8",2,OK,,HIGH
0001037038,RL,2017,0001037038_RL_FY2017_10K.html,,"March 31, 2018",Not disclosed,Not disclosed,,,No,,Not disclosed,,Not disclosed,,0,unknown,,0,False,,"score=3,idx=17704,zone=8",2,OK,,HIGH
0001037038,RL,2018,0001037038_RL_FY2018_10K.html,,"March 30, 2019",Not disclosed,Not disclosed,,,No,,Not disclosed,,Not disclosed,,0,unknown,,0,False,,"score=3,idx=16926,zone=8",2,OK,,HIGH
0001037038,RL,2019,0001037038_RL_FY2019_10K.html,,"March 28, 2020",Not disclosed,Not disclosed,,,No,,Not disclosed,,Not disclosed,,0,unknown,,0,False,,"score=3,idx=21653,zone=8",2,OK,,HIGH
0001037038,RL,2020,0001037038_RL_FY2020_10K.html,,2021-03-27,Not disclosed,Not disclosed,,,No,,Not disclosed,,Not disclosed,,0,unknown,,0,False,,"score=2,idx=13333,zone=5",2,OK,,HIGH
0001037038,RL,2021,0001037038_RL_FY2021_10K.html,,2022-05-18,Not disclosed,Not disclosed,,,No,,Not disclosed,,Not disclosed,,0,unknown,,0,False,,"score=2,idx=13403,zone=5",2,OK,,HIGH
0001037038,RL,2022,0001037038_RL_FY2022_10K.html,,2023-04-01,Not disclosed,Not disclosed,,,No,,Not disclosed,,Not disclosed,,0,unknown,,0,False,,"score=2,idx=13022,zone=5",2,OK,,HIGH
0001037038,RL,2023,0001037038_RL_FY2023_10K.html,,2024-05-16,Not disclosed,Not disclosed,,,No,,Not disclosed,,Not disclosed,,0,unknown,,0,False,,"score=2,idx=12769,zone=5",2,OK,,HIGH
0001037038,RL,2024,0001037038_RL_FY2024_10K.html,,2025-05-15,Not disclosed,Not disclosed,,,No,,Not disclosed,,Not disclosed,,0,unknown,,0,False,,"score=2,idx=12866,zone=5",2,OK,,HIGH
0001037540,BXP,2014,0001037540_BXP_FY2014_10K.html,,"December 31, 2014",Not disclosed,Not disclosed,,,No,,Not disclosed,,Not disclosed,,0,unknown,,0,False,,"score=4,idx=46952,zone=22353",601,OK,,HIGH
0001037540,BXP,2018,0001037540_BXP_FY2018_10K.html,,,Not disclosed,Not disclosed,,,No,,Not disclosed,,Not disclosed,,0,unknown,,0,False,,"score=4,idx=60962,zone=32054",1212,OK,,HIGH
0001037540,BXP,2019,0001037540_BXP_FY2019_10K.html,,2019-12-31,Not disclosed,Not disclosed,,,No,,Not disclosed,,Not disclosed,,0,unknown,,0,False,,"score=4,idx=57833,zone=41763",1245,OK,,HIGH
0001604778,QRVO,2014,0001604778_QRVO_FY2014_10K.html,,"March 28, 2015",Not disclosed,Not disclosed,,,No,,Not disclosed,,Not disclosed,,0,unknown,,0,False,,"score=6,idx=9268,zone=16993",958,OK,,HIGH
0001604778,QRVO,2015,0001604778_QRVO_FY2015_10K.html,,"April 2, 2016",Not disclosed,Not disclosed,,,No,,"broadband customer premise equipment, home automation, in-vehicle infotainment, data center and military radar and communications. Our products are helping to drive the ongoing, rapid transformation of how people around the world interact with their communities, access and use data, and transact commerce.",MD&A (Item 7),", ""Intangibles - Goodwill and Other - Internal-Use Software (Subtopic 350-40): Customer's Accounting for Fees Paid in a Cloud Computing Arrangement ||| "" which provides additional guidance to customers about whether a cloud computing arrangement includes a software license. Under this guidance, if a cloud computing arrangement contains a software license, customers should account for the license element of the arrangement in a manner consistent with the acquisition of other software licenses. If the arrangement does not contain a software license, customers should account for the arrangement as a service contract. We will adopt the provisions of this standard in the first quarter of fiscal 2017, and we do not expect this new guidance to have a significant impact on our consolidated financial statements. ||| In April 2015, the FASB issued ASU 2015-05 , ""Intangibles - Goodwill and Other - Internal-Use Software (Subtopic 350-40): Customer's Accounting for Fees Paid in a Cloud Computing Arrangement "" which provides additional guidance to customers about whether a cloud computing arrangement includes a software license. Under this guidance, if a cloud computing arrangement contains a software license, customers should account for the license element of the arrangement in a manner consistent with the acquisition of other software licenses. If the arrangement does not contain a software license, customers should account for the arrangement as a service contract. We will adopt the provisions of this standard in the first quarter of fiscal 2017, and we do not expect this new guidance to have a significant impact on our consolidated financial statements.",,0,unknown,,0,False,,"score=6,idx=10080,zone=17350",1053,OK,,HIGH
0001604778,QRVO,2018,0001604778_QRVO_FY2018_10K.html,,"March 30, 2019",equipment,"The Company recorded restructuring expenses, including accelerated depreciation and impairment charges on certain property and equipment, of",,,Yes,"The Company periodically evaluates the period over which it expects to recover the economic value of the Company’s property and equipment, considering factors such as changes in machinery and equipment technology, the ability to re-use equipment across generations of process technology and historical usage trends. If the Company determines that the useful lives of its assets are shorter or longer than originally estimated, the rate of depreciation is adjusted to reflect the revised useful lives of the assets.",Not disclosed,,"Intangibles-Goodwill and Other-Internal-Use Software (Subtopic 350-40): Customer’s Accounting for Implementation Costs Incurred in a Cloud Computing Arrangement That Is a Service Contract"" ||| which clarifies the accounting for implementation costs in cloud computing arrangements. The Company adopted ASU 2018-15, on a prospective basis, in the fourth quarter of fiscal 2019 and there was no material impact to the Company's Consolidated Financial Statements. ||| In August 2018, the FASB issued ASU 2018-15, "" Intangibles-Goodwill and Other-Internal-Use Software (Subtopic 350-40): Customer’s Accounting for Implementation Costs Incurred in a Cloud Computing Arrangement That Is a Service Contract"" which clarifies the accounting for implementation costs in cloud computing arrangements. The Company adopted ASU 2018-15, on a prospective basis, in the fourth quarter of fiscal 2019 and there was no material impact to the Company's Consolidated Financial Statements.",,0,ppe_note,"1. The Company recorded restructuring expenses, including accelerated depreciation and impairment charges on certain property and equipment, of",3,True,1.0 ans | 10.0 ans | 15.0 ans,"score=6,idx=9046,zone=25082",1010,OK,,MEDIUM
