firm_cik,firm_ticker,fiscal_year,filename,filing_date,period_end_date,asset_category,useful_life_text,useful_life_min_years,useful_life_max_years,policy_change,policy_change_text,ai_infra_text,ai_infra_source,segment_ai_text,hardware_mentions,hardware_count,source_section,section_title,confidence,ambiguity_flag,ambiguity_detail,item8_method,item8_segment_count,extraction_status,error_message,review_priority
0000075677,PKG,2013,0000075677_PKG_FY2013_10K.html,,"December 31, 2013","technology, capitalized software","The costs attributable to these software systems are amortized over their estimated useful lives based on various factors such as the effects of obsolescence, technology and other economic factors.",,,No,,Not disclosed,,Not disclosed,,0,item_8_other,,1,False,,"score=3,idx=11601,zone=23550",491,OK,,LOW
0000075677,PKG,2014,0000075677_PKG_FY2014_10K.html,,"December 31, 2014","technology, capitalized software","The costs attributable to these software systems are amortized over their estimated useful lives based on various factors such as the effects of obsolescence, technology, and other economic factors.",,,Yes,"of incremental depreciation expense primarily related to shortening the useful lives of assets at the DeRidder, Louisiana, mill, related primarily to the newsprint business which we exited in 2014.",Not disclosed,,Not disclosed,,0,item_8_other,,1,False,,"score=3,idx=14478,zone=23872",494,OK,,LOW
0000075677,PKG,2015,0000075677_PKG_FY2015_10K.html,,"December 31, 2015","technology, capitalized software","The costs attributable to these software systems are amortized over their estimated useful lives based on various factors such as the effects of obsolescence, technology, and other economic factors.",,,Yes,", respectively, of incremental depreciation expense primarily related to shortening the useful lives of assets related to the restructuring at the DeRidder, Louisiana, mill.",Not disclosed,,Not disclosed,,0,item_8_other,,1,False,,"score=3,idx=14037,zone=23091",495,OK,,LOW
0000075677,PKG,2016,0000075677_PKG_FY2016_10K.html,,"December 31, 2016","technology, capitalized software","The costs attributable to these software systems are amortized over their estimated useful lives based on various factors such as the effects of obsolescence, technology, and other economic factors.",,,Yes,", respectively, of incremental depreciation expense primarily related to shortening the useful lives of assets related to the restructuring at the DeRidder, Louisiana, mill.",Not disclosed,,Not disclosed,,0,item_8_other,,1,False,,"score=3,idx=13606,zone=22586",529,OK,,LOW
0000704532,ONTO,2019,0000704532_ONTO_FY2019_10K.html,,2019-12-31,Not disclosed,Not disclosed,,,No,,"Our business is affected by the annual spending patterns of our customers on semiconductor capital equipment. The amount that our customers devote to capital equipment spending depends on a number of factors, including general worldwide economic conditions as well as other economic drivers such as personal computers, mobile devices, data centers, artificial intelligence and automotive sales. Current forecasts by industry analysts for the semiconductor device manufacturing industry project capital equipment spending to increase approximately 5% to 8% for 2020 as compared to 2019. Our revenue and profitability tend to follow the trends of certain segments within the semiconductor market.",MD&A (Item 7),Not disclosed,,0,unknown,,0,False,,"score=3,idx=7620,zone=11",2,OK,,HIGH
0000704532,ONTO,2020,0000704532_ONTO_FY2020_10K.html,,2020-12-26,Not disclosed,Not disclosed,,,No,,"Our business is affected by the annual spending patterns of our customers on semiconductor capital equipment. The amount that our customers devote to capital equipment spending depends on a number of factors, including general worldwide economic conditions as well as other economic drivers such as personal computers, mobile devices, data centers, artificial intelligence and automotive sales. Current forecasts by industry analysts for the semiconductor device manufacturing industry project capital equipment spending to increase approximately 14% to 16% for 2021 as compared to 2020. Our revenue and profitability tend to follow the trends of certain segments within the semiconductor market.",MD&A (Item 7),Not disclosed,,0,unknown,,0,False,,"score=3,idx=7108,zone=4",2,OK,,HIGH
0000704532,ONTO,2021,0000704532_ONTO_FY2021_10K.html,,"January 1, 2022",Not disclosed,Not disclosed,,,No,,Not disclosed,,"During fiscal 2021, there was an increase in wafer fabrication equipment spending by semiconductor manufacturers, driven by the growing importance of semiconductor technology across a broadening range of industries, from mobile devices to cloud computing and high-performance computers. We are also seeing increasing global emphasis on more advanced power devices for electric vehicles and smart power grids to help combat climate change. Customer demand was strong throughout the year and we continued to increase our production output levels. Revenues in the four quarters of 2021 increased sequentially as customers transitioned to advanced nodes and increased advanced packaging volumes. While we have seen improvements in our own operations, we experienced higher costs of goods sold related to freight and logistics costs during the year. Risks and uncertainties related to the COVID-19 pandemic and the supply chain remain and we expect this uncertainty especially in the supply chain to continue to be a factor through at least the first half of 2022, and possibly the entire year. Over the longer term, we believe that demand for semiconductors will continue to drive sustainable growth for our products and services across all of the markets we serve.",,0,unknown,,0,False,,"score=3,idx=7304,zone=4",2,OK,,HIGH
0000704532,ONTO,2022,0000704532_ONTO_FY2022_10K.html,,"December 31, 2022",Not disclosed,Not disclosed,,,No,,Not disclosed,,Not disclosed,,0,unknown,,0,False,,"score=4,idx=7651,zone=4",2,OK,,HIGH
0000704532,ONTO,2023,0000704532_ONTO_FY2023_10K.html,,2023-12-30,Not disclosed,Not disclosed,,,No,,Not disclosed,,Not disclosed,B100;B200,2,unknown,,0,False,,"score=4,idx=7602,zone=4",2,OK,,HIGH
0000704532,ONTO,2024,0000704532_ONTO_FY2024_10K.html,,2024-12-28,Not disclosed,Not disclosed,,,No,,Not disclosed,,Not disclosed,B100,1,unknown,,0,False,,"score=4,idx=7848,zone=4",2,OK,,HIGH
0001038074,SLAB,2013,0001038074_SLAB_FY2013_10K.html,,"December 28, 2013",Not disclosed,Not disclosed,,,No,,Not disclosed,,"family
of universal digital video broadcast (DVB) demodulators that support the latest worldwide DVB standards for cable, terrestrial and satellite reception; a low-jitter, low-power and
frequency-flexible timing solution for high-speed networking equipment based on the Synchronous Ethernet (SyncE) standard; a new family of silicon TV tuners offering high performance, integration and
low system cost while supporting all worldwide terrestrial and cable TV standards; highly integrated, feature-rich 8-bit MCUs optimized for cost-sensitive motor control applications; highly integrated
microelectromechanical system (MEMS) oscillators based on our CMEMS (CMOS+MEMS) technology and designed to replace general-purpose crystal oscillators (XOs) in cost-sensitive, low-power and
high-volume industrial, embedded and consumer electronics applications; ultra-small and low-power PCI Express (PCIe) clock generators; XOs that meet ultra-low jitter requirements for cloud computing
and networking equipment; digital CMOS-based drop-in replacement solutions for opto-drivers; a single-chip digital radio receiver developed for the global portable and consumer electronics markets;
next-generation analog-tuned, analog/digital-display (ATxD) multiband radio ICs; and a high-performance, ultra-low-power sub-GHz wireless transceiver optimized for China's smart metering market. We
plan to continue to introduce products that increase the content we provide for existing applications, thereby enabling us to serve markets we do not currently address and expanding our total
available market opportunity. ||| Recent
development projects include a new family of sub-GHz wireless MCUs optimized for power-sensitive, battery-powered systems with RF connectivity; a high-performance bridge
controller for USB connectivity applications; RH and temperature sensors that simplify RH sensing designs while providing power efficiency and ease of use; the EFM32 Zero Gecko MCU family designed to
achieve low system energy consumption for a wide range of battery-powered applications; a family of universal DVB demodulators that support the latest worldwide DVB standards for cable, terrestrial
and satellite reception; a low-jitter, low-power and frequency-flexible timing solution for high-speed networking equipment based on the SyncE standard; a new family of silicon TV tuners offering high
performance, integration and low system cost while supporting all worldwide terrestrial and cable TV standards; highly integrated, feature-rich 8-bit MCUs optimized for cost-sensitive motor control
applications;
highly integrated MEMS oscillators based on our CMEMS technology and designed to replace general-purpose XOs in cost-sensitive, low-power and high-volume industrial, embedded and consumer electronics
applications; ultra-small and low-power PCIe clock generators; XOs that meet ultra-low jitter requirements for cloud computing and networking equipment; digital CMOS-based drop-in replacement
solutions for opto-drivers; a single-chip digital radio receiver developed for the global portable and consumer electronics markets; next-generation analog-tuned, analog/digital-display (ATxD)
multiband radio ICs; and a high-performance, ultra-low-power sub-GHz wireless transceiver optimized for China's smart metering market.",,0,unknown,,0,False,,"score=4,idx=7931,zone=4",1,OK,,HIGH
0001038074,SLAB,2014,0001038074_SLAB_FY2014_10K.html,,"January 3, 2015",Not disclosed,Not disclosed,,,No,,"In
fiscal 2014, we introduced digital TV demodulators offering expanded support for emerging and established satellite, terrestrial and cable standards; a new family of PCI Express
(PCIe) Gen1/2/3 fanout buffers designed for data center applications; next-generation EZRadio and EZRadioPRO® wireless ICs offering outstanding power efficiency, wireless range and
flexibility; the sixth generation of our high-performance TV tuner ICs addressing global hybrid TV and digital TV markets; a small PCIe-compliant clock generator targeting consumer and embedded
applications; sensor development kits to accelerate Internet of Things (IoT) system design; high-performance automotive tuner ICs designed to enhance AM/FM digital radio performance for car radio
systems supporting broadcast",MD&A (Item 7),Not disclosed,,0,unknown,,0,False,,"score=4,idx=7933,zone=4",1,OK,,HIGH
0001038074,SLAB,2015,0001038074_SLAB_FY2015_10K.html,,"January 2, 2016",Not disclosed,Not disclosed,,,No,,Not disclosed,,Not disclosed,,0,unknown,,0,False,,"score=4,idx=8040,zone=4",1,OK,,HIGH
0001038074,SLAB,2016,0001038074_SLAB_FY2016_10K.html,,"December 31, 2016",Not disclosed,Not disclosed,,,No,,Not disclosed,,Not disclosed,,0,unknown,,0,False,,"score=4,idx=8147,zone=4",1,OK,,HIGH
0001038074,SLAB,2017,0001038074_SLAB_FY2017_10K.html,,"December 30, 2017",Not disclosed,Not disclosed,,,No,,Not disclosed,,Not disclosed,,0,unknown,,0,False,,"score=4,idx=8229,zone=12",1,OK,,HIGH
0001038074,SLAB,2018,0001038074_SLAB_FY2018_10K.html,,"December 29, 2018",Not disclosed,Not disclosed,,,No,,Not disclosed,,Not disclosed,,0,unknown,,0,False,,"score=4,idx=8129,zone=4",1,OK,,HIGH
0001038074,SLAB,2019,0001038074_SLAB_FY2019_10K.html,,"December 28, 2019",Not disclosed,Not disclosed,,,No,,Not disclosed,,Not disclosed,,0,unknown,,0,False,,"score=6,idx=9480,zone=6",2,OK,,HIGH
0001038074,SLAB,2020,0001038074_SLAB_FY2020_10K.html,,"January 2, 2021",Not disclosed,Not disclosed,,,No,,Not disclosed,,Not disclosed,,0,unknown,,0,False,,"score=6,idx=8163,zone=6",2,OK,,HIGH
0001038074,SLAB,2021,0001038074_SLAB_FY2021_10K.html,,2022-01-01,Not disclosed,Not disclosed,,,No,,Not disclosed,,Not disclosed,,0,unknown,,0,False,,"score=6,idx=7839,zone=4",2,OK,,HIGH
0001038074,SLAB,2022,0001038074_SLAB_FY2022_10K.html,,"December 31, 2022",Not disclosed,Not disclosed,,,No,,Not disclosed,,Not disclosed,,0,unknown,,0,False,,"score=6,idx=6910,zone=14",2,OK,,HIGH
0001038074,SLAB,2023,0001038074_SLAB_FY2023_10K.html,,"December 30, 2023",Not disclosed,Not disclosed,,,No,,Not disclosed,,Not disclosed,,0,unknown,,0,False,,"score=6,idx=6728,zone=4",2,OK,,HIGH
0001038074,SLAB,2024,0001038074_SLAB_FY2024_10K.html,,2024-12-28,Not disclosed,Not disclosed,,,No,,Not disclosed,,Not disclosed,,0,unknown,,0,False,,"score=2,idx=4807,zone=4",2,OK,,HIGH
0001069258,KTOS,2013,0001069258_KTOS_FY2013_10K.html,,"DECEMBER 29, 2013",Not disclosed,Not disclosed,,,No,,"Our KGS segment provides C5ISR products, solutions and services primarily for strategic mission critical national security programs and priorities. Our primary end customers in the KGS segment are U.S. Government agencies, including the Department of Defense (""DoD""), classified agencies, intelligence agencies, civilian agencies, other national security agencies and homeland security related agencies. Our work includes electronic warfare/attack and intelligence, reconnaissance and surveillance; satellite command and control, satellite communications support, signal monitoring, interference detection and geolocation; unmanned aerial systems and unmanned ground systems; ballistic missile defense test and evaluation; cyber and IT; learning, performance and training solutions; missile range operations and technical services; weapon systems lifecycle sustainment, support and extension; manufacturing of specialized tactical combat products, shelters and enclosures for C5ISR systems, UAVs, modular data centers and critical infrastructure shelters, weapons systems and warfighters.",MD&A (Item 7),Not disclosed,,0,unknown,,0,False,,"score=4,idx=9501,zone=12",2,OK,,HIGH
0001069258,KTOS,2014,0001069258_KTOS_FY2014_10K.html,,"DECEMBER 28, 2014",Not disclosed,Not disclosed,,,No,,"Our KGS segment provides C5ISR products, solutions and services primarily for strategic mission critical national security programs and priorities. Our primary end customers in the KGS segment are U.S. Government agencies, including the Department of Defense (""DoD""), classified agencies, intelligence agencies, civilian agencies, other national security agencies and homeland security related agencies. Our work includes electronic warfare/attack and intelligence, reconnaissance and surveillance; satellite command and control, satellite communications support, signal monitoring, interference detection and geolocation; unmanned aerial systems and unmanned ground systems; ballistic missile defense test and evaluation; cyber and IT; learning, performance and training solutions; missile range operations and technical services; weapon systems lifecycle sustainment, support and extension; manufacturing of specialized tactical combat products, shelters and enclosures for C5ISR systems, UAVs, modular data centers and critical infrastructure shelters, weapons systems and warfighters.",MD&A (Item 7),Not disclosed,,0,unknown,,0,False,,"score=4,idx=9748,zone=12",2,OK,,HIGH
0001069258,KTOS,2015,0001069258_KTOS_FY2015_10K.html,,"DECEMBER 27, 2015",Not disclosed,Not disclosed,,,No,,Not disclosed,,Not disclosed,,0,unknown,,0,False,,"score=4,idx=9536,zone=12",2,OK,,HIGH
0001069258,KTOS,2016,0001069258_KTOS_FY2016_10K.html,,"DECEMBER 25, 2016",Not disclosed,Not disclosed,,,No,,Not disclosed,,Not disclosed,,0,unknown,,0,False,,"score=4,idx=9336,zone=13",2,OK,,HIGH
0001069258,KTOS,2017,0001069258_KTOS_FY2017_10K.html,,"DECEMBER 31, 2017",Not disclosed,Not disclosed,,,No,,Not disclosed,,Not disclosed,,0,unknown,,0,False,,"score=4,idx=9576,zone=13",2,OK,,HIGH
0001069258,KTOS,2018,0001069258_KTOS_FY2018_10K.html,,"DECEMBER 30, 2018",Not disclosed,Not disclosed,,,No,,Not disclosed,,Not disclosed,,0,unknown,,0,False,,"score=4,idx=8882,zone=13",2,OK,,HIGH
0001069258,KTOS,2019,0001069258_KTOS_FY2019_10K.html,,2019-12-29,Not disclosed,Not disclosed,,,No,,Not disclosed,,Not disclosed,,0,unknown,,0,False,,"score=4,idx=10241,zone=13",2,OK,,HIGH
0001069258,KTOS,2020,0001069258_KTOS_FY2020_10K.html,,2020-12-27,Not disclosed,Not disclosed,,,No,,Not disclosed,,Not disclosed,B100,1,unknown,,0,False,,"score=2,idx=7683,zone=11",2,OK,,HIGH
0001069258,KTOS,2021,0001069258_KTOS_FY2021_10K.html,,2022-03-14,Not disclosed,Not disclosed,,,No,,Not disclosed,,Not disclosed,,0,unknown,,0,False,,"score=2,idx=6922,zone=11",2,OK,,HIGH
0001069258,KTOS,2022,0001069258_KTOS_FY2022_10K.html,,2022-12-25,Not disclosed,Not disclosed,,,No,,Not disclosed,,Not disclosed,,0,unknown,,0,False,,"score=2,idx=7198,zone=11",2,OK,,HIGH
0001069258,KTOS,2023,0001069258_KTOS_FY2023_10K.html,,"DECEMBER 31, 2023",Not disclosed,Not disclosed,,,No,,Not disclosed,,Not disclosed,,0,unknown,,0,False,,"score=2,idx=7179,zone=11",2,OK,,HIGH
0001069258,KTOS,2024,0001069258_KTOS_FY2024_10K.html,,"DECEMBER 29, 2024",Not disclosed,Not disclosed,,,No,,Not disclosed,,Not disclosed,,0,unknown,,0,False,,"score=2,idx=7279,zone=11",2,OK,,HIGH
0001077183,NEO,2013,0001077183_NEO_FY2013_10K.html,,"December 31, 2013",Not disclosed,Not disclosed,,,Unclear,"The Company prepares
its consolidated financial statements in conformity with accounting principles generally accepted in the United States of America. These principles require management to make estimates, judgments and assumptions that affect the reported amounts of
assets, liabilities, revenues and expenses, together with amounts disclosed in the related notes to the consolidated financial statements. Actual results and outcomes may differ from management’s estimates, judgments and assumptions.
Significant estimates, judgments and assumptions used in these consolidated financial statements include, but are not limited to, those related to revenues, accounts receivable and related allowances, contingencies, useful lives and recovery of
long-term assets, income taxes, and the fair value of stock-based compensation. These estimates, judgments, and assumptions are reviewed periodically and the effects of material revisions in estimates are reflected in the consolidated financial
statements prospectively from the date of the change in estimate.",Not disclosed,,Not disclosed,,0,unknown,,0,False,,"score=7,idx=8282,zone=8199",363,OK,,HIGH
0001077183,NEO,2014,0001077183_NEO_FY2014_10K.html,,"December 31, 2014",Not disclosed,Not disclosed,,,Unclear,"The Company prepares
its consolidated financial statements in conformity with accounting principles generally accepted in the United States of America. These principles require management to make estimates, judgments and assumptions that affect the reported amounts of
assets, liabilities, revenues and expenses, together with amounts disclosed in the related notes to the consolidated financial statements. Actual results and outcomes may differ from management’s estimates, judgments and assumptions.
Significant estimates, judgments and assumptions used in these consolidated financial statements include, but are not limited to, those related to revenues, accounts receivable and related allowances, contingencies, useful lives and recovery of
long-term assets and intangible assets, income taxes and valuation allowances, stock-based compensation and impairment analysis of goodwill. These estimates, judgments, and assumptions are reviewed periodically and the effects of material revisions
in estimates are reflected in the consolidated financial statements prospectively from the date of the change in estimate.",Not disclosed,,Not disclosed,,0,unknown,,0,False,,"score=7,idx=9525,zone=8207",408,OK,,HIGH
0001077183,NEO,2015,0001077183_NEO_FY2015_10K.html,,"December 31, 2015","Equipment, Furniture and fixtures, Computer hardware, Computer software","2015 2014 Estimated Useful Lives in Years Equipment $ 34,040 $ 19,604 3-7 Leasehold improvements 9,349 3,541 2-5 Furniture and fixtures 4,398 1,982 7 Computer hardware 5,175 4,249 3 Computer software 7,717 5,033 2-3 Assets not yet placed in service 432 495 — Subtotal 61,111 34,904 Less accumulated depreciation and amortization (26,534 ) (19,822 ) Property and equipment, net $ 34,577 $ 15,082",,,Unclear,"The Company prepares its consolidated financial statements in conformity with accounting principles generally accepted in the United States of America. These principles require management to make estimates, judgments and assumptions that affect the reported amounts of assets, liabilities, revenues and expenses, together with amounts disclosed in the related notes to the consolidated financial statements. Actual results and outcomes may differ from management’s estimates, judgments and assumptions. Significant estimates, judgments and assumptions used in these consolidated financial statements include, but are not limited to, those related to revenues, accounts receivable and related allowances, contingencies, useful lives and recovery of long-term assets and intangible assets, income taxes and valuation allowances, stock-based compensation and impairment analysis of goodwill. These estimates, judgments, and assumptions are reviewed periodically and the effects of material revisions in estimates are reflected in the consolidated financial statements prospectively from the date of the change in estimate.",Not disclosed,,Not disclosed,,0,item_8_other,,1,False,,"score=7,idx=11415,zone=12876",695,OK,,MEDIUM
0001077183,NEO,2016,0001077183_NEO_FY2016_10K.html,,"December 31, 2016",equipment,"Property and equipment are recorded at cost, net of accumulated depreciation and amortization. Property and equipment generally includes purchases of items with a cost greater than $1,000 and a useful life greater than one year. Leasehold improvements and property and equipment under capital leases are amortized over the shorter of the related lease terms or their estimated useful lives. Costs incurred in connection with the development of internal-use software are capitalized in accordance with the accounting standard for internal-use software, and are amortized over the expected useful life of the software.",1.0,,Unclear,"The Company prepares its consolidated financial statements in conformity with accounting principles generally accepted in the United States of America. These principles require management to make estimates, judgments and assumptions that affect the reported amounts of assets, liabilities, revenues and expenses, together with amounts disclosed in the related notes to the consolidated financial statements. Actual results and outcomes may differ from management’s estimates, judgments and assumptions. Significant estimates, judgments and assumptions used in these consolidated financial statements include, but are not limited to, those related to revenues, accounts receivable and related allowances, contingencies, useful lives and recovery of long-term assets and intangible assets, income taxes and valuation allowances, stock-based compensation and impairment analysis of goodwill. These estimates, judgments, and assumptions are reviewed periodically and the effects of material revisions in estimates are reflected in the consolidated financial statements prospectively from the date of the change in estimate.",Not disclosed,,Not disclosed,,0,item_8_other,,1,False,,"score=7,idx=11234,zone=14869",543,OK,,MEDIUM
0001077183,NEO,2017,0001077183_NEO_FY2017_10K.html,,"December 31, 2017","software, and are amortized over the expected useful life of the software, generally","Property and equipment are recorded at cost, net of accumulated depreciation and amortization. Property and equipment generally includes purchases of items with a cost greater than $1,000 and a useful life greater than one year. Leasehold improvements and property and equipment under capital leases are amortized over the shorter of the related lease terms or their estimated useful lives. Costs incurred in connection with the development of internal-use software are capitalized in accordance with the accounting standard for internal-use software, and are amortized over the expected useful life of the software, generally 3-5 years.",3.0,5.0,Unclear,"The Company prepares its consolidated financial statements in conformity with accounting principles generally accepted in the United States of America. These principles require management to make estimates, judgments and assumptions that affect the reported amounts of assets, liabilities, revenues and expenses, together with amounts disclosed in the related notes to the consolidated financial statements. Actual results and outcomes may differ from management’s estimates, judgments and assumptions. Significant estimates, judgments and assumptions used in these consolidated financial statements include, but are not limited to, those related to revenues, accounts receivable and related allowances, contingencies, useful lives and recovery of long-term assets and intangible assets, income taxes and valuation allowances, stock-based compensation and impairment analysis of goodwill. These estimates, judgments, and assumptions are reviewed periodically and the effects of material revisions in estimates are reflected in the consolidated financial statements prospectively from the date of the change in estimate.",Not disclosed,,Not disclosed,,0,item_8_other,,1,True,1.0 ans | 3.0-5.0 ans,"score=7,idx=12404,zone=16312",548,OK,,MEDIUM
0001077183,NEO,2018,0001077183_NEO_FY2018_10K.html,,"December 31, 2018","software, and are amortized over the expected useful life of the software, generally","Property and equipment are recorded at cost, net of accumulated depreciation and amortization. Leasehold improvements and property and equipment under capital leases are amortized over the shorter of the related lease terms or their estimated useful lives. Costs incurred in connection with the development of internal-use software are capitalized in accordance with the accounting standard for internal-use software, and are amortized over the expected useful life of the software, generally 2-5 years.",2.0,5.0,Unclear,"The Company prepares its consolidated financial statements in conformity with accounting principles generally accepted in the United States of America (“GAAP”). These principles require management to make estimates, judgments and assumptions that affect the reported amounts of assets, liabilities, revenues and expenses, together with amounts disclosed in the related notes to the consolidated financial statements. Actual results and outcomes may differ from management’s estimates, judgments and assumptions. Significant estimates, judgments and assumptions used in these consolidated financial statements include, but are not limited to those related to revenues, accounts receivable and related allowances, contingencies, useful lives and recovery of long-term assets and intangible assets, income taxes and valuation allowances, stock-based compensation and impairment analysis of goodwill. These estimates, judgments, and assumptions are reviewed periodically and the effects of material revisions in estimates are reflected in the consolidated financial statements prospectively from the date of the change in estimate.",Not disclosed,,Not disclosed,,0,item_8_other,,1,False,,"score=5,idx=11522,zone=10716",608,OK,,MEDIUM
0001077183,NEO,2019,0001077183_NEO_FY2019_10K.html,,"December 31, 2019","software, and are amortized over the expected useful life of the software, generally","Property and equipment are recorded at cost, net of accumulated depreciation and amortization. Leasehold improvements and property and equipment under capital leases are amortized over the shorter of the related lease terms or their estimated useful lives. Costs incurred in connection with the development of internal-use software are capitalized in accordance with the accounting standard for internal-use software, and are amortized over the expected useful life of the software, generally 2-10 years.",2.0,10.0,Unclear,"The Company prepares its Consolidated Financial Statements in conformity with accounting principles generally accepted in the United States of America (“GAAP”). These principles require management to make estimates, judgments and assumptions that affect the reported amounts of assets, liabilities, revenues and expenses, together with amounts disclosed in the related notes to the Consolidated Financial Statements. Actual results and outcomes may differ from management’s estimates, judgments and assumptions. Significant estimates, judgments and assumptions used in these Consolidated Financial Statements include, but are not limited to those related to revenues, accounts receivable and related allowances, contingencies, useful lives and recovery of long-term assets and intangible assets, income taxes and valuation allowances, stock-based compensation and impairment analysis of goodwill. These estimates, judgments, and assumptions are reviewed periodically and the effects of material revisions in estimates are reflected in the Consolidated Financial Statements prospectively from the date of the change in estimate.",Not disclosed,,"In August 2018, the FASB issued ASU 2018-15, Customer’s Accounting for Implementation Costs Incurred in a Cloud Computing Arrangement That Is a Service Contract , which changes the accounting for implementation costs incurred in a cloud computing arrangement that is a service contract. The update aligns the requirements for capitalizing implementation costs incurred in a hosting arrangement with the requirements for capitalizing implementation costs incurred to develop or obtain internal-use software. The implementation costs should be presented as a prepaid asset on the balance sheet and expensed over the term of the hosting arrangement. The standard was effective for annual periods, including interim periods within those annual periods, beginning after December 15, 2019. The Company will adopt this pronouncement as of January 1, 2020. We currently do not expect the adoption to have a material impact on our Consolidated Financial Statements. ||| Customer’s Accounting for Implementation Costs Incurred in a Cloud Computing Arrangement That Is a Service Contract ||| , which changes the accounting for implementation costs incurred in a cloud computing arrangement that is a service contract. The update aligns the requirements for capitalizing implementation costs incurred in a hosting arrangement with the requirements for capitalizing implementation costs incurred to develop or obtain internal-use software. The implementation costs should be presented as a prepaid asset on the balance sheet and expensed over the term of the hosting arrangement. The standard was effective for annual periods, including interim periods within those annual periods, beginning after December 15, 2019. The Company will adopt this pronouncement as of January 1, 2020. We currently do not expect the adoption to have a material impact on our Consolidated Financial Statements.",,0,item_8_other,,1,False,,"score=5,idx=10111,zone=13844",649,OK,,MEDIUM
0001077183,NEO,2020,0001077183_NEO_FY2020_10K.html,,"December 31, 2020","software, and are amortized over the expected useful life of the software, generally","Property and equipment are recorded at cost, net of accumulated depreciation and amortization. Costs incurred in connection with the development of internal-use software are capitalized in accordance with the accounting standard for internal-use software, and are amortized over the expected useful life of the software, generally 1-10 years.",1.0,10.0,Unclear,"The Company prepares its Consolidated Financial Statements in conformity with GAAP. These principles require management to make estimates, judgments and assumptions that affect the reported amounts of assets, liabilities, revenues and expenses, together with amounts disclosed in the related notes to the Consolidated Financial Statements. Actual results and outcomes may differ from management’s estimates, judgments and assumptions. Significant estimates, judgments and assumptions used in these Consolidated Financial Statements include, but are not limited to those related to revenues, accounts receivable and related allowances, contingencies, useful lives and recovery of long-term assets and intangible assets, income taxes and valuation allowances, stock-based compensation and impairment analysis of goodwill. These estimates, judgments, and assumptions are reviewed periodically and the effects of material revisions in estimates are reflected on the Consolidated Financial Statements prospectively from the date of the change in estimate.",Not disclosed,,"In August 2018, the FASB issued ASU No. 2018-15, Customer's Accounting for Implementation Costs Incurred in a Cloud Computing Arrangement That Is a Service Contract , which changes the accounting for implementation costs incurred in a cloud computing arrangement that is a service contract. The update aligns the requirements for capitalizing implementation costs incurred in a hosting arrangement with the requirements for capitalizing implementation costs incurred to develop or obtain internal-use software. The implementation costs should be presented accordingly as other assets, current and non-current on the balance sheet and expensed over the term of the hosting arrangement. The Company adopted this pronouncement on January 1, 2020 and the impact was not material to the Company's Consolidated Financial Statements. ||| Customer's Accounting for Implementation Costs Incurred in a Cloud Computing Arrangement That Is a Service Contract ||| , which changes the accounting for implementation costs incurred in a cloud computing arrangement that is a service contract. The update aligns the requirements for capitalizing implementation costs incurred in a hosting arrangement with the requirements for capitalizing implementation costs incurred to develop or obtain internal-use software. The implementation costs should be presented accordingly as other assets, current and non-current on the balance sheet and expensed over the term of the hosting arrangement. The Company adopted this pronouncement on January 1, 2020 and the impact was not material to the Company's Consolidated Financial Statements.",,0,significant_accounting_policies,Note 2. Summary of Significant Accounting Policies,3,False,,"score=5,idx=8156,zone=11184",682,OK,,MEDIUM
0001077183,NEO,2021,0001077183_NEO_FY2021_10K.html,,2021-12-31,equipment,"Property and equipment are recorded at cost, net of accumulated depreciation and amortization. Costs incurred in connection with the development of internal-use software are capitalized in accordance with the accounting standard for internal-use software, and are amortized over the expected useful life of the software.",,,Unclear,"The Company prepares its Consolidated Financial Statements in conformity with GAAP. These principles require management to make estimates, judgments, and assumptions that affect the reported amounts of assets, liabilities, revenues, and expenses, together with amounts disclosed in the related notes to the Consolidated Financial Statements. Actual results and outcomes may differ from management’s estimates, judgments, and assumptions. Significant estimates, judgments, and assumptions used in these Consolidated Financial Statements include, but are not limited to, those related to revenues, accounts receivable and related allowances, contingencies, useful lives and recovery of long-term assets and intangible assets, income taxes and valuation allowances, stock-based compensation, business combinations, and impairment analysis of goodwill. These estimates, judgments, and assumptions are reviewed periodically and the effects of material revisions in estimates are reflected on the Consolidated Financial Statements prospectively from the date of the change in estimate.",Not disclosed,,Not disclosed,,0,significant_accounting_policies,Note 2. Summary of Significant Accounting Policies,3,False,,"score=5,idx=8400,zone=11780",737,OK,,MEDIUM
0001077183,NEO,2022,0001077183_NEO_FY2022_10K.html,,2022-12-31,equipment,"Property and equipment are recorded at cost, net of accumulated depreciation and amortization. Costs incurred in connection with the development of internal-use software are capitalized in accordance with the accounting standard for internal-use software, and are amortized over the expected useful life of the software.",,,Unclear,"The Company prepares its Consolidated Financial Statements in conformity with GAAP. These principles require management to make estimates, judgments and assumptions that affect the reported amounts of assets, liabilities, revenues and expenses, together with amounts disclosed in the related notes to the Consolidated Financial Statements. Actual results and outcomes may differ from management’s estimates, judgments and assumptions. Significant estimates, judgments and assumptions used in these Consolidated Financial Statements include, but are not limited, to those related to revenues, accounts receivable and related allowances, contingencies, useful lives and recovery of long-term assets and intangible assets, income taxes and valuation allowances, stock-based compensation, business combinations, impairment analysis of goodwill, and restructuring reserves. These estimates, judgments, and assumptions are reviewed periodically and the effects of material revisions in estimates are reflected on the Consolidated Financial Statements prospectively from the date of the change in estimate.",Not disclosed,,Not disclosed,,0,significant_accounting_policies,Note 2. Summary of Significant Accounting Policies,3,False,,"score=5,idx=9293,zone=12187",699,OK,,MEDIUM
0001077183,NEO,2023,0001077183_NEO_FY2023_10K.html,,"December 31, 2023",equipment,"Property and equipment are recorded at cost, net of accumulated depreciation and amortization. Costs incurred in connection with the development of internal-use software are capitalized in accordance with the accounting standard for internal-use software, and are amortized over the expected useful life of the software.",,,Unclear,"The Company prepares its Consolidated Financial Statements in conformity with GAAP. These principles require management to make estimates, judgments and assumptions that affect the reported amounts of assets, liabilities, revenues and expenses, together with amounts disclosed in the related notes to the Consolidated Financial Statements. Actual results and outcomes may differ from management’s estimates, judgments and assumptions. Significant estimates, judgments and assumptions used in these Consolidated Financial Statements include, but are not limited, to those related to revenues, accounts receivable and related allowances, contingencies, useful lives and recovery of long-term assets and intangible assets, income taxes and valuation allowances, stock-based compensation, business combinations, impairment analysis of goodwill, and restructuring reserves. These estimates, judgments, and assumptions are reviewed periodically and the effects of material revisions in estimates are reflected on the Consolidated Financial Statements prospectively from the date of the change in estimate.",Not disclosed,,Not disclosed,,0,significant_accounting_policies,Note 2. Summary of Significant Accounting Policies,3,False,,"score=5,idx=8118,zone=10564",572,OK,,MEDIUM
0001077183,NEO,2024,0001077183_NEO_FY2024_10K.html,,"December 31, 2024",equipment,"Property and equipment are recorded at cost, net of accumulated depreciation and amortization. Costs incurred in connection with the development of internal-use software are capitalized in accordance with the accounting standard for internal-use software, and are amortized over the expected useful life of the software.",,,Unclear,"The Company prepares its Consolidated Financial Statements in conformity with GAAP. These principles require management to make estimates, judgments and assumptions that affect the reported amounts of assets, liabilities, revenues and expenses, together with amounts disclosed in the related notes to the Consolidated Financial Statements. Actual results and outcomes may differ from management’s estimates, judgments and assumptions. Significant estimates, judgments and assumptions used in these Consolidated Financial Statements include, but are not limited, to those related to revenues, accounts receivable and related allowances, contingencies, useful lives and recovery of long-term assets and intangible assets, income taxes and valuation allowances, stock-based compensation, impairment analysis of goodwill, and restructuring reserves. These estimates, judgments, and assumptions are reviewed periodically and the effects of material revisions in estimates are reflected on the Consolidated Financial Statements prospectively from the date of the change in estimate.",Not disclosed,,Not disclosed,,0,significant_accounting_policies,Note 2. Summary of Significant Accounting Policies,3,False,,"score=5,idx=7704,zone=10269",553,OK,,MEDIUM
0001086222,AKAM,2019,0001086222_AKAM_FY2019_10K.html,,"December 31, 2019","software and hardware initiatives to manage its global network more efficiently and, as a result, the expected average useful life of its network assets, primarily servers, increased from","The Company has implemented software and hardware initiatives to manage its global network more efficiently and, as a result, the expected average useful life of its network assets, primarily servers, increased from four years to five years , effective January 1, 2019.",4.0,,Yes,"Significant estimates, judgments and assumptions used in these financial statements include, but are not limited to, those related to revenue, accounts receivable and related reserves, valuation and impairment of investments and marketable securities, valuation and useful lives of acquired intangible assets, useful lives and realizability of long-lived assets, capitalized internal-use software development costs, income tax reserves and accounting for stock-based compensation.","Cost of revenue consists primarily of fees paid to network providers for bandwidth and to third-party network data centers for housing servers, also known as co-location costs. Cost of revenue also includes employee costs for services delivery and network operation, build-out and support of the Company's network; network storage costs; cost of software licenses; depreciation of",Item 8,"Akamai Technologies, Inc. (the “Company”) provides solutions for securing, delivering and optimizing content and business applications over the Internet. Its globally-distributed platform comprises more than 250,000 servers across more than 130 countries. The Company was incorporated in Delaware in 1998 and is headquartered in Cambridge, Massachusetts. The Company currently operates in one industry segment: providing cloud services for delivering, optimizing and securing content and business applications over the Internet. ||| industry segment: providing cloud services for delivering, optimizing and securing content and business applications over the Internet. ||| Implementation Costs Incurred in a Cloud Computing Arrangement That is a Service Contract",,0,significant_accounting_policies,2. Summary of Significant Accounting Policies,3,True,4.0 ans | 5.0 ans,"score=4,idx=17411,zone=22116",894,OK,,MEDIUM
0001086222,AKAM,2020,0001086222_AKAM_FY2020_10K.html,,2021-02-28,"software and hardware initiatives to manage its global network more efficiently and, as a result, the expected average useful life of its network assets, primarily servers, increased from","The Company has implemented software and hardware initiatives to manage its global network more efficiently and, as a result, the expected average useful life of its network assets, primarily servers, increased from four years to five years, effective January 1, 2019.",4.0,,Yes,"Significant estimates, judgments and assumptions used in these financial statements include, but are not limited to, those related to revenue, accounts receivable and related reserves, valuation and impairment of investments and marketable securities, valuation and useful lives of acquired intangible assets, useful lives and realizability of long-lived assets, capitalized internal-use software development costs, income tax reserves and accounting for stock-based compensation.","Cost of revenue consists primarily of fees paid to network providers for bandwidth and to third-party network data centers for housing servers, also known as co-location costs. Cost of revenue also includes employee costs for services delivery and network operation, build-out and support of the Company's network; network storage costs; cost of software licenses; depreciation of network equipment used to deliver the Company’s services; amortization of network-related internal-use software; and costs for the production of live events streamed by the Company for customers. The Company enters into contracts for bandwidth with third-party network providers with terms typically ranging from several months to five years. These contracts generally commit the Company to pay minimum monthly fees plus additional fees for bandwidth usage above the committed level. In some circumstances, internet service providers (“ISPs”) make rack space available for the Company to locate its servers and provide access to their bandwidth at a discount or no cost. Although the Company does not provide any goods or services to the ISPs or the ISPs’ customers under these arrangements, the ISPs and their customers indirectly benefit by accessing content through a local Company server, resulting in better content delivery. The Company records the cost of these vendor relationships at their negotiated transaction price, which is either at a discount or no cost.",Item 8,"Akamai Technologies, Inc. (the “Company”) provides solutions for securing, delivering and optimizing content and business applications over the internet. Its globally-distributed platform comprises more than 325,000 servers across more than 130 countries. The Company was incorporated in Delaware in 1998 and is headquartered in Cambridge, Massachusetts. The Company currently operates in one industry segment: providing cloud services for delivering, optimizing and securing content and business applications over the internet. ||| In August 2018, the FASB issued guidance that addresses a customer’s accounting for implementation costs incurred in a cloud computing arrangement that is a service contract. The guidance aligns the accounting for costs incurred to implement a cloud computing arrangement that is a service arrangement with the guidance for capitalizing costs associated with developing or obtaining internal-use software. The Company prospectively adopted this standard on January 1, 2020. Adoption of the standard did not have a material impact on the Company's consolidated financial statements. ||| The Company’s chief operating decision-maker is the chief executive officer and the executive management team. As of December 31, 2020, the Company operated in one industry segment: providing cloud services for securing, delivering and optimizing content and business applications over the internet. The Company is not organized by market and is managed and operated as one business. A single management team that reports to the chief executive officer comprehensively manages the entire business. The Company does not operate any material separate lines of business or separate business entities with respect to its services. Accordingly, the Company does not accumulate discrete financial information with respect to separate divisions and does not have separate operating or reportable segments.",,0,significant_accounting_policies,2. Summary of Significant Accounting Policies,3,True,4.0 ans | 5.0 ans,"score=2,idx=11790,zone=11156",586,OK,,MEDIUM
0001086222,AKAM,2023,0001086222_AKAM_FY2023_10K.html,,"DECEMBER 31, 2023","software and hardware initiatives to manage its global network more efficiently and, as a result, the expected average useful life of its servers increased from","The Company has implemented software and hardware initiatives to manage its global network more efficiently and, as a result, the expected average useful life of its servers increased from five years to six years, effective January 1, 2023.",5.0,,Yes,"Significant estimates, judgments and assumptions used in these financial statements include, but are not limited to, those related to revenue, accounts receivable and related reserves, valuation and impairment of investments and marketable securities, valuation and useful lives of acquired intangible assets, useful lives and realizability of long-lived assets, capitalized internal-use software development costs, income tax reserves and accounting for stock-based compensation.","Cost of revenue consists primarily of fees paid to network providers for bandwidth and to third-party network data centers for housing servers, also known as co-location costs. Cost of revenue also includes employee costs for services delivery and network operation, build-out and support of the Company's network; network storage costs; cost of software licenses; depreciation of network equipment used to deliver the Company’s services; amortization of network-related internal-use software; and costs for the production of live events streamed by the Company for customers. The Company enters into contracts for bandwidth with third-party network providers with terms typically ranging from several months to five years. These contracts generally commit the Company to pay minimum monthly fees plus additional fees for bandwidth usage above the committed level. In some circumstances, internet service providers (“ISPs”) make rack space available for the Company to locate its servers and provide access to their bandwidth at a discount or no cost. Although the Company does not provide any goods or services to the ISPs or the ISPs’ customers under these arrangements, the ISPs and their customers indirectly benefit",Item 8,"We provide solutions to power and protect life online through our massively distributed edge and cloud platform, which we refer to as Akamai Connected Cloud. Akamai Connected Cloud underpins our cloud computing, security and content delivery solutions, and is central to our financial success. The key factors that influence our financial success are our ability to build on recurring revenue commitments for our security and performance offerings, increase traffic on our network, continue to develop, scale and successfully bring to market our cloud computing platform and compute-to-edge solutions that meet the needs of professional users and enterprises, effectively manage the prices we charge for our solutions, develop new products and appropriately manage our capital spending and other expenses. The purpose of this discussion and analysis section is to provide material information relevant to an assessment of our financial condition and results of operations from management’s perspective, including to describe and explain key trends, events and other factors that impacted our reported results and that are likely to impact our future performance. ||| We primarily derive revenue from the sale of services to customers executing contracts having terms of one year or longer, which allows us to have a consistent and predictable base level of revenue. Services included in our contracts consist of security solutions, the delivery of content, applications and software over the internet, cloud computing solutions and professional services. In addition to a base level of revenue, we are also dependent on our ability to increase our product offerings and to cross-sell additional services to our new and existing customers, particularly for our security and compute solution portfolios. Our revenue is also impacted by customer renewals, the rate of adoption and timing of customer offerings, variability of one-time events, usage of cloud computing services and the amount of traffic we serve on our network. Geopolitical, economic and other developments that impact our customers' businesses can also impact our ability to attract new customers or continue to cross-sell additional services to existing customers. Over the longer term, our ability to expand our product portfolio and to effectively manage the prices we charge for our solutions are key factors impacting our revenue growth. ||| • Network build-out and supporting service costs represent another significant portion of our cost of revenue. These costs include maintenance and supporting services incurred as we continue to build out our compute infrastructure and maintain our global network, and costs of third-party cloud providers used for some of our operations. We have seen these costs increase in recent years as a result of our network expansion, and particularly the build out of our compute infrastructure. We had also experienced increased costs from third-party cloud providers, but have recently begun to mitigate those costs by migrating to our own cloud solutions and optimizing third-party cloud spend. We will need to continue to effectively manage our network build-out and supporting service costs and continue to migrate third-party cloud services to Akamai Connected Cloud to maintain or improve current levels of profitability.",,0,significant_accounting_policies,2. Summary of Significant Accounting Policies,3,True,5.0 ans | 6.0 ans,"score=2,idx=11138,zone=11659",596,OK,,MEDIUM
0001086222,AKAM,2024,0001086222_AKAM_FY2024_10K.html,,"DECEMBER 31, 2024","software and hardware initiatives to manage its global network more efficiently and, as a result, the expected average useful life of its servers increased from","The Company has implemented software and hardware initiatives to manage its global network more efficiently and, as a result, the expected average useful life of its servers increased from five years to six years, effective January 1, 2023.",5.0,,Yes,"Significant estimates, judgments and assumptions used in these financial statements include, but are not limited to, those related to revenue, accounts receivable and related reserves, valuation and impairment of investments and marketable securities, valuation and amortization periods of acquired intangible assets, useful lives and realizability of long-lived assets, capitalized internal-use software development costs, income tax reserves and accounting for stock-based compensation.","Cost of revenue consists primarily of fees paid to network providers for bandwidth and to third-party network data centers for housing servers, also known as co-location costs. Cost of revenue also includes employee costs for services delivery and network operation, build-out and support of the Company's network; network storage costs; cost of software licenses; depreciation of network equipment used to deliver the Company’s services; and amortization of network-related internal-use software. The Company enters into contracts for bandwidth with third-party network providers with terms typically ranging from several months to two years. These contracts generally commit the Company to pay minimum monthly fees plus additional fees for bandwidth usage above the committed level. In some circumstances, internet service providers (“ISPs”) make rack space available for the Company to locate its servers and provide access to their bandwidth at a discount or no cost. Although the Company does not provide any goods or services to the ISPs or the ISPs’ customers under these arrangements, the ISPs and their customers indirectly benefit by accessing content through a local Company server, resulting in better content",Item 8,"• Network build-out and supporting service costs represent another significant portion of our cost of revenue. These costs include maintenance and supporting services incurred as we continue to build out our compute platform and maintain our global network, and costs of third-party cloud providers used for some of our operations. We have seen these costs increase in recent years as a result of our network expansion, and particularly the build out of our compute platform. We previously experienced increased costs from third-party cloud providers, but continue to mitigate those costs by migrating to our own compute solutions and working to optimize third-party cloud spend. We will continue to effectively manage our network build-out and supporting service costs and continue to migrate third-party cloud services to our compute platform in an effort to manage costs. ||| Network build-out and supporting service costs represent another significant portion of our cost of revenue. These costs include maintenance and supporting services incurred as we continue to build out our compute platform and maintain our global network, and costs of third-party cloud providers used for some of our operations. We have seen these costs increase in recent years as a result of our network expansion, and particularly the build out of our compute platform. We previously experienced increased costs from third-party cloud providers, but continue to mitigate those costs by migrating to our own compute solutions and working to optimize third-party cloud spend. We will continue to effectively manage our network build-out and supporting service costs and continue to migrate third-party cloud services to our compute platform in an effort to manage costs. ||| • Our employees are core to the operations of our business, and payroll and related costs, including stock-based compensation, is our largest expense. It is important to the success of operations that we offer competitive compensation packages. However, we are focused on remaining disciplined in allocating our resources to support our faster growing security and compute solutions, including maintaining operational efficiencies to mitigate the rising cost of talent. In 2023 we redesigned one of our non-executive short-term incentive compensation programs by shifting certain employees from a cash-based to stock-based program, and in 2024 we transitioned more employees to this program. During 2023, we also introduced a non-executive incentive program tied to our initiative to migrate certain third-party cloud services onto Akamai's platform. These programs were designed to better align employee incentives with the interests of our stockholders, which increased our stock-based compensation.",NVIDIA,1,significant_accounting_policies,2. Summary of Significant Accounting Policies,3,True,2.0 ans | 5.0 ans | 6.0 ans,"score=2,idx=11054,zone=12721",633,OK,,MEDIUM
0001090872,A,2013,0001090872_A_FY2013_10K.html,,"October 31, 2013","Capitalized software, equipment","Capitalized software is included in property, plant and equipment and is depreciated over",,,No,,Not disclosed,,Not disclosed,,0,significant_accounting_policies,1. OVERVIEW AND SUMMARY OF SIGNIFICANT ACCOUNTING POLICIES,3,True,3.0-5.0 ans | 3.0-10.0 ans,"score=4,idx=9133,zone=31900",1120,OK,,MEDIUM
0001090872,A,2014,0001090872_A_FY2014_10K.html,,"October 31, 2014","Capitalized software, equipment","Capitalized software is included in property, plant and equipment and is depreciated over",,,No,,Not disclosed,,Not disclosed,,0,significant_accounting_policies,1. OVERVIEW AND SUMMARY OF SIGNIFICANT ACCOUNTING POLICIES,3,True,3.0-5.0 ans | 3.0-10.0 ans,"score=4,idx=9185,zone=34875",1198,OK,,MEDIUM
0001090872,A,2015,0001090872_A_FY2015_10K.html,,"October 31, 2015","Capitalized software, equipment","Capitalized software is included in property, plant and equipment and is depreciated over",,,No,,Not disclosed,,Not disclosed,,0,significant_accounting_policies,1. OVERVIEW AND SUMMARY OF SIGNIFICANT ACCOUNTING POLICIES,3,True,3.0-5.0 ans | 3.0-10.0 ans,"score=4,idx=8767,zone=39772",1204,OK,,MEDIUM
0001090872,A,2016,0001090872_A_FY2016_10K.html,,"October 31, 2016","Capitalized software, equipment","Capitalized software is included in property, plant and equipment and is depreciated over",,,No,,Not disclosed,,Not disclosed,,0,significant_accounting_policies,1. OVERVIEW AND SUMMARY OF SIGNIFICANT ACCOUNTING POLICIES,3,True,3.0-5.0 ans | 3.0-10.0 ans,"score=4,idx=10302,zone=35683",1184,OK,,MEDIUM
0001090872,A,2017,0001090872_A_FY2017_10K.html,,"October 31, 2017","Capitalized software, equipment","Capitalized software is included in property, plant and equipment and is depreciated over",,,No,,Not disclosed,,Not disclosed,,0,significant_accounting_policies,1. OVERVIEW AND SUMMARY OF SIGNIFICANT ACCOUNTING POLICIES,3,True,3.0-5.0 ans | 3.0-10.0 ans,"score=4,idx=10474,zone=33948",1126,OK,,MEDIUM
0001090872,A,2019,0001090872_A_FY2019_10K.html,,"October 31, 2019","software is included in property, plant and equipment and is depreciated over","Capitalized software is included in property, plant and equipment and is depreciated over 3 years to 5 years once development is complete.",3.0,,No,,Not disclosed,,Not disclosed,,0,significant_accounting_policies,1. OVERVIEW AND SUMMARY OF SIGNIFICANT ACCOUNTING POLICIES,3,True,3.0 ans | 5.0 ans,"score=4,idx=15245,zone=39143",1219,OK,,MEDIUM
0001090872,A,2020,0001090872_A_FY2020_10K.html,,2020-11-18,"software is included in property, plant and equipment and is depreciated over","Capitalized software is included in property, plant and equipment and is depreciated over 3 years to 5 years once development is complete.",3.0,,No,,Not disclosed,,Not disclosed,,0,significant_accounting_policies,1. OVERVIEW AND SUMMARY OF SIGNIFICANT ACCOUNTING POLICIES,3,True,3.0 ans | 5.0 ans,"score=2,idx=11311,zone=20081",934,OK,,MEDIUM
0001090872,A,2021,0001090872_A_FY2021_10K.html,,2021-11-17,"software is included in property, plant and equipment and is depreciated over","Capitalized software is included in property, plant and equipment and is depreciated over 3 years to 5 years once development is complete.",3.0,,No,,Not disclosed,,Not disclosed,B200,1,significant_accounting_policies,1. OVERVIEW AND SUMMARY OF SIGNIFICANT ACCOUNTING POLICIES,3,True,3.0 ans | 5.0 ans,"score=2,idx=11265,zone=20240",948,OK,,MEDIUM
0001090872,A,2022,0001090872_A_FY2022_10K.html,,2022-11-16,"software is included in property, plant and equipment and is depreciated over","Capitalized software is included in property, plant and equipment and is depreciated over 3 years to 5 years once development is complete.",3.0,,No,,"Investments in property, plant and equipment were $291 million in 2022, $188 million in 2021 and $119 million in 2020. The increase in our investments in property plant and equipment is primarily due to the planned extension of our nucleic acid solutions production facility in Frederick, Colorado. Our anticipated capital expenditures for fiscal year 2023 will be approximately $300 million. In 2022, we invested $52 million in a business and intangible assets, net of cash acquired for our acquisition of Polymer Standards Service and advanced artificial intelligence technology compared to $547 million primarily related to the acquisition of Resolution Bioscience in 2021 and zero in 2020. In 2022 cash used to purchase fair value investments was $13 million compared to $22 million outlay in 2021 and $20 million in 2020.",MD&A (Item 7),Not disclosed,,0,significant_accounting_policies,1. OVERVIEW AND SUMMARY OF SIGNIFICANT ACCOUNTING POLICIES,3,True,3.0 ans | 5.0 ans,"score=2,idx=11148,zone=19552",912,OK,,MEDIUM
0001090872,A,2023,0001090872_A_FY2023_10K.html,,2023-12-14,"software is included in property, plant and equipment and is depreciated over","Capitalized software is included in property, plant and equipment and is depreciated over 3 years to 5 years once development is complete.",3.0,,No,,Not disclosed,,Not disclosed,,0,significant_accounting_policies,1. OVERVIEW AND SUMMARY OF SIGNIFICANT ACCOUNTING POLICIES,3,True,3.0 ans | 5.0 ans,"score=2,idx=11722,zone=19154",933,OK,,MEDIUM
0001090872,A,2024,0001090872_A_FY2024_10K.html,,2024-11-28,"software is included in property, plant and equipment and is depreciated over","Capitalized software is included in property, plant and equipment and is depreciated over 3 years to 5 years once development is complete.",3.0,,No,,Not disclosed,,Not disclosed,,0,significant_accounting_policies,1. OVERVIEW AND SUMMARY OF SIGNIFICANT ACCOUNTING POLICIES,3,True,3.0 ans | 5.0 ans,"score=2,idx=12987,zone=19969",976,OK,,MEDIUM
0001091667,CHTR,2013,0001091667_CHTR_FY2013_10K.html,,"December 31, 2013",Not disclosed,Not disclosed,,,No,,Not disclosed,,Not disclosed,,0,unknown,,0,False,,"score=4,idx=16852,zone=26",2,OK,,HIGH
0001091667,CHTR,2014,0001091667_CHTR_FY2014_10K.html,,"December 31, 2014",Not disclosed,Not disclosed,,,No,,Not disclosed,,Not disclosed,,0,unknown,,0,False,,"score=4,idx=17283,zone=13",2,OK,,HIGH
0001091667,CHTR,2015,0001091667_CHTR_FY2015_10K.html,,"December 31, 2015",Not disclosed,Not disclosed,,,No,,Not disclosed,,Not disclosed,,0,unknown,,0,False,,"score=4,idx=19534,zone=13",2,OK,,HIGH
0001091667,CHTR,2016,0001091667_CHTR_FY2016_10K.html,,"December 31, 2016",Not disclosed,Not disclosed,,,No,,Not disclosed,,Not disclosed,,0,unknown,,0,False,,"score=4,idx=17823,zone=14",2,OK,,HIGH
0001091667,CHTR,2017,0001091667_CHTR_FY2017_10K.html,,"December 31, 2017",Not disclosed,Not disclosed,,,No,,Not disclosed,,Not disclosed,,0,unknown,,0,False,,"score=4,idx=17227,zone=14",2,OK,,HIGH
0001091667,CHTR,2018,0001091667_CHTR_FY2018_10K.html,,"December 31, 2018",Not disclosed,Not disclosed,,,No,,Not disclosed,,Not disclosed,,0,unknown,,0,False,,"score=4,idx=15533,zone=14",2,OK,,HIGH
0001091667,CHTR,2019,0001091667_CHTR_FY2019_10K.html,,"December 31, 2019",Not disclosed,Not disclosed,,,No,,Not disclosed,,Not disclosed,,0,unknown,,0,False,,"score=4,idx=15832,zone=14",2,OK,,HIGH
0001091667,CHTR,2020,0001091667_CHTR_FY2020_10K.html,,2021-12-31,Not disclosed,Not disclosed,,,No,,Not disclosed,,Not disclosed,,0,unknown,,0,False,,"score=2,idx=10686,zone=12",2,OK,,HIGH
0001091667,CHTR,2021,0001091667_CHTR_FY2021_10K.html,,2022-12-31,Not disclosed,Not disclosed,,,No,,Not disclosed,,Not disclosed,B200,1,unknown,,0,False,,"score=2,idx=9927,zone=12",2,OK,,HIGH
0001091667,CHTR,2022,0001091667_CHTR_FY2022_10K.html,,2023-12-31,Not disclosed,Not disclosed,,,No,,Not disclosed,,Not disclosed,,0,unknown,,0,False,,"score=2,idx=8718,zone=12",2,OK,,HIGH
0001091667,CHTR,2023,0001091667_CHTR_FY2023_10K.html,,2024-12-31,Not disclosed,Not disclosed,,,No,,Not disclosed,,Not disclosed,,0,unknown,,0,False,,"score=2,idx=8891,zone=12",2,OK,,HIGH
0001091667,CHTR,2024,0001091667_CHTR_FY2024_10K.html,,2025-12-31,Not disclosed,Not disclosed,,,No,,Not disclosed,,Not disclosed,,0,unknown,,0,False,,"score=2,idx=9139,zone=12",2,OK,,HIGH
0001094285,TDY,2013,0001094285_TDY_FY2013_10K.html,,,Not disclosed,Not disclosed,,,No,,Not disclosed,,Not disclosed,,0,unknown,,0,False,,"score=3,idx=16971,zone=11",2,OK,,HIGH
0001094285,TDY,2014,0001094285_TDY_FY2014_10K.html,,,Not disclosed,Not disclosed,,,No,,Not disclosed,,Not disclosed,,0,unknown,,0,False,,"score=3,idx=16835,zone=11",2,OK,,HIGH
0001094285,TDY,2015,0001094285_TDY_FY2015_10K.html,,,Not disclosed,Not disclosed,,,No,,Not disclosed,,Not disclosed,,0,unknown,,0,False,,"score=3,idx=16354,zone=11",2,OK,,HIGH
0001094285,TDY,2016,0001094285_TDY_FY2016_10K.html,,,Not disclosed,Not disclosed,,,No,,Not disclosed,,Not disclosed,,0,unknown,,0,False,,"score=3,idx=16537,zone=28",2,OK,,HIGH
0001094285,TDY,2017,0001094285_TDY_FY2017_10K.html,,,Not disclosed,Not disclosed,,,No,,Not disclosed,,Not disclosed,,0,unknown,,0,False,,"score=3,idx=15724,zone=13",2,OK,,HIGH
0001094285,TDY,2018,0001094285_TDY_FY2018_10K.html,,,Not disclosed,Not disclosed,,,No,,Not disclosed,,Not disclosed,,0,unknown,,0,False,,"score=3,idx=14603,zone=13",2,OK,,HIGH
0001094285,TDY,2019,0001094285_TDY_FY2019_10K.html,,2020-12-27,Not disclosed,Not disclosed,,,No,,To extend our protocol test solution and products to the electronic storage industry and data centers:,Item 8,"Design and test engineers use our protocol analysis solutions to monitor accurately and reliably high data-rate communication interfaces and diagnose operational problems in a wide range of systems and devices to ensure that they comply with industry standards, including the area of Cloud computing and networks, where PCI Express and related standards are required for high performance data centers. Our protocol test portfolio also covers wireless technologies, including Bluetooth and 802.11 (Wi-Fi), and modern video technologies, such as HDMI and DisplayPort. Both product lines, along with our leadership in USB technology, provide a unique base to service the mobile, internet of things, automotive and consumer electronics test market. Our most recent acquisition of OakGate Technology, Inc. provides protocol validation and test tools for disk drives, both spinning and solid state, and servers used for cloud-based storage.",,0,unknown,,0,False,,"score=2,idx=15344,zone=14",840,OK,,HIGH
0001094285,TDY,2020,0001094285_TDY_FY2020_10K.html,,2021-12-26,Not disclosed,Not disclosed,,,No,,Not disclosed,,"Design and test engineers use our protocol analysis solutions to monitor accurately and reliably high data-rate communication interfaces and diagnose operational problems in a wide range of systems and devices to ensure that they comply with industry standards, including the area of cloud computing and networks. Our product lines, along with our leadership in USB technology, provide a unique base to service the mobile, internet of things, automotive and consumer electronics test market. Our most recent acquisition of OakGate Technology, Inc. (“OakGate”) during 2020 provides protocol validation and test tools for disk drives, both spinning and solid state, and servers used for cloud-based storage.",,0,unknown,,0,False,,"score=2,idx=14172,zone=22",678,OK,,HIGH
0001094285,TDY,2021,0001094285_TDY_FY2021_10K.html,,2023-01-01,Not disclosed,Not disclosed,,,No,,"In 2021, Teledyne introduced the CrossSync™ PHY interposers and software options, enabling the first-ever link between an oscilloscope and a protocol analyzer to allow engineers to get a complete picture when testing the PCI Express interface standard. Our acquisition of OakGate Technology, Inc. (“OakGate”) in 2020 supplements our broad product offerings with protocol validation and test tools for high-performance solid-state storage devices used in both enterprise-grade data centers and in consumer computing applications.",Item 8,"Design and test engineers use our protocol analysis solutions to monitor accurately and reliably high data-rate communication interfaces and diagnose operational problems in a wide range of systems and devices to ensure that they comply with industry standards, including the area of cloud computing, storage and networks. Our leadership in USB and video technologies provides a unique base to service the mobile, internet of things, automotive and consumer electronics test markets.",,0,unknown,,0,False,,"score=2,idx=13411,zone=11",604,OK,,HIGH
0001094285,TDY,2022,0001094285_TDY_FY2022_10K.html,,2023-01-01,Not disclosed,Not disclosed,,,No,,"Design and test engineers use our protocol analysis solutions to monitor accurately and reliably high data-rate communication interfaces and diagnose operational problems in a wide range of systems and devices to ensure that they comply with industry standards, including in the areas of cloud computing, storage and networks. Our leadership in USB and video technologies provides a unique base to service the mobile, internet of things, automotive and consumer electronics test markets. We also produce protocol validation and test tools for high-performance solid-state storage devices used in both enterprise-grade data centers and in consumer computing applications. Our recently introduced interposers and software options allow engineers to get a complete picture when testing the PCI Express interface standard by enabling a link between an oscilloscope and a protocol analyzer.",Item 8,"Design and test engineers use our protocol analysis solutions to monitor accurately and reliably high data-rate communication interfaces and diagnose operational problems in a wide range of systems and devices to ensure that they comply with industry standards, including in the areas of cloud computing, storage and networks. Our leadership in USB and video technologies provides a unique base to service the mobile, internet of things, automotive and consumer electronics test markets. We also produce protocol validation and test tools for high-performance solid-state storage devices used in both enterprise-grade data centers and in consumer computing applications. Our recently introduced interposers and software options allow engineers to get a complete picture when testing the PCI Express interface standard by enabling a link between an oscilloscope and a protocol analyzer.",,0,unknown,,0,False,,"score=2,idx=10256,zone=14",503,OK,,HIGH
0001094285,TDY,2023,0001094285_TDY_FY2023_10K.html,,2024-01-23,Not disclosed,Not disclosed,,,No,,grade data centers and in consumer computing applications. Our recently introduced interposers and software options allow engineers to get a complete picture when testing the PCI Express interface standard by enabling a link between an oscilloscope and a protocol analyzer.,Item 8,"Design and test engineers use our protocol analysis solutions to monitor accurately and reliably high data-rate communication interfaces and diagnose operational problems in a wide range of systems and devices to ensure that they comply with industry standards, including in the areas of cloud computing, storage and networks. Our leadership in USB and video technologies provides a unique base to service the mobile, internet of things, automotive and consumer electronics test markets. We also produce protocol validation and test tools for high-performance solid-state storage devices used in both enterprise-",,0,unknown,,0,False,,"score=2,idx=10541,zone=14",510,OK,,HIGH
0001094285,TDY,2024,0001094285_TDY_FY2024_10K.html,,2025-02-03,Not disclosed,Not disclosed,,,No,,"Design and test engineers use our protocol analysis solutions, including traffic generators and emulators, to accurately and reliably monitor and test high data-rate communication interfaces and diagnose operational problems in a wide range of systems and devices to ensure that they comply with industry standards, including in the areas of cloud computing, data storage and networks. Our leadership in USB and video technologies provides a unique base to service the mobile, internet of things, automotive and consumer electronics test markets. We also produce protocol validation and test tools for high-performance solid-state storage devices used in both enterprise-grade data centers and in consumer computing applications. Our interposers and software options allow engineers to get a complete picture when testing the PCI Express interface standard by enabling a link between an oscilloscope and a protocol analyzer to show a synchronized view of both the physical and protocol layers.",Item 8,"Design and test engineers use our protocol analysis solutions, including traffic generators and emulators, to accurately and reliably monitor and test high data-rate communication interfaces and diagnose operational problems in a wide range of systems and devices to ensure that they comply with industry standards, including in the areas of cloud computing, data storage and networks. Our leadership in USB and video technologies provides a unique base to service the mobile, internet of things, automotive and consumer electronics test markets. We also produce protocol validation and test tools for high-performance solid-state storage devices used in both enterprise-grade data centers and in consumer computing applications. Our interposers and software options allow engineers to get a complete picture when testing the PCI Express interface standard by enabling a link between an oscilloscope and a protocol analyzer to show a synchronized view of both the physical and protocol layers.",,0,unknown,,0,False,,"score=2,idx=10700,zone=10",520,OK,,HIGH
0001094831,BGC,2013,0001094831_BGC_FY2013_10K.html,,"December 31, 2013",Not disclosed,Not disclosed,,,No,,Not disclosed,,Not disclosed,,0,unknown,,0,False,,"score=7,idx=20319,zone=28830",749,OK,,HIGH
0001094831,BGC,2014,0001094831_BGC_FY2014_10K.html,,"December 31, 2014",Not disclosed,Not disclosed,,,No,,"We believe the
combination of BGC and GFI will create a strong and diversified company, well positioned to capture future growth opportunities. Through this combination, we expect to deliver substantial benefits to customers of the combined company, and we
expect to become the largest and most profitable wholesale brokerage company. We also believe this is a highly complementary combination, which will result in meaningful economies of scale. While the front office operations will remain
separately branded companies, we plan on integrating the back office, technology, and infrastructure of these two companies in a smart and deliberate way. By the end of the first year, we expect to save at least $50 million annually on items
including network infrastructure, telephone lines, data centers, vendors, disaster recovery, regulatory capital, and interest expense. We expect further cost savings in the second year and beyond. We also expect to generate increased
productivity per broker and to continue converting voice and hybrid broking to more profitable fully electronic trading, all of which should lead to increased revenues, profitability and cash flows.",MD&A (Item 7),Not disclosed,,0,unknown,,0,False,,"score=7,idx=13150,zone=17980",722,OK,,HIGH
0001094831,BGC,2015,0001094831_BGC_FY2015_10K.html,,"December 31, 2015",Not disclosed,Not disclosed,,,No,,Not disclosed,,Not disclosed,,0,unknown,,0,False,,"score=7,idx=13763,zone=19803",828,OK,,HIGH
0001094831,BGC,2016,0001094831_BGC_FY2016_10K.html,,"December 31, 2016",Not disclosed,Not disclosed,,,No,,"Capital Markets. We provide clients with strategic solutions to their real estate capital
concerns. We offer a broad range of real estate capital markets services, including investment sales and access to providers of capital. We also provide access to a broad range of other services, including asset sales, sale leasebacks, valuation,
mortgage and entity-level financing and due diligence. The transactions we broker involve vacant land, new real estate developments and existing buildings. We specialize in arranging financing for most types of value-added commercial real estate,
including land, condominium conversions, subdivisions, office, retail, industrial, multifamily, student housing, hotels, data center, healthcare, self-storage and special use. We operate our multifamily investment sales practice through our ARA-branded business. Through our regional teams of mortgage brokers, we offer a broad range of debt alternatives through third party banks, insurance companies and other lenders.",MD&A (Item 7),Not disclosed,,0,unknown,,0,False,,"score=7,idx=15361,zone=21109",880,OK,,HIGH
0001094831,BGC,2019,0001094831_BGC_FY2019_10K.html,,2020-02-26,equipment,"December 31, 2019 December 31, 2018 Computer and communications equipment $ 95,115 $ 140,451 Software, including software development costs 235,230 194,470 Leasehold improvements and other fixed assets 116,231 127,349 446,576 462,270 Less: accumulated depreciation and amortization (241,735 ) (305,101 ) Fixed assets, net $ 204,841 $ 157,169",,,Yes,"The Company also provides software customization services contracted through work orders that each represent a separate performance obligation. Revenue is recognized over time using an output method as a measure of progress. As circumstances change over time, the Company updates its measure of progress to reflect any changes in the outcome of the performance obligation. Such updates are accounted for as a change in accounting estimate. As a practical expedient, when the work-order period is less than 12 months, the Company recognizes revenue upon acceptance from the customer after work is completed. The contract price is fixed and billed to the customer as combination of an upfront fee, progress fees, and a post-delivery fee.","The Company, acting as a lessee, has operating leases primarily relating to office space, data centers and office equipment. The leases have remaining lease terms of 0.1 year to 19.6 years, some of which include options to extend the leases in 1 to 10 year increments for up to 10 years. Renewal periods are included in the lease term only when renewal is reasonably certain, which is a high threshold and requires management to apply judgment to determine the appropriate lease term. Certain leases also include periods covered by an option to terminate the lease if the Company is reasonably certain not to exercise the termination option. The Company measures its lease payments by including fixed rental payments and, where relevant, variable rental payments tied to an index, such as the Consumer Price Index. Payments for leases in place before the date of adoption of ASC 842, Leases were determined based on previous leases guidance. The Company recognizes lease expense for its operating leases on a straight-line basis over the lease term and variable lease expense not included in the lease payment measurement is recognized as incurred. All leases were classified as operating leases as of December 31, 2019.",Item 8,"In August 2018, the FASB issued ASU No. 2018-15, Intangibles—Goodwill and Other—Internal-Use Software (Subtopic 350-40): Customer’s Accounting for Implementation Costs Incurred in a Cloud Computing Arrangement That Is a Service Contract (a consensus of the FASB Emerging Issues Task Force) . The guidance on the accounting for implementation, setup, and other upfront costs (collectively referred to as implementation costs) applies to entities that are a customer in a hosting arrangement that is a service contract. The amendments align the requirements for capitalizing implementation costs incurred in a hosting arrangement that is a service contract with the requirements for capitalizing implementation costs incurred to develop or obtain internal-use software (and hosting arrangements that include an internal-use software license). The accounting for the service element of a hosting arrangement that is a service contract is not affected by the guidance in this ASU. The new standard will become effective for the Company beginning January 1, 2020, should be applied either retrospectively or prospectively to all implementation costs incurred after the date of adoption, and early adoption is permitted. Management adopted the standard on its effective date beginning January 1, 2020. The adoption of this guidance is not expected to have a material impact on the Company’s consolidated financial statements. ||| Intangibles—Goodwill and Other—Internal-Use Software (Subtopic 350-40): Customer’s Accounting for Implementation Costs Incurred in a Cloud Computing Arrangement That Is a Service Contract (a consensus of the FASB Emerging Issues Task Force)",,0,ppe_note,"16. Fixed Assets, Net",3,True,0.1 ans | 1.0-10.0 ans | 10.0 ans,"score=6,idx=24205,zone=24450",1210,OK,,MEDIUM
0001094831,BGC,2020,0001094831_BGC_FY2020_10K.html,,2020-12-31,equipment,"December 31, 2020 December 31, 2019 Computer and communications equipment $ 92,565 $ 95,115 Software, including software development costs 259,439 235,230 Leasehold improvements and other fixed assets 120,951 116,231 472,955 446,576 Less: accumulated depreciation and amortization (258,173 ) (241,735 ) Fixed assets, net $ 214,782 $ 204,841",,,Yes,"The Company also provides software customization services contracted through work orders that each represent a separate performance obligation. Revenue is recognized over time using an output method as a measure of progress. As circumstances change over time, the Company updates its measure of progress to reflect any changes in the outcome of the performance obligation. Such updates are accounted for as a change in accounting estimate. As a practical expedient, when the work-order period is less than 12 months, the Company recognizes revenue upon acceptance from the customer after work is completed. The contract price is fixed and billed to the customer as combination of an upfront fee, progress fees, and a post-delivery fee.","The Company, acting as a lessee, has operating leases primarily relating to office space, data centers and office equipment. The leases have remaining lease terms of 0.1 year to 18.6 years, some of which include options to extend the leases in 1 to 10 year increments for up to 10 years. Renewal periods are included in the lease term only when renewal is reasonably certain, which is a high threshold and requires management to apply judgment to determine the appropriate lease term. Certain leases also include periods covered by an option to terminate the lease if the Company is reasonably certain not to exercise the termination option. The Company measures its lease payments by including fixed rental payments and, where relevant, variable rental payments tied to an index, such as the Consumer Price Index. Payments for leases in place before the date of adoption of ASC 842, Leases were determined based on previous leases guidance. The Company recognizes lease expense for its operating leases on a straight-line basis over the lease term and variable lease expense not included in the lease payment measurement is recognized as incurred. All leases were classified as operating leases as of December 31, 2020.",Item 8,"In August 2018, the FASB issued ASU No. 2018-15, Intangibles—Goodwill and Other—Internal-Use Software (Subtopic 350-40): Customer’s Accounting for Implementation Costs Incurred in a Cloud Computing Arrangement That Is a Service Contract (a consensus of the FASB Emerging Issues Task Force) . The guidance on the accounting for implementation, setup, and other upfront costs (collectively referred to as implementation costs) applies to entities that are a customer in a hosting arrangement that is a service contract. The amendments align the requirements for capitalizing implementation costs incurred in a hosting arrangement that is a service contract with the requirements for capitalizing implementation costs incurred to develop or obtain internal-use software (and hosting arrangements that include an internal-use software license). The accounting for the service element of a hosting arrangement that is a service contract is not affected by the guidance in this ASU. BGC adopted the standard on its effective date beginning January 1, 2020. The adoption of this guidance did not have a material impact on the Company’s consolidated financial statements. ||| Intangibles—Goodwill and Other—Internal-Use Software (Subtopic 350-40): Customer’s Accounting for Implementation Costs Incurred in a Cloud Computing Arrangement That Is a Service Contract (a consensus of the FASB Emerging Issues Task Force)",,0,significant_accounting_policies,5. Quarterly Results of Operations (Unaudited),3,True,0.1 ans | 1.0-10.0 ans | 10.0 ans,"score=6,idx=26200,zone=39680",1311,OK,,MEDIUM
0001094831,BGC,2021,0001094831_BGC_FY2021_10K.html,,"December 31, 2021",equipment,"December 31, 2021 December 31, 2020 Computer and communications equipment $ 96,472 $ 92,577 Software, including software development costs 280,540 265,082 Leasehold improvements and other fixed assets 105,362 121,024 482,374 478,683 Less: accumulated depreciation and amortization (292,262) (262,659) Fixed assets, net $ 190,112 $ 216,024",,,Not disclosed,,Not disclosed,,Not disclosed,,0,ppe_note,"16. Fixed Assets, Net",3,False,,"score=5,idx=18266,zone=15054",1122,ERROR,'<' not supported between instances of 'NoneType' and 'float',HIGH
0001094831,BGC,2022,0001094831_BGC_FY2022_10K.html,,"December 31, 2022",equipment,"December 31, 2022 December 31, 2021 Computer and communications equipment $ 95,730 $ 96,472 Software, including software development costs 320,275 280,540 Leasehold improvements and other fixed assets 94,875 105,362 510,880 482,374 Less: accumulated depreciation and amortization (327,402) (292,262) Fixed assets, net $ 183,478 $ 190,112",,,Not disclosed,,Not disclosed,,Not disclosed,,0,ppe_note,"15. Fixed Assets, Net",3,False,,"score=5,idx=18403,zone=15630",1094,ERROR,'<' not supported between instances of 'NoneType' and 'float',HIGH
0001094831,BGC,2023,0001094831_BGC_FY2023_10K.html,,2024-01-02,equipment,"December 31, 2023 December 31, 2022 Computer and communications equipment $ 103,621 $ 95,730 Software, including software development costs 360,047 320,275 Leasehold improvements and other fixed assets 99,034 94,875 562,702 510,880 Less: accumulated depreciation and amortization (384,402) (327,402) Fixed assets, net $ 178,300 $ 183,478",,,Not disclosed,,Not disclosed,,Not disclosed,,0,ppe_note,"15. Fixed Assets, Net",3,False,,"score=5,idx=17902,zone=16547",1214,ERROR,'<' not supported between instances of 'NoneType' and 'float',HIGH
0001094831,BGC,2024,0001094831_BGC_FY2024_10K.html,,2025-02-05,equipment,"December 31, 2024 December 31, 2023 Computer and communications equipment $ 112,463 $ 103,621 Software, including software development costs 401,040 360,047 Leasehold improvements and other fixed assets 108,303 99,034 621,806 562,702 Less: accumulated depreciation and amortization (431,794) (384,402) Fixed assets, net $ 190,012 $ 178,300",,,Not disclosed,,Not disclosed,,Not disclosed,,0,ppe_note,"15. Fixed Assets, Net",3,False,,"score=5,idx=18300,zone=16587",1217,ERROR,'<' not supported between instances of 'float' and 'NoneType',HIGH
0001096752,EPC,2013,0001096752_EPC_FY2013_10K.html,,,Not disclosed,Not disclosed,,,No,,Not disclosed,,Not disclosed,,0,unknown,,0,False,,"score=4,idx=3574,zone=12",2,OK,,HIGH
0001096752,EPC,2014,0001096752_EPC_FY2014_10K.html,,,Not disclosed,Not disclosed,,,No,,Not disclosed,,Not disclosed,,0,unknown,,0,False,,"score=4,idx=3495,zone=12",2,OK,,HIGH
0001096752,EPC,2024,0001096752_EPC_FY2024_10K.html,,"September 30, 2024","Capitalized software, equipment","Capitalized software costs are included in Property, plant and equipment, net. These costs are amortized using the straight-line method over periods of related benefit ranging from three to seven years. Expenditures related to capitalized software are included within Capital expenditures in the Consolidated Statements of Cash Flows.",3.0,7.0,Yes,Estimated useful lives range from two to 10 years for machinery and equipment and three to 30 years for buildings and building improvements.,Not disclosed,,Not disclosed,,0,significant_accounting_policies,Note 2 - Summary of Significant Accounting Policies,3,True,2.0-10.0 ans | 3.0-7.0 ans,"score=2,idx=7984,zone=12270",729,OK,,MEDIUM
0001099800,EW,2013,0001099800_EW_FY2013_10K.html,,"December 31, 2013",software.,"Depreciation is principally calculated for financial reporting purposes on the
straight-line method over the estimated useful lives of the related assets, which range from 10 to 40 years for buildings and improvements, from 3 to 15 years for machinery and
equipment, and from 3 to 10 years for software.",3.0,10.0,No,,Not disclosed,,Not disclosed,,0,significant_accounting_policies,2. SUMMARY OF SIGNIFICANT ACCOUNTING POLICIES (Continued),3,True,3.0-10.0 ans | 3.0-15.0 ans,"score=4,idx=8194,zone=28657",672,OK,,MEDIUM
0001099800,EW,2014,0001099800_EW_FY2014_10K.html,,"December 31, 2014",software.,"Depreciation is principally calculated for financial reporting purposes on the
straight-line method over the estimated useful lives of the related assets, which range from 10 to 40 years for buildings and improvements, from 3 to 15 years for machinery and
equipment, and from 3 to 10 years for software.",3.0,10.0,No,,Not disclosed,,Not disclosed,,0,significant_accounting_policies,2. SUMMARY OF SIGNIFICANT ACCOUNTING POLICIES (Continued),3,True,3.0-10.0 ans | 3.0-15.0 ans,"score=4,idx=7512,zone=32746",721,OK,,MEDIUM
0001099800,EW,2019,0001099800_EW_FY2019_10K.html,,"December 31, 2019",software.,"Depreciation is principally calculated for financial reporting purposes on the straight-line method over the estimated useful lives of the related assets, which range from 10 to 40 years for buildings and improvements, from 3 to 15 years for machinery and equipment, and from 3 to 5 years for software.",3.0,5.0,No,,Not disclosed,,"In August 2018, the FASB issued an amendment to the accounting guidance on cloud computing service arrangements. The guidance aligns the requirements for capitalizing implementation costs incurred in a hosting arrangement that is a service contract with the requirements for capitalizing implementation costs incurred to develop or obtain internal-use software. The guidance also requires an entity to expense the capitalized implementation costs of a hosting arrangement that is a service contract over the term of the hosting arrangement. The guidance is effective for fiscal years beginning after December 15, 2019, and interim periods within those fiscal years. The Company does not expect the adoption of this guidance will have a material impact on its consolidated financial statements.",,0,significant_accounting_policies,2. SUMMARY OF SIGNIFICANT ACCOUNTING POLICIES (Continued),3,True,3.0-5.0 ans | 3.0-15.0 ans,"score=4,idx=12002,zone=34361",1124,OK,,MEDIUM
0001099800,EW,2020,0001099800_EW_FY2020_10K.html,,2024-05-31,software.,"Depreciation is principally calculated for financial reporting purposes on the straight-line method over the estimated useful lives of the related assets, which range from 10 to 40 years for buildings and improvements, from 3 to 15 years for machinery and equipment, and from 3 to 5 years for software.",3.0,5.0,No,,Not disclosed,,"In August 2018, the Financial Accounting Standards Board (""FASB"") issued an amendment to the accounting guidance on cloud computing service arrangements. The guidance aligns the requirements for capitalizing implementation costs incurred in a hosting arrangement that is a service contract with the requirements for capitalizing implementation costs incurred to develop or obtain internal-use software. The guidance also requires an entity to expense the capitalized implementation costs of a hosting arrangement that is a service contract over the term of the hosting arrangement. The guidance was effective for fiscal years beginning after December 15, 2019, and interim periods within those fiscal years. The adoption of this guidance on January 1, 2020 did not have a material impact on the Company's consolidated financial statements.",,0,significant_accounting_policies,2. SUMMARY OF SIGNIFICANT ACCOUNTING POLICIES (Continued),3,True,3.0-5.0 ans | 3.0-15.0 ans,"score=2,idx=9877,zone=17506",833,OK,,MEDIUM
0001099800,EW,2021,0001099800_EW_FY2021_10K.html,,2024-05-31,software.,"Depreciation is principally calculated for financial reporting purposes on the straight-line method over the estimated useful lives of the related assets, which range from 10 to 40 years for buildings and improvements, from 3 to 15 years for machinery and equipment, and from 3 to 5 years for software.",3.0,5.0,No,,Not disclosed,,Not disclosed,,0,significant_accounting_policies,2. SUMMARY OF SIGNIFICANT ACCOUNTING POLICIES (Continued),3,True,3.0-5.0 ans | 3.0-15.0 ans,"score=2,idx=9284,zone=16605",791,OK,,MEDIUM
0001099800,EW,2022,0001099800_EW_FY2022_10K.html,,2024-05-31,software.,"Depreciation is principally calculated for financial reporting purposes on the straight-line method over the estimated useful lives of the related assets, which range from 10 to 40 years for buildings and improvements, from 3 to 15 years for machinery and equipment, and from 3 to 5 years for software.",3.0,5.0,No,,Not disclosed,,Not disclosed,A100;B100,2,significant_accounting_policies,2. SUMMARY OF SIGNIFICANT ACCOUNTING POLICIES (Continued),3,True,3.0-5.0 ans | 3.0-15.0 ans,"score=2,idx=9410,zone=16691",801,OK,,MEDIUM
0001099800,EW,2023,0001099800_EW_FY2023_10K.html,,2024-06-30,software.,"Depreciation is principally calculated for financial reporting purposes on the straight-line method over the estimated useful lives of the related assets, which range from 10 to 40 years for buildings and improvements, from 3 to 15 years for machinery and equipment, and from 3 to 5 years for software.",3.0,5.0,No,,Not disclosed,,Not disclosed,,0,significant_accounting_policies,2. SUMMARY OF SIGNIFICANT ACCOUNTING POLICIES (Continued),3,True,3.0-5.0 ans | 3.0-15.0 ans,"score=2,idx=9480,zone=17203",845,OK,,MEDIUM
0001099800,EW,2024,0001099800_EW_FY2024_10K.html,,2025-02-28,software.,"Depreciation is principally calculated for financial reporting purposes on the straight-line method over the estimated useful lives of the related assets, which range from 10 to 40 years for buildings and improvements, from 3 to 15 years for machinery and equipment, and from 3 to 5 years for software.",3.0,5.0,No,,Not disclosed,,Not disclosed,,0,significant_accounting_policies,2. SUMMARY OF SIGNIFICANT ACCOUNTING POLICIES (Continued),3,True,3.0-5.0 ans | 3.0-15.0 ans,"score=2,idx=9546,zone=20180",996,OK,,MEDIUM
0001324424,EXPE,2013,0001324424_EXPE_FY2013_10K.html,,"December 31, 2013",Not disclosed,Not disclosed,,,No,,Not disclosed,,Not disclosed,,0,unknown,,0,False,,"score=2,idx=512,zone=16",1,OK,,HIGH
0001324424,EXPE,2014,0001324424_EXPE_FY2014_10K.html,,"December 31, 2014",Not disclosed,Not disclosed,,,No,,Not disclosed,,Not disclosed,,0,unknown,,0,False,,"score=2,idx=512,zone=16",1,OK,,HIGH
0001324424,EXPE,2015,0001324424_EXPE_FY2015_10K.html,,"December 31, 2015",Not disclosed,Not disclosed,,,No,,Not disclosed,,Not disclosed,,0,unknown,,0,False,,"score=2,idx=508,zone=16",1,OK,,HIGH
0001324424,EXPE,2016,0001324424_EXPE_FY2016_10K.html,,,Not disclosed,Not disclosed,,,No,,Not disclosed,,Not disclosed,,0,unknown,,0,False,,"score=2,idx=514,zone=11",0,OK,,HIGH
0001324424,EXPE,2017,0001324424_EXPE_FY2017_10K.html,,,Not disclosed,Not disclosed,,,No,,Not disclosed,,Not disclosed,,0,unknown,,0,False,,"score=2,idx=538,zone=11",0,OK,,HIGH
0001324424,EXPE,2018,0001324424_EXPE_FY2018_10K.html,,,Not disclosed,Not disclosed,,,No,,Not disclosed,,Not disclosed,,0,unknown,,0,False,,"score=2,idx=538,zone=11",0,OK,,HIGH
0001324424,EXPE,2019,0001324424_EXPE_FY2019_10K.html,,"December 31, 2019",Not disclosed,Not disclosed,,,No,,Not disclosed,,Not disclosed,,0,unknown,,0,False,,"score=2,idx=4066,zone=11",0,OK,,HIGH
0001324424,EXPE,2020,0001324424_EXPE_FY2020_10K.html,,2020-12-31,Not disclosed,Not disclosed,,,No,,Not disclosed,,Not disclosed,,0,unknown,,0,False,,"score=2,idx=4077,zone=11",0,OK,,HIGH
0001324424,EXPE,2021,0001324424_EXPE_FY2021_10K.html,,2022-02-01,Not disclosed,Not disclosed,,,No,,Not disclosed,,Not disclosed,,0,unknown,,0,False,,"score=2,idx=4463,zone=11",0,OK,,HIGH
0001324424,EXPE,2022,0001324424_EXPE_FY2022_10K.html,,2022-12-31,Not disclosed,Not disclosed,,,No,,Not disclosed,,Not disclosed,,0,unknown,,0,False,,"score=2,idx=3741,zone=11",0,OK,,HIGH
0001324424,EXPE,2023,0001324424_EXPE_FY2023_10K.html,,2024-02-08,Not disclosed,Not disclosed,,,No,,Not disclosed,,Not disclosed,,0,unknown,,0,False,,"score=2,idx=3694,zone=11",0,OK,,HIGH
0001324424,EXPE,2024,0001324424_EXPE_FY2024_10K.html,,2025-02-04,Not disclosed,Not disclosed,,,No,,Not disclosed,,Not disclosed,,0,unknown,,0,False,,"score=2,idx=3727,zone=11",0,OK,,HIGH
0001973266,TKO,2023,0001973266_TKO_FY2023_10K.html,,2023-12-31,Not disclosed,Not disclosed,,,No,,Not disclosed,,"Some IT Systems used in our operations are legacy IT systems from businesses we have acquired which may remain separately managed from other IT Systems of our business. We own and manage some of these IT Systems but generally rely on third parties for a range of IT Systems and related products and services, including but not limited to cloud computing services, and ticketing services. We and certain of our third-party providers use these IT Systems to collect, maintain and process data about employees, consumers, event participants, business partners and others, including personal information, as well as proprietary information belonging to our business such as trade secrets (collectively, “Confidential Information”). Any of these IT Systems and Confidential Information are",,0,unknown,,0,False,,"score=4,idx=9583,zone=10",2,OK,,HIGH
0001973266,TKO,2024,0001973266_TKO_FY2024_10K.html,,2025-06-30,Not disclosed,Not disclosed,,,No,,Not disclosed,,"in June 2025 unless extended and it may be revoked in the future by the European Commission if the UK data protection regime is reformed in ways that deviate substantially from the EU GDPR. There can be no assurances that we will be successful in our efforts to comply with the GDPR or other privacy and data protection laws and regulations, or that violations will not occur, particularly given the complexity of both these laws and our business, as well as the uncertainties that accompany new laws. In addition, cloud service providers upon which our services depend are experiencing heightened scrutiny from EU regulators, which may lead to significant shifts or unavailability of cloud services to transfer personal information outside the EU, which may significantly impact our costs or ability to operate. ||| There can be no assurances that we will be successful in our efforts to comply with the GDPR or other privacy and data protection laws and regulations, or that violations will not occur, particularly given the complexity of both these laws and our business, as well as the uncertainties that accompany new laws. In addition, cloud service providers upon which our services depend are experiencing heightened scrutiny from EU regulators, which may lead to significant shifts or unavailability of cloud services to transfer personal information outside the EU, which may significantly impact our costs or ability to operate.",,0,unknown,,0,False,,"score=4,idx=10100,zone=123",36,OK,,HIGH
