firm_cik,firm_ticker,fiscal_year,filename,filing_date,period_end_date,asset_category,useful_life_text,useful_life_min_years,useful_life_max_years,policy_change,policy_change_text,ai_infra_text,ai_infra_source,segment_ai_text,hardware_mentions,hardware_count,source_section,section_title,confidence,ambiguity_flag,ambiguity_detail,item8_method,item8_segment_count,extraction_status,error_message,review_priority
0000106640,WHR,2013,0000106640_WHR_FY2013_10K.html,,,Not disclosed,Not disclosed,,,No,,Not disclosed,,Not disclosed,,0,unknown,,0,False,,"score=6,idx=9741,zone=27608",431,OK,,HIGH
0000106640,WHR,2014,0000106640_WHR_FY2014_10K.html,,,Not disclosed,Not disclosed,,,No,,Not disclosed,,Not disclosed,,0,unknown,,0,False,,"score=6,idx=9984,zone=28999",174,OK,,HIGH
0000106640,WHR,2015,0000106640_WHR_FY2015_10K.html,,,Not disclosed,Not disclosed,,,No,,Not disclosed,,Not disclosed,,0,unknown,,0,False,,"score=6,idx=10325,zone=29319",155,OK,,HIGH
0000106640,WHR,2016,0000106640_WHR_FY2016_10K.html,,,Not disclosed,Not disclosed,,,No,,Not disclosed,,Not disclosed,,0,unknown,,0,False,,"score=6,idx=8379,zone=28560",157,OK,,HIGH
0000106640,WHR,2017,0000106640_WHR_FY2017_10K.html,,,Not disclosed,Not disclosed,,,No,,Not disclosed,,Not disclosed,,0,unknown,,0,False,,"score=6,idx=9850,zone=29405",913,OK,,HIGH
0000106640,WHR,2018,0000106640_WHR_FY2018_10K.html,,,Not disclosed,Not disclosed,,,Yes,"In performing our quantitative assessment of goodwill during the second quarter of 2018, we estimated the reporting unit's fair value under an income approach using a discounted cash flow model. The income approach used the reporting unit's projections of estimated operating results and cash flows that were discounted using a market participant discount rate based on the weighted-average cost of capital. The main assumptions supporting the cash flow projections included revenue growth, EBIT margins and the discount rate. The financial projections reflect management's best estimate of economic and market conditions over the projected period including forecasted revenue growth, EBIT margins, tax rate, capital expenditures, depreciation and amortization, changes in working capital requirements and the terminal growth rate.",Not disclosed,,"Intangibles - Goodwill and Other - Internal-Use Software (Subtopic 350-40): Customer's Accounting for Implementation Costs Incurred In a Cloud Computing Arrangement That Is a Service Contract ||| Standard Effective Date 2016-13 Financial Instruments - Credit Losses (Topic 326): Measurement of Credit Losses on Financial Instruments January 1, 2020 2018-13 Fair Value Measurement (Topic 820): Disclosure Framework - Changes to the Disclosure Requirements for Fair Value Measurement January 1, 2020 2018-14 Compensation - Retirement Benefits - Defined Benefit Plans - General (Subtopic 715-20): Disclosure Framework - Changes to the Disclosure Requirements for Defined Benefit Plans January 1, 2021 2018-15 Intangibles - Goodwill and Other - Internal-Use Software (Subtopic 350-40): Customer's Accounting for Implementation Costs Incurred In a Cloud Computing Arrangement That Is a Service Contract January 1, 2020",,0,unknown,,0,False,,"score=6,idx=10055,zone=31413",1117,OK,,HIGH
0000106640,WHR,2019,0000106640_WHR_FY2019_10K.html,,"December 31, 2019",Not disclosed,Not disclosed,,,Yes,"In performing our quantitative assessment of goodwill, we estimated the reporting unit's fair value under an income approach using a discounted cash flow model. The income approach used the reporting unit's projections of estimated operating results and cash flows that were discounted using a market participant discount rate based on the weighted-average cost of capital. The main assumptions supporting the cash flow projections included revenue growth, EBIT margins and the discount rate. The financial projections reflected management's best estimate of economic and market conditions over the projected period including forecasted revenue growth, EBIT margins, tax rate, capital expenditures, depreciation and amortization, changes in working capital requirements and the terminal growth rate.",Not disclosed,,"Intangibles - Goodwill and Other - Internal-Use Software (Subtopic 350-40): Customer's Accounting for Implementation Costs Incurred In a Cloud Computing Arrangement That Is a Service Contract ||| Standard Effective Date 2018-13 Fair Value Measurement (Topic 820): Disclosure Framework - Changes to the Disclosure Requirements for Fair Value Measurement January 1, 2020 2018-14 Compensation - Retirement Benefits - Defined Benefit Plans - General (Subtopic 715-20): Disclosure Framework - Changes to the Disclosure Requirements for Defined Benefit Plans January 1, 2021 2018-15 Intangibles - Goodwill and Other - Internal-Use Software (Subtopic 350-40): Customer's Accounting for Implementation Costs Incurred In a Cloud Computing Arrangement That Is a Service Contract January 1, 2020 2018-18 Collaborative Arrangements (Topic 808): Clarifying the Interaction between Topic 808 and Topic 606 January 1, 2020",,0,unknown,,0,False,,"score=6,idx=16337,zone=34912",1213,OK,,HIGH
0000106640,WHR,2020,0000106640_WHR_FY2020_10K.html,,2020-12-31,Not disclosed,Not disclosed,,,No,,Not disclosed,,Not disclosed,,0,unknown,,0,False,,"score=5,idx=12266,zone=17134",142,OK,,HIGH
0000106640,WHR,2021,0000106640_WHR_FY2021_10K.html,,2021-12-31,Not disclosed,Not disclosed,,,No,,Not disclosed,,Not disclosed,,0,unknown,,0,False,,"score=5,idx=11090,zone=16831",158,OK,,HIGH
0000106640,WHR,2022,0000106640_WHR_FY2022_10K.html,,2022-12-31,Not disclosed,Not disclosed,,,No,,Not disclosed,,Not disclosed,A100,1,unknown,,0,False,,"score=5,idx=11207,zone=18150",159,OK,,HIGH
0000106640,WHR,2023,0000106640_WHR_FY2023_10K.html,,2024-01-01,Not disclosed,Not disclosed,,,No,,Not disclosed,,Not disclosed,,0,unknown,,0,False,,"score=5,idx=10599,zone=17483",156,OK,,HIGH
0000106640,WHR,2024,0000106640_WHR_FY2024_10K.html,,2025-06-30,Not disclosed,Not disclosed,,,No,,Not disclosed,,Not disclosed,,0,unknown,,0,False,,"score=5,idx=9972,zone=17763",135,OK,,HIGH
0000107140,WLY,2013,0000107140_WLY_FY2013_10K.html,,"APRIL 30, 2014","Technology, equipment, Furniture and Fixtures, Computer Hardware","Technology, property and equipment is depreciated using the straight-line method based upon the following estimated useful lives: Buildings and Leasehold Improvements – the lesser of the estimated useful life of the asset up to 40 years or the duration of the lease; Furniture and Fixtures - 3 to 10 years; Computer Hardware and Software - 3 to 10 years.",3.0,10.0,No,,Not disclosed,,Not disclosed,Blackwell,1,significant_accounting_policies,Note 2 - Summary of Significant Accounting Policies,3,True,3.0-6.0 ans | 3.0-10.0 ans,"fallback,idx=9214,zone=11715",547,OK,,MEDIUM
0000107140,WLY,2014,0000107140_WLY_FY2014_10K.html,,"APRIL 30, 2015","Technology, equipment, Furniture and Fixtures, Computer Hardware","Technology, property and equipment is depreciated using the straight-line method based upon the following estimated useful lives: Buildings and Leasehold Improvements – the lesser of the estimated useful life of the asset up to 40 years or the duration of the lease; Furniture and Fixtures - 3 to 10 years; Computer Hardware and Software - 3 to 10 years.",3.0,10.0,No,,Not disclosed,,"In April 2015, the FASB issued ASU 2015-05 ""Intangibles- Goodwill and Other- Internal-Use Software (Subtopic 350-40): Customer’s Accounting for Fees Paid in Cloud Computing Arrangements"" (“ASU 2015-05”). Cloud computing arrangements represent the delivery of hosted services over the internet which includes software, platforms, infrastructure and other hosting arrangements. The ASU provides criteria to determine whether the cloud computing arrangement includes a software license. If the criteria are met, the customer will capitalize the fee attributable to the software license portion of the arrangement as internal-use software. If the arrangement does not include a software license, it should be treated as a service contract and expensed as services are received. The standard is effective for the Company on May 1, 2016 with early adoption permitted. An entity can elect to adopt either prospectively for all arrangements entered into after the effective date or retrospectively. The Company is currently assessing whether the adoption of the guidance will have a significant impact on its consolidated financial statements.",Blackwell,1,significant_accounting_policies,Note 2 - Summary of Significant Accounting Policies,3,True,3.0-6.0 ans | 3.0-10.0 ans,"fallback,idx=9217,zone=11646",557,OK,,MEDIUM
0000107140,WLY,2015,0000107140_WLY_FY2015_10K.html,,"APRIL 30, 2016","Technology, equipment, Furniture and Fixtures, Computer Hardware","Technology, property and equipment is depreciated using the straight-line method based upon the following estimated useful lives: Buildings and Leasehold Improvements – the lesser of the estimated useful life of the asset up to 40 years or the duration of the lease; Furniture and Fixtures - 3 to 10 years; Computer Hardware and Software - 3 to 10 years.",3.0,10.0,No,,Not disclosed,,"In April 2015, the FASB issued ASU 2015-05 ""Intangibles- Goodwill and Other- Internal-Use Software (Subtopic 350-40): Customer’s Accounting for Fees Paid in Cloud Computing Arrangements"" (“ASU 2015-05”). Cloud computing arrangements represent the delivery of hosted services over the internet which includes software, platforms, infrastructure and other hosting arrangements. The ASU provides criteria to determine whether the cloud computing arrangement includes a software license. A software license can include customized development, maintenance, hosting and other related costs. If the criteria are met, the customer will capitalize the fee attributable to the software license portion of the arrangement as internal-use software. If the arrangement does not include a software license, it should be treated as a service contract. The standard is effective for the Company on May 1, 2016 with early adoption permitted. An entity can elect to adopt either prospectively for all arrangements entered into or materially modified after the effective date or retrospectively. The Company intends to adopt the new guidance on a prospective basis as of May 1, 2016.",Blackwell,1,significant_accounting_policies,Note 2 - Summary of Significant Accounting Policies,3,True,3.0-6.0 ans | 3.0-10.0 ans | 10.0 ans,"fallback,idx=8780,zone=11416",545,OK,,MEDIUM
0000107140,WLY,2016,0000107140_WLY_FY2016_10K.html,,"APRIL 30, 2017","Technology, equipment, Computer Software, Computer Hardware","Technology, property and equipment is depreciated using the straight-line method based upon the following estimated useful lives: Computer Software – 3 to 10 years; Computer Hardware - 3 to 5 years; Buildings and Leasehold Improvements – the lesser of the estimated useful life of the asset up to 40 years or the duration of the lease; Furniture, Fixtures and Warehouse Equipment - 3 to 10 years.",3.0,10.0,No,,Not disclosed,,"In August, Wiley announced a publishing agreement with Amazon Web Services (AWS) to introduce official study guide learning tools for the AWS Certification Program. The AWS Certification Program recognizes IT professionals that possess the skills and technical knowledge necessary for building and maintaining applications and services on the AWS Cloud. To earn an AWS Certification, individuals must demonstrate their proficiency in a particular area by passing an AWS Certification Exam. ||| In April 2015, the FASB issued ASU 2015-05 ""Intangibles- Goodwill and Other- Internal-Use Software (Subtopic 350-40): Customer’s Accounting for Fees Paid in Cloud Computing Arrangements"" (“ASU 2015-05”). Cloud computing arrangements represent the delivery of hosted services over the internet which includes software, platforms, infrastructure and other hosting arrangements. The ASU provides criteria to determine whether the cloud computing arrangement includes a software license. A software license can include customized development, maintenance, hosting and other related costs. If the criteria are met, the customer will capitalize the fee attributable to the software license portion of the arrangement as internal-use software. If the arrangement does not include a software license, it should be treated as a service contract. The Company adopted the new guidance on a prospective basis for all arrangements entered into or materially modified after May 1, 2016.",Blackwell,1,significant_accounting_policies,Note 2 - Summary of Significant Accounting Policies,3,True,1.0-3.0 ans | 3.0-5.0 ans | 3.0-6.0 ans | 3.0-10.0 ans | 5.0 ans | 10.0 ans,"fallback,idx=7987,zone=11478",555,OK,,MEDIUM
0000107140,WLY,2017,0000107140_WLY_FY2017_10K.html,,"APRIL 30, 2018",Capitalized Software,Capitalized Software Amortization Expense,,,No,,Not disclosed,,Not disclosed,,0,significant_accounting_policies,Note 19. Supplementary Quarterly Financial Information–Results By Quarter (Unaudited),3,True,3.0-5.0 ans | 3.0-10.0 ans,"fallback,idx=8320,zone=12946",597,OK,,MEDIUM
0000107140,WLY,2018,0000107140_WLY_FY2018_10K.html,,"APRIL 30, 2019","Technology, equipment, Computer Software, Computer Hardware","Technology, property and equipment is depreciated using the straight-line method based upon the following estimated useful lives: Computer Software – 3 to 10 years, Computer Hardware – 3 to 5 years; Buildings and Leasehold Improvements – the lesser of the estimated useful life of the asset up to 40 years or the duration of the lease; Furniture, Fixtures, and Warehouse Equipment – 5 to 10 years.",3.0,10.0,No,,Not disclosed,,"Intangibles-Goodwill and Other-Internal-Use Software: Customer’s Accounting for Implementation Costs Incurred in a Cloud Computing Arrangement That is a Service Contract ||| In August 2018, the FASB issued ASU 2018-15, “Intangibles-Goodwill and Other-Internal-Use Software (Subtopic 350-40): Customer’s Accounting for Implementation Costs Incurred in a Cloud Computing Arrangement That is a Service Contract.” ASU 2018-15 aligns the requirements for capitalizing implementation costs incurred in a hosting arrangement that is a service contract with the requirements for capitalizing implementation costs incurred to develop or obtain internal-use software. The standard is effective for us on May 1, 2020, and interim periods within that fiscal year, with early adoption permitted. We are currently assessing the impact the new guidance will have on our consolidated financial statements.",,0,significant_accounting_policies,Note 21. Subsequent Events,3,True,3.0-5.0 ans | 3.0-10.0 ans | 5.0-10.0 ans | 10.0 ans,"fallback,idx=10682,zone=19978",886,OK,,MEDIUM
0000107140,WLY,2019,0000107140_WLY_FY2019_10K.html,,"April 30, 2020",Capitalized Software,Capitalized Software Amortization Expense,,,No,,Not disclosed,,"Intangibles-Goodwill and Other-Internal-Use Software: Customer’s Accounting for Implementation Costs Incurred in a Cloud Computing Arrangement That is a Service Contract ||| In August 2018, the FASB issued ASU 2018-15, “Intangibles-Goodwill and Other-Internal-Use Software (Subtopic 350-40): Customer’s Accounting for Implementation Costs Incurred in a Cloud Computing Arrangement That is a Service Contract.” ASU 2018-15 aligns the requirements for capitalizing implementation costs incurred in a hosting arrangement that is a service contract with the requirements for capitalizing implementation costs incurred to develop or obtain internal-use software. The standard is effective for us on May 1, 2020, and interim periods within that fiscal year, with early adoption permitted. This ASU may be applied either retrospectively or prospectively to all implementation costs incurred after the date of adoption. We will adopt the new standard on May 1, 2020 prospectively to all implementation costs that will be incurred on or after the date of adoption. The impact will be based on future implementation costs for cloud computing arrangements, which we currently do not expect to have a material impact on our consolidated financial statements and related disclosures.",Blackwell,1,significant_accounting_policies,Note 22. Subsequent Events,3,True,3.0-5.0 ans | 3.0-10.0 ans | 5.0-10.0 ans,"fallback,idx=13531,zone=16859",972,OK,,MEDIUM
0000107140,WLY,2020,0000107140_WLY_FY2020_10K.html,,"April 30, 2020",Capitalized Software,Capitalized Software Amortization Expense,,,No,,Not disclosed,,"Intangibles-Goodwill and Other-Internal-Use Software: Customer’s Accounting for Implementation Costs Incurred in a Cloud Computing Arrangement That is a Service Contract ||| In August 2018, the FASB issued ASU 2018-15, “Intangibles-Goodwill and Other-Internal-Use Software (Subtopic 350-40): Customer’s Accounting for Implementation Costs Incurred in a Cloud Computing Arrangement That is a Service Contract.” ASU 2018-15 aligns the requirements for capitalizing implementation costs incurred in a hosting arrangement that is a service contract with the requirements for capitalizing implementation costs incurred to develop or obtain internal-use software. The standard is effective for us on May 1, 2020, and interim periods within that fiscal year, with early adoption permitted. This ASU may be applied either retrospectively or prospectively to all implementation costs incurred after the date of adoption. We will adopt the new standard on May 1, 2020 prospectively to all implementation costs that will be incurred on or after the date of adoption. The impact will be based on future implementation costs for cloud computing arrangements, which we currently do not expect to have a material impact on our consolidated financial statements and related disclosures.",Blackwell,1,significant_accounting_policies,Note 22. Subsequent Events,3,True,3.0-5.0 ans | 3.0-10.0 ans | 5.0-10.0 ans,"fallback,idx=13531,zone=16859",972,OK,,MEDIUM
0000107140,WLY,2021,0000107140_WLY_FY2021_10K.html,,"April 30, 2022",Capitalized software,Capitalized software amortization expense,,,No,,Not disclosed,,"Intangibles-Goodwill and Other-Internal-Use Software: Customer’s Accounting for Implementation Costs Incurred in a Cloud Computing Arrangement That is a Service Contract ||| In August 2018 , the FASB issued ASU 2018-15 , “Intangibles-Goodwill and Other-Internal-Use Software (Subtopic 350-40 ): Customer’s Accounting for Implementation Costs Incurred in a Cloud Computing Arrangement That is a Service Contract.” ASU 2018-15 aligns the requirements for capitalizing implementation costs incurred in a hosting arrangement that is a service contract with the requirements for capitalizing implementation costs incurred to develop or obtain internal-use software. We adopted ASU 2018-15 on May 1, 2020 on a prospective basis. There was no impact to our Consolidated Financial Statements at the date of adoption . ||| ): Customer’s Accounting for Implementation Costs Incurred in a Cloud Computing Arrangement That is a Service Contract.” ASU",Blackwell,1,significant_accounting_policies,Note 21. Subsequent Events,3,True,3.0-5.0 ans | 3.0-10.0 ans | 5.0-10.0 ans,"fallback,idx=14928,zone=16261",977,OK,,MEDIUM
0000107140,WLY,2022,0000107140_WLY_FY2022_10K.html,,2023-07-31,Not disclosed,Not disclosed,,,No,,Not disclosed,,Not disclosed,,0,unknown,,0,False,,"fallback,idx=13945,zone=14039",1,OK,,HIGH
0000107140,WLY,2023,0000107140_WLY_FY2023_10K.html,,2024-05-13,Not disclosed,Not disclosed,,,No,,Not disclosed,,Not disclosed,,0,unknown,,0,False,,"fallback,idx=13617,zone=14819",1,OK,,HIGH
0000107140,WLY,2024,0000107140_WLY_FY2024_10K.html,,2025-04-30,Not disclosed,Not disclosed,,,No,,Not disclosed,,"The unfavorable changes in other assets and liabilities noted in the table above was primarily due to higher employee related costs which was due t o higher annual incentive compensation paid in fiscal year 2025 related to fiscal year 2024 performance, and h igher costs related to cloud computing arrangements associated with targeted enterprise modernization work in fiscal year 2025. These cloud computing costs are capitalizable and amortized but included in cash flow from operations rather than cash flow from investing activities. These factors were partially offset by lower restructuring payments in fiscal year 2025. ||| igher costs related to cloud computing arrangements associated with targeted enterprise modernization work in fiscal year 2025. These cloud computing costs are capitalizable and amortized but included in cash flow from operations rather than cash flow from investing activities. These factors were partially offset by lower restructuring payments in fiscal year 2025.",,0,unknown,,0,False,,"fallback,idx=10935,zone=15284",1,OK,,HIGH
0000107263,WMB,2013,0000107263_WMB_FY2013_10K.html,,"December 31, 2013",equipment,"Property, plant, and equipment is recorded at cost. We base the carrying value of these assets on estimates, assumptions, and judgments relative to capitalized costs, useful lives, and salvage values.",,,Unclear,"Several factors are considered in the annual review process, including inflation rates, current estimates for removal cost, discount rates, and the estimated remaining life of the assets. The 2013 revision primarily reflects increases in the estimated remaining useful life of the assets. The 2012 revision primarily reflects a decrease in removal cost estimates. The 2013 and 2012 revisions also include increases of $9 million and $13 million , respectively, related to changes in the timing and method of abandonment on certain of Transco’s natural gas storage caverns that were associated with a leak in 2010.",Not disclosed,,Not disclosed,,0,significant_accounting_policies,Note 4 – Discontinued Operations,3,False,,"score=4,idx=15107,zone=37116",1395,OK,,MEDIUM
0000107263,WMB,2014,0000107263_WMB_FY2014_10K.html,,"December 31, 2014",equipment,"Gains or losses from the ordinary sale or retirement of property, plant, and equipment for regulated pipelines are credited or charged to accumulated depreciation.",,,Unclear,"Several factors are considered in the annual review process, including inflation rates, current estimates for removal cost, discount rates, and the estimated remaining life of the assets. The 2014 revisions primarily reflect an increase in the estimated retirement costs for our offshore pipelines, an increase in the inflation rate and decreases in the discount rates used in the annual review process. The 2013 revision primarily reflects increases in the estimated remaining useful life of the assets. The 2013 revision also includes an increase of $9 million related to changes in the timing and method of abandonment on certain of Transco’s natural gas storage caverns that were associated with a leak in 2010.",Not disclosed,,Not disclosed,,0,ppe_note,"Note 11 – Property, Plant, and Equipment",3,False,,"score=4,idx=16555,zone=39726",1526,OK,,MEDIUM
0000107263,WMB,2016,0000107263_WMB_FY2016_10K.html,,"December 31, 2016",equipment,"Property, plant, and equipment is recorded at cost. We base the carrying value of these assets on estimates, assumptions, and judgments relative to capitalized costs, useful lives, and salvage values.",,,Unclear,"Several factors are considered in the annual review process, including inflation rates, current estimates for removal cost, market risk premiums, discount rates, and the estimated remaining useful life of the assets. The 2016 revisions reflect changes in removal cost estimates, increases in the estimated remaining useful life of certain assets, and decreases in the inflation rate and discount rates used in the annual review process. The 2015 revisions reflect changes in removal cost estimates and the estimated remaining useful life of assets, a decrease in the inflation rate, and increases in the discount rates used in the annual review process.",Not disclosed,,Not disclosed,,0,significant_accounting_policies,"Note 14 – Debt, Banking Arrangements, and Leases",3,False,,"score=4,idx=16598,zone=39395",1509,OK,,MEDIUM
0000107263,WMB,2017,0000107263_WMB_FY2017_10K.html,,"December 31, 2017",equipment,"Transco and Northwest Pipeline are regulated by the Federal Energy Regulatory Commission (FERC). Their rates, which are established by the FERC, are designed to recover the costs of providing the regulated services, and their competitive environment makes it probable that such rates can be charged and collected. Therefore, we have determined that it is appropriate under Accounting Standards Codification (ASC) Topic 980, “Regulated Operations,” to account for and report regulatory assets and liabilities related to these operations consistent with the economic effect of the way in which their rates are established. Accounting for these operations that are regulated can differ from the accounting requirements for nonregulated operations. For example, for regulated operations, allowance for funds used during construction (AFUDC) represents the estimated cost of debt and equity funds applicable to utility plant in the process of construction and is capitalized as a cost of property, plant, and equipment because it constitutes an actual cost of construction under established regulatory practices; nonregulated operations are only allowed to capitalize the cost of debt funds related to construction activities, while a component for equity is prohibited. The components of our regulatory assets and liabilities relate to the effects of deferred taxes on equity funds used during construction, asset retirement obligations, fuel cost differentials, levelized incremental depreciation, negative salvage, pension and other postretirement benefits, and rate allowances for deferred income taxes at a historically higher federal income tax rate.",,,Unclear,"Several factors are considered in the annual review process, including inflation rates, current estimates for removal cost, market risk premiums, discount rates, and the estimated remaining useful life of the assets. The 2017 revisions reflect changes in removal cost estimates and decreases in the estimated remaining useful life of certain assets and discount rates used in the annual review process. The 2016 revisions reflect changes in removal cost estimates, increases in the estimated remaining useful life of certain assets, and decreases in the inflation rate and discount rates used in the annual review process.",Not disclosed,,Not disclosed,,0,significant_accounting_policies,"Note 13 – Debt, Banking Arrangements, and Leases",3,False,,"score=4,idx=16686,zone=37538",1462,OK,,MEDIUM
0000107263,WMB,2018,0000107263_WMB_FY2018_10K.html,,"December 31, 2018",equipment,"established. Accounting for these operations that are regulated can differ from the accounting requirements for nonregulated operations. For example, for regulated operations, allowance for funds used during construction (AFUDC) represents the estimated cost of debt and equity funds applicable to utility plant in the process of construction and is capitalized as a cost of property, plant, and equipment because it constitutes an actual cost of construction under established regulatory practices; nonregulated operations are only allowed to capitalize the cost of debt funds related to construction activities, while a component for equity is prohibited. The components of our regulatory assets and liabilities relate to the effects of deferred taxes on equity funds used during construction, asset retirement obligations, fuel cost differentials, levelized incremental depreciation, negative salvage, pension and other postretirement benefits, and rate allowances for deferred income taxes at a historically higher federal income tax rate.",,,Unclear,"Several factors are considered in the annual review process, including inflation rates, current estimates for removal cost, market risk premiums, discount rates, and the estimated remaining useful life of the assets. The 2018 revisions reflect changes in removal cost estimates, decreases in the estimated remaining useful life of certain assets and increases in the discount rates used in the annual review process. The 2017 revisions reflect changes in removal cost estimates and decreases in the estimated remaining useful life of certain assets and discount rates used in the annual review process.",Not disclosed,,Not disclosed,,0,significant_accounting_policies,Note 3 – Divestitures,3,False,,"score=4,idx=18543,zone=40785",1481,OK,,MEDIUM
0000107263,WMB,2019,0000107263_WMB_FY2019_10K.html,,2019-12-31,equipment,"Transco and Northwest Pipeline are regulated by the Federal Energy Regulatory Commission (FERC). Their rates, which are established by the FERC, are designed to recover the costs of providing the regulated services, and their competitive environment makes it probable that such rates can be charged and collected. Therefore, we have determined that it is appropriate under Accounting Standards Codification (ASC) Topic 980, “Regulated Operations,” (ASC 980) to account for and report regulatory assets and liabilities related to these operations consistent with the economic effect of the way in which their rates are established. Accounting for these operations that are regulated can differ from the accounting requirements for nonregulated operations. For example, for regulated operations, allowance for funds used during construction (AFUDC) represents the estimated cost of debt and equity funds applicable to utility plant in the process of construction and is capitalized as a cost of property, plant, and equipment because it constitutes an actual cost of construction under established regulatory practices; nonregulated operations are only allowed to capitalize the cost of debt funds related to construction activities, while a component for equity is prohibited. The components of our regulatory assets and liabilities relate to the effects of deferred taxes on equity funds used during construction, asset retirement obligations, fuel cost differentials, levelized incremental depreciation, negative salvage, pension and other postretirement benefits, and rate allowances for deferred income taxes at a historically higher federal income tax rate.",,,Unclear,"Several factors are considered in the annual review process, including inflation rates, current estimates for removal cost, market risk premiums, discount rates, and the estimated remaining useful life of the assets. The 2019 revisions reflect changes in removal cost estimates, decreases in the estimated remaining useful life of certain assets, increases in inflation rates, and decreases in the discount rates used in the annual review process. The 2018 revisions reflect changes in removal cost estimates, decreases in the estimated remaining useful life of certain assets, and increases in the discount rates used in the annual review process.",Not disclosed,,Not disclosed,,0,significant_accounting_policies,Note 6 – Investing Activities,3,False,,"score=4,idx=28593,zone=43380",1467,OK,,MEDIUM
0000107263,WMB,2020,0000107263_WMB_FY2020_10K.html,,2021-01-26,equipment,"Property, plant, and equipment is initially recorded at cost. We base the carrying value of these assets on estimates, assumptions, and judgments relative to capitalized costs, useful lives, and salvage values.",,,Unclear,"(2) Several factors are considered in the annual review process, including inflation rates, current estimates for removal cost, market risk premiums, discount rates, and the estimated remaining useful life of the assets. The 2020 revisions reflect changes in removal cost estimates, increases in the estimated remaining useful life of certain assets, decreases in inflation rates, and decreases in the discount rates used in the annual review process. The 2019 revisions reflect changes in removal cost estimates, decreases in the estimated remaining useful life of certain assets, increases in inflation rates, and decreases in the discount rates used in the annual review process.",Not disclosed,,Not disclosed,,0,significant_accounting_policies,"Note 1 – General, Description of Business, Basis of Presentation, and Summary of Significant Accounting Policies",3,False,,"score=2,idx=18744,zone=20895",1137,OK,,MEDIUM
0000107263,WMB,2021,0000107263_WMB_FY2021_10K.html,,2022-02-01,equipment,"Property, plant, and equipment is initially recorded at cost. We base the carrying value of these assets on estimates, assumptions, and judgments relative to capitalized costs, useful lives, and salvage values.",,,Unclear,"(2) Several factors are considered in the annual review process, including inflation rates, current estimates for removal cost, market risk premiums, discount rates, and the estimated remaining useful life of the assets. The 2021 revisions reflect changes in removal cost estimates, increases in the estimated remaining useful life of certain assets, increases in inflation rates, and new removal estimates. The 2020 revisions reflect changes in removal cost estimates, increases in the estimated remaining useful life of certain assets, decreases in inflation rates, and decreases in the discount rates used in the annual review process.",Not disclosed,,Not disclosed,,0,significant_accounting_policies,"Note 1 – General, Description of Business, Basis of Presentation, and Summary of Significant Accounting Policies",3,False,,"score=2,idx=19170,zone=20607",1125,OK,,MEDIUM
0000107263,WMB,2022,0000107263_WMB_FY2022_10K.html,,2022-12-31,equipment,"Property, plant, and equipment is initially recorded at cost. We base the carrying value of these assets on estimates, assumptions, and judgments relative to capitalized costs, useful lives, and salvage values.",,,Unclear,"(2) Several factors are considered in the annual review process, including inflation rates, current estimates for removal cost, market risk premiums, discount rates, and the estimated remaining useful life of the assets. The 2022 revisions reflect changes in removal cost estimates and increases in inflation rates, partially offset by increases in discount rates. The 2021 revisions reflect changes in removal cost estimates, increases in the estimated remaining useful life of certain assets, and increases in inflation rates.",Not disclosed,,Not disclosed,B200,1,significant_accounting_policies,"Note 1 – General, Description of Business, Basis of Presentation, and Summary of Significant Accounting Policies",3,False,,"score=2,idx=19807,zone=19663",1035,OK,,MEDIUM
0000107687,WGO,2013,0000107687_WGO_FY2013_10K.html,,,equipment,"Depreciation of property and equipment is computed using the straight‑line method on the cost of the assets, less allowance for salvage value where appropriate, at rates based upon their estimated service lives as follows:",,,Unclear,"is not subject to amortization for financial statement purposes, but is amortizable for tax return purposes. During the course of our annual evaluation of goodwill, we have determined that the fair value substantially exceeds the carrying value. Amortizable intangible assets are amortized on a straight-line basis. During the course of our annual review of intangible assets, we identified a decrease in the estimated useful lives of our intangible assets related to the SunnyBrook acquisition. In order to reflect the updated estimated useful lives, the intangible assets have been fully amortized as of",Not disclosed,,Not disclosed,,0,significant_accounting_policies,Note 2,3,False,,"score=4,idx=15482,zone=16292",766,OK,,MEDIUM
0000107687,WGO,2014,0000107687_WGO_FY2014_10K.html,,,"Machinery and equipment, equipment","(In thousands) August 30, 2014 August 31, 2013 Land $ 738 $ 757 Buildings and building improvements 47,273 50,297 Machinery and equipment 90,101 88,280 Software 4,356 2,944 Transportation 9,098 9,044 Total property, plant and equipment, gross 151,566 151,322 Less accumulated depreciation (126,431 ) (131,056 ) Total property, plant and equipment, net $ 25,135 $ 20,266",,,Unclear,"consisted of dealer network, trademarks and non-compete agreements and were fully amortized in Fiscal 2013 after identifying a decrease in the estimated useful lives. Amortization expense was",Not disclosed,,Not disclosed,,0,ppe_note,"Note 5 : Property, Plant and Equipment and Assets Held for Sale",3,False,,"score=4,idx=15087,zone=15393",755,OK,,MEDIUM
0000107687,WGO,2015,0000107687_WGO_FY2015_10K.html,,,"Machinery and equipment, equipment","(In thousands) August 29, 2015 August 30, 2014 Land $ 1,874 $ 738 Buildings and building improvements 53,388 47,273 Machinery and equipment 94,034 90,101 Software 8,033 4,356 Transportation 8,913 9,098 Total property, plant and equipment, gross 166,242 151,566 Less accumulated depreciation (128,992 ) (126,431 ) Total property, plant and equipment, net $ 37,250 $ 25,135",,,Unclear,"consisted of dealer network, trademarks and non-compete agreements and were fully amortized in Fiscal 2013 after identifying a decrease in the estimated useful lives. Amortization expense was",Not disclosed,,Not disclosed,,0,ppe_note,"Note 5 : Property, Plant and Equipment and Assets Held for Sale",3,False,,"score=4,idx=16091,zone=15524",744,OK,,MEDIUM
0000107687,WGO,2021,0000107687_WGO_FY2021_10K.html,,2022-08-27,equipment,"Depreciation of property and equipment is computed using the straight-line method on the cost of the assets, less allowance for salvage value where appropriate, at rates based upon their estimated service lives as follows: Asset Class Asset Life Buildings 20-40 years Machinery and equipment 3-10 years Software 5-10 years Transportation equipment 3-6 years",3.0,10.0,Yes,"We monitor and evaluate operating performance of our reportable segments based on Adjusted EBITDA. We believe disclosing Adjusted EBITDA is useful to securities analysts, investors and other interested parties when evaluating companies in our industries. EBITDA is defined as net income before interest expense, provision for income taxes, and depreciation and amortization expense. Adjusted EBITDA is defined as net income before interest expense, provision for income taxes, depreciation and amortization expense, and other pretax adjustments made in order to present comparable results period over period. Examples of items excluded from Adjusted EBITDA include acquisition-related fair-value inventory step-up, acquisition-related costs, restructuring expenses, gain or loss on sale of property, plant and equipment, and non-operating income.",Not disclosed,,Not disclosed,AMD_Instinct,1,significant_accounting_policies,Note 1. Basis of Presentation,3,True,3.0-6.0 ans | 3.0-10.0 ans | 5.0-10.0 ans,"score=2,idx=6622,zone=9029",599,OK,,MEDIUM
0000108312,WWD,2013,0000108312_WWD_FY2013_10K.html,,"September 30, 2013",computer equipment,"Included in computer equipment and software are Woodward’s enterprise resource planning (“ERP”) systems, which have an estimated useful life of 10 years. All other computer equipment and software is generally depreciated over three to five years.",3.0,5.0,No,,Not disclosed,,Not disclosed,,0,significant_accounting_policies,Note 1. Operations and summary of significant accounting policies,3,True,3.0-5.0 ans | 10.0 ans,"score=4,idx=12086,zone=30550",1308,OK,,MEDIUM
0000108312,WWD,2014,0000108312_WWD_FY2014_10K.html,,"September 30, 2014",computer equipment,"Included in computer equipment and software are Woodward’s enterprise resource planning (“ERP”) systems, which have an estimated useful life of 10 years. All other computer equipment and software is generally depreciated over three to five years.",3.0,5.0,No,,"Electrical Power Generation and Distribution – While various OEM customers have indicated a weakness in the power generation markets during fiscal year 2014, demand for Woodward controls for power generation and power distribution applications has held fairly steady. While slow economic growth has moderated the stress on utility generation capacity and electrical grid infrastructures, demand for power generation controls used on wind turbines and in critical power applications – such as back-up power supply at data centers – has remained strong.",MD&A (Item 7),Not disclosed,,0,significant_accounting_policies,Note 1. Operations and summary of significant accounting policies,3,True,3.0-5.0 ans | 10.0 ans,"score=4,idx=11729,zone=31383",1173,OK,,MEDIUM
0000108312,WWD,2015,0000108312_WWD_FY2015_10K.html,,"September 30, 2015",computer equipment,"Included in computer equipment and software are Woodward’s enterprise resource planning (“ERP”) systems, which have an estimated useful life of 10 years. All other computer equipment and software is generally depreciated over three to five years.",3.0,5.0,No,,Not disclosed,,Not disclosed,,0,significant_accounting_policies,Note 1. Operations and su mmary of significant accounting policies,3,True,3.0-5.0 ans | 10.0 ans,"score=4,idx=12298,zone=30731",1169,OK,,MEDIUM
0000108312,WWD,2016,0000108312_WWD_FY2016_10K.html,,"September 30, 2016",computer equipment,"Included in computer equipment and software are Woodward’s enterprise resource planning (“ERP”) systems, which have an estimated useful life of 10 years. All other computer equipment and software is generally depreciated over three to five years.",3.0,5.0,No,,Not disclosed,,Not disclosed,,0,significant_accounting_policies,Note 1. Operations and su mmary of significant accounting policies,3,True,3.0-5.0 ans | 10.0 ans,"score=4,idx=11634,zone=30063",1344,OK,,MEDIUM
0000108312,WWD,2017,0000108312_WWD_FY2017_10K.html,,"September 30, 2017",computer equipment,"Included in computer equipment and software are Woodward’s enterprise resource planning (“ERP”) systems, which have an estimated useful life of 10 years. All other computer equipment and software is generally depreciated over three to five years.",3.0,5.0,No,,Not disclosed,,Not disclosed,,0,significant_accounting_policies,Note 1. Operations and summary of significant accounting policies,3,True,3.0-5.0 ans | 10.0 ans,"score=4,idx=11209,zone=28918",1328,OK,,MEDIUM
0000108312,WWD,2018,0000108312_WWD_FY2018_10K.html,,"September 30, 2018",computer equipment,"Included in computer equipment and software are Woodward’s enterprise resource planning (“ERP”) systems, which have an estimated useful life of 10 years. All other computer equipment and software is generally depreciated over three to five years.",3.0,5.0,No,,Not disclosed,,Not disclosed,,0,significant_accounting_policies,Note 1. Operations and summary of significant accounting policies,3,True,3.0-5.0 ans | 10.0 ans,"score=4,idx=11866,zone=30962",1275,OK,,MEDIUM
0000108312,WWD,2019,0000108312_WWD_FY2019_10K.html,,2019-09-30,Not disclosed,Not disclosed,,,No,,Not disclosed,,Not disclosed,,0,unknown,,0,False,,"score=4,idx=20010,zone=53575",506,OK,,HIGH
0000108312,WWD,2020,0000108312_WWD_FY2020_10K.html,,2020-11-15,computer equipment and software is generally depreciated over,"Included in computer equipment and software are Woodward’s enterprise resource planning (“ERP”) systems, which have an estimated useful life of 10 years. All other computer equipment and software is generally depreciated over three years to five years.",3.0,,No,,"Reciprocating Engines – Woodward’s key markets for engine control technologies are power generation, transportation (including compressed natural gas (“CNG”) trucks in Asia, mining, and marine shipping), and oil and gas. We continue to expect the market demand for natural gas trucks to remain favorable as the Chinese government continues to implement more stringent emissions standards and encourage natural gas usage under its initiative on air quality improvement. The demand for large reciprocating engines used in marine, oil and gas , and prime power generation applications was impacted by the COVID-19 pandemic and the drop in oil prices in the second half of fiscal year 2020. The demand for internet traffic and data storage is also driving demand for data center power generation. We anticipate some softening and stabilization of the large reciprocating engine market in fiscal year 202 1 due to a more stable market environment . Government emissions requirements across many regions and new engine applications are driving demand for more sophisticated control systems, as is customer demand for improved engine efficiencies and increased reliability. We expect share gains by our customers and increased scope on the latest generation reciprocating engines as energy policies in some countries encourage the use of natural gas and other alternative fuels over carbon-rich petroleum fuels, which we expect will drive increased demand for our alternative fuel clean engine control technologies.",MD&A (Item 7),Not disclosed,,0,significant_accounting_policies,Note 1. Operations and summary of significant accounting policies,3,True,3.0 ans | 5.0 ans | 10.0 ans,"score=3,idx=17401,zone=34316",1167,OK,,MEDIUM
0000108312,WWD,2021,0000108312_WWD_FY2021_10K.html,,2021-09-30,computer equipment and software is generally depreciated over,"Included in computer equipment and software are Woodward’s enterprise resource planning (“ERP”) systems, which have an estimated useful life of 10 years. All other computer equipment and software is generally depreciated over three years to five years.",3.0,,No,,"Reciprocating Engines – Woodward’s key markets for engine control technologies are power generation, transportation (including compressed natural gas (“CNG”) and liquified natural gas (“LNG”) trucks in Asia, mining, and marine shipping), and oil and gas. We continue to expect the market demand for natural gas trucks to remain favorable over the long-term as the Chinese government continues to implement more stringent emissions standards and encourage natural gas usage under its initiative on air quality improvement. The demand for large reciprocating engines used in marine, oil and gas, and prime power generation applications was impacted by the COVID-19 pandemic and the drop in oil prices during fiscal year 2021. The demand from internet traffic and data storage is driving demand for data center power generation. We anticipate some continued softening and stabilization of the large reciprocating engine market in fiscal year 2022 due to a more stable market environment. Government emissions requirements across many regions and new engine applications are driving demand for more sophisticated control systems, as is customer demand for improved engine efficiencies and increased reliability. We expect market share gains by our customers and increased scope on the latest generation reciprocating engines as energy policies in some countries encourage the use of CNG, LNG, and other alternative fuels over carbon-rich petroleum fuels, which we expect will drive increased demand for our alternative fuel clean engine control technologies.",MD&A (Item 7),Not disclosed,,0,significant_accounting_policies,Note 1. Operations and summary of significant accounting policies,3,True,3.0 ans | 5.0 ans | 10.0 ans,"score=3,idx=12402,zone=31940",954,OK,,MEDIUM
0000108312,WWD,2022,0000108312_WWD_FY2022_10K.html,,2022-09-30,computer equipment and software is generally depreciated over,"Included in computer equipment and software are Woodward’s enterprise resource planning (“ERP”) systems, which have an estimated useful life of 15 years. All other computer equipment and software is generally depreciated over three years to five years.",3.0,,No,,"Reciprocating Engines – Woodward’s key markets for industrial engine control technologies and fuel system equipment are power generation, transportation (including compressed natural gas and liquified natural gas trucks in Asia, mining, and marine shipping), and oil and gas. Due to higher gas prices and global supply chain and labor disruptions, powerplant operations have transitioned to higher liquid fuel use, thereby increasing the demand for our products. The demand from internet traffic and data storage is driving demand for data center power generation. While demand growth for reciprocating engines in fiscal year 2022 was supported by aftermarket demand and investment into new highspeed equipment, we anticipate strong demand in fiscal year 2023 for new highspeed engines and new marine engines. We expect market share gains by our customers and increased scope on the next generation reciprocating engines as energy policies in some countries encourage the use of compressed natural gas, liquefied natural gas, and other alternative fuels over carbon-rich petroleum fuels, which we expect will drive increased demand for our alternative fuel clean engine control technologies.",MD&A (Item 7),Not disclosed,,0,significant_accounting_policies,Note 1. Operations and summary of significant accounting policies,3,True,3.0 ans | 5.0 ans | 15.0 ans,"score=3,idx=12289,zone=31944",997,OK,,MEDIUM
0000108312,WWD,2023,0000108312_WWD_FY2023_10K.html,,2023-11-15,computer equipment and software is generally depreciated over,"Included in computer equipment and software are Woodward’s enterprise resource planning (“ERP”) systems, which have an estimated useful life of 15 years. All other computer equipment and software is generally depreciated over three years to five years .",3.0,,Not disclosed,,Not disclosed,,Not disclosed,,0,significant_accounting_policies,Note 1. Operations and summary of significant accounting policies,3,False,,"score=4,idx=14469,zone=44826",1199,ERROR,'<' not supported between instances of 'float' and 'NoneType',HIGH
0000108312,WWD,2024,0000108312_WWD_FY2024_10K.html,,2024-09-30,computer equipment and software is generally depreciated over,"Included in computer equipment and software are Woodward’s enterprise resource planning (“ERP”) systems, which have an estimated useful life of 15 years. All other computer equipment and software is generally depreciated over three years to five years .",3.0,,Not disclosed,,Not disclosed,,Not disclosed,,0,significant_accounting_policies,Note 1. Operations and summary of significant accounting policies,3,False,,"score=4,idx=14625,zone=45952",1219,ERROR,'<' not supported between instances of 'float' and 'NoneType',HIGH
0000108516,WOR,2013,0000108516_WOR_FY2013_10K.html,,"May 31, 2013",Not disclosed,Not disclosed,,,No,,Not disclosed,,Not disclosed,,0,unknown,,0,False,,"score=4,idx=14613,zone=28824",640,OK,,HIGH
0000108516,WOR,2014,0000108516_WOR_FY2014_10K.html,,"May 31, 2014",Not disclosed,Not disclosed,,,No,,Not disclosed,,Not disclosed,,0,unknown,,0,False,,"score=4,idx=14935,zone=27792",608,OK,,HIGH
0000108516,WOR,2015,0000108516_WOR_FY2015_10K.html,,"May 31, 2015",Not disclosed,Not disclosed,,,No,,Not disclosed,,Not disclosed,,0,unknown,,0,False,,"score=4,idx=16067,zone=29583",636,OK,,HIGH
0000108516,WOR,2016,0000108516_WOR_FY2016_10K.html,,"May 31, 2016",Not disclosed,Not disclosed,,,No,,Not disclosed,,Not disclosed,,0,unknown,,0,False,,"score=4,idx=16652,zone=28952",630,OK,,HIGH
0000108516,WOR,2017,0000108516_WOR_FY2017_10K.html,,"May 31, 2017",Not disclosed,Not disclosed,,,No,,Not disclosed,,Not disclosed,,0,unknown,,0,False,,"score=4,idx=16297,zone=26358",580,OK,,HIGH
0000108516,WOR,2018,0000108516_WOR_FY2018_10K.html,,"May 31, 2018",Not disclosed,Not disclosed,,,No,,Not disclosed,,Not disclosed,,0,unknown,,0,False,,"score=4,idx=13579,zone=22693",750,OK,,HIGH
0000108516,WOR,2019,0000108516_WOR_FY2019_10K.html,,"May 31, 2019",Not disclosed,Not disclosed,,,No,,Not disclosed,,Not disclosed,,0,unknown,,0,False,,"score=4,idx=12972,zone=24367",822,OK,,HIGH
0000108516,WOR,2020,0000108516_WOR_FY2020_10K.html,,"May 31, 2020",Not disclosed,Not disclosed,,,No,,Not disclosed,,Not disclosed,,0,unknown,,0,False,,"score=4,idx=13283,zone=24910",880,OK,,HIGH
0000108516,WOR,2021,0000108516_WOR_FY2021_10K.html,,"May 31, 2021",Not disclosed,Not disclosed,,,No,,Not disclosed,,Not disclosed,,0,unknown,,0,False,,"score=4,idx=13891,zone=25056",886,OK,,HIGH
0000108516,WOR,2022,0000108516_WOR_FY2022_10K.html,,2022-06-02,Not disclosed,Not disclosed,,,No,,Not disclosed,,Not disclosed,,0,unknown,,0,False,,"score=4,idx=17719,zone=41428",1202,OK,,HIGH
0000108516,WOR,2023,0000108516_WOR_FY2023_10K.html,,2023-06-25,Not disclosed,Not disclosed,,,No,,Not disclosed,,Not disclosed,A100,1,unknown,,0,False,,"score=4,idx=14220,zone=42186",1197,OK,,HIGH
0000108516,WOR,2024,0000108516_WOR_FY2024_10K.html,,2024-06-03,information technology,"SG&A - SG&A includes selling, marketing, customer service, product management and other administrative expenses not directly supporting the manufacturing process, as well as depreciation expense associated with non-manufacturing assets. In addition, SG&A includes corporate operating expenses for executive management, accounting, tax, treasury, corporate development, human resources, information technology, investor relations, legal, internal audit and risk management.",,,No,,"Non-residential Construction : Non-residential construction spending has shown consistent year-over-year growth. However, the near-term outlook is mixed due to a rise in on-hold projects and delayed bids. Commercial real estate remains generally weak, with notable softness for office buildings, partially offset by strong demand for data centers and manufacturing facilities. The ABI continued to decline through May 2024, signaling slowing growth in the months ahead. The higher cost of capital has made it difficult for buyers and sellers to agree on terms and the shift to hybrid work has created additional headwinds for offices, especially central business district properties in major markets. Despite these challenges, the fundamentals in this sector remain strong and are expected to improve if the Federal Reserve reduces interest rates in the second half of 2024.",MD&A (Item 7),Not disclosed,,0,item_8_other,,1,False,,"score=4,idx=19135,zone=39362",1001,OK,,LOW
0000109198,TJX,2013,0000109198_TJX_FY2013_10K.html,,"February 1, 2014",Not disclosed,Not disclosed,,,No,,Not disclosed,,Not disclosed,,0,unknown,,0,False,,"score=7,idx=11021,zone=3",1,OK,,HIGH
0000109198,TJX,2014,0000109198_TJX_FY2014_10K.html,,"January 31, 2015",Not disclosed,Not disclosed,,,No,,Not disclosed,,Not disclosed,,0,unknown,,0,False,,"score=7,idx=9965,zone=11",2,OK,,HIGH
0000109198,TJX,2015,0000109198_TJX_FY2015_10K.html,,"January 30, 2016",Not disclosed,Not disclosed,,,No,,Not disclosed,,Not disclosed,,0,unknown,,0,False,,"score=7,idx=10423,zone=9",2,OK,,HIGH
0000109198,TJX,2016,0000109198_TJX_FY2016_10K.html,,"January 28, 2017",Not disclosed,Not disclosed,,,No,,Not disclosed,,Not disclosed,,0,unknown,,0,False,,"score=7,idx=11045,zone=11",2,OK,,HIGH
0000109198,TJX,2017,0000109198_TJX_FY2017_10K.html,,"February 3, 2018",Not disclosed,Not disclosed,,,No,,Not disclosed,,Not disclosed,,0,unknown,,0,False,,"score=7,idx=11135,zone=6",1,OK,,HIGH
0000109198,TJX,2018,0000109198_TJX_FY2018_10K.html,,,Not disclosed,Not disclosed,,,No,,Not disclosed,,Not disclosed,,0,unknown,,0,False,,"score=7,idx=10670,zone=5",2,OK,,HIGH
0000109198,TJX,2019,0000109198_TJX_FY2019_10K.html,,"February 1, 2020",Not disclosed,Not disclosed,,,No,,Not disclosed,,Not disclosed,,0,unknown,,0,False,,"score=5,idx=9087,zone=4",2,OK,,HIGH
0000109198,TJX,2020,0000109198_TJX_FY2020_10K.html,,2021-01-30,Not disclosed,Not disclosed,,,No,,Not disclosed,,Not disclosed,A100;B100,2,unknown,,0,False,,"score=5,idx=8457,zone=4",2,OK,,HIGH
0000109198,TJX,2021,0000109198_TJX_FY2021_10K.html,,2023-02-04,Not disclosed,Not disclosed,,,No,,Not disclosed,,Not disclosed,B200,1,unknown,,0,False,,"score=5,idx=8531,zone=4",2,OK,,HIGH
0000109198,TJX,2022,0000109198_TJX_FY2022_10K.html,,2023-01-28,Not disclosed,Not disclosed,,,No,,Not disclosed,,Not disclosed,,0,unknown,,0,False,,"score=5,idx=7875,zone=4",2,OK,,HIGH
0000109198,TJX,2023,0000109198_TJX_FY2023_10K.html,,2024-02-03,Not disclosed,Not disclosed,,,No,,Not disclosed,,Not disclosed,,0,unknown,,0,False,,"score=5,idx=7994,zone=12",4,OK,,HIGH
0000109198,TJX,2024,0000109198_TJX_FY2024_10K.html,,2025-02-01,Not disclosed,Not disclosed,,,No,,Not disclosed,,Not disclosed,,0,unknown,,0,False,,"score=5,idx=8138,zone=12",4,OK,,HIGH
0000109380,ZION,2013,0000109380_ZION_FY2013_10K.html,,,"Furniture, equipment","(In thousands) December 31, 2013 2012 Land $ 185,119 $ 184,762 Buildings 509,151 497,449 Furniture, equipment and software 664,556 622,170 Leasehold improvements 129,056 121,953 Total 1,487,882 1,426,334 Less accumulated depreciation and amortization 761,510 717,452 Net book value $ 726,372 $ 708,882",,,Unclear,Any changes to the amortization rate of the FDIC IA are recognized immediately in the quarterly period the change in estimated cash flows is determined. All claims submitted to the FDIC have been reimbursed in a timely manner.,Not disclosed,,Not disclosed,,0,item_8_other,,1,False,,"score=7,idx=58645,zone=79817",1593,OK,,MEDIUM
0000109380,ZION,2014,0000109380_ZION_FY2014_10K.html,,,"Furniture, equipment","(In thousands) December 31, 2014 2013 Land $ 233,300 $ 185,119 Buildings 551,603 509,151 Furniture and equipment 458,703 455,625 Leasehold improvements 133,624 129,056 Software 239,670 208,931 Total 1,616,900 1,487,882 Less accumulated depreciation and amortization 787,091 761,510 Net book value $ 829,809 $ 726,372",,,No,,Not disclosed,,Not disclosed,,0,item_8_other,,1,False,,"score=7,idx=51640,zone=78813",1540,OK,,LOW
0000109380,ZION,2015,0000109380_ZION_FY2015_10K.html,,,"Furniture, equipment","(In thousands) December 31, 2015 2014 Land $ 229,693 $ 233,300 Buildings 598,643 551,603 Furniture and equipment 459,975 458,703 Leasehold improvements 138,765 133,624 Software 295,428 239,670 Total 1,722,504 1,616,900 Less accumulated depreciation and amortization 817,042 787,091 Net book value $ 905,462 $ 829,809",,,No,,Not disclosed,,"ASU 2015-05, Customer’s Accounting for Fees Paid in a Cloud Computing Arrangement (Subtopic 350-40) ||| Customer’s Accounting for Fees Paid in a Cloud Computing Arrangement",,0,item_8_other,,1,False,,"score=6,idx=45077,zone=74509",1439,OK,,LOW
0000109380,ZION,2016,0000109380_ZION_FY2016_10K.html,,,equipment,"Premises, equipment and software, are stated at cost, net of accumulated depreciation and amortization.",,,No,,Not disclosed,,"ASU 2015-05, Intangibles – Goodwill and Other – Internal-Use Software (Subtopic 350-40): Customer’s Accounting for Fees Paid in a Cloud Computing Arrangement ||| Intangibles – Goodwill and Other – Internal-Use Software (Subtopic 350-40): Customer’s Accounting for Fees Paid in a Cloud Computing Arrangement",,0,item_8_other,,1,False,,"score=6,idx=42556,zone=62517",1413,OK,,LOW
0000109380,ZION,2017,0000109380_ZION_FY2017_10K.html,,,equipment,"Premises, equipment and software are stated at cost, net of accumulated depreciation and amortization.",,,No,,Not disclosed,,Not disclosed,,0,item_8_other,,1,False,,"score=6,idx=41166,zone=56013",1328,OK,,LOW
0000109380,ZION,2019,0000109380_ZION_FY2019_10K.html,,2019-12-31,"software, including capitalized costs related to the Bank’s technology initiatives","Premises, equipment and software are stated at cost, net of accumulated depreciation and amortization. Depreciation, computed primarily on the straight-line method, is charged to operations over the estimated useful lives of the properties, generally 25 to 40 years for buildings, 3 to 10 years for furniture and equipment, and 3 to 10 years for software, including capitalized costs related to the Bank’s technology initiatives.",3.0,10.0,No,,"We have operating and finance leases for branches, corporate offices, and data centers. Our equipment leases are not material. At December 31, 2019, we had 434 branches, of which 280 are owned and 154 are leased. We lease our headquarters in Salt Lake City, Utah, and other office or data centers are either owned or leased.",Item 8,"ASU 2018-15, Intangibles – Goodwill and Other-Internal- Use Software (Topic 350-40): Customer’s Accounting for Implementation Cost Incurred in a Cloud Computing Arrangement That Is a Service Contract ||| This ASU aligns the requirements for capitalizing implementation costs associated with Cloud Computing Arrangements that meet the definition of a service contract with requirements already provided for costs associated with internal-use software. Additionally, it clarifies that: -The amortization period for capitalized amounts will be the noncancelable hosting contract term plus any expected renewal periods; -Entities in a hosting arrangement that is a service contract must provide certain qualitative and quantitative disclosures; and -Transition for those not already following the provisions of this ASU can be applied either retrospectively or prospectively.",B100,1,significant_accounting_policies,1. SUMMARY OF SIGNIFICANT ACCOUNTING POLICIES,3,True,3.0-10.0 ans | 10.0 ans,"score=5,idx=36092,zone=35699",1095,OK,,MEDIUM
0000109380,ZION,2020,0000109380_ZION_FY2020_10K.html,,2020-12-31,"software, including capitalized costs related to our technology initiatives","Premises, equipment, and software are stated at cost, net of accumulated depreciation and amortization. Depreciation, computed primarily on the straight-line method, is charged to operations over the estimated useful lives of the properties, generally 25 to 40 years for buildings, three to 10 years for furniture and equipment, and three to 10 years for software, including capitalized costs related to our technology initiatives.",3.0,10.0,No,,"We have operating and finance leases for branches, corporate offices, and data centers. Our equipment leases are not material. At December 31, 2020, we had 422 branches, of which 273 are owned and 149 are leased. We lease our headquarters in Salt Lake City, Utah, and other office or data centers are either owned or leased.",Item 8,Not disclosed,A100;B100;B200,3,significant_accounting_policies,1. SUMMARY OF SIGNIFICANT ACCOUNTING POLICIES,3,True,3.0-10.0 ans | 10.0 ans,"score=5,idx=34170,zone=31286",1124,OK,,MEDIUM
0000109380,ZION,2021,0000109380_ZION_FY2021_10K.html,,2021-12-31,"software, including capitalized costs related to our technology initiatives","Premises, equipment, and software are stated at cost, net of accumulated depreciation and amortization. Depreciation, computed primarily on the straight-line method, is charged to operations over the estimated useful lives of the properties, generally 25 to 40 years for buildings, three to 10 years for furniture and equipment, and three to 10 years for software, including capitalized costs related to our technology initiatives.",3.0,10.0,No,,"We have operating and finance leases for branches, corporate offices, and data centers. Our equipment leases are not significant. At December 31, 2021, we had 418 branches, of which 274 are owned and 144 are leased. We lease our headquarters in Salt Lake City, Utah, and other office or data centers are either owned or leased. The remaining maturities of our lease commitments range from the year 2022 to 2063, and some lease arrangements include options to extend or terminate the leases.",Item 8,Not disclosed,B100,1,significant_accounting_policies,1. SUMMARY OF SIGNIFICANT ACCOUNTING POLICIES,3,True,3.0-10.0 ans | 10.0 ans,"score=5,idx=32866,zone=32364",1068,OK,,MEDIUM
0000109380,ZION,2022,0000109380_ZION_FY2022_10K.html,,2022-12-31,"software, including capitalized costs related to our technology initiatives","Premises, equipment, and software are reported at cost, net of accumulated depreciation and amortization. Depreciation, computed primarily on the straight-line method, is charged to operations over the estimated useful lives of the properties, generally 25 to 40 years for buildings, three to 10 years for furniture and equipment, and three to 10 years for software, including capitalized costs related to our technology initiatives.",3.0,10.0,No,,"We have operating and finance leases for branches, corporate offices, and data centers. At December 31, 2022, we had 416 branches, of which 277 are owned and 139 are leased. We lease our headquarters in Salt Lake City, Utah. The remaining maturities of our lease commitments range from the year 2023 to 2062, and some lease arrangements include options to extend or terminate the leases.",Item 8,Not disclosed,A100,1,significant_accounting_policies,1. SUMMARY OF SIGNIFICANT ACCOUNTING POLICIES,3,True,3.0-10.0 ans | 10.0 ans,"score=5,idx=30385,zone=31160",1104,OK,,MEDIUM
0000109380,ZION,2023,0000109380_ZION_FY2023_10K.html,,2023-12-31,"software, including capitalized costs related to our technology initiatives","Premises, equipment, and software are reported at cost, net of accumulated depreciation and amortization. Depreciation, computed primarily on the straight-line method, is charged to operations over the estimated useful lives of the properties, generally 25 to 40 years for buildings, three to 10 years for furniture and equipment, and three to 10 years for software, including capitalized costs related to our technology initiatives.",3.0,10.0,No,,"We have operating and finance leases for branches, corporate offices, and data centers. At December 31, 2023, we had 407 branches, of which 278 are owned and 129 are leased. We lease our headquarters in Salt Lake City, Utah. The remaining maturities of our lease commitments range from the year 2024 to 2062, and some lease arrangements include options to extend or terminate the leases.",Item 8,Not disclosed,,0,significant_accounting_policies,1. SUMMARY OF SIGNIFICANT ACCOUNTING POLICIES,3,True,3.0-10.0 ans | 10.0 ans,"score=5,idx=31558,zone=31908",1118,OK,,MEDIUM
0000110471,WWW,2013,0000110471_WWW_FY2013_10K.html,,,Not disclosed,Not disclosed,,,No,,Not disclosed,,Not disclosed,,0,unknown,,0,False,,"score=3,idx=8259,zone=7",2,OK,,HIGH
0000110471,WWW,2014,0000110471_WWW_FY2014_10K.html,,,"buildings and improvements, from 5 to 10 years for leasehold improvements and from 3 to 10 years for machinery, equipment and software","Depreciation of property, plant and equipment is computed using the straight-line method. The depreciable lives range from 14 to 20 years for buildings and improvements, from 5 to 10 years for leasehold improvements and from 3 to 10 years for machinery, equipment and software.",5.0,10.0,No,,Not disclosed,,Not disclosed,,0,ppe_note,Note 19. Quarterly Results of Operations (Unaudited),3,True,3.0-10.0 ans | 5.0-10.0 ans,"score=3,idx=8406,zone=33311",830,OK,,MEDIUM
0000110471,WWW,2015,0000110471_WWW_FY2015_10K.html,,,"buildings and improvements, from 5 to 10 years for leasehold improvements and from 3 to 10 years for machinery, equipment and software","Depreciation of property, plant and equipment is computed using the straight-line method. The depreciable lives range from 14 to 20 years for buildings and improvements, from 5 to 10 years for leasehold improvements and from 3 to 10 years for machinery, equipment and software.",5.0,10.0,No,,Not disclosed,,Not disclosed,,0,ppe_note,Note 18. Quarterly Results of Operations (Unaudited),3,True,3.0-10.0 ans | 5.0-10.0 ans,"score=3,idx=8642,zone=32479",836,OK,,MEDIUM
0000110471,WWW,2016,0000110471_WWW_FY2016_10K.html,,,"buildings and improvements, from 5 to 10 years for leasehold improvements and from 3 to 10 years for machinery, equipment and software","Depreciation of property, plant and equipment is computed using the straight-line method. The depreciable lives range from 14 to 20 years for buildings and improvements, from 5 to 10 years for leasehold improvements and from 3 to 10 years for machinery, equipment and software.",5.0,10.0,No,,Not disclosed,,Not disclosed,,0,ppe_note,Note 18. Quarterly Results of Operations (Unaudited),3,True,3.0-10.0 ans | 5.0-10.0 ans,"score=3,idx=9068,zone=20803",813,OK,,MEDIUM
0000110471,WWW,2017,0000110471_WWW_FY2017_10K.html,,,"buildings and improvements, from 5 to 10 years for leasehold improvements and from 3 to 10 years for machinery, equipment and software","Depreciation of property, plant and equipment is computed using the straight-line method. The depreciable lives range from 14 to 20 years for buildings and improvements, from 5 to 10 years for leasehold improvements and from 3 to 10 years for machinery, equipment and software.",5.0,10.0,No,,Not disclosed,,Not disclosed,,0,ppe_note,Note 19. Quarterly Results of Operations (Unaudited),3,True,3.0-10.0 ans | 5.0-10.0 ans,"score=3,idx=8980,zone=21709",853,OK,,MEDIUM
0000110471,WWW,2018,0000110471_WWW_FY2018_10K.html,,,"buildings and improvements, from 5 to 10 years for leasehold improvements and from 3 to 10 years for machinery, equipment and software","Depreciation of property, plant and equipment is computed using the straight-line method. The depreciable lives range from 14 to 20 years for buildings and improvements, from 5 to 10 years for leasehold improvements and from 3 to 10 years for machinery, equipment and software.",5.0,10.0,No,,Not disclosed,,Not disclosed,,0,ppe_note,Note 20. Quarterly Results of Operations (Unaudited),3,True,3.0-10.0 ans | 5.0-10.0 ans,"score=3,idx=8583,zone=21045",864,OK,,MEDIUM
0000110471,WWW,2019,0000110471_WWW_FY2019_10K.html,,"December 28, 2019",software,"Depreciation of property, plant and equipment is computed using the straight-line method. The depreciable lives range from 14 to 20 years for buildings, from 5 to 15 years for leasehold improvements, from 3 to 10 years for furniture, fixtures and equipment and from 3 to 5 years for software.",3.0,5.0,No,,Not disclosed,,Not disclosed,,0,ppe_note,Note 21. Quarterly Results of Operations (Unaudited),3,True,3.0-5.0 ans | 3.0-10.0 ans | 5.0-15.0 ans,"score=3,idx=10525,zone=21484",875,OK,,MEDIUM
0000110471,WWW,2020,0000110471_WWW_FY2020_10K.html,,2021-01-02,software,"Depreciation of property, plant and equipment is computed using the straight-line method. The depreciable lives range from 14 to 20 years for buildings, from 5 to 15 years for leasehold improvements, from 3 to 10 years for furniture, fixtures and equipment and from 3 to 5 years for software.",3.0,5.0,No,,Not disclosed,,Not disclosed,,0,significant_accounting_policies,1. SUMMARY OF SIGNIFICANT ACCOUNTING POLICIES,3,True,3.0-5.0 ans | 3.0-10.0 ans | 5.0-15.0 ans,"score=2,idx=6576,zone=11047",705,OK,,MEDIUM
0000110471,WWW,2022,0000110471_WWW_FY2022_10K.html,,2023-02-04,software,"Depreciation of property, plant and equipment is computed using the straight-line method. The depreciable lives range from 14 to 20 years for buildings, from 5 to 15 years for leasehold improvements, from 3 to 10 years for furniture, fixtures and equipment and from 3 to 5 years for software.",3.0,5.0,No,,Not disclosed,,Not disclosed,,0,significant_accounting_policies,1. SUMMARY OF SIGNIFICANT ACCOUNTING POLICIES,3,True,3.0-5.0 ans | 3.0-10.0 ans | 5.0-15.0 ans,"score=2,idx=6506,zone=11619",771,OK,,MEDIUM
0000110471,WWW,2023,0000110471_WWW_FY2023_10K.html,,2024-01-10,software,"Depreciation of property, plant and equipment is computed using the straight-line method. The depreciable lives range from 14 to 20 years for buildings, from 5 to 15 years for leasehold improvements, from 3 to 10 years for furniture, fixtures and equipment and from 3 to 10 years for software.",3.0,10.0,No,,Not disclosed,,Not disclosed,,0,significant_accounting_policies,1. SUMMARY OF SIGNIFICANT ACCOUNTING POLICIES,3,True,3.0-10.0 ans | 5.0-15.0 ans,"score=2,idx=6417,zone=11190",796,OK,,MEDIUM
0000110471,WWW,2024,0000110471_WWW_FY2024_10K.html,,2024-12-28,software,"Depreciation of property, plant and equipment is computed using the straight-line method. The depreciable lives range from 14 to 20 years for buildings, from 5 to 15 years for leasehold improvements, from 3 to 10 years for furniture, fixtures and equipment and from 3 to 10 years for software.",3.0,10.0,No,,Not disclosed,,Not disclosed,,0,significant_accounting_policies,1. SUMMARY OF SIGNIFICANT ACCOUNTING POLICIES,3,True,3.0-10.0 ans | 5.0-15.0 ans,"score=2,idx=6394,zone=11221",781,OK,,MEDIUM
0000352541,LNT,2013,0000352541_LNT_FY2013_10K.html,,,Not disclosed,Not disclosed,,,No,,Not disclosed,,Not disclosed,,0,unknown,,0,False,,"score=7,idx=46838,zone=77261",1751,OK,,HIGH
0000352541,LNT,2016,0000352541_LNT_FY2016_10K.html,,,"equipment, computer software","Property, plant and equipment related to Corporate Services includes a customer billing and information system for IPL and WPL and other computer software, and the corporate headquarters building located in Madison, Wisconsin. The customer billing and information system is amortized using the straight-line method over a",,,No,,Not disclosed,,Not disclosed,,0,ppe_note,"NOTE 3. PROPERTY, PLANT AND EQUIPMENT",3,True,5.0 ans | 12.0 ans,"score=7,idx=37875,zone=60300",1370,OK,,MEDIUM
0000352541,LNT,2017,0000352541_LNT_FY2017_10K.html,,,"equipment, computer software","Property, plant and equipment related to Corporate Services includes a customer billing and information system for IPL and WPL and other computer software, and the corporate headquarters building located in Madison, Wisconsin. The customer billing and information system is amortized using the straight-line method over a",,,No,,Not disclosed,,Not disclosed,,0,ppe_note,"NOTE 3. PROPERTY, PLANT AND EQUIPMENT",3,True,5.0 ans | 12.0 ans,"score=7,idx=32212,zone=60044",1371,OK,,MEDIUM
0000352541,LNT,2018,0000352541_LNT_FY2018_10K.html,,,"equipment, computer software","Property, plant and equipment related to Corporate Services includes a customer billing and information system for IPL and WPL and other computer software, and the corporate headquarters building located in Madison, Wisconsin. The customer billing and information system is amortized using the straight-line method over a",,,No,,Not disclosed,,Not disclosed,,0,ppe_note,"NOTE 3. PROPERTY, PLANT AND EQUIPMENT",3,True,5.0 ans | 12.0 ans,"score=7,idx=29005,zone=60351",1212,OK,,MEDIUM
0000352541,LNT,2019,0000352541_LNT_FY2019_10K.html,,2021-12-31,"equipment, computer software","The majority of the remaining software is amortized over a 5 -year period. All Corporate Services and Other property, plant and equipment are depreciated using the straight-line method over periods ranging from 5 to 30 years.",5.0,30.0,No,,Not disclosed,,"Cloud Computing Arrangements - In August 2018, the FASB issued an accounting standard that clarifies capitalization and presentation requirements of implementation costs incurred in cloud computing arrangements. Alliant Energy, IPL and WPL adopted this standard on January 1, 2020 and do not expect a material change to their financial condition or results of operations as a result of adopting this standard. ||| Cloud Computing Arrangements ||| In August 2018, the FASB issued an accounting standard that clarifies capitalization and presentation requirements of implementation costs incurred in cloud computing arrangements. Alliant Energy, IPL and WPL adopted this standard on January 1, 2020 and do not expect a material change to their financial condition or results of operations as a result of adopting this standard.",,0,ppe_note,"NOTE 3. PROPERTY, PLANT AND EQUIPMENT",3,True,5.0 ans | 12.0 ans,"score=7,idx=36384,zone=63079",1172,OK,,MEDIUM
0000352541,LNT,2020,0000352541_LNT_FY2020_10K.html,,2021-12-31,"equipment, computer software","The majority of the remaining software is amortized over a 5-year period. All Corporate Services and Other property, plant and equipment are depreciated using the straight-line method over periods ranging from 5 to 30 years.",5.0,30.0,No,,Not disclosed,,Not disclosed,A100,1,ppe_note,"NOTE 3. PROPERTY, PLANT AND EQUIPMENT",3,True,5.0 ans | 12.0 ans,"score=5,idx=22441,zone=30059",1018,OK,,MEDIUM
0000352541,LNT,2021,0000352541_LNT_FY2021_10K.html,,2021-12-31,"equipment, computer software",The majority of the remaining software is amortized over a 5-year period.,12.0,,No,,Not disclosed,,Not disclosed,A100,1,ppe_note,"NOTE 3. PROPERTY, PLANT AND EQUIPMENT",3,True,5.0 ans | 12.0 ans,"score=5,idx=22800,zone=30542",1004,OK,,MEDIUM
0000352541,LNT,2022,0000352541_LNT_FY2022_10K.html,,2024-12-31,"equipment, computer software","The majority of the remaining software is amortized over a 5-year period. All Corporate Services and Other property, plant and equipment are depreciated using the straight-line method over periods ranging from 5 to 30 years.",5.0,30.0,No,,Not disclosed,,Not disclosed,A100,1,ppe_note,"NOTE 3. PROPERTY, PLANT AND EQUIPMENT",3,True,5.0 ans | 12.0 ans,"score=5,idx=23010,zone=30365",1001,OK,,MEDIUM
0000352541,LNT,2023,0000352541_LNT_FY2023_10K.html,,2025-12-31,"equipment, computer software","The majority of the remaining software is amortized over a 5-year period. All Corporate Services and Other property, plant and equipment are depreciated using the straight-line method over periods ranging from 5 to 30 years.",5.0,30.0,Yes,"In December 2022, the PSCW issued an order authorizing an additional annual base rate increase of $9 million for WPL’s retail gas customers, covering the 2023 forward-looking Test Period, which reflects changes in weighted average cost of capital, updated depreciation rates and modifications to certain regulatory asset and regulatory liability amortizations. These retail gas rate changes were effective on January 1, 2023 and extended through the end of 2023.",Not disclosed,,Not disclosed,,0,ppe_note,Note 10,3,True,5.0 ans | 12.0 ans,"score=5,idx=23789,zone=30840",992,OK,,MEDIUM
0000719955,WSM,2013,0000719955_WSM_FY2013_10K.html,,"February 2, 2014",Not disclosed,Not disclosed,,,No,,Not disclosed,,Not disclosed,,0,unknown,,0,False,,"score=7,idx=7115,zone=10943",368,OK,,HIGH
0000719955,WSM,2014,0000719955_WSM_FY2014_10K.html,,"February 1, 2015",Not disclosed,Not disclosed,,,No,,Not disclosed,,Not disclosed,,0,unknown,,0,False,,"score=7,idx=4422,zone=6497",357,OK,,HIGH
0000719955,WSM,2015,0000719955_WSM_FY2015_10K.html,,"January 31, 2016",Not disclosed,Not disclosed,,,No,,Not disclosed,,Not disclosed,,0,unknown,,0,False,,"score=7,idx=4066,zone=6596",345,OK,,HIGH
0000719955,WSM,2016,0000719955_WSM_FY2016_10K.html,,"January 29, 2017",Not disclosed,Not disclosed,,,No,,Not disclosed,,Not disclosed,,0,unknown,,0,False,,"score=7,idx=3995,zone=6394",332,OK,,HIGH
0000719955,WSM,2017,0000719955_WSM_FY2017_10K.html,,"January 28, 2018",Not disclosed,Not disclosed,,,No,,Not disclosed,,Not disclosed,,0,unknown,,0,False,,"score=7,idx=4515,zone=6851",360,OK,,HIGH
0000719955,WSM,2018,0000719955_WSM_FY2018_10K.html,,"February 3, 2019",Not disclosed,Not disclosed,,,No,,Not disclosed,,"In August 2018, the FASB issued ASU 2018-15, Intangibles—Goodwill and
Other—Internal-Use Software (Subtopic 350-40): Customer’s Accounting for Implementation Costs Incurred in a Cloud Computing Arrangement That Is a Service Contract. The ASU aligns the requirements for capitalizing implementation
costs incurred in a hosting arrangement that is a service contract with the requirements for capitalizing implementation costs incurred to develop or obtain internal-use software. Accordingly, the amendments require an entity in a hosting
arrangement that is a service contract to follow the guidance in Subtopic 350-40 to determine which implementation costs to capitalize as an asset related to the service contract and which costs to expense. We do not expect the adoption of this ASU
to have a material impact on our financial condition, results of operations or cash flows.",,0,unknown,,0,False,,"score=7,idx=4320,zone=7084",388,OK,,HIGH
0000719955,WSM,2019,0000719955_WSM_FY2019_10K.html,,2020-03-23,Not disclosed,Not disclosed,,,No,,Not disclosed,,"In August 2018, the FASB issued ASU 2018-15, Intangibles—Goodwill and Other—Internal-Use Software (Subtopic 350-40): Customer’s Accounting for Implementation Costs Incurred in a Cloud Computing Arrangement That Is a Service Contract. This ASU aligns the requirements for capitalizing implementation costs incurred in a hosting arrangement that is a service contract with the requirements for capitalizing implementation costs incurred to develop or obtain internal-use software. Accordingly, the amendments require an entity in a hosting arrangement that is a service contract to follow the guidance in Subtopic 350-40 to determine which implementation costs to capitalize as an asset related to the service contract and which costs to expense. This ASU is effective for us in the first quarter of fiscal 2020. We do not expect the adoption of this ASU to have a material impact on our financial condition, results of operations or cash flows.",,0,unknown,,0,False,,"score=6,idx=6873,zone=11764",539,OK,,HIGH
0000719955,WSM,2020,0000719955_WSM_FY2020_10K.html,,"January 31, 2021",Not disclosed,Not disclosed,,,No,,Not disclosed,,"In August 2018, the FASB issued ASU 2018-15, Intangibles—Goodwill and Other—Internal-Use Software (Subtopic 350-40): Customer’s Accounting for Implementation Costs Incurred in a Cloud Computing Arrangement That Is a Service Contract. This ASU aligns the requirements for capitalizing implementation costs incurred in a hosting arrangement that is a service contract with the requirements for capitalizing implementation costs incurred to develop or obtain internal-use software. Accordingly, the amendments require an entity in a hosting arrangement that is a service contract to follow the guidance in Subtopic 350-40 to determine which implementation costs to capitalize as an asset related to the service contract and which costs to expense. This ASU was effective for us in the first quarter of fiscal 2020. The adoption of this ASU did not have a material impact on our financial condition, results of operations or cash flows.",,0,unknown,,0,False,,"score=6,idx=6353,zone=8351",344,OK,,HIGH
0000719955,WSM,2021,0000719955_WSM_FY2021_10K.html,,2022-03-31,equipment,Leasehold improvements Shorter of estimated useful life or lease term (generally 5 – 22 years) Fixtures and equipment 2 – 20 years Buildings and building improvements 10 – 40 years Capitalized software 2 – 10 years,2.0,20.0,No,,Not disclosed,,Not disclosed,,0,item_8_other,,1,False,,"score=5,idx=4036,zone=5703",382,OK,,LOW
0000719955,WSM,2022,0000719955_WSM_FY2022_10K.html,,2023-03-24,equipment,Leasehold improvements Shorter of estimated useful life or lease term (generally 5 – 22 years) Fixtures and equipment 2 – 20 years Buildings and building improvements 10 – 40 years Capitalized software 2 – 10 years,2.0,20.0,No,,Not disclosed,,Not disclosed,,0,item_8_other,,1,False,,"score=5,idx=4195,zone=5655",379,OK,,LOW
0000719955,WSM,2023,0000719955_WSM_FY2023_10K.html,,2024-03-20,equipment,Leasehold improvements Shorter of estimated useful life or lease term (generally 5 – 22 years) Fixtures and equipment 2 – 20 years Buildings and building improvements 10 – 40 years Capitalized software 2 – 10 years,2.0,20.0,No,,Not disclosed,,Not disclosed,,0,item_8_other,,1,False,,"score=5,idx=4387,zone=5656",397,OK,,LOW
0000719955,WSM,2024,0000719955_WSM_FY2024_10K.html,,2025-03-26,equipment,Leasehold improvements Shorter of estimated useful life or lease term (generally 5 – 22 years) Fixtures and equipment 2 – 15 years Buildings and building improvements 10 – 40 years Capitalized software 2 – 10 years,2.0,15.0,No,,Not disclosed,,Not disclosed,,0,item_8_other,,1,True,2.0-10.0 ans | 2.0-15.0 ans,"score=5,idx=4578,zone=5866",385,OK,,MEDIUM
0000775158,OSK,2019,0000775158_OSK_FY2019_10K.html,,2019-10-31,software and related costs,"The estimated useful lives range from ten to forty years for buildings and improvements, from four to twenty-five years for machinery and equipment and from three to ten years for software and related costs.",3.0,10.0,No,,Not disclosed,,Not disclosed,,0,significant_accounting_policies,2. Summary of Significant Accounting Policies,3,True,3.0-10.0 ans | 5.0-10.0 ans,"score=7,idx=10302,zone=25174",837,OK,,MEDIUM
0000775158,OSK,2020,0000775158_OSK_FY2020_10K.html,,2020-10-31,software and related costs,"The estimated useful lives range from ten to forty years for buildings and improvements, from four to twenty-five years for machinery and equipment and from three to ten years for software and related costs.",3.0,10.0,No,,Not disclosed,,"In August 2018, the FASB issued ASU 2018-15, Intangibles - Goodwill and Other - Internal-Use Software (Subtopic 350-40): Customer’s Accounting for Implementation Costs Incurred in a Cloud Computing Arrangement That Is a Service Contract . The standard aligns the requirements for capitalizing implementation costs incurred in a hosting arrangement that is a service contract with the requirements for capitalizing implementation costs incurred to develop or obtain internal-use software. The Company adopted ASU 2018-15 prospectively on October 1, 2020. The adoption of ASU 2018-15 did not have a material impact on the Company’s consolidated financial statements. ||| Intangibles - Goodwill and Other - Internal-Use Software (Subtopic 350-40): Customer’s Accounting for Implementation Costs Incurred in a Cloud Computing Arrangement That Is a Service Contract",,0,significant_accounting_policies,2. Summary of Significant Accounting Policies,3,True,3.0-10.0 ans | 5.0-10.0 ans,"score=7,idx=10765,zone=25757",867,OK,,MEDIUM
0000775158,OSK,2021,0000775158_OSK_FY2021_10K.html,,2021-10-31,software and related costs,"The estimated useful lives range from ten to forty years for buildings and improvements, from four to twenty-five years for machinery and equipment and from three to ten years for software and related costs.",3.0,10.0,No,,Not disclosed,,"In August 2018, the FASB issued ASU 2018-15, Intangibles - Goodwill and Other - Internal-Use Software (Subtopic 350-40): Customer’s Accounting for Implementation Costs Incurred in a Cloud Computing Arrangement That Is a Service Contract. The standard aligns the requirements for capitalizing implementation costs incurred in a hosting arrangement that is a service contract with the requirements for capitalizing implementation costs incurred to develop or obtain internal-use software. The Company adopted ASU 2018-15 on October 1, 2020 on a prospective basis. The adoption of ASU 2018-15 did not have a material impact on the Company’s consolidated financial statements .",,0,significant_accounting_policies,2. Summary of Significant Accounting Policies,3,True,3.0-10.0 ans | 5.0-10.0 ans,"score=7,idx=11310,zone=26122",896,OK,,MEDIUM
0000775158,OSK,2022,0000775158_OSK_FY2022_10K.html,,2023-01-31,software and related costs,"The estimated useful lives range from ten to forty years for buildings and improvements, from four to twenty-five years for machinery and equipment and from three to ten years for software and related costs.",3.0,10.0,No,,Not disclosed,,Not disclosed,B100,1,significant_accounting_policies,2. Summary of Significant Accounting Policies,3,True,3.0-10.0 ans | 5.0-10.0 ans,"score=7,idx=16847,zone=57750",1203,OK,,MEDIUM
0000775158,OSK,2023,0000775158_OSK_FY2023_10K.html,,2023-12-31,software and related costs,"The estimated useful lives range from ten to forty years for buildings and improvements, from four to twenty-five years for machinery and equipment and from three to ten years for software and related costs.",3.0,10.0,No,,Not disclosed,,Not disclosed,,0,significant_accounting_policies,2. Summary of Significant Accounting Policies,3,True,3.0-10.0 ans | 5.0-10.0 ans,"score=7,idx=13497,zone=47292",1155,OK,,MEDIUM
0000783325,WEC,2013,0000783325_WEC_FY2013_10K.html,,,Not disclosed,Not disclosed,,,No,,Not disclosed,,Not disclosed,,0,unknown,,0,False,,"score=6,idx=25630,zone=25428",819,OK,,HIGH
0000783325,WEC,2014,0000783325_WEC_FY2014_10K.html,,,Not disclosed,Not disclosed,,,No,,Not disclosed,,Not disclosed,,0,unknown,,0,False,,"score=6,idx=25481,zone=24830",807,OK,,HIGH
0001107843,QLYS,2013,0001107843_QLYS_FY2013_10K.html,,,Not disclosed,Not disclosed,,,No,,Not disclosed,,", respectively. As this solution gained acceptance, we introduced new solutions to help customers manage increasing IT security and compliance requirements. In 2006, we added our PCI Compliance solution, and in 2008, we added our Policy Compliance solution. In 2009, we broadened the scope of our cloud services by adding Web Application Scanning. We continued our expansion in 2010, launching Malware Detection Service and Qualys SECURE Seal for automated protection of websites. In 2012, we introduced our virtualized private cloud platform as an additional deployment option of our solutions for customers and partners.",,0,unknown,,0,False,,"score=3,idx=14630,zone=18825",18,OK,,HIGH
0001107843,QLYS,2014,0001107843_QLYS_FY2014_10K.html,,,Not disclosed,Not disclosed,,,No,,"Cost of revenues consists primarily of personnel expenses, comprised of salaries, benefits, performance-based compensation and stock-based compensation, for employees who operate our data centers and provide support services to our customers. Other expenses include depreciation of data center equipment and physical scanner appliances and computer hardware provided to certain customers as part of their subscriptions, expenses related to the use of third-party data centers, amortization of third-party technology licensing fees and related maintenance support, fees paid to contractors who supplement or support our operations center personnel and overhead allocations. We expect to continue to make capital investments to expand and support our data center operations, which will increase the cost of revenues in absolute dollars.",MD&A (Item 7),"In some limited cases, we also provide certain computer equipment used to extend our QualysGuard Cloud Platform into our customers’ private cloud environment.",,0,unknown,,0,False,,"score=3,idx=13946,zone=20180",18,OK,,HIGH
0001107843,QLYS,2015,0001107843_QLYS_FY2015_10K.html,,,Not disclosed,Not disclosed,,,No,,"Cost of revenues consists primarily of personnel expenses, comprised of salaries, benefits, performance-based compensation and stock-based compensation, for employees who operate our data centers and provide support services to our customers. Other expenses include depreciation of data center equipment and physical scanner appliances and computer hardware provided to certain customers as part of their subscriptions, expenses related to the use of third-party data centers, amortization of third-party technology licensing fees and related maintenance support, fees paid to contractors who supplement or support our operations center personnel and overhead allocations. We expect to continue to make capital investments to expand and support our data center operations, which will increase the cost of revenues in absolute dollars.",MD&A (Item 7),"We derive revenues from the sale of subscriptions to our security and compliance solutions, which are delivered on our cloud platform. Subscriptions to our solutions allow customers to access our cloud-based security and compliance solutions through a unified, web-based interface. Customers generally enter into one year renewable subscriptions. The subscription fee entitles the customer to an unlimited number of scans for a specified number of devices or web applications and, if requested by a customer as part of their subscription, a specified number of physical or virtual scanner appliances. Our physical and virtual scanner appliances are requested by certain customers as part of their subscriptions in order to scan IT infrastructures within their firewalls and do not function without, and are not sold separately from, subscriptions for our solutions. ||| In some limited cases, we also provide certain computer equipment used to extend our Qualys Cloud Platform into our customers’ private cloud environment.",,0,unknown,,0,False,,"score=3,idx=13858,zone=17224",29,OK,,HIGH
0001107843,QLYS,2016,0001107843_QLYS_FY2016_10K.html,,,Not disclosed,Not disclosed,,,No,,Not disclosed,,", our VM Solutions included revenues from VM, Private Cloud Platform, Continuous Monitoring, Cloud Agent for VM, AssetView, and ThreatPROTECT. In ||| , our VM Solutions included revenues from VM, Private Cloud Platform, Continuous Monitoring and Cloud Agent for VM. In ||| , our VM Solutions included revenues from VM, Private Cloud Platform and Continuous Monitoring. In prior 10-Q and 10-K filings, we had included all revenues from scanners and credits for prepaid services in our VM Solutions revenues. In the fourth quarter of 2016, we changed the methodology to allocate revenues from scanners and credits across our products. Based on the prior methodology, our VM Solutions would have made up",,0,unknown,,0,False,,"score=3,idx=14260,zone=17703",30,OK,,HIGH
0001107843,QLYS,2017,0001107843_QLYS_FY2017_10K.html,,,Not disclosed,Not disclosed,,,No,,"Cost of revenues consists primarily of personnel expenses, comprised of salaries, benefits, performance-based compensation and stock-based compensation, for employees who operate our data centers and provide support services to our customers. Other expenses include depreciation of data center equipment and physical scanner appliances and computer hardware provided to certain customers as part of their subscriptions, expenses related to the use of third-party data centers, amortization of third-party technology licensing fees, amortization of intangibles related to acquisitions, maintenance support, fees paid to contractors who supplement or support our operations center personnel and overhead allocations. We expect to continue to make capital investments to expand and support our data center operations, which will increase the cost of revenues in absolute dollars.",MD&A (Item 7),"We derive revenues from the sale of subscriptions to our security and compliance solutions, which are delivered on our cloud platform. Subscriptions to our solutions allow customers to access our cloud-based security and compliance solutions through a unified, web-based interface. Customers generally enter into one year renewable subscriptions. The subscription fee entitles the customer to an unlimited number of scans for a specified number of devices or web applications and, if requested by a customer as part of their subscription, a specified number of physical or virtual scanner appliances. Our physical and virtual scanner appliances are requested by certain customers as part of their subscriptions in order to scan IT infrastructures within their firewalls and do not function without, and are not sold separately from, subscriptions for our solutions. Customers are required to return physical scanner appliances and computer equipment if they do not renew their subscriptions.",,0,unknown,,0,False,,"score=3,idx=12148,zone=17315",33,OK,,HIGH
0001107843,QLYS,2018,0001107843_QLYS_FY2018_10K.html,,,Not disclosed,Not disclosed,,,No,,"Cost of revenues consists primarily of personnel expenses, comprised of salaries, benefits, amortization of internal-use software, performance-based compensation and stock-based compensation, for employees who operate our data centers and provide support services to our customers. Other expenses include depreciation of data center equipment and physical scanner appliances and computer hardware provided to certain customers as part of their subscriptions, expenses related to the use of third-party data centers, amortization of third-party technology licensing fees, amortization of intangibles related to acquisitions, maintenance support, fees paid to contractors who supplement or support our operations center personnel and overhead allocations. We expect to continue to make capital investments to expand and support our data center operations, which will increase the cost of revenues in absolute dollars.",MD&A (Item 7),"on of such actions. Organizations use our integrated suite of solutions delivered on our Qualys Cloud Platform to cost-effectively obtain a unified view of their IT asset inventory as well as security and compliance posture across globally-distributed IT infrastructures as our solution offers a single platform for information technology, information security, application security, endpoint, developer security and cloud teams. ||| Our VM solutions (including VM, CM, TP, Cloud Agent for VM, allocated scanner revenue and Qualys Private Cloud Platform) have provided a substantial majority of our revenues to date, representing ||| We derive revenues from the sale of subscriptions to our security and compliance solutions, which are delivered on our cloud platform. Subscriptions to our solutions allow customers to access our cloud-based security and compliance solutions through a unified, web-based interface. Customers generally enter into one-year renewable subscriptions. The subscription fee entitles the customer to an unlimited number of scans for a specified number of devices or web applications and, if requested by a customer as part of their subscription, a specified number of physical or virtual scanner appliances. Our physical and virtual scanner appliances are requested by certain customers as part of their subscriptions in order to scan IT infrastructures within their firewalls and do not function without, and are not sold separately from, subscriptions for our solutions. In some limited cases, we also provide certain computer equipment used to extend our Qualys Cloud Platform into our customers' private cloud environment. Customers are required to return physical scanner appliances and computer equipment if they do not renew their subscriptions.",,0,unknown,,0,False,,"score=3,idx=12490,zone=19141",33,OK,,HIGH
0001107843,QLYS,2019,0001107843_QLYS_FY2019_10K.html,,2019-12-31,Not disclosed,Not disclosed,,,No,,"Cost of revenues consists primarily of personnel expenses, comprised of salaries, benefits, amortization of internal-use software, performance-based compensation and stock-based compensation, for employees who operate our data centers and provide support services to our customers. Other expenses include depreciation of data center equipment and physical scanner appliances and computer hardware provided to certain customers as part of their subscriptions, expenses related to the use of third-party data centers, amortization of third-party technology licensing fees, amortization of intangibles related to acquisitions, maintenance support, fees paid to contractors who supplement or support our operations center personnel and overhead allocations. We expect to continue to make capital investments to expand and support our data center operations, which will increase the cost of revenues in absolute dollars.",MD&A (Item 7),"Our VM solutions (including VM, CM, TP, Cloud Agent for VM, allocated scanner revenue and Qualys Private Cloud Platform) have provided a majority of our revenues to date , representing 73% of total revenue in 2019 and 74% of total revenues in each of 2018 and 2017 , respectively. ||| We derive revenues from the sale of subscriptions to our security and compliance solutions, which are delivered on our cloud platform. Subscriptions to our solutions allow customers to access our cloud-based security and compliance solutions through a unified, web-based interface. Customers generally enter into one-year renewable subscriptions. The subscription fee entitles the customer to an unlimited number of scans for a specified number of devices or web applications and, if requested by a customer as part of their subscription, a specified number of physical or virtual scanner appliances. Our physical and virtual scanner appliances are requested by certain customers as part of their subscriptions in order to scan IT infrastructures within their firewalls and do not function without, and are not sold separately from, subscriptions for our solutions. In some limited cases, we also provide certain computer equipment used to extend our Qualys Cloud Platform into our customers private cloud environment. Customers are required to return physical scanner appliances and computer equipment if they do not renew their subscriptions.",,0,unknown,,0,False,,"score=3,idx=11481,zone=20045",53,OK,,HIGH
0001107843,QLYS,2020,0001107843_QLYS_FY2020_10K.html,,"December 31, 2020",equipment,Property and equipment are stated at cost less accumulated depreciation and amortization.,3.0,5.0,Not disclosed,,Not disclosed,,Not disclosed,,0,significant_accounting_policies,NOTE 1. The Company and Summary of Significant Accounting Policies,3,False,,"score=4,idx=7434,zone=10339",484,ERROR,'<' not supported between instances of 'NoneType' and 'float',HIGH
0001107843,QLYS,2021,0001107843_QLYS_FY2021_10K.html,,"December 31, 2021",equipment,Property and equipment are stated at cost less accumulated depreciation and amortization.,3.0,5.0,Not disclosed,,Not disclosed,,Not disclosed,,0,significant_accounting_policies,NOTE 1. The Company and Summary of Significant Accounting Policies,3,False,,"score=4,idx=6623,zone=9368",295,ERROR,'<' not supported between instances of 'NoneType' and 'float',HIGH
0001107843,QLYS,2022,0001107843_QLYS_FY2022_10K.html,,"December 31, 2022",equipment,Property and equipment are stated at cost less accumulated depreciation and amortization.,3.0,5.0,Not disclosed,,Not disclosed,,Not disclosed,,0,significant_accounting_policies,NOTE 1. The Company and Summary of Significant Accounting Policies,3,False,,"score=4,idx=6621,zone=9681",472,ERROR,'<' not supported between instances of 'NoneType' and 'float',HIGH
0001107843,QLYS,2023,0001107843_QLYS_FY2023_10K.html,,2024-02-07,"Computer equipment, Computer software, Furniture, equipment","December 31, 2023 2022 (in thousands) Computer equipment $ 179,002 $ 173,832 Computer software 26,133 25,808 Leasehold improvements 20,924 21,009 Scanner appliances 18,369 15,696 Furniture, fixtures and equipment 6,699 6,524 Total property and equipment 251,127 242,869 Less: accumulated depreciation and amortization (218,528) (195,441) Property and equipment, net $ 32,599 $ 47,428",,,Not disclosed,,Not disclosed,,Not disclosed,,0,ppe_note,"NOTE 4. Property and Equipment, Net",3,False,,"score=2,idx=6119,zone=8770",533,ERROR,'<' not supported between instances of 'NoneType' and 'float',HIGH
0001107843,QLYS,2024,0001107843_QLYS_FY2024_10K.html,,2025-02-06,"Computer equipment, Computer software, Furniture, equipment","December 31, 2024 2023 (in thousands) Computer equipment $ 187,281 $ 179,002 Computer software 26,229 26,133 Leasehold improvements 23,429 20,924 Scanner appliances 18,978 18,369 Furniture, fixtures and equipment 5,204 6,699 Total property and equipment 261,121 251,127 Less: accumulated depreciation and amortization (230,772) (218,528) Property and equipment, net $ 30,349 $ 32,599",,,Not disclosed,,Not disclosed,,Not disclosed,,0,ppe_note,"NOTE 4. Property and Equipment, Net",3,False,,"score=2,idx=5769,zone=8978",566,ERROR,'<' not supported between instances of 'NoneType' and 'float',HIGH
